{
"type": "FeatureCollection",
"name": "CANAL_SEGMENT",
"crs": { "type": "name", "properties": { "name": "urn:ogc:def:crs:OGC:1.3:CRS84" } },
"features": [
{ "type": "Feature", "properties": { "NAME": "BANGSANG", "AREA": 126.9, "FLOW": 0.188, "START": "BBg.1", "END": "BBg.2", "TYPE": "SECONDARY", "LENGTH_KM": 0.494 }, "geometry": { "type": "MultiLineString", "coordinates": [ [ [ 110.862610155827696, -6.919806301413582, 0.0 ], [ 110.862878086354897, -6.920104407917967, 0.0 ], [ 110.863095961086302, -6.920331938723255, 0.0 ], [ 110.863180773619007, -6.920373538475349, 0.0 ], [ 110.863494466675604, -6.920509783885517, 0.0 ], [ 110.863726484467193, -6.920547195125628, 0.0 ], [ 110.863862641698503, -6.920572212141641, 0.0 ], [ 110.864018256441597, -6.920548863913944, 0.0 ], [ 110.864363419700993, -6.920483735493524, 0.0 ], [ 110.8645097579207, -6.920480228920907, 0.0 ], [ 110.864663703311095, -6.920528557512726, 0.0 ], [ 110.864932554872297, -6.920630663577421, 0.0 ], [ 110.865428432988296, -6.920840588837701, 0.0 ], [ 110.865646669781697, -6.920944597246844, 0.0 ], [ 110.865805438618906, -6.921001431617278, 0.0 ], [ 110.866267758686504, -6.921193702644624, 0.0 ], [ 110.866628086763001, -6.921338538060317, 0.0 ] ] ] } },
{ "type": "Feature", "properties": { "NAME": "CANGKRINGAN", "AREA": 430.4, "FLOW": 0.639, "START": "BCa.1", "END": "BCa.2", "TYPE": "SECONDARY", "LENGTH_KM": 0.529 }, "geometry": { "type": "MultiLineString", "coordinates": [ [ [ 110.837986561078196, -6.935794405875903, 0.0 ], [ 110.838380123400796, -6.935791465454001, 0.0 ], [ 110.8385262576587, -6.935778231795857, 0.0 ], [ 110.838748129547099, -6.935737728467369, 0.0 ], [ 110.839239211573002, -6.935646400156967, 0.0 ], [ 110.839742134515404, -6.935562546234184, 0.0 ], [ 110.8398102817753, -6.935555617655797, 0.0 ], [ 110.839974019775596, -6.935539904629955, 0.0 ], [ 110.840428816985096, -6.935500763630062, 0.0 ], [ 110.841014138993998, -6.935469772427756, 0.0 ], [ 110.841549556335494, -6.935458660992428, 0.0 ], [ 110.841801369206294, -6.935439986514461, 0.0 ], [ 110.842121205693502, -6.935439971611434, 0.0 ], [ 110.842475769760398, -6.935445576348413, 0.0 ], [ 110.842744452815893, -6.935465997717445, 0.0 ] ] ] } },
{ "type": "Feature", "properties": { "NAME": "CANGKRINGAN", "AREA": 377.5, "FLOW": 0.561, "START": "BCa.2", "END": "BCa.3", "TYPE": "SECONDARY", "LENGTH_KM": 0.198 }, "geometry": { "type": "MultiLineString", "coordinates": [ [ [ 110.842744629888998, -6.93546415143749, 0.0 ], [ 110.843119443824605, -6.93549701415259, 0.0 ], [ 110.843517589478196, -6.935525618678322, 0.0 ], [ 110.843975774221406, -6.935599825512927, 0.0 ], [ 110.8442174335961, -6.935628122574453, 0.0 ], [ 110.844364409285703, -6.935638796831614, 0.0 ], [ 110.844407881216696, -6.935616844205476, 0.0 ], [ 110.844488491455394, -6.935539306432861, 0.0 ] ] ] } },
{ "type": "Feature", "properties": { "NAME": "CANGKRINGAN", "AREA": 241.8, "FLOW": 0.359, "START": "BCa.3", "END": "BCa.4", "TYPE": "SECONDARY", "LENGTH_KM": 0.605 }, "geometry": { "type": "MultiLineString", "coordinates": [ [ [ 110.844489067628899, -6.93553995468857, 0.0 ], [ 110.844879840754601, -6.935068727354816, 0.0 ], [ 110.845312844305496, -6.934567731771611, 0.0 ], [ 110.845789667034097, -6.933988348653273, 0.0 ], [ 110.846507308357502, -6.933165366779462, 0.0 ], [ 110.847045593265804, -6.932555208296836, 0.0 ], [ 110.847700011172805, -6.931765689383232, 0.0 ], [ 110.847800409278804, -6.931696813703813, 0.0 ], [ 110.847888510582706, -6.931709685416497, 0.0 ], [ 110.848185859761699, -6.931778685784013, 0.0 ] ] ] } },
{ "type": "Feature", "properties": { "NAME": "CANGKRINGAN", "AREA": 177.4, "FLOW": 0.264, "START": "BCa.4", "END": "BCa.5", "TYPE": "SECONDARY", "LENGTH_KM": 0.741 }, "geometry": { "type": "MultiLineString", "coordinates": [ [ [ 110.848184160139297, -6.931780730765381, 0.0 ], [ 110.848757741121702, -6.931913726525633, 0.0 ], [ 110.8494380150523, -6.932064830466931, 0.0 ], [ 110.849691337760902, -6.932132382401565, 0.0 ], [ 110.849776088431497, -6.932137194313072, 0.0 ], [ 110.849817679708096, -6.93214677692091, 0.0 ], [ 110.850009290702999, -6.93211780579421, 0.0 ], [ 110.850254835067204, -6.932059701136535, 0.0 ], [ 110.850485530854598, -6.932021914490539, 0.0 ], [ 110.850704733690606, -6.931984229741479, 0.0 ], [ 110.851043478446201, -6.931900742852492, 0.0 ], [ 110.851249316953599, -6.93186386397483, 0.0 ], [ 110.851329192187194, -6.931805933146699, 0.0 ], [ 110.851427236340001, -6.931788110330133, 0.0 ], [ 110.851950112859598, -6.931840905883481, 0.0 ], [ 110.853036829222006, -6.931914020692861, 0.0 ], [ 110.853892986915099, -6.932013073625565, 0.0 ], [ 110.854489789686397, -6.932127945679512, 0.0 ], [ 110.854773327267907, -6.932165224876862, 0.0 ] ] ] } },
{ "type": "Feature", "properties": { "NAME": "DERMOYO", "AREA": 224.8, "FLOW": 0.334, "START": "BDe.1", "END": "BDe.2", "TYPE": "SECONDARY", "LENGTH_KM": 0.701 }, "geometry": { "type": "MultiLineString", "coordinates": [ [ [ 110.964201756879106, -6.9028751119079, 0.0 ], [ 110.964092333136406, -6.902883382419998, 0.0 ], [ 110.963804708926105, -6.902921271216714, 0.0 ], [ 110.963672932781506, -6.902925775346086, 0.0 ], [ 110.9635573066669, -6.902893588061931, 0.0 ], [ 110.963417607635094, -6.902800082677633, 0.0 ], [ 110.962974579423602, -6.902443763415439, 0.0 ], [ 110.962884933031503, -6.902359822594114, 0.0 ], [ 110.962782704068104, -6.902279683936706, 0.0 ], [ 110.962743938316507, -6.902185771110209, 0.0 ], [ 110.962706506065302, -6.901994580130399, 0.0 ], [ 110.962703040706998, -6.901772921843586, 0.0 ], [ 110.962691032136703, -6.901648858704385, 0.0 ], [ 110.962588717831807, -6.901519821146866, 0.0 ], [ 110.962303239038803, -6.90147164111071, 0.0 ], [ 110.962117622628, -6.901412882876153, 0.0 ], [ 110.961709491461093, -6.901321698788937, 0.0 ], [ 110.961252276190095, -6.901193830855277, 0.0 ], [ 110.960913537100495, -6.901113740079873, 0.0 ], [ 110.960691737439006, -6.901057185801347, 0.0 ], [ 110.960490897184101, -6.90099532648036, 0.0 ], [ 110.959916952534201, -6.900856214576798, 0.0 ], [ 110.959588274301495, -6.900758123234174, 0.0 ], [ 110.959088620811102, -6.900630730797177, 0.0 ], [ 110.958965348304105, -6.900591470183348, 0.0 ], [ 110.958815470667105, -6.900554391417695, 0.0 ] ] ] } },
{ "type": "Feature", "properties": { "NAME": "DERMOYO", "AREA": 156.8, "FLOW": 0.233, "START": "BDe.2", "END": "BDe.3", "TYPE": "SECONDARY", "LENGTH_KM": 0.505 }, "geometry": { "type": "MultiLineString", "coordinates": [ [ [ 110.9588147703749, -6.900553420704743, 0.0 ], [ 110.958831201444198, -6.900467666074027, 0.0 ], [ 110.958861681414803, -6.900341707846703, 0.0 ], [ 110.9589159278555, -6.900203672436956, 0.0 ], [ 110.958990020884499, -6.900002904290816, 0.0 ], [ 110.959034838520196, -6.899839443677504, 0.0 ], [ 110.959072167521001, -6.899645235828435, 0.0 ], [ 110.959083122806902, -6.899424680748606, 0.0 ], [ 110.959064424147599, -6.899139551297339, 0.0 ], [ 110.959040176499997, -6.899045799770339, 0.0 ], [ 110.959026849657505, -6.898637599444206, 0.0 ], [ 110.959019660507806, -6.898191929233318, 0.0 ], [ 110.959015173006804, -6.897778261798682, 0.0 ], [ 110.959032377417103, -6.89749161947401, 0.0 ], [ 110.959052277235998, -6.897044455560813, 0.0 ], [ 110.959096014206906, -6.896700915306963, 0.0 ], [ 110.959122998024895, -6.896507166281363, 0.0 ], [ 110.959131991435299, -6.89619964263921, 0.0 ], [ 110.959151411610193, -6.896038397376842, 0.0 ] ] ] } },
{ "type": "Feature", "properties": { "NAME": "DERMOYO", "AREA": 75.3, "FLOW": 0.112, "START": "BDe.3", "END": "BDe.4", "TYPE": "SECONDARY", "LENGTH_KM": 0.418 }, "geometry": { "type": "MultiLineString", "coordinates": [ [ [ 110.959150546451895, -6.896040734053667, 0.0 ], [ 110.959195319081502, -6.895708115454616, 0.0 ], [ 110.959254638315798, -6.895418855309253, 0.0 ], [ 110.959343881012998, -6.894945076046716, 0.0 ], [ 110.959415997072696, -6.89465243232596, 0.0 ], [ 110.9594859364706, -6.894291462667257, 0.0 ], [ 110.9594972065874, -6.894004264175106, 0.0 ], [ 110.959524309326, -6.893810892166521, 0.0 ], [ 110.959612543945298, -6.893389000321427, 0.0 ], [ 110.959726194702995, -6.892897584047899, 0.0 ], [ 110.959897242635193, -6.892343933541668, 0.0 ] ] ] } },
{ "type": "Feature", "properties": { "NAME": "GALIRAN", "AREA": 5209.5, "FLOW": 7.738, "START": "BG.1", "END": "BG.2", "TYPE": "SECONDARY", "LENGTH_KM": 0.623 }, "geometry": { "type": "MultiLineString", "coordinates": [ [ [ 110.829643392991798, -6.958062495746097, 0.0 ], [ 110.829307059616994, -6.95709109657746, 0.0 ], [ 110.829087119672195, -6.956389786169873, 0.0 ], [ 110.829025908839995, -6.956210109508202, 0.0 ], [ 110.829020421859894, -6.956021004791976, 0.0 ], [ 110.829110128600504, -6.95489791779362, 0.0 ], [ 110.8292164668336, -6.953613042208547, 0.0 ], [ 110.829274676920704, -6.952813245624235, 0.0 ], [ 110.829315035616006, -6.952544030323968, 0.0 ] ] ] } },
{ "type": "Feature", "properties": { "NAME": "GALIRAN", "AREA": 4009.5, "FLOW": 5.956, "START": "BG.10", "END": "BG.11", "TYPE": "SECONDARY", "LENGTH_KM": 1.502 }, "geometry": { "type": "MultiLineString", "coordinates": [ [ [ 110.837263566773004, -6.915768537204669, 0.0 ], [ 110.837582517961195, -6.915324568429611, 0.0 ], [ 110.837966026050097, -6.91477848049432, 0.0 ], [ 110.838393693881102, -6.914193331737347, 0.0 ], [ 110.838794466467604, -6.91363975209045, 0.0 ], [ 110.839203269294899, -6.91309278954169, 0.0 ], [ 110.839378544819994, -6.91294409052704, 0.0 ], [ 110.839668427758696, -6.912768559971274, 0.0 ], [ 110.839841984281605, -6.912706099732095, 0.0 ], [ 110.840007165318696, -6.912639011443588, 0.0 ], [ 110.840201922224296, -6.912587396397248, 0.0 ], [ 110.840495356600897, -6.912566075116577, 0.0 ], [ 110.840767550460697, -6.912597977759022, 0.0 ], [ 110.841057695116803, -6.912672264591857, 0.0 ], [ 110.841267581765194, -6.912741801927961, 0.0 ], [ 110.841598885516007, -6.912876524505673, 0.0 ], [ 110.842001264071499, -6.913053257074575, 0.0 ], [ 110.842417965824097, -6.913260250732203, 0.0 ], [ 110.843022917131293, -6.913518088252244, 0.0 ], [ 110.843461097116005, -6.913718783615281, 0.0 ], [ 110.844200152804902, -6.914033564948705, 0.0 ], [ 110.844753398338895, -6.914252450879782, 0.0 ], [ 110.845039919622806, -6.914372634140962, 0.0 ], [ 110.845466911511295, -6.914587816641478, 0.0 ], [ 110.845654682252004, -6.914649447746208, 0.0 ], [ 110.846018794037604, -6.914711738860878, 0.0 ], [ 110.846277066520599, -6.91472381761672, 0.0 ], [ 110.846378596713095, -6.914719005149697, 0.0 ], [ 110.846694157055097, -6.914657116346166, 0.0 ], [ 110.846944652307599, -6.914583806260948, 0.0 ], [ 110.847374773741294, -6.914421396466581, 0.0 ], [ 110.847854649554804, -6.914256734039297, 0.0 ], [ 110.848469708313502, -6.9140444323261, 0.0 ], [ 110.848614686026707, -6.914018928246375, 0.0 ], [ 110.848808416450296, -6.914040875478914, 0.0 ] ] ] } },
{ "type": "Feature", "properties": { "NAME": "GALIRAN", "AREA": 3944.0, "FLOW": 5.858, "START": "BG.11", "END": "BG.12", "TYPE": "SECONDARY", "LENGTH_KM": 0.655 }, "geometry": { "type": "MultiLineString", "coordinates": [ [ [ 110.848801339828597, -6.914028247640927, 0.0 ], [ 110.849148001946006, -6.914122173093723, 0.0 ], [ 110.849601552549501, -6.914260383619707, 0.0 ], [ 110.8499394427879, -6.914358878404089, 0.0 ], [ 110.850311886133795, -6.91448988525423, 0.0 ], [ 110.850786063744806, -6.914609415032793, 0.0 ], [ 110.850818920960705, -6.914609414491749, 0.0 ], [ 110.851301293187902, -6.914751329286338, 0.0 ], [ 110.851712717751596, -6.91489251011044, 0.0 ], [ 110.852074565635704, -6.915124129565798, 0.0 ], [ 110.852352491416895, -6.91539542254698, 0.0 ], [ 110.852651320096896, -6.915771836086139, 0.0 ], [ 110.853008119938906, -6.916230853206917, 0.0 ], [ 110.853176409566601, -6.916393221736743, 0.0 ], [ 110.853630459393003, -6.916513854380575, 0.0 ], [ 110.853916780154705, -6.916603949694662, 0.0 ] ] ] } },
{ "type": "Feature", "properties": { "NAME": "GALIRAN", "AREA": 3903.7, "FLOW": 5.799, "START": "BG.12", "END": "BG.13", "TYPE": "SECONDARY", "LENGTH_KM": 0.711 }, "geometry": { "type": "MultiLineString", "coordinates": [ [ [ 110.853915673117299, -6.916603996812056, 0.0 ], [ 110.854409874234804, -6.916752207432422, 0.0 ], [ 110.854689834990793, -6.916833729094676, 0.0 ], [ 110.854876680476096, -6.916856020604224, 0.0 ], [ 110.855013176459394, -6.916856806433541, 0.0 ], [ 110.855116926345204, -6.916830171035155, 0.0 ], [ 110.855289264610406, -6.916786322370472, 0.0 ], [ 110.855837586071999, -6.916686759543986, 0.0 ], [ 110.856181685220605, -6.916667066662308, 0.0 ], [ 110.856376413007993, -6.916727799634212, 0.0 ], [ 110.856821751080204, -6.916857119643953, 0.0 ], [ 110.857409937729599, -6.916995329004738, 0.0 ], [ 110.857928891537497, -6.917098537466255, 0.0 ], [ 110.858387075952507, -6.917190185203721, 0.0 ], [ 110.858484908249295, -6.917209017727608, 0.0 ], [ 110.858978122128704, -6.917040713527983, 0.0 ], [ 110.859531245192599, -6.916796223829099, 0.0 ], [ 110.859751097299906, -6.916706596249664, 0.0 ], [ 110.859945774926601, -6.916570009520436, 0.0 ], [ 110.860019145432602, -6.91644937529836, 0.0 ] ] ] } },
{ "type": "Feature", "properties": { "NAME": "BANGSANG", "AREA": 231.6, "FLOW": 0.344, "START": "BG.13", "END": "BBg.1", "TYPE": "SECONDARY", "LENGTH_KM": 0.475 }, "geometry": { "type": "MultiLineString", "coordinates": [ [ [ 110.859912805163006, -6.916572181933129, 0.0 ], [ 110.860214353912298, -6.916723536386776, 0.0 ], [ 110.860459887169796, -6.91691203319974, 0.0 ], [ 110.860619678561093, -6.917162575994718, 0.0 ], [ 110.860709709998602, -6.917385588340117, 0.0 ], [ 110.860877409295895, -6.917682500451079, 0.0 ], [ 110.861089899569905, -6.917964972759917, 0.0 ], [ 110.861258296445101, -6.918238985802939, 0.0 ], [ 110.861428120311501, -6.918526232608702, 0.0 ], [ 110.861572270581703, -6.918786307687363, 0.0 ], [ 110.861712047670906, -6.918994457045786, 0.0 ], [ 110.861896028709396, -6.919146598506963, 0.0 ], [ 110.862329657771497, -6.919505132520152, 0.0 ], [ 110.862608697206696, -6.919804594899351, 0.0 ] ] ] } },
{ "type": "Feature", "properties": { "NAME": "GALIRAN", "AREA": 3605.35, "FLOW": 5.355, "START": "BG.13", "END": "BG.14", "TYPE": "SECONDARY", "LENGTH_KM": 0.036 }, "geometry": { "type": "MultiLineString", "coordinates": [ [ [ 110.860018195096302, -6.91643960909933, 0.0 ], [ 110.860161045026501, -6.916143868317429, 0.0 ] ] ] } },
{ "type": "Feature", "properties": { "NAME": "GALIRAN", "AREA": 3550.65, "FLOW": 5.274, "START": "BG.14", "END": "BG.15", "TYPE": "SECONDARY", "LENGTH_KM": 0.132 }, "geometry": { "type": "MultiLineString", "coordinates": [ [ [ 110.860164058626097, -6.916144027375601, 0.0 ], [ 110.860574526612794, -6.915275834996726, 0.0 ], [ 110.860695019690695, -6.915071006612385, 0.0 ] ] ] } },
{ "type": "Feature", "properties": { "NAME": "GALIRAN", "AREA": 3506.85, "FLOW": 5.209, "START": "BG.15", "END": "BG.16", "TYPE": "SECONDARY", "LENGTH_KM": 0.598 }, "geometry": { "type": "MultiLineString", "coordinates": [ [ [ 110.860694954126302, -6.91507015814985, 0.0 ], [ 110.860775931852899, -6.914814656156376, 0.0 ], [ 110.861033359558704, -6.914002540911401, 0.0 ], [ 110.861282951352393, -6.913192597301746, 0.0 ], [ 110.861490151139407, -6.91255373472665, 0.0 ], [ 110.861744437238301, -6.911759170696112, 0.0 ], [ 110.861958603844897, -6.911195484562665, 0.0 ], [ 110.862165905541801, -6.91079644061589, 0.0 ], [ 110.862480213840598, -6.910410897174671, 0.0 ], [ 110.862807432164999, -6.910203118484959, 0.0 ] ] ] } },
{ "type": "Feature", "properties": { "NAME": "GALIRAN", "AREA": 3485.55, "FLOW": 5.177, "START": "BG.16", "END": "BG.17", "TYPE": "SECONDARY", "LENGTH_KM": 0.811 }, "geometry": { "type": "MultiLineString", "coordinates": [ [ [ 110.862808079306802, -6.910203748366176, 0.0 ], [ 110.863488971881495, -6.909909328368745, 0.0 ], [ 110.863818768803299, -6.909775874982479, 0.0 ], [ 110.864340097850203, -6.909583721063701, 0.0 ], [ 110.865169416331398, -6.90922897779537, 0.0 ], [ 110.865699289167196, -6.909000687061253, 0.0 ], [ 110.8663849131934, -6.908709669175402, 0.0 ], [ 110.866797014266595, -6.908542470738984, 0.0 ], [ 110.867279187384497, -6.908290325067814, 0.0 ], [ 110.867664434412305, -6.908115957648184, 0.0 ], [ 110.8684144751101, -6.907768138508978, 0.0 ], [ 110.868794702842195, -6.907587270339606, 0.0 ], [ 110.869361229753196, -6.907301861672231, 0.0 ], [ 110.869520083465005, -6.907251600655613, 0.0 ] ] ] } },
{ "type": "Feature", "properties": { "NAME": "KALIYOSO", "AREA": 1151.2, "FLOW": 1.72, "START": "BG.17", "END": "BKa.1", "TYPE": "SECONDARY", "LENGTH_KM": 0.59 }, "geometry": { "type": "MultiLineString", "coordinates": [ [ [ 110.8694688787714, -6.907294883572064, 0.0 ], [ 110.869555578101497, -6.90744757111346, 0.0 ], [ 110.869805886034598, -6.907683902701506, 0.0 ], [ 110.869954802169403, -6.907882516056352, 0.0 ], [ 110.870058834546299, -6.90807074023526, 0.0 ], [ 110.870062005492798, -6.90807265129415, 0.0 ], [ 110.870116535565302, -6.908163601793506, 0.0 ], [ 110.870187787802607, -6.908266525642475, 0.0 ], [ 110.870348559320206, -6.908431950715109, 0.0 ], [ 110.870571116579697, -6.908654703556749, 0.0 ], [ 110.870811822078196, -6.908852160001995, 0.0 ], [ 110.871019773428102, -6.908972124322544, 0.0 ], [ 110.871236988789406, -6.909075245971392, 0.0 ], [ 110.871438918640706, -6.909196426868933, 0.0 ], [ 110.871612959396003, -6.909343584162411, 0.0 ], [ 110.8717604019416, -6.9094343041354, 0.0 ], [ 110.871886343433005, -6.909454583483781, 0.0 ], [ 110.872222336709498, -6.909545258899996, 0.0 ], [ 110.872495446309898, -6.909641901159757, 0.0 ], [ 110.872623114567901, -6.909730601256176, 0.0 ], [ 110.872775938880395, -6.909864886869751, 0.0 ], [ 110.872924104322294, -6.909982072815393, 0.0 ], [ 110.873090273639207, -6.910093829401682, 0.0 ], [ 110.873310417966096, -6.910191103379423, 0.0 ], [ 110.873524166258605, -6.910244109052837, 0.0 ], [ 110.873689453540194, -6.910284880161491, 0.0 ] ] ] } },
{ "type": "Feature", "properties": { "NAME": "PONCOMULYO", "AREA": 2292.9, "FLOW": 3.406, "START": "BG.17", "END": "BP.1", "TYPE": "SECONDARY", "LENGTH_KM": 0.841 }, "geometry": { "type": "MultiLineString", "coordinates": [ [ [ 110.869453433870106, -6.907287424629352, 0.0 ], [ 110.869890840128804, -6.907107930785372, 0.0 ], [ 110.870201402489201, -6.906965350055968, 0.0 ], [ 110.870805373701501, -6.906679452492583, 0.0 ], [ 110.871374304973202, -6.906429746711496, 0.0 ], [ 110.872298835397103, -6.906036005311869, 0.0 ], [ 110.873150448090399, -6.905665189413854, 0.0 ], [ 110.873604937357698, -6.905452522117109, 0.0 ], [ 110.8741456724389, -6.905203319337671, 0.0 ], [ 110.874623364305805, -6.905011817313992, 0.0 ], [ 110.874771699746105, -6.904937889899223, 0.0 ], [ 110.874981909627394, -6.904842757636004, 0.0 ], [ 110.875107716826193, -6.904728291881032, 0.0 ], [ 110.875235810391601, -6.904509745321613, 0.0 ], [ 110.875333463128499, -6.904189077691999, 0.0 ], [ 110.875316425754804, -6.903926019786705, 0.0 ], [ 110.875218515729699, -6.903392659419866, 0.0 ] ] ] } },
{ "type": "Feature", "properties": { "NAME": "GALIRAN", "AREA": 5105.4, "FLOW": 7.584, "START": "BG.2", "END": "BG.3", "TYPE": "SECONDARY", "LENGTH_KM": 0.892 }, "geometry": { "type": "MultiLineString", "coordinates": [ [ [ 110.829316922719599, -6.952542763817938, 0.0 ], [ 110.829452409865596, -6.951961525419053, 0.0 ], [ 110.829750193719605, -6.950668791450526, 0.0 ], [ 110.829783178549803, -6.950335027110482, 0.0 ], [ 110.829771109149306, -6.950124074405363, 0.0 ], [ 110.829708533757199, -6.949559538488624, 0.0 ], [ 110.829552444457903, -6.948305227444445, 0.0 ], [ 110.829466759469199, -6.947421423096966, 0.0 ], [ 110.829299476334796, -6.946132474123336, 0.0 ], [ 110.829156093086794, -6.944783419480922, 0.0 ], [ 110.8291388026352, -6.944560761771272, 0.0 ] ] ] } },
{ "type": "Feature", "properties": { "NAME": "GALIRAN", "AREA": 5032.6, "FLOW": 7.475, "START": "BG.3", "END": "BG.4", "TYPE": "SECONDARY", "LENGTH_KM": 0.892 }, "geometry": { "type": "MultiLineString", "coordinates": [ [ [ 110.829138571150594, -6.944561681901896, 0.0 ], [ 110.829083935759897, -6.943535684400714, 0.0 ], [ 110.829015822608497, -6.942052441820708, 0.0 ], [ 110.828966561554793, -6.941259487571255, 0.0 ], [ 110.8289647797545, -6.940958775890466, 0.0 ], [ 110.829012403288502, -6.940802526099102, 0.0 ], [ 110.829396710677401, -6.939833872254662, 0.0 ], [ 110.829703449671399, -6.939064296645336, 0.0 ], [ 110.8299394231679, -6.938414898002768, 0.0 ], [ 110.830121637318399, -6.937995405795153, 0.0 ], [ 110.830283007320901, -6.937688219711221, 0.0 ], [ 110.830571911828599, -6.937277400675417, 0.0 ], [ 110.830813792429495, -6.936929230658676, 0.0 ] ] ] } },
{ "type": "Feature", "properties": { "NAME": "GALIRAN", "AREA": 4979.1, "FLOW": 7.395, "START": "BG.4", "END": "BG.5", "TYPE": "SECONDARY", "LENGTH_KM": 0.092 }, "geometry": { "type": "MultiLineString", "coordinates": [ [ [ 110.830813425828893, -6.936927232195259, 0.0 ], [ 110.831169004362195, -6.936452701603108, 0.0 ], [ 110.831310484898495, -6.936259411853882, 0.0 ] ] ] } },
{ "type": "Feature", "properties": { "NAME": "CANGKRINGAN", "AREA": 495.1, "FLOW": 0.735, "START": "BG.5", "END": "BCa.1", "TYPE": "SECONDARY", "LENGTH_KM": 0.723 }, "geometry": { "type": "MultiLineString", "coordinates": [ [ [ 110.831449490625104, -6.935657301815825, 0.0 ], [ 110.831519937629096, -6.935664369206899, 0.0 ], [ 110.832494647072707, -6.935695728535871, 0.0 ], [ 110.832702416510301, -6.93568533296973, 0.0 ], [ 110.833496747286901, -6.935714545636445, 0.0 ], [ 110.834161349345607, -6.935754802096994, 0.0 ], [ 110.834804143878003, -6.935719596944946, 0.0 ], [ 110.835436322724306, -6.93574812004243, 0.0 ], [ 110.836393813947396, -6.935761318764057, 0.0 ], [ 110.837102454670003, -6.935757992000662, 0.0 ], [ 110.837320294196701, -6.935782525167076, 0.0 ], [ 110.837438783668404, -6.935784143432385, 0.0 ], [ 110.837523886646593, -6.935788991256477, 0.0 ], [ 110.837984316831395, -6.935795413746455, 0.0 ] ] ] } },
{ "type": "Feature", "properties": { "NAME": "GALIRAN", "AREA": 4917.8, "FLOW": 7.304, "START": "BG.5", "END": "BG.6", "TYPE": "SECONDARY", "LENGTH_KM": 0.069 }, "geometry": { "type": "MultiLineString", "coordinates": [ [ [ 110.831308363893896, -6.936254032106313, 0.0 ], [ 110.831379311948893, -6.93610798405213, 0.0 ], [ 110.831426881687406, -6.935911674102331, 0.0 ], [ 110.831451853365195, -6.935694278992201, 0.0 ], [ 110.831446130833797, -6.935657190058227, 0.0 ] ] ] } },
{ "type": "Feature", "properties": { "NAME": "GALIRAN", "AREA": 4355.2, "FLOW": 6.469, "START": "BG.6", "END": "BG.7", "TYPE": "SECONDARY", "LENGTH_KM": 0.873 }, "geometry": { "type": "MultiLineString", "coordinates": [ [ [ 110.831446993692595, -6.935658580779259, 0.0 ], [ 110.8313919482122, -6.93532719241992, 0.0 ], [ 110.831266381019304, -6.934948034740471, 0.0 ], [ 110.831051017491404, -6.934365079021033, 0.0 ], [ 110.830877336026106, -6.933996373520948, 0.0 ], [ 110.830665367997597, -6.93361848885123, 0.0 ], [ 110.830564566105593, -6.933416593302922, 0.0 ], [ 110.830521071530498, -6.933223980951789, 0.0 ], [ 110.830505469716002, -6.932967461533123, 0.0 ], [ 110.8305854672371, -6.932421813634421, 0.0 ], [ 110.830750145762096, -6.93168671899116, 0.0 ], [ 110.830866820437805, -6.931254267566995, 0.0 ], [ 110.831118659672697, -6.930361150845795, 0.0 ], [ 110.831173443579402, -6.930167691990238, 0.0 ], [ 110.831280960559198, -6.929936319461772, 0.0 ], [ 110.831483243467702, -6.929647987205158, 0.0 ], [ 110.831834187105002, -6.929077972873865, 0.0 ], [ 110.832030135290495, -6.928764568293362, 0.0 ], [ 110.832149828540594, -6.928572220677698, 0.0 ], [ 110.832203168240497, -6.928466566168317, 0.0 ], [ 110.832201799085993, -6.928323980297153, 0.0 ] ] ] } },
{ "type": "Feature", "properties": { "NAME": "GALIRAN", "AREA": 4219.1, "FLOW": 6.268, "START": "BG.7", "END": "BG.8", "TYPE": "SECONDARY", "LENGTH_KM": 0.52 }, "geometry": { "type": "MultiLineString", "coordinates": [ [ [ 110.832202370654102, -6.928325528198835, 0.0 ], [ 110.832160108234405, -6.927909244895506, 0.0 ], [ 110.832067158234295, -6.926927275661708, 0.0 ], [ 110.832046420452897, -6.926525557762926, 0.0 ], [ 110.832070638092603, -6.926375103443157, 0.0 ], [ 110.832191289714203, -6.925848594617173, 0.0 ], [ 110.832317466419696, -6.925201278003462, 0.0 ], [ 110.832466505466002, -6.924491798381188, 0.0 ], [ 110.832608818502393, -6.923687269332607, 0.0 ] ] ] } },
{ "type": "Feature", "properties": { "NAME": "GALIRAN", "AREA": 4192.1, "FLOW": 6.227, "START": "BG.8", "END": "BG.9", "TYPE": "SECONDARY", "LENGTH_KM": 0.213 }, "geometry": { "type": "MultiLineString", "coordinates": [ [ [ 110.832609834369407, -6.923686406299368, 0.0 ], [ 110.832721128957502, -6.92309721236289, 0.0 ], [ 110.832805354719497, -6.922477040226047, 0.0 ], [ 110.832892980131305, -6.921975393118999, 0.0 ], [ 110.832835804040499, -6.921792466183745, 0.0 ] ] ] } },
{ "type": "Feature", "properties": { "NAME": "GALIRAN", "AREA": 4106.1, "FLOW": 6.099, "START": "BG.9", "END": "BG.10", "TYPE": "SECONDARY", "LENGTH_KM": 1.183 }, "geometry": { "type": "MultiLineString", "coordinates": [ [ [ 110.832834971168694, -6.921790629374018, 0.0 ], [ 110.832276275198097, -6.920889505494936, 0.0 ], [ 110.831872568589006, -6.920195637413149, 0.0 ], [ 110.831752358179102, -6.920005118504064, 0.0 ], [ 110.831666818367694, -6.919748039612855, 0.0 ], [ 110.831625987517299, -6.91942486520361, 0.0 ], [ 110.831614860348097, -6.919242632095616, 0.0 ], [ 110.831668136740603, -6.918873309080012, 0.0 ], [ 110.831806438939594, -6.918347518925155, 0.0 ], [ 110.831943795439301, -6.917626296926109, 0.0 ], [ 110.832100065917899, -6.917126303775629, 0.0 ], [ 110.832259547350006, -6.91682665332609, 0.0 ], [ 110.832455246251797, -6.916594898330271, 0.0 ], [ 110.832684753255805, -6.916401029116477, 0.0 ], [ 110.832936154243697, -6.916250768699529, 0.0 ], [ 110.833189203302297, -6.916137578606989, 0.0 ], [ 110.833393009471493, -6.91609334399076, 0.0 ], [ 110.833784274850402, -6.916035127035523, 0.0 ], [ 110.834145076624196, -6.916035129079, 0.0 ], [ 110.834750511059099, -6.916018115855603, 0.0 ], [ 110.835507164266403, -6.915986068941665, 0.0 ], [ 110.836318683385599, -6.915961019072556, 0.0 ], [ 110.836928587383994, -6.915927920057373, 0.0 ], [ 110.837124305179401, -6.915909577899304, 0.0 ], [ 110.837159569915997, -6.915877459850969, 0.0 ], [ 110.837264812959205, -6.915768442671686, 0.0 ] ] ] } },
{ "type": "Feature", "properties": { "NAME": "GEBANG", "AREA": 840.4, "FLOW": 1.248, "START": "BGe.1", "END": "BGe.2", "TYPE": "SECONDARY", "LENGTH_KM": 1.357 }, "geometry": { "type": "MultiLineString", "coordinates": [ [ [ 111.016047350235993, -6.83918227785809, 0.0 ], [ 111.016533330112196, -6.839227799097296, 0.0 ], [ 111.016871127344103, -6.839238936437423, 0.0 ], [ 111.016911924759597, -6.839217482722569, 0.0 ], [ 111.016955926052304, -6.839163112080573, 0.0 ], [ 111.016983061558904, -6.838960229464793, 0.0 ], [ 111.017036956191902, -6.838282183284504, 0.0 ], [ 111.017062745496702, -6.8375246842475, 0.0 ], [ 111.017076574455302, -6.837192613003801, 0.0 ], [ 111.017105120381601, -6.836707857048224, 0.0 ], [ 111.017149096241198, -6.835892256829665, 0.0 ], [ 111.017216288624795, -6.835028027160666, 0.0 ], [ 111.017294754180895, -6.834784101486867, 0.0 ], [ 111.017962356883402, -6.834023071004075, 0.0 ], [ 111.019014083531104, -6.832740896704841, 0.0 ], [ 111.019841550082504, -6.831707938201709, 0.0 ], [ 111.020010436905395, -6.831524260736306, 0.0 ], [ 111.020065914675399, -6.8313915118332, 0.0 ], [ 111.020085762265893, -6.831141490070145, 0.0 ], [ 111.0201647458411, -6.830174077344986, 0.0 ], [ 111.020256687991406, -6.829060310339094, 0.0 ], [ 111.020275933524701, -6.828862925881801, 0.0 ] ] ] } },
{ "type": "Feature", "properties": { "NAME": "SAMBIREJO", "AREA": 566.8, "FLOW": 0.842, "START": "BGe.2", "END": "BSa.1", "TYPE": "SECONDARY", "LENGTH_KM": 0.626 }, "geometry": { "type": "MultiLineString", "coordinates": [ [ [ 111.0202749467568, -6.828858972991302, 0.0 ], [ 111.019821139466501, -6.828794508349288, 0.0 ], [ 111.019096010109394, -6.828650200654137, 0.0 ], [ 111.018229833854804, -6.828508323629743, 0.0 ], [ 111.017910943575998, -6.82845586056784, 0.0 ], [ 111.017708120553493, -6.828397160610329, 0.0 ], [ 111.017636147560907, -6.828358901858209, 0.0 ], [ 111.017331070808893, -6.828007981182791, 0.0 ], [ 111.017113299693406, -6.827729733574309, 0.0 ], [ 111.017062895757505, -6.827554887013499, 0.0 ], [ 111.017073559598003, -6.827466977745716, 0.0 ], [ 111.017136550666194, -6.827199028057855, 0.0 ], [ 111.017280078635906, -6.826604718495402, 0.0 ], [ 111.017294374955696, -6.826482178388175, 0.0 ], [ 111.017273923645703, -6.826376595671503, 0.0 ], [ 111.0171935925718, -6.826296764530762, 0.0 ], [ 111.017092473519298, -6.826206713685724, 0.0 ], [ 111.016971475695598, -6.826108698287003, 0.0 ], [ 111.016935052646403, -6.826035521349911, 0.0 ], [ 111.016916003512094, -6.8259650638348, 0.0 ], [ 111.016931461350296, -6.825860111691772, 0.0 ], [ 111.016980007367394, -6.825777700001946, 0.0 ] ] ] } },
{ "type": "Feature", "properties": { "NAME": "GEBANG", "AREA": 205.9, "FLOW": 0.308, "START": "BGe.2", "END": "CrGe.1", "TYPE": "SECONDARY", "LENGTH_KM": 1.341 }, "geometry": { "type": "MultiLineString", "coordinates": [ [ [ 111.020277675897901, -6.828862026236344, 0.0 ], [ 111.020496580163197, -6.828606086084521, 0.0 ], [ 111.021068521010704, -6.828003769416833, 0.0 ], [ 111.021899139151301, -6.827139494811321, 0.0 ], [ 111.022663735226701, -6.826303796253059, 0.0 ], [ 111.023413458177899, -6.825491870885871, 0.0 ], [ 111.024317861647106, -6.82453405387167, 0.0 ], [ 111.0249199392984, -6.823885093184709, 0.0 ], [ 111.025067590490707, -6.823737276392315, 0.0 ], [ 111.025196737576593, -6.823664502547598, 0.0 ], [ 111.025430952201006, -6.823574171830874, 0.0 ], [ 111.025809279912707, -6.823412123915053, 0.0 ], [ 111.0259084359665, -6.823342765049682, 0.0 ], [ 111.026256579305695, -6.823032933367647, 0.0 ], [ 111.026784675420899, -6.822575367457827, 0.0 ], [ 111.027535786713699, -6.821910753459437, 0.0 ], [ 111.028136903624997, -6.821365831357802, 0.0 ], [ 111.028702506167704, -6.82087786307254, 0.0 ], [ 111.0288700834396, -6.820738212888013, 0.0 ], [ 111.029050036436502, -6.820585942976106, 0.0 ] ] ] } },
{ "type": "Feature", "properties": { "NAME": "GEBANG", "AREA": 135.7, "FLOW": 0.202, "START": "BGe.3", "END": "BGe.4", "TYPE": "SECONDARY", "LENGTH_KM": 0.639 }, "geometry": { "type": "MultiLineString", "coordinates": [ [ [ 111.031692156264199, -6.813626694569124, 0.0 ], [ 111.032285427370695, -6.812908048424794, 0.0 ], [ 111.032988138571199, -6.812016211183462, 0.0 ], [ 111.033514869018902, -6.811393736970981, 0.0 ], [ 111.033571736351007, -6.811292056182495, 0.0 ], [ 111.033660654756503, -6.8110734835819, 0.0 ], [ 111.033755854268094, -6.810823824637438, 0.0 ], [ 111.033828361095104, -6.810596959656089, 0.0 ], [ 111.033919194221397, -6.810202042837557, 0.0 ], [ 111.034162253433806, -6.808959118363274, 0.0 ], [ 111.034186890126307, -6.808876685511349, 0.0 ], [ 111.034203484797899, -6.808834704725555, 0.0 ], [ 111.034256046029199, -6.808873213425819, 0.0 ], [ 111.034422188431904, -6.808910020530794, 0.0 ] ] ] } },
{ "type": "Feature", "properties": { "NAME": "KALIYOSO", "AREA": 1094.0, "FLOW": 1.625, "START": "BKa.1", "END": "BKa.2", "TYPE": "SECONDARY", "LENGTH_KM": 0.352 }, "geometry": { "type": "MultiLineString", "coordinates": [ [ [ 110.873690569400296, -6.910285400930409, 0.0 ], [ 110.873989532200397, -6.910394145176755, 0.0 ], [ 110.874174979284206, -6.910449631742115, 0.0 ], [ 110.874509415978906, -6.91067313889925, 0.0 ], [ 110.874825076681702, -6.910894541278119, 0.0 ], [ 110.874918312077398, -6.910946289492927, 0.0 ], [ 110.875139464391495, -6.911082463369976, 0.0 ], [ 110.875330992509106, -6.911194862328769, 0.0 ], [ 110.875630218856799, -6.91136989786474, 0.0 ], [ 110.875973023950394, -6.91153238138978, 0.0 ], [ 110.876197132614905, -6.911639132981143, 0.0 ], [ 110.876309893458, -6.911706207679474, 0.0 ], [ 110.876478775337006, -6.911797922894854, 0.0 ] ] ] } },
{ "type": "Feature", "properties": { "NAME": "MANGSANA", "AREA": 125.0, "FLOW": 0.186, "START": "BKa.4", "END": "BMa.1", "TYPE": "SECONDARY", "LENGTH_KM": 0.512 }, "geometry": { "type": "MultiLineString", "coordinates": [ [ [ 110.883390672394995, -6.91025879370842, 0.0 ], [ 110.883484099538506, -6.909602072552193, 0.0 ], [ 110.883526216226997, -6.909392138607386, 0.0 ], [ 110.883588616080402, -6.90922252592731, 0.0 ], [ 110.883791883743498, -6.908632224377118, 0.0 ], [ 110.883894519428694, -6.908310533073806, 0.0 ], [ 110.884078483945103, -6.907790171402436, 0.0 ], [ 110.884299523865707, -6.907121068987151, 0.0 ], [ 110.884499820456298, -6.906531490674063, 0.0 ], [ 110.8846924044433, -6.905967237664917, 0.0 ], [ 110.884728697239595, -6.905837672174583, 0.0 ] ] ] } },
{ "type": "Feature", "properties": { "NAME": "KALIYOSO", "AREA": 160.8, "FLOW": 0.249, "START": "BKa.10", "END": "BKa.11", "TYPE": "SECONDARY", "LENGTH_KM": 1.189 }, "geometry": { "type": "MultiLineString", "coordinates": [ [ [ 110.908717190264397, -6.904808986301745, 0.0 ], [ 110.908985520987798, -6.9048177679147, 0.0 ], [ 110.909557189824895, -6.904845195615024, 0.0 ], [ 110.910072196401998, -6.90487414325132, 0.0 ], [ 110.910494499310403, -6.904894955131177, 0.0 ], [ 110.910731352661998, -6.904969414100812, 0.0 ], [ 110.911072275639597, -6.905067061843869, 0.0 ], [ 110.911458174455404, -6.905226332120701, 0.0 ], [ 110.911829913326699, -6.905363684693333, 0.0 ], [ 110.911995642669297, -6.905386657403979, 0.0 ], [ 110.912437427318395, -6.905447837397872, 0.0 ], [ 110.912830541752001, -6.90547114359064, 0.0 ], [ 110.913232416244995, -6.905487142610224, 0.0 ], [ 110.913780438952898, -6.905504803701635, 0.0 ], [ 110.914331691665893, -6.905487077075498, 0.0 ], [ 110.914965878948195, -6.905470217521924, 0.0 ], [ 110.915194265887806, -6.905452343370286, 0.0 ], [ 110.915447079336801, -6.905386026540672, 0.0 ], [ 110.915600211825094, -6.905314931230222, 0.0 ], [ 110.915903627900093, -6.905186113605126, 0.0 ], [ 110.916112684063094, -6.905150730507559, 0.0 ], [ 110.916430564036801, -6.905159019022029, 0.0 ], [ 110.916781055477898, -6.905175110397748, 0.0 ], [ 110.9171376931629, -6.905169393256918, 0.0 ], [ 110.917495321408794, -6.905172029036706, 0.0 ], [ 110.917966263248999, -6.9051776387976, 0.0 ], [ 110.918286277998405, -6.905188666509946, 0.0 ], [ 110.918581744420493, -6.905198843289795, 0.0 ], [ 110.918846632548195, -6.905210884397177, 0.0 ], [ 110.919135356706803, -6.905218916666592, 0.0 ], [ 110.919327309453195, -6.905233021253105, 0.0 ] ] ] } },
{ "type": "Feature", "properties": { "NAME": "KALIYOSO", "AREA": 1052.0, "FLOW": 1.563, "START": "BKa.2", "END": "BKa.3", "TYPE": "SECONDARY", "LENGTH_KM": 0.225 }, "geometry": { "type": "MultiLineString", "coordinates": [ [ [ 110.876476421046505, -6.911800432563235, 0.0 ], [ 110.877003468322599, -6.912090370177019, 0.0 ], [ 110.877435240562804, -6.912308718664823, 0.0 ], [ 110.877631712429505, -6.912416154852382, 0.0 ], [ 110.877956615306502, -6.912584969435348, 0.0 ], [ 110.878069023988203, -6.912633561603151, 0.0 ], [ 110.878137665049096, -6.912627121360271, 0.0 ], [ 110.878263161946805, -6.912515653315985, 0.0 ] ] ] } },
{ "type": "Feature", "properties": { "NAME": "KALIYOSO", "AREA": 993.5, "FLOW": 1.476, "START": "BKa.3", "END": "BKa.4", "TYPE": "SECONDARY", "LENGTH_KM": 0.626 }, "geometry": { "type": "MultiLineString", "coordinates": [ [ [ 110.878263059133005, -6.912516188187753, 0.0 ], [ 110.878404154497005, -6.912400025662135, 0.0 ], [ 110.878622154656696, -6.912303070811122, 0.0 ], [ 110.879295606371997, -6.912018259219296, 0.0 ], [ 110.880021104938095, -6.911751667144236, 0.0 ], [ 110.880668322558193, -6.911463500426435, 0.0 ], [ 110.881429118293894, -6.911164988749402, 0.0 ], [ 110.882314942472405, -6.910782091863649, 0.0 ], [ 110.883062132156894, -6.910429423931528, 0.0 ], [ 110.883433115368106, -6.910238631169779, 0.0 ] ] ] } },
{ "type": "Feature", "properties": { "NAME": "KALIYOSO", "AREA": 783.5, "FLOW": 1.164, "START": "BKa.4", "END": "BKa.5", "TYPE": "SECONDARY", "LENGTH_KM": 0.403 }, "geometry": { "type": "MultiLineString", "coordinates": [ [ [ 110.883430532607207, -6.910238998990141, 0.0 ], [ 110.883716088584706, -6.910110866974765, 0.0 ], [ 110.8846127770002, -6.909711389046791, 0.0 ], [ 110.885202197018401, -6.909510078639655, 0.0 ], [ 110.885731616761504, -6.909378501074696, 0.0 ], [ 110.88605123264, -6.909314774574868, 0.0 ], [ 110.886903880000801, -6.909256887651814, 0.0 ] ] ] } },
{ "type": "Feature", "properties": { "NAME": "KALIYOSO", "AREA": 730.5, "FLOW": 1.085, "START": "BKa.5", "END": "BKa.6", "TYPE": "SECONDARY", "LENGTH_KM": 0.516 }, "geometry": { "type": "MultiLineString", "coordinates": [ [ [ 110.886901865116002, -6.909257370390117, 0.0 ], [ 110.887405714565404, -6.909278301854602, 0.0 ], [ 110.887879717306603, -6.909305420852233, 0.0 ], [ 110.888101559836997, -6.909308657097212, 0.0 ], [ 110.888740355622204, -6.909295995689534, 0.0 ], [ 110.889538344134806, -6.909281196700743, 0.0 ], [ 110.889750280400506, -6.909270053175339, 0.0 ], [ 110.890508514748902, -6.909247384276547, 0.0 ], [ 110.8908703156321, -6.90920650945715, 0.0 ], [ 110.891173873723204, -6.909154685168624, 0.0 ], [ 110.891546587968705, -6.909035681291266, 0.0 ] ] ] } },
{ "type": "Feature", "properties": { "NAME": "KALIYOSO", "AREA": 692.2, "FLOW": 1.028, "START": "BKa.6", "END": "BKa.7", "TYPE": "SECONDARY", "LENGTH_KM": 0.565 }, "geometry": { "type": "MultiLineString", "coordinates": [ [ [ 110.891545952487903, -6.909036614189311, 0.0 ], [ 110.891851341904996, -6.908893314487837, 0.0 ], [ 110.892060508212595, -6.908843710198865, 0.0 ], [ 110.892501312194696, -6.908691822578351, 0.0 ], [ 110.892890081077098, -6.908503024470161, 0.0 ], [ 110.893250107788802, -6.908271709433768, 0.0 ], [ 110.893428778471502, -6.908181398603845, 0.0 ], [ 110.893724231722501, -6.908066938809477, 0.0 ], [ 110.894078954449398, -6.907934695053184, 0.0 ], [ 110.894606754227695, -6.907734927425708, 0.0 ], [ 110.895067264170194, -6.907516442801581, 0.0 ], [ 110.8955930890844, -6.90725313401728, 0.0 ], [ 110.896216295862502, -6.90699162172559, 0.0 ] ] ] } },
{ "type": "Feature", "properties": { "NAME": "KALIYOSO", "AREA": 662.5, "FLOW": 0.984, "START": "BKa.7", "END": "BKa.8", "TYPE": "SECONDARY", "LENGTH_KM": 0.029 }, "geometry": { "type": "MultiLineString", "coordinates": [ [ [ 110.896216723733701, -6.906991141272093, 0.0 ], [ 110.896447026720494, -6.906867525540483, 0.0 ] ] ] } },
{ "type": "Feature", "properties": { "NAME": "KALIYOSO", "AREA": 530.2, "FLOW": 0.788, "START": "BKa.8", "END": "BKa,9", "TYPE": "SECONDARY", "LENGTH_KM": 0.277 }, "geometry": { "type": "MultiLineString", "coordinates": [ [ [ 110.896448901819596, -6.906866310145384, 0.0 ], [ 110.896680531836694, -6.906672963218043, 0.0 ], [ 110.897296279092799, -6.906121638026517, 0.0 ], [ 110.897486231676396, -6.905943569078258, 0.0 ], [ 110.898008443334902, -6.905459615215372, 0.0 ], [ 110.898133953056103, -6.905355654414284, 0.0 ], [ 110.898171436249797, -6.905335814832525, 0.0 ], [ 110.898222898083006, -6.905337911264583, 0.0 ], [ 110.898369940684105, -6.905356595038876, 0.0 ] ] ] } },
{ "type": "Feature", "properties": { "NAME": "KALIYOSO", "AREA": 368.4, "FLOW": 0.547, "START": "BKa.9", "END": "BKa.10", "TYPE": "SECONDARY", "LENGTH_KM": 1.2 }, "geometry": { "type": "MultiLineString", "coordinates": [ [ [ 110.8983690576284, -6.90535550599595, 0.0 ], [ 110.898644471371895, -6.905413482644716, 0.0 ], [ 110.898858323203001, -6.905474723193881, 0.0 ], [ 110.899253949476503, -6.9055939084597, 0.0 ], [ 110.899663840780406, -6.905710220538521, 0.0 ], [ 110.900029006291405, -6.905822162873288, 0.0 ], [ 110.900352753891198, -6.905898234066553, 0.0 ], [ 110.900648194421606, -6.905970338162001, 0.0 ], [ 110.900967957156695, -6.906057566079541, 0.0 ], [ 110.901429869916498, -6.906170578631189, 0.0 ], [ 110.901912399914295, -6.906291260322803, 0.0 ], [ 110.902308297970094, -6.906424041292595, 0.0 ], [ 110.902553773655498, -6.906494189415958, 0.0 ], [ 110.902650772899705, -6.906505829609209, 0.0 ], [ 110.902848155249202, -6.906507459292992, 0.0 ], [ 110.903133561756107, -6.906505768324266, 0.0 ], [ 110.903325918022603, -6.906489267657771, 0.0 ], [ 110.903499398562005, -6.906434750243563, 0.0 ], [ 110.903984119261594, -6.906246479413467, 0.0 ], [ 110.904270787436005, -6.906151918875045, 0.0 ], [ 110.904687688790005, -6.906005063602133, 0.0 ], [ 110.905023744937395, -6.905850754276336, 0.0 ], [ 110.905331873222096, -6.905662371424483, 0.0 ], [ 110.905689209126393, -6.905408694526291, 0.0 ], [ 110.906056504348797, -6.905214914391696, 0.0 ], [ 110.906195285353505, -6.90515681851594, 0.0 ], [ 110.906504716700695, -6.905045512691015, 0.0 ], [ 110.906774453969504, -6.904970748132251, 0.0 ], [ 110.906917722583202, -6.904944523892533, 0.0 ], [ 110.907111669712705, -6.90492176941842, 0.0 ], [ 110.907529979840206, -6.904861022538075, 0.0 ], [ 110.907908113165703, -6.90483255297456, 0.0 ], [ 110.9082169705258, -6.904816516913968, 0.0 ], [ 110.908517382804902, -6.904795910780393, 0.0 ], [ 110.908716863620498, -6.904808323003111, 0.0 ] ] ] } },
{ "type": "Feature", "properties": { "NAME": "BACEM", "AREA": 110.4, "FLOW": 0.164, "START": "BKKa,17[15]", "END": "BBm.1", "TYPE": "SECONDARY", "LENGTH_KM": 0.592 }, "geometry": { "type": "MultiLineString", "coordinates": [ [ [ 110.918200857864804, -6.923346192396632, 0.0 ], [ 110.918270053016897, -6.923011539299396, 0.0 ], [ 110.918445440167005, -6.92235122640912, 0.0 ], [ 110.918527083280395, -6.922099117606215, 0.0 ], [ 110.918615919729504, -6.921941753933522, 0.0 ], [ 110.918861034805602, -6.921619652453883, 0.0 ], [ 110.9189993634552, -6.921403006714553, 0.0 ], [ 110.919203196064601, -6.921026190842087, 0.0 ], [ 110.919452618082204, -6.920587837301622, 0.0 ], [ 110.919694851912396, -6.920137272656087, 0.0 ], [ 110.919928428733101, -6.919695363154862, 0.0 ], [ 110.920173386768695, -6.919201067513689, 0.0 ], [ 110.920401672092297, -6.918761911187646, 0.0 ], [ 110.920515585557695, -6.918556475779274, 0.0 ] ] ] } },
{ "type": "Feature", "properties": { "NAME": "KLAMBU KANAN", "AREA": 10962.7, "FLOW": 18.952, "START": "BKKa.1", "END": "BKKa.2", "TYPE": "PRIMARY", "LENGTH_KM": 1.689 }, "geometry": { "type": "MultiLineString", "coordinates": [ [ [ 110.793762420322906, -7.001576165868738, 0.0 ], [ 110.793732318612697, -7.000950118151001, 0.0 ], [ 110.793662158115495, -6.999902764174972, 0.0 ], [ 110.793638666463806, -6.999514811714747, 0.0 ], [ 110.7938546927153, -6.998670387765155, 0.0 ], [ 110.794147979517405, -6.997662524904293, 0.0 ], [ 110.794226032496397, -6.997165103434332, 0.0 ], [ 110.794182807353593, -6.996758597001244, 0.0 ], [ 110.793965989346006, -6.995935142238174, 0.0 ], [ 110.793650128402206, -6.994704285454432, 0.0 ], [ 110.793505281353106, -6.994122608871994, 0.0 ], [ 110.793437728826504, -6.993599278238896, 0.0 ], [ 110.793341268958798, -6.992608594902736, 0.0 ], [ 110.7932329103634, -6.991972701527683, 0.0 ], [ 110.792940061527801, -6.991261929328322, 0.0 ], [ 110.792543796869495, -6.990353438566657, 0.0 ], [ 110.792173082416099, -6.989804082637696, 0.0 ], [ 110.791777110329207, -6.989474358215999, 0.0 ], [ 110.791110782087699, -6.989165420498021, 0.0 ], [ 110.790032020162997, -6.988721949491057, 0.0 ], [ 110.789427085534797, -6.988485674533348, 0.0 ] ] ] } },
{ "type": "Feature", "properties": { "NAME": "KLAMBU KANAN", "AREA": 5065.2, "FLOW": 7.801, "START": "BKKa.10", "END": "BKKa.11", "TYPE": "PRIMARY", "LENGTH_KM": 0.483 }, "geometry": { "type": "MultiLineString", "coordinates": [ [ [ 110.878893126211594, -6.942178520024373, 0.0 ], [ 110.879270753129802, -6.941576266175014, 0.0 ], [ 110.879850366495802, -6.940737473286394, 0.0 ], [ 110.880234279766199, -6.940157217615455, 0.0 ], [ 110.880758036577603, -6.93938392266552, 0.0 ], [ 110.881023460004599, -6.938989310726842, 0.0 ], [ 110.881208679661896, -6.93875197408738, 0.0 ], [ 110.8813616493848, -6.938578822784796, 0.0 ] ] ] } },
{ "type": "Feature", "properties": { "NAME": "KLAMBU KANAN", "AREA": 4977.9, "FLOW": 7.645, "START": "BKKa.11", "END": "BKKa.12", "TYPE": "PRIMARY", "LENGTH_KM": 1.404 }, "geometry": { "type": "MultiLineString", "coordinates": [ [ [ 110.881367414697905, -6.938576961671989, 0.0 ], [ 110.881536965805196, -6.938438766785766, 0.0 ], [ 110.881892436233699, -6.938260684488102, 0.0 ], [ 110.883398192080605, -6.937478422451925, 0.0 ], [ 110.883784060437804, -6.937277539647867, 0.0 ], [ 110.884184062815393, -6.937063807225201, 0.0 ], [ 110.884679325312405, -6.936799229022308, 0.0 ], [ 110.885096964702797, -6.936587115641658, 0.0 ], [ 110.886083891587802, -6.936081939537402, 0.0 ], [ 110.886964674294106, -6.93560569028068, 0.0 ], [ 110.887994571870294, -6.935108169334868, 0.0 ], [ 110.888635450502505, -6.934831750962048, 0.0 ], [ 110.889395567955404, -6.934600712080746, 0.0 ], [ 110.890857674716599, -6.934128083961641, 0.0 ], [ 110.891395879772702, -6.933916726429884, 0.0 ], [ 110.891684191583707, -6.93369719148802, 0.0 ], [ 110.892632633317504, -6.932879824453475, 0.0 ] ] ] } },
{ "type": "Feature", "properties": { "NAME": "KLAMBU KANAN", "AREA": 4928.7, "FLOW": 7.573, "START": "BKKa.12", "END": "BKKa.13", "TYPE": "PRIMARY", "LENGTH_KM": 0.46 }, "geometry": { "type": "MultiLineString", "coordinates": [ [ [ 110.892632062938304, -6.932875865719309, 0.0 ], [ 110.892972996568801, -6.932558161112178, 0.0 ], [ 110.893309374530503, -6.932261838186591, 0.0 ], [ 110.8935663236485, -6.932041080398232, 0.0 ], [ 110.893894404009203, -6.931748165104147, 0.0 ], [ 110.894431104340399, -6.931256593278976, 0.0 ], [ 110.894796485993098, -6.93090851258227, 0.0 ], [ 110.895109134498995, -6.930642409163311, 0.0 ], [ 110.895248310279101, -6.93053362475588, 0.0 ], [ 110.895352575580304, -6.930493106159883, 0.0 ], [ 110.895881077635806, -6.930413295191675, 0.0 ] ] ] } },
{ "type": "Feature", "properties": { "NAME": "KLAMBU KANAN", "AREA": 4793.7, "FLOW": 7.375, "START": "BKKa.13", "END": "BKKa.14", "TYPE": "PRIMARY", "LENGTH_KM": 0.751 }, "geometry": { "type": "MultiLineString", "coordinates": [ [ [ 110.895883402835395, -6.930416212002172, 0.0 ], [ 110.896298152693404, -6.930350948071465, 0.0 ], [ 110.896892996245299, -6.930257126622313, 0.0 ], [ 110.897897926469994, -6.930113083731702, 0.0 ], [ 110.898700763916295, -6.929999008968398, 0.0 ], [ 110.899279105030899, -6.929895603799275, 0.0 ], [ 110.8994978393048, -6.929830400368353, 0.0 ], [ 110.899777404643203, -6.92969426854421, 0.0 ], [ 110.900254324496103, -6.929340444448465, 0.0 ], [ 110.900885988030197, -6.928887777341092, 0.0 ], [ 110.901471488680997, -6.928475134587992, 0.0 ], [ 110.901914182491495, -6.92816041794504, 0.0 ], [ 110.902060803631898, -6.928044130424778, 0.0 ] ] ] } },
{ "type": "Feature", "properties": { "NAME": "KLAMBU KANAN", "AREA": 4736.9, "FLOW": 7.292, "START": "BKKa.14", "END": "CrKKa.1", "TYPE": "PRIMARY", "LENGTH_KM": 0.325 }, "geometry": { "type": "MultiLineString", "coordinates": [ [ [ 110.902063774203498, -6.92804328720901, 0.0 ], [ 110.902151567088197, -6.92797448549196, 0.0 ], [ 110.902286629318695, -6.927881732244323, 0.0 ], [ 110.902644752370904, -6.927624339155499, 0.0 ], [ 110.903457231411906, -6.927046116886842, 0.0 ], [ 110.904053802385405, -6.926609109090469, 0.0 ], [ 110.9044527226919, -6.926330960568173, 0.0 ] ] ] } },
{ "type": "Feature", "properties": { "NAME": "KLAMBU KANAN", "AREA": 4721.0, "FLOW": 7.269, "START": "BKKa.15", "END": "BKKa.16", "TYPE": "PRIMARY", "LENGTH_KM": 0.891 }, "geometry": { "type": "MultiLineString", "coordinates": [ [ [ 110.906095539334999, -6.926061790766963, 0.0 ], [ 110.906244786925598, -6.926052243443873, 0.0 ], [ 110.906471027218203, -6.926051169722243, 0.0 ], [ 110.906620328038002, -6.926057619715897, 0.0 ], [ 110.907185869880095, -6.926058369850608, 0.0 ], [ 110.907390488069396, -6.926063687529934, 0.0 ], [ 110.907887691468403, -6.926062227733595, 0.0 ], [ 110.908108054620598, -6.926059124641659, 0.0 ], [ 110.908586632128006, -6.926077288879109, 0.0 ], [ 110.908811660030594, -6.926075488053111, 0.0 ], [ 110.908963304006804, -6.926062928643451, 0.0 ], [ 110.909116648744998, -6.926059294388572, 0.0 ], [ 110.909222178066003, -6.926059291262243, 0.0 ], [ 110.909416826917905, -6.926036086876119, 0.0 ], [ 110.909539722777296, -6.925988457504602, 0.0 ], [ 110.909747148281795, -6.925894800296303, 0.0 ], [ 110.909857150176407, -6.925826104462907, 0.0 ], [ 110.910016114002104, -6.925752546994004, 0.0 ], [ 110.910284066992702, -6.925604644341741, 0.0 ], [ 110.910775929998195, -6.925343602371424, 0.0 ], [ 110.911032537576105, -6.925180322360342, 0.0 ], [ 110.911558097684093, -6.924887299328661, 0.0 ], [ 110.911853255501299, -6.924700290877068, 0.0 ], [ 110.912062974761, -6.924584999108988, 0.0 ], [ 110.9123427197746, -6.924418006113185, 0.0 ], [ 110.9125062306194, -6.924326947227683, 0.0 ], [ 110.912723827221896, -6.924203452958081, 0.0 ], [ 110.912838598731895, -6.92415153694537, 0.0 ], [ 110.913015261477298, -6.924095916487262, 0.0 ], [ 110.913216030534798, -6.924045501309224, 0.0 ], [ 110.913436738763593, -6.924005693615908, 0.0 ], [ 110.913644452779906, -6.923970969616288, 0.0 ] ] ] } },
{ "type": "Feature", "properties": { "NAME": "KLAMBU KANAN", "AREA": 4694.0, "FLOW": 7.23, "START": "BKKa.16", "END": "BKKa.17", "TYPE": "PRIMARY", "LENGTH_KM": 0.507 }, "geometry": { "type": "MultiLineString", "coordinates": [ [ [ 110.913643842220196, -6.923971168819916, 0.0 ], [ 110.9141646515547, -6.9238808113482, 0.0 ], [ 110.914702469444805, -6.92378450492215, 0.0 ], [ 110.915571408008006, -6.923645404497592, 0.0 ], [ 110.916594859875502, -6.923454085919607, 0.0 ], [ 110.916974990730196, -6.92337763934554, 0.0 ], [ 110.917311017269896, -6.923313453345515, 0.0 ], [ 110.917594322712503, -6.923295295733646, 0.0 ], [ 110.917923835549601, -6.923349064706972, 0.0 ], [ 110.9181622990899, -6.923410181296691, 0.0 ] ] ] } },
{ "type": "Feature", "properties": { "NAME": "KLAMBU KANAN", "AREA": 4567.0, "FLOW": 7.018, "START": "BKKa.17", "END": "BKKa,18", "TYPE": "PRIMARY", "LENGTH_KM": 0.465 }, "geometry": { "type": "MultiLineString", "coordinates": [ [ [ 110.918155383445196, -6.9234115305091, 0.0 ], [ 110.918287075165395, -6.923444614446019, 0.0 ], [ 110.918786313031802, -6.923554783950131, 0.0 ], [ 110.919323814014902, -6.923660155966892, 0.0 ], [ 110.920445281415098, -6.923973214335364, 0.0 ], [ 110.921288576075497, -6.924166280486355, 0.0 ], [ 110.921621024762999, -6.924285967952528, 0.0 ], [ 110.9217795587018, -6.924379985492547, 0.0 ], [ 110.921920537640901, -6.92449276248897, 0.0 ], [ 110.922097352727306, -6.92468690047441, 0.0 ] ] ] } },
{ "type": "Feature", "properties": { "NAME": "KLAMBU KANAN", "AREA": 4491.6, "FLOW": 5.923, "START": "BKKa.18", "END": "BKKa.19", "TYPE": "PRIMARY", "LENGTH_KM": 1.169 }, "geometry": { "type": "MultiLineString", "coordinates": [ [ [ 110.922094280685101, -6.924684620203999, 0.0 ], [ 110.922298821529907, -6.924945929070442, 0.0 ], [ 110.922506617378701, -6.925150692875409, 0.0 ], [ 110.922726429461406, -6.925407683852475, 0.0 ], [ 110.923059544920093, -6.925773405111456, 0.0 ], [ 110.923326779634806, -6.926084614600521, 0.0 ], [ 110.923625216106601, -6.926345167369837, 0.0 ], [ 110.923887000068802, -6.926524640949975, 0.0 ], [ 110.924070914603703, -6.926637289838521, 0.0 ], [ 110.924343740588895, -6.926758315308995, 0.0 ], [ 110.924672294661804, -6.926888543339914, 0.0 ], [ 110.924797640860405, -6.926914194886562, 0.0 ], [ 110.925110268507794, -6.926950310375109, 0.0 ], [ 110.925256781896195, -6.926968809366123, 0.0 ], [ 110.925644151030596, -6.926931533816524, 0.0 ], [ 110.925968121779107, -6.926909457098023, 0.0 ], [ 110.926977269391401, -6.92668712943181, 0.0 ], [ 110.927708682520304, -6.926549673644807, 0.0 ], [ 110.928594900423803, -6.926375608274263, 0.0 ], [ 110.929330826940102, -6.926233260105023, 0.0 ], [ 110.92995900999, -6.926114668776588, 0.0 ], [ 110.930314079988094, -6.925950549134506, 0.0 ], [ 110.931467411129304, -6.925230942244749, 0.0 ] ] ] } },
{ "type": "Feature", "properties": { "NAME": "KLAMBU KANAN", "AREA": 4471.0, "FLOW": 6.893, "START": "BKKa.19", "END": "BKKa.20", "TYPE": "PRIMARY", "LENGTH_KM": 0.797 }, "geometry": { "type": "MultiLineString", "coordinates": [ [ [ 110.931466017622, -6.925230766558936, 0.0 ], [ 110.932005350826699, -6.924914153604858, 0.0 ], [ 110.932335082718893, -6.924707612008874, 0.0 ], [ 110.932674453264397, -6.924521714367747, 0.0 ], [ 110.933452667751695, -6.924054550954642, 0.0 ], [ 110.933667350326999, -6.923936156712409, 0.0 ], [ 110.934128738819098, -6.923638539322961, 0.0 ], [ 110.934393357062007, -6.923446902536595, 0.0 ], [ 110.934702072550905, -6.923167549834091, 0.0 ], [ 110.935025550430296, -6.922718959681256, 0.0 ], [ 110.935433965202904, -6.922229080049828, 0.0 ], [ 110.935850157707506, -6.92172367781799, 0.0 ], [ 110.936380145460504, -6.92106971496429, 0.0 ], [ 110.936818877258702, -6.920558330987478, 0.0 ] ] ] } },
{ "type": "Feature", "properties": { "NAME": "KLAMBU KANAN", "AREA": 10932.7, "FLOW": 16.908, "START": "BKKa.2", "END": "BKKa.3", "TYPE": "PRIMARY", "LENGTH_KM": 1.187 }, "geometry": { "type": "MultiLineString", "coordinates": [ [ [ 110.7894265571625, -6.988482853294669, 0.0 ], [ 110.788819228325195, -6.988219208612762, 0.0 ], [ 110.788248140158899, -6.987996723675147, 0.0 ], [ 110.787944639238205, -6.987811702544485, 0.0 ], [ 110.787695001809098, -6.987593028611285, 0.0 ], [ 110.787527795601605, -6.987395204993292, 0.0 ], [ 110.787245786753104, -6.986933121888635, 0.0 ], [ 110.786874088847796, -6.986215011137961, 0.0 ], [ 110.786612814987294, -6.98567838802941, 0.0 ], [ 110.786228028027395, -6.98493485808531, 0.0 ], [ 110.785982415900094, -6.98446451076246, 0.0 ], [ 110.785803801874906, -6.984099540078176, 0.0 ], [ 110.785630557316395, -6.983665792715171, 0.0 ], [ 110.785521043093496, -6.983271592342503, 0.0 ], [ 110.785537552785001, -6.98281592683657, 0.0 ], [ 110.785627324928797, -6.982490717998732, 0.0 ], [ 110.785860375124699, -6.981910558674173, 0.0 ], [ 110.786190080429805, -6.981085382724216, 0.0 ], [ 110.786491306680205, -6.980374559611565, 0.0 ], [ 110.7866262470192, -6.980055046873378, 0.0 ], [ 110.786806800641102, -6.979599903364201, 0.0 ] ] ] } },
{ "type": "Feature", "properties": { "NAME": "KLAMBU KANAN", "AREA": 4322.0, "FLOW": 6.975, "START": "BKKa.20", "END": "BKKa.21", "TYPE": "PRIMARY", "LENGTH_KM": 0.66 }, "geometry": { "type": "MultiLineString", "coordinates": [ [ [ 110.936818650898005, -6.920560675520812, 0.0 ], [ 110.936899792617197, -6.920474429778016, 0.0 ], [ 110.937123990515801, -6.920210820664287, 0.0 ], [ 110.937722940056901, -6.919581774922672, 0.0 ], [ 110.938170055259107, -6.919131945124297, 0.0 ], [ 110.938852878349294, -6.918392365337631, 0.0 ], [ 110.939328001170495, -6.917918353794997, 0.0 ], [ 110.9396115886491, -6.917678509571786, 0.0 ], [ 110.939829845354794, -6.917549454949978, 0.0 ], [ 110.940119888422998, -6.917465427654253, 0.0 ], [ 110.940368492622994, -6.91740316449773, 0.0 ], [ 110.941471490377396, -6.917123627599682, 0.0 ] ] ] } },
{ "type": "Feature", "properties": { "NAME": "KLAMBU KANAN", "AREA": 4190.9, "FLOW": 6.47, "START": "BKKa.21", "END": "BKKa.22", "TYPE": "PRIMARY", "LENGTH_KM": 0.341 }, "geometry": { "type": "MultiLineString", "coordinates": [ [ [ 110.941471467899703, -6.91712491768194, 0.0 ], [ 110.9421297992821, -6.916943737991474, 0.0 ], [ 110.942907576136605, -6.91674913926218, 0.0 ], [ 110.9444424317916, -6.916282855650087, 0.0 ] ] ] } },
{ "type": "Feature", "properties": { "NAME": "SURAN", "AREA": 131.7, "FLOW": 0.196, "START": "BKKa.21", "END": "CrSu.1", "TYPE": "SECONDARY", "LENGTH_KM": 0.332 }, "geometry": { "type": "MultiLineString", "coordinates": [ [ [ 110.9414670327088, -6.91705526064303, 0.0 ], [ 110.941416858275304, -6.916282381695854, 0.0 ], [ 110.941389012975307, -6.915805384754609, 0.0 ], [ 110.941327006176905, -6.914930553117586, 0.0 ], [ 110.941278379129201, -6.914497670460858, 0.0 ], [ 110.941263850297204, -6.914061916170581, 0.0 ] ] ] } },
{ "type": "Feature", "properties": { "NAME": "DERMOYO", "AREA": 263.7, "FLOW": 0.421, "START": "BKKa.22", "END": "BDe.1", "TYPE": "SECONDARY", "LENGTH_KM": 0.688 }, "geometry": { "type": "MultiLineString", "coordinates": [ [ [ 110.970032140389506, -6.903415415682336, 0.0 ], [ 110.969881998240197, -6.903390154789019, 0.0 ], [ 110.969760099898707, -6.903385899027313, 0.0 ], [ 110.969551285315404, -6.903471123665477, 0.0 ], [ 110.969333088908002, -6.903598130743044, 0.0 ], [ 110.969091970606101, -6.903771965559822, 0.0 ], [ 110.968677477860496, -6.904057102791364, 0.0 ], [ 110.968422365475703, -6.90397904943073, 0.0 ], [ 110.968159427173703, -6.903919664280937, 0.0 ], [ 110.967809791668202, -6.903852282493346, 0.0 ], [ 110.967274258160302, -6.903754797653113, 0.0 ], [ 110.966467973556206, -6.903627875977116, 0.0 ], [ 110.965811344867703, -6.903484753346589, 0.0 ], [ 110.965663606367201, -6.903450577277062, 0.0 ], [ 110.965376001527403, -6.903292295254229, 0.0 ], [ 110.965016546083902, -6.903133368788865, 0.0 ], [ 110.964814580017205, -6.903014774484286, 0.0 ], [ 110.964509981844103, -6.902899331528491, 0.0 ], [ 110.964353701405699, -6.902875224696596, 0.0 ], [ 110.964199686818901, -6.902874841393061, 0.0 ] ] ] } },
{ "type": "Feature", "properties": { "NAME": "KLAMBU KANAN", "AREA": 4172.7, "FLOW": 6.443, "START": "BKKa.22", "END": "BKKa.23", "TYPE": "PRIMARY", "LENGTH_KM": 0.482 }, "geometry": { "type": "MultiLineString", "coordinates": [ [ [ 110.944441165579605, -6.916282629340599, 0.0 ], [ 110.944614522288404, -6.916266508583362, 0.0 ], [ 110.944944859442799, -6.916151293981696, 0.0 ], [ 110.945380536810802, -6.915871732644137, 0.0 ], [ 110.945726127470806, -6.915610158981478, 0.0 ], [ 110.946480612086305, -6.915064731051456, 0.0 ], [ 110.947269370623204, -6.914511441837526, 0.0 ], [ 110.948069501663497, -6.913927237744448, 0.0 ] ] ] } },
{ "type": "Feature", "properties": { "NAME": "KLAMBU KANAN", "AREA": 4140.5, "FLOW": 6.396, "START": "BKKa.23", "END": "BKKa.24", "TYPE": "PRIMARY", "LENGTH_KM": 0.384 }, "geometry": { "type": "MultiLineString", "coordinates": [ [ [ 110.948068284486396, -6.91392682089237, 0.0 ], [ 110.948397513189207, -6.913717404353032, 0.0 ], [ 110.9487159810555, -6.91348820034557, 0.0 ], [ 110.949010002928304, -6.913296578814714, 0.0 ], [ 110.949698714117801, -6.912810281174786, 0.0 ], [ 110.950695523579199, -6.912088924960646, 0.0 ], [ 110.950907452680795, -6.911948962765528, 0.0 ], [ 110.950923881478303, -6.911946216916452, 0.0 ] ] ] } },
{ "type": "Feature", "properties": { "NAME": "KLAMBU KANAN", "AREA": 4106.2, "FLOW": 6.346, "START": "BKKa.24", "END": "CrKKa.2", "TYPE": "PRIMARY", "LENGTH_KM": 0.441 }, "geometry": { "type": "MultiLineString", "coordinates": [ [ [ 110.950926186127106, -6.911947123005936, 0.0 ], [ 110.951166942851501, -6.911868294272172, 0.0 ], [ 110.951444683330905, -6.911843857163593, 0.0 ], [ 110.951713831549696, -6.911807456924472, 0.0 ], [ 110.952299183736997, -6.911766082144681, 0.0 ], [ 110.954056290196803, -6.911616828978619, 0.0 ], [ 110.954886213225606, -6.91154880417958, 0.0 ] ] ] } },
{ "type": "Feature", "properties": { "NAME": "KLAMBU KANAN", "AREA": 3877.9, "FLOW": 5.969, "START": "BKKa.25", "END": "BKKa.26", "TYPE": "PRIMARY", "LENGTH_KM": 0.633 }, "geometry": { "type": "MultiLineString", "coordinates": [ [ [ 110.956153533568894, -6.911467562988315, 0.0 ], [ 110.956472151533205, -6.911523415885026, 0.0 ], [ 110.9570601777028, -6.911546899474124, 0.0 ], [ 110.957888886938406, -6.911670058421294, 0.0 ], [ 110.958837298741003, -6.911825435952243, 0.0 ], [ 110.959897783533606, -6.911968221323158, 0.0 ], [ 110.960333938667503, -6.911955044528629, 0.0 ], [ 110.960472034784004, -6.911946734225772, 0.0 ], [ 110.961161596587004, -6.911806592766684, 0.0 ], [ 110.9618153126018, -6.911670764339492, 0.0 ] ] ] } },
{ "type": "Feature", "properties": { "NAME": "KASIYAN", "AREA": 223.7, "FLOW": 0.332, "START": "BKKa.25", "END": "BKs.1", "TYPE": "SECONDARY", "LENGTH_KM": 0.534 }, "geometry": { "type": "MultiLineString", "coordinates": [ [ [ 110.956170169214502, -6.911471763530949, 0.0 ], [ 110.956088449247005, -6.911089645006263, 0.0 ], [ 110.955986806396098, -6.910589701548107, 0.0 ], [ 110.955943614777496, -6.910454156397195, 0.0 ], [ 110.955916239312202, -6.910316023439086, 0.0 ], [ 110.955900773380606, -6.909863916416598, 0.0 ], [ 110.9558959524214, -6.909684860339076, 0.0 ], [ 110.955853906938501, -6.909491411959594, 0.0 ], [ 110.955776212499401, -6.909390241874894, 0.0 ], [ 110.955590013090301, -6.909255860894321, 0.0 ], [ 110.955398661294197, -6.909113723099541, 0.0 ], [ 110.955123228392594, -6.908938507587693, 0.0 ], [ 110.954799056586197, -6.908628752315582, 0.0 ], [ 110.954678006025702, -6.908508469393546, 0.0 ], [ 110.954599957270702, -6.908429943500003, 0.0 ], [ 110.954553320777606, -6.908348835246215, 0.0 ], [ 110.954543023354901, -6.90827674264313, 0.0 ], [ 110.954549986367894, -6.908169212220558, 0.0 ], [ 110.954564127902302, -6.908082383839703, 0.0 ], [ 110.954580793736497, -6.907943244366786, 0.0 ], [ 110.954667378301494, -6.907289931109033, 0.0 ] ] ] } },
{ "type": "Feature", "properties": { "NAME": "KLAMBU KANAN", "AREA": 3866.9, "FLOW": 5.973, "START": "BKKa.26", "END": "CrKKa.3", "TYPE": "PRIMARY", "LENGTH_KM": 0.629 }, "geometry": { "type": "MultiLineString", "coordinates": [ [ [ 110.961817354066795, -6.911668670031683, 0.0 ], [ 110.962370476605102, -6.911585221002183, 0.0 ], [ 110.962554353076499, -6.911541129490661, 0.0 ], [ 110.963171256230098, -6.911411496200315, 0.0 ], [ 110.963372057923294, -6.911384410524961, 0.0 ], [ 110.963698970154695, -6.911319529175083, 0.0 ], [ 110.964235261345706, -6.911147392071078, 0.0 ], [ 110.964412911936094, -6.911021626632396, 0.0 ], [ 110.964722563398894, -6.910774150214309, 0.0 ], [ 110.964949895265505, -6.910489894621132, 0.0 ], [ 110.965150024613493, -6.910220111470266, 0.0 ], [ 110.965468374388294, -6.909848021682461, 0.0 ], [ 110.965877497551404, -6.909348281294598, 0.0 ], [ 110.966359118148105, -6.908760962089199, 0.0 ] ] ] } },
{ "type": "Feature", "properties": { "NAME": "KLAMBU KANAN", "AREA": 3544.2, "FLOW": 5.473, "START": "BKKa.27", "END": "BKKa.28", "TYPE": "PRIMARY", "LENGTH_KM": 0.525 }, "geometry": { "type": "MultiLineString", "coordinates": [ [ [ 110.970090956257707, -6.90342067806652, 0.0 ], [ 110.970386179874595, -6.902621589181167, 0.0 ], [ 110.970844105182195, -6.901313575778208, 0.0 ], [ 110.971337647118403, -6.899929507638198, 0.0 ], [ 110.971673909764405, -6.898947261581987, 0.0 ] ] ] } },
{ "type": "Feature", "properties": { "NAME": "KLAMBU KANAN", "AREA": 3526.0, "FLOW": 5.466, "START": "BKKa.28", "END": "BKKa.29", "TYPE": "PRIMARY", "LENGTH_KM": 0.583 }, "geometry": { "type": "MultiLineString", "coordinates": [ [ [ 110.971675188881306, -6.898949732278295, 0.0 ], [ 110.971809880873593, -6.898637012431503, 0.0 ], [ 110.972126159111497, -6.897725902658122, 0.0 ], [ 110.972595103062801, -6.896434601600568, 0.0 ], [ 110.972928829824099, -6.895497488135121, 0.0 ], [ 110.973463825578605, -6.893989181482518, 0.0 ] ] ] } },
{ "type": "Feature", "properties": { "NAME": "KLAMBU KANAN", "AREA": 3479.2, "FLOW": 5.378, "START": "BKKa.29", "END": "BKKa.30", "TYPE": "PRIMARY", "LENGTH_KM": 0.096 }, "geometry": { "type": "MultiLineString", "coordinates": [ [ [ 110.973465735272001, -6.893988532674612, 0.0 ], [ 110.973640684375695, -6.893535011632618, 0.0 ], [ 110.973768478739601, -6.89317440316142, 0.0 ] ] ] } },
{ "type": "Feature", "properties": { "NAME": "KLAMBU KANAN", "AREA": 10903.7, "FLOW": 16.865, "START": "BKKa.3", "END": "BKKa.4", "TYPE": "PRIMARY", "LENGTH_KM": 2.614 }, "geometry": { "type": "MultiLineString", "coordinates": [ [ [ 110.786807515752798, -6.979601473186549, 0.0 ], [ 110.787167743236196, -6.978706400377341, 0.0 ], [ 110.787451714151999, -6.978030101022652, 0.0 ], [ 110.787543876143403, -6.97785333513377, 0.0 ], [ 110.787739877586802, -6.977579163936385, 0.0 ], [ 110.788201376224094, -6.977052638732723, 0.0 ], [ 110.788780255921907, -6.976399735867046, 0.0 ], [ 110.789078735426699, -6.975885804321501, 0.0 ], [ 110.789307928722394, -6.975500546815341, 0.0 ], [ 110.789739743491694, -6.974998452633262, 0.0 ], [ 110.7903828828792, -6.974244054595208, 0.0 ], [ 110.790733672139694, -6.973821203535697, 0.0 ], [ 110.791372452756207, -6.973087331071064, 0.0 ], [ 110.791692096808106, -6.972744453673106, 0.0 ], [ 110.791883033509393, -6.972477471049634, 0.0 ], [ 110.792015917088904, -6.972110881385422, 0.0 ], [ 110.792212183609195, -6.971522744991371, 0.0 ], [ 110.792345072430095, -6.97112475947001, 0.0 ], [ 110.792533414956694, -6.970844032661286, 0.0 ], [ 110.792837450614897, -6.97060850711748, 0.0 ], [ 110.793332899442007, -6.97043522490655, 0.0 ], [ 110.794063136572603, -6.970230077577947, 0.0 ], [ 110.794579413100905, -6.970103707927353, 0.0 ], [ 110.795241862143499, -6.969929195260909, 0.0 ], [ 110.795572103689594, -6.969870972385438, 0.0 ], [ 110.796171787527697, -6.969935750510071, 0.0 ], [ 110.796752921798799, -6.970041446555536, 0.0 ], [ 110.797476476058506, -6.970170489599639, 0.0 ], [ 110.797761434858003, -6.970205805748809, 0.0 ], [ 110.798200276925002, -6.970122122964033, 0.0 ], [ 110.798502577986994, -6.970067460833508, 0.0 ], [ 110.798831854522902, -6.970010861728102, 0.0 ], [ 110.799351425402193, -6.969856376874792, 0.0 ], [ 110.799884170249797, -6.96969810191281, 0.0 ], [ 110.800151606816399, -6.969435159313625, 0.0 ], [ 110.800409898592605, -6.969277740679636, 0.0 ], [ 110.800857997223105, -6.969230824651141, 0.0 ], [ 110.801330038400394, -6.969259876002083, 0.0 ], [ 110.801606145930904, -6.969217220391154, 0.0 ], [ 110.801833818292394, -6.969087674779835, 0.0 ], [ 110.801996529103207, -6.96896937924247, 0.0 ], [ 110.802282212240797, -6.968799995813338, 0.0 ], [ 110.802523241391398, -6.968746160583741, 0.0 ], [ 110.802887691639896, -6.968815259595758, 0.0 ], [ 110.803046076865897, -6.968878605617644, 0.0 ], [ 110.803494638308607, -6.969074884059192, 0.0 ], [ 110.803957130045902, -6.969338310515179, 0.0 ], [ 110.804201896272005, -6.969496086142445, 0.0 ], [ 110.804819483649098, -6.969730137655769, 0.0 ] ] ] } },
{ "type": "Feature", "properties": { "NAME": "KLAMBU KANAN", "AREA": 3237.2, "FLOW": 5.0, "START": "BKKa.30", "END": "BKKa.31", "TYPE": "PRIMARY", "LENGTH_KM": 0.259 }, "geometry": { "type": "MultiLineString", "coordinates": [ [ [ 110.973769380043294, -6.893169324010435, 0.0 ], [ 110.973859763632504, -6.89307771402096, 0.0 ], [ 110.974043513446105, -6.892981313078793, 0.0 ], [ 110.974643881005306, -6.892697426433012, 0.0 ], [ 110.975867496416896, -6.892135087185889, 0.0 ] ] ] } },
{ "type": "Feature", "properties": { "NAME": "POPOH", "AREA": 231.2, "FLOW": 0.343, "START": "BKKa.30", "END": "BPo.1", "TYPE": "SECONDARY", "LENGTH_KM": 0.702 }, "geometry": { "type": "MultiLineString", "coordinates": [ [ [ 110.973738516872601, -6.89315001356814, 0.0 ], [ 110.973666559659904, -6.893114184529363, 0.0 ], [ 110.973510070029405, -6.893033720798201, 0.0 ], [ 110.973291717522997, -6.892969298276895, 0.0 ], [ 110.972766818563997, -6.892855988099647, 0.0 ], [ 110.972329814922801, -6.892768931452027, 0.0 ], [ 110.972125935674995, -6.892727210597736, 0.0 ], [ 110.971801860202902, -6.892662024061575, 0.0 ], [ 110.971682332274796, -6.892635041605392, 0.0 ], [ 110.971614334708406, -6.892608881844637, 0.0 ], [ 110.971562598007694, -6.892533784464638, 0.0 ], [ 110.971550963944395, -6.892488038045339, 0.0 ], [ 110.971607839970503, -6.892000388275078, 0.0 ], [ 110.971636166042799, -6.89177345418552, 0.0 ], [ 110.971669804466302, -6.891583567213475, 0.0 ], [ 110.971685051597802, -6.891450411969435, 0.0 ], [ 110.971668910170905, -6.891419342023093, 0.0 ], [ 110.971637293710899, -6.891378171890307, 0.0 ], [ 110.971521041876798, -6.891347548888818, 0.0 ], [ 110.971405749438105, -6.891329325262474, 0.0 ], [ 110.971192890735907, -6.891282297446869, 0.0 ], [ 110.971029637535196, -6.891258156781527, 0.0 ], [ 110.970967116431595, -6.891249532433293, 0.0 ], [ 110.970699591613297, -6.891259684300718, 0.0 ], [ 110.970590979432501, -6.891264651551077, 0.0 ], [ 110.970380405798906, -6.891250293696916, 0.0 ], [ 110.970157939046402, -6.891222535237917, 0.0 ], [ 110.970006961370103, -6.89120170972927, 0.0 ], [ 110.969843788850795, -6.891200580579567, 0.0 ], [ 110.969568698140094, -6.891205218737443, 0.0 ], [ 110.9692298747064, -6.891207474021982, 0.0 ], [ 110.969108839688801, -6.891201940325064, 0.0 ], [ 110.969026633120293, -6.891207530601853, 0.0 ], [ 110.968886749390194, -6.89127116143176, 0.0 ], [ 110.968795163019195, -6.891312644216462, 0.0 ] ] ] } },
{ "type": "Feature", "properties": { "NAME": "KLAMBU KANAN", "AREA": 3222.2, "FLOW": 4.978, "START": "BKKa.31", "END": "BKKa.32", "TYPE": "PRIMARY", "LENGTH_KM": 0.908 }, "geometry": { "type": "MultiLineString", "coordinates": [ [ [ 110.975871464817004, -6.892132135277468, 0.0 ], [ 110.976081304804794, -6.89204485666711, 0.0 ], [ 110.976288312457797, -6.891944650014657, 0.0 ], [ 110.976848003337395, -6.891688733027101, 0.0 ], [ 110.977562154636203, -6.891359507762306, 0.0 ], [ 110.977800031227005, -6.891240673225562, 0.0 ], [ 110.977931924524597, -6.891116905308832, 0.0 ], [ 110.978313647751307, -6.890721041414944, 0.0 ], [ 110.979059402670401, -6.889927567947612, 0.0 ], [ 110.979703391792697, -6.889278334132728, 0.0 ], [ 110.980394323297404, -6.888566581288995, 0.0 ], [ 110.981043325211104, -6.887885312110902, 0.0 ], [ 110.981206992291902, -6.887725956795508, 0.0 ], [ 110.981331272624899, -6.887576366411026, 0.0 ], [ 110.981472268521202, -6.887341476778396, 0.0 ], [ 110.981799510418199, -6.886699646899281, 0.0 ] ] ] } },
{ "type": "Feature", "properties": { "NAME": "KLAMBU KANAN", "AREA": 2631.3, "FLOW": 4.06, "START": "BKKa.32", "END": "BKKa.33", "TYPE": "PRIMARY", "LENGTH_KM": 0.526 }, "geometry": { "type": "MultiLineString", "coordinates": [ [ [ 110.981800435439894, -6.886698929738232, 0.0 ], [ 110.982004346283205, -6.886586128588085, 0.0 ], [ 110.982379012720401, -6.886358212674596, 0.0 ], [ 110.983059138138401, -6.885950461741927, 0.0 ], [ 110.983518917269095, -6.88568204914758, 0.0 ], [ 110.984559819378205, -6.885088219099242, 0.0 ], [ 110.985414406062304, -6.88460785001292, 0.0 ], [ 110.985914897468007, -6.884311799593625, 0.0 ] ] ] } },
{ "type": "Feature", "properties": { "NAME": "PASURUHAN", "AREA": 231.32, "FLOW": 0.795, "START": "BKKa.32", "END": "BPa.1", "TYPE": "SECONDARY", "LENGTH_KM": 0.415 }, "geometry": { "type": "MultiLineString", "coordinates": [ [ [ 110.981771562845196, -6.886670253540961, 0.0 ], [ 110.981668072161995, -6.886610546095739, 0.0 ], [ 110.981266897233894, -6.886457263185433, 0.0 ], [ 110.980815560929202, -6.886295933765961, 0.0 ], [ 110.980721817533095, -6.886244106081445, 0.0 ], [ 110.980600595086898, -6.88624262673693, 0.0 ], [ 110.980228827450802, -6.88626262824181, 0.0 ], [ 110.980058399011099, -6.886273535332212, 0.0 ], [ 110.979732963054602, -6.886256580941106, 0.0 ], [ 110.979394826337497, -6.886213195029543, 0.0 ], [ 110.979068119528193, -6.886189404128118, 0.0 ], [ 110.978924067667805, -6.886181012955332, 0.0 ], [ 110.978766665659705, -6.886185721128709, 0.0 ], [ 110.978495184648096, -6.88612225622815, 0.0 ], [ 110.978122538498496, -6.886062505999037, 0.0 ] ] ] } },
{ "type": "Feature", "properties": { "NAME": "KLAMBU KANAN", "AREA": 2617.0, "FLOW": 4.039, "START": "BKKa.33", "END": "BKKa.34", "TYPE": "PRIMARY", "LENGTH_KM": 0.795 }, "geometry": { "type": "MultiLineString", "coordinates": [ [ [ 110.985915186594497, -6.884309214747483, 0.0 ], [ 110.986175726513295, -6.884158610827908, 0.0 ], [ 110.986992608077202, -6.883703615552138, 0.0 ], [ 110.987435430581499, -6.883437916442688, 0.0 ], [ 110.988247881411198, -6.882958424293776, 0.0 ], [ 110.988850794439799, -6.882618669776961, 0.0 ], [ 110.989611655404602, -6.882187878100805, 0.0 ], [ 110.990610178626397, -6.881606105252034, 0.0 ], [ 110.991391496830602, -6.881150972755899, 0.0 ], [ 110.991976252705598, -6.880814981748069, 0.0 ], [ 110.992129100276998, -6.880690970739259, 0.0 ] ] ] } },
{ "type": "Feature", "properties": { "NAME": "KLAMBU KANAN", "AREA": 2543.0, "FLOW": 3.931, "START": "BKKa.34", "END": "BKKa.35", "TYPE": "PRIMARY", "LENGTH_KM": 0.712 }, "geometry": { "type": "MultiLineString", "coordinates": [ [ [ 110.992128584765794, -6.880690461462243, 0.0 ], [ 110.992211402284397, -6.88062848414754, 0.0 ], [ 110.992341307117201, -6.880444921643639, 0.0 ], [ 110.992511023642393, -6.880096715172026, 0.0 ], [ 110.992781895533597, -6.879514245666097, 0.0 ], [ 110.993126104218604, -6.878773540918033, 0.0 ], [ 110.993707901238395, -6.877513947794657, 0.0 ], [ 110.993955536282499, -6.876953387217351, 0.0 ], [ 110.994320480107305, -6.876162422621301, 0.0 ], [ 110.994429064497695, -6.875921009169268, 0.0 ], [ 110.994487874067303, -6.875732617239709, 0.0 ], [ 110.994509687556899, -6.875496230632958, 0.0 ], [ 110.9945088395515, -6.874803213141331, 0.0 ] ] ] } },
{ "type": "Feature", "properties": { "NAME": "KLAMBU KANAN", "AREA": 2243.5, "FLOW": 3.486, "START": "BKKa.35", "END": "BKKa.36", "TYPE": "PRIMARY", "LENGTH_KM": 0.355 }, "geometry": { "type": "MultiLineString", "coordinates": [ [ [ 110.994509773211703, -6.874803891862181, 0.0 ], [ 110.994511739226795, -6.874580792206964, 0.0 ], [ 110.994518611778602, -6.87438159244342, 0.0 ], [ 110.994572171080193, -6.874245605836912, 0.0 ], [ 110.9947540965332, -6.873900736825112, 0.0 ], [ 110.994858817336095, -6.873683389146975, 0.0 ], [ 110.995035304425997, -6.873329807488232, 0.0 ], [ 110.995305856848205, -6.872827233344715, 0.0 ], [ 110.9955844504412, -6.872422213473884, 0.0 ], [ 110.995888100531104, -6.87196304083638, 0.0 ] ] ] } },
{ "type": "Feature", "properties": { "NAME": "TALUN", "AREA": 299.5, "FLOW": 0.443, "START": "BKKa.35", "END": "BTa.1", "TYPE": "SECONDARY", "LENGTH_KM": 0.258 }, "geometry": { "type": "MultiLineString", "coordinates": [ [ [ 110.994492044965398, -6.874798502406311, 0.0 ], [ 110.994291169129298, -6.874742833206547, 0.0 ], [ 110.993779306596593, -6.874676495292625, 0.0 ], [ 110.993559295795805, -6.874631268729532, 0.0 ], [ 110.993250220748905, -6.874570178460276, 0.0 ], [ 110.993180687130604, -6.874565727973097, 0.0 ], [ 110.993099322282603, -6.874535646197007, 0.0 ], [ 110.993038568293798, -6.87440005060197, 0.0 ], [ 110.992981275509393, -6.87424253143714, 0.0 ], [ 110.992962734080393, -6.874209310791184, 0.0 ], [ 110.992879934612802, -6.874179260916963, 0.0 ], [ 110.992672049974203, -6.874153911465331, 0.0 ], [ 110.992412659284994, -6.874106816080285, 0.0 ] ] ] } },
{ "type": "Feature", "properties": { "NAME": "KLAMBU KANAN", "AREA": 2204.5, "FLOW": 3.429, "START": "BKKa.36", "END": "BKKa.37", "TYPE": "PRIMARY", "LENGTH_KM": 0.509 }, "geometry": { "type": "MultiLineString", "coordinates": [ [ [ 110.9958894996319, -6.871960386073127, 0.0 ], [ 110.995987214718596, -6.871812401362087, 0.0 ], [ 110.996043902154895, -6.871618674293524, 0.0 ], [ 110.996294178996294, -6.870571462171712, 0.0 ], [ 110.996494936080396, -6.86975534679707, 0.0 ], [ 110.996679361591802, -6.868976778250478, 0.0 ], [ 110.996822729943403, -6.868376721372223, 0.0 ], [ 110.9969116094573, -6.868015661418618, 0.0 ], [ 110.996994988351602, -6.867698203171515, 0.0 ], [ 110.997030278930296, -6.867550173016429, 0.0 ], [ 110.997052090301196, -6.867525819881552, 0.0 ] ] ] } },
{ "type": "Feature", "properties": { "NAME": "KLAMBU KANAN", "AREA": 1780.4, "FLOW": 2.764, "START": "BKKa.37", "END": "BKKa.38", "TYPE": "PRIMARY", "LENGTH_KM": 0.577 }, "geometry": { "type": "MultiLineString", "coordinates": [ [ [ 110.997052118266197, -6.867523578273475, 0.0 ], [ 110.997166574065304, -6.867421127302195, 0.0 ], [ 110.9974549454586, -6.867187337540611, 0.0 ], [ 110.998007844864603, -6.866757196658587, 0.0 ], [ 110.998199758035398, -6.866604811367242, 0.0 ], [ 110.998359765882498, -6.866421974258803, 0.0 ], [ 110.998424570082193, -6.866333055284452, 0.0 ], [ 110.998524949057895, -6.866182533937704, 0.0 ], [ 110.998601612540696, -6.86603013010908, 0.0 ], [ 110.998701211120604, -6.865750380797026, 0.0 ], [ 110.9988606645028, -6.865277620556908, 0.0 ], [ 110.999035028433099, -6.864729067411449, 0.0 ], [ 110.9992450751772, -6.864146610936207, 0.0 ], [ 110.999459027798196, -6.863504240321916, 0.0 ], [ 110.999587598972695, -6.863151623389711, 0.0 ] ] ] } },
{ "type": "Feature", "properties": { "NAME": "ROGOMULYO", "AREA": 422.0, "FLOW": 0.627, "START": "BKKa.37", "END": "BRo.1", "TYPE": "SECONDARY", "LENGTH_KM": 0.886 }, "geometry": { "type": "MultiLineString", "coordinates": [ [ [ 110.997020375660298, -6.867518752918181, 0.0 ], [ 110.996862968125797, -6.867352239818005, 0.0 ], [ 110.996302390970698, -6.8667849996663, 0.0 ], [ 110.995865555593895, -6.866359311085947, 0.0 ], [ 110.995693435076603, -6.866172286189504, 0.0 ], [ 110.995500049693604, -6.865952176236763, 0.0 ], [ 110.995329728883803, -6.865763955383717, 0.0 ], [ 110.995186227137594, -6.865633626331128, 0.0 ], [ 110.995048803146801, -6.865524450396567, 0.0 ], [ 110.994893404937798, -6.865390795641151, 0.0 ], [ 110.994773087660604, -6.865315965360519, 0.0 ], [ 110.994372912565296, -6.86512823519621, 0.0 ], [ 110.993820158709994, -6.864849557332118, 0.0 ], [ 110.993519343656004, -6.864680984540484, 0.0 ], [ 110.993218950987497, -6.864534936209196, 0.0 ], [ 110.992934994908296, -6.864381110383801, 0.0 ], [ 110.992862829590507, -6.86432593572397, 0.0 ], [ 110.9928367635152, -6.864279157462378, 0.0 ], [ 110.992802049710704, -6.864180144067995, 0.0 ], [ 110.992763531221698, -6.863933621336875, 0.0 ], [ 110.992762598128905, -6.863731636179859, 0.0 ], [ 110.9927430042179, -6.863508624286214, 0.0 ], [ 110.992724388270403, -6.863381646684585, 0.0 ], [ 110.992707484811604, -6.863298966408253, 0.0 ], [ 110.992674886550006, -6.86321012119311, 0.0 ], [ 110.992582227086501, -6.863168156252989, 0.0 ], [ 110.992416515247001, -6.863135841685482, 0.0 ], [ 110.992301439778203, -6.863118751893999, 0.0 ], [ 110.991921085635497, -6.863075502399821, 0.0 ], [ 110.991498717507199, -6.863022143053293, 0.0 ], [ 110.991132101572106, -6.862967268289555, 0.0 ] ] ] } },
{ "type": "Feature", "properties": { "NAME": "KLAMBU KANAN", "AREA": 1755.9, "FLOW": 2.726, "START": "BKKa.38", "END": "BKKa.39", "TYPE": "PRIMARY", "LENGTH_KM": 0.039 }, "geometry": { "type": "MultiLineString", "coordinates": [ [ [ 110.999588159551195, -6.863153384337828, 0.0 ], [ 110.999677951067895, -6.862887413020801, 0.0 ], [ 110.999702128482298, -6.862818870047631, 0.0 ] ] ] } },
{ "type": "Feature", "properties": { "NAME": "KLAMBU KANAN", "AREA": 1669.9, "FLOW": 2.603, "START": "BKKa.39", "END": "BKKa.40", "TYPE": "PRIMARY", "LENGTH_KM": 0.759 }, "geometry": { "type": "MultiLineString", "coordinates": [ [ [ 110.999702832532904, -6.862819971006007, 0.0 ], [ 110.999834828107197, -6.862422134586453, 0.0 ], [ 111.000039666089506, -6.861828702646747, 0.0 ], [ 111.000177172681603, -6.861438345559188, 0.0 ], [ 111.000365987842002, -6.860926534216699, 0.0 ], [ 111.0004366964544, -6.860716695141583, 0.0 ], [ 111.000567407875295, -6.860320279688035, 0.0 ], [ 111.000688616017499, -6.859966842017728, 0.0 ], [ 111.000850684509501, -6.859488604331934, 0.0 ], [ 111.001011890704802, -6.859018686764965, 0.0 ], [ 111.001139795764701, -6.858650880033807, 0.0 ], [ 111.001319029240193, -6.858120757731391, 0.0 ], [ 111.001539771727295, -6.857460223522225, 0.0 ], [ 111.001690961546899, -6.857039619396728, 0.0 ], [ 111.001837204349101, -6.856605637259737, 0.0 ], [ 111.0019300585883, -6.856329493687556, 0.0 ] ] ] } },
{ "type": "Feature", "properties": { "NAME": "KLAMBU KANAN", "AREA": 10864.4, "FLOW": 16.808, "START": "BKKa.4", "END": "BKKa.5", "TYPE": "PRIMARY", "LENGTH_KM": 3.101 }, "geometry": { "type": "MultiLineString", "coordinates": [ [ [ 110.804822739254703, -6.969731856629923, 0.0 ], [ 110.805209241617604, -6.969882210888757, 0.0 ], [ 110.805397806226495, -6.96991222565261, 0.0 ], [ 110.805753639234396, -6.969892995185533, 0.0 ], [ 110.806094420639596, -6.969835070962007, 0.0 ], [ 110.8063878691773, -6.969701625585771, 0.0 ], [ 110.806824353456804, -6.969367650454121, 0.0 ], [ 110.807161545209894, -6.968890128724712, 0.0 ], [ 110.807740134509501, -6.968060001528492, 0.0 ], [ 110.807887684485706, -6.96780293821834, 0.0 ], [ 110.808035035176104, -6.967659020667331, 0.0 ], [ 110.808243387543399, -6.967522462899208, 0.0 ], [ 110.808628999397499, -6.96730614215992, 0.0 ], [ 110.809049868064903, -6.967183196013214, 0.0 ], [ 110.8092468128565, -6.967112749092983, 0.0 ], [ 110.809994818820996, -6.966835249506992, 0.0 ], [ 110.810968544197806, -6.966507203557232, 0.0 ], [ 110.811853085200894, -6.966201785226607, 0.0 ], [ 110.812836349544597, -6.965896724053876, 0.0 ], [ 110.813494376190903, -6.965668517363047, 0.0 ], [ 110.813935402945802, -6.965528834261761, 0.0 ], [ 110.814426068111104, -6.965365476532111, 0.0 ], [ 110.815124631716401, -6.965159476648226, 0.0 ], [ 110.816049309619203, -6.964874488739899, 0.0 ], [ 110.816796190443497, -6.964651238513547, 0.0 ], [ 110.817124577346902, -6.964555396853759, 0.0 ], [ 110.817928980189606, -6.964334555775133, 0.0 ], [ 110.818263134004297, -6.964222179160215, 0.0 ], [ 110.8191887374918, -6.963925068674398, 0.0 ], [ 110.819516405387702, -6.963785342540313, 0.0 ], [ 110.819858665425997, -6.963530919657336, 0.0 ], [ 110.820336056595494, -6.963079747443809, 0.0 ], [ 110.820932806893694, -6.962480900452006, 0.0 ], [ 110.8210270301782, -6.962389095434106, 0.0 ], [ 110.821745498335204, -6.961659112482276, 0.0 ], [ 110.822383456807401, -6.961103372430496, 0.0 ], [ 110.822777315803407, -6.960803100606049, 0.0 ], [ 110.823488969965496, -6.960244172144666, 0.0 ], [ 110.823988807754304, -6.959885160958062, 0.0 ], [ 110.824468722980995, -6.959532826070494, 0.0 ], [ 110.824942122976907, -6.95924104092881, 0.0 ], [ 110.825157153927293, -6.959165376975346, 0.0 ], [ 110.825346026613602, -6.959111236685101, 0.0 ], [ 110.825996356365195, -6.958977486160461, 0.0 ], [ 110.826660134092293, -6.958840161027677, 0.0 ], [ 110.826979800795002, -6.958821353726194, 0.0 ], [ 110.827373379250901, -6.958849212146561, 0.0 ], [ 110.827930462034004, -6.959043491646663, 0.0 ], [ 110.829323652783401, -6.959517274483843, 0.0 ] ] ] } },
{ "type": "Feature", "properties": { "NAME": "KLAMBU KANAN", "AREA": 1653.1, "FLOW": 2.578, "START": "BKKa.40", "END": "BKKa.41", "TYPE": "PRIMARY", "LENGTH_KM": 0.787 }, "geometry": { "type": "MultiLineString", "coordinates": [ [ [ 111.0019304459545, -6.856328891639135, 0.0 ], [ 111.002035400453394, -6.856080298744614, 0.0 ], [ 111.002231789282106, -6.855628906168859, 0.0 ], [ 111.002447783222195, -6.85517896714614, 0.0 ], [ 111.002693513051199, -6.854662040862709, 0.0 ], [ 111.0029591541239, -6.854097653899817, 0.0 ], [ 111.003138635510794, -6.853741988716845, 0.0 ], [ 111.003544090675902, -6.852919867516446, 0.0 ], [ 111.003642613686296, -6.852718481927111, 0.0 ], [ 111.003839861781699, -6.85230523851391, 0.0 ], [ 111.004158085601802, -6.851660619441238, 0.0 ], [ 111.004365898809894, -6.851243737448991, 0.0 ], [ 111.004701566617001, -6.850528016428249, 0.0 ], [ 111.004992470624799, -6.849909535930205, 0.0 ] ] ] } },
{ "type": "Feature", "properties": { "NAME": "KLAMBU KANAN", "AREA": 1628.1, "FLOW": 2.578, "START": "BKKa.41", "END": "BKKa.42", "TYPE": "PRIMARY", "LENGTH_KM": 0.202 }, "geometry": { "type": "MultiLineString", "coordinates": [ [ [ 111.004993639078904, -6.849906606756738, 0.0 ], [ 111.005235099280995, -6.849410957798188, 0.0 ], [ 111.005466219294803, -6.84893568324261, 0.0 ], [ 111.005649123657705, -6.848562323212535, 0.0 ], [ 111.005804105802497, -6.84830252401099, 0.0 ], [ 111.005823120941997, -6.84828314807294, 0.0 ] ] ] } },
{ "type": "Feature", "properties": { "NAME": "KLAMBU KANAN", "AREA": 1607.1, "FLOW": 2.511, "START": "BKKa.42", "END": "BKKa.43", "TYPE": "PRIMARY", "LENGTH_KM": 0.238 }, "geometry": { "type": "MultiLineString", "coordinates": [ [ [ 111.005823598751903, -6.848283001030887, 0.0 ], [ 111.005920162316201, -6.848181397151271, 0.0 ], [ 111.006144332601295, -6.847959598945682, 0.0 ], [ 111.006328158581198, -6.847830840995841, 0.0 ], [ 111.006644365659398, -6.847617712057243, 0.0 ], [ 111.006874803724102, -6.847471738298704, 0.0 ], [ 111.006985897095404, -6.847365649206521, 0.0 ], [ 111.007107617319406, -6.847204423342352, 0.0 ], [ 111.007147139093107, -6.847108778617066, 0.0 ], [ 111.007235288512604, -6.846760997018641, 0.0 ] ] ] } },
{ "type": "Feature", "properties": { "NAME": "KLAMBU KANAN", "AREA": 1203.5, "FLOW": 1.88, "START": "BKKa.43", "END": "BKKa.44", "TYPE": "PRIMARY", "LENGTH_KM": 0.209 }, "geometry": { "type": "MultiLineString", "coordinates": [ [ [ 111.007234641616506, -6.846757828996537, 0.0 ], [ 111.007285603009905, -6.846569739608961, 0.0 ], [ 111.007378302107895, -6.846134113729693, 0.0 ], [ 111.007439863771907, -6.845902720587687, 0.0 ], [ 111.007464025570698, -6.845839508048326, 0.0 ], [ 111.007491228113096, -6.845822735878073, 0.0 ], [ 111.007525631957407, -6.845806807376596, 0.0 ], [ 111.007629387304306, -6.845806759982316, 0.0 ], [ 111.007783621792399, -6.845813538635759, 0.0 ], [ 111.007936970679793, -6.84582027382446, 0.0 ], [ 111.008065749443503, -6.845824727098612, 0.0 ], [ 111.008183166946296, -6.845832523026727, 0.0 ], [ 111.008392194510094, -6.845868113264819, 0.0 ] ] ] } },
{ "type": "Feature", "properties": { "NAME": "WUWUR", "AREA": 403.6, "FLOW": 0.6, "START": "BKKa.43", "END": "BWu.1", "TYPE": "SECONDARY", "LENGTH_KM": 0.477 }, "geometry": { "type": "MultiLineString", "coordinates": [ [ [ 111.007201123810304, -6.846726520693092, 0.0 ], [ 111.006760570679106, -6.846621934234437, 0.0 ], [ 111.006285250807693, -6.846525628171957, 0.0 ], [ 111.006125804281098, -6.846476574833092, 0.0 ], [ 111.005985468915796, -6.846392581319451, 0.0 ], [ 111.005673683326904, -6.846079393458886, 0.0 ], [ 111.005427305401597, -6.845763053582245, 0.0 ], [ 111.005336898562007, -6.845603924102437, 0.0 ], [ 111.005233246980893, -6.845527157209021, 0.0 ], [ 111.005114808654596, -6.845516703507902, 0.0 ], [ 111.004738340315299, -6.84546360842443, 0.0 ], [ 111.003928359020804, -6.845389202757461, 0.0 ], [ 111.003442852138406, -6.845320673617994, 0.0 ], [ 111.003351160737694, -6.845316019176192, 0.0 ] ] ] } },
{ "type": "Feature", "properties": { "NAME": "KLAMBU KANAN", "AREA": 1191.5, "FLOW": 1.862, "START": "BKKa.44", "END": "CrKKa.5", "TYPE": "PRIMARY", "LENGTH_KM": 0.462 }, "geometry": { "type": "MultiLineString", "coordinates": [ [ [ 111.008389354709806, -6.845867478836153, 0.0 ], [ 111.008595547665905, -6.845927160952156, 0.0 ], [ 111.008850229282501, -6.845994801653929, 0.0 ], [ 111.009094507104507, -6.846066466958346, 0.0 ], [ 111.009312898901399, -6.846129282765973, 0.0 ], [ 111.009489490825203, -6.846181951008186, 0.0 ], [ 111.009559026582806, -6.84619535422606, 0.0 ], [ 111.009630758911598, -6.846200868404908, 0.0 ], [ 111.009735486050005, -6.846194160010066, 0.0 ], [ 111.0098439991352, -6.846160156471254, 0.0 ], [ 111.009979320196706, -6.846077630666842, 0.0 ], [ 111.010137867640395, -6.845917948453418, 0.0 ], [ 111.010397953160805, -6.845657993981676, 0.0 ], [ 111.010756344903101, -6.845283075446879, 0.0 ], [ 111.011142394669406, -6.844882483967718, 0.0 ], [ 111.011562395621496, -6.84444747252151, 0.0 ], [ 111.011730592032606, -6.844266681988168, 0.0 ] ] ] } },
{ "type": "Feature", "properties": { "NAME": "GEBANG", "AREA": 872.9, "FLOW": 1.297, "START": "BKKa.45", "END": "BGe.1", "TYPE": "SECONDARY", "LENGTH_KM": 0.228 }, "geometry": { "type": "MultiLineString", "coordinates": [ [ [ 111.014012777138007, -6.839144053580716, 0.0 ], [ 111.014033420193897, -6.839170175309732, 0.0 ], [ 111.014061109653397, -6.839169781504602, 0.0 ], [ 111.014089234066304, -6.839142519251578, 0.0 ], [ 111.014235599611993, -6.839157757374357, 0.0 ], [ 111.014492742998996, -6.839154272246015, 0.0 ], [ 111.014806354213604, -6.839142694758224, 0.0 ], [ 111.015138176220205, -6.83914843994586, 0.0 ], [ 111.015612845471694, -6.839173431724879, 0.0 ], [ 111.016049640278098, -6.839183221564037, 0.0 ] ] ] } },
{ "type": "Feature", "properties": { "NAME": "KARABAN", "AREA": 312.5, "FLOW": 0.484, "START": "BKKa.45", "END": "BKn.1", "TYPE": "SECONDARY", "LENGTH_KM": 0.543 }, "geometry": { "type": "MultiLineString", "coordinates": [ [ [ 111.0140016255029, -6.839152242431414, 0.0 ], [ 111.014053796882393, -6.838853738957727, 0.0 ], [ 111.014204909335803, -6.837929574486065, 0.0 ], [ 111.014244415267498, -6.837732575600595, 0.0 ], [ 111.014229643079602, -6.83744450272971, 0.0 ], [ 111.014228244650397, -6.837417232039044, 0.0 ], [ 111.014230698297794, -6.837409395019288, 0.0 ], [ 111.014202402952293, -6.836580817290479, 0.0 ], [ 111.014176434139799, -6.835941230710159, 0.0 ], [ 111.014141812724901, -6.835669560111555, 0.0 ], [ 111.014031750959106, -6.835461379600016, 0.0 ], [ 111.013765400029001, -6.835350088100762, 0.0 ], [ 111.013343001594095, -6.835285741976915, 0.0 ], [ 111.013024281896506, -6.835245777787671, 0.0 ], [ 111.012894924423506, -6.835216413711477, 0.0 ] ] ] } },
{ "type": "Feature", "properties": { "NAME": "GALIRAN", "AREA": 5374.5, "FLOW": 7.938, "START": "BKKa.5", "END": "BG.1", "TYPE": "SECONDARY", "LENGTH_KM": 0.158 }, "geometry": { "type": "MultiLineString", "coordinates": [ [ [ 110.829343252505595, -6.959432779716471, 0.0 ], [ 110.829653358079995, -6.958483159283174, 0.0 ], [ 110.829681793622797, -6.958293374164605, 0.0 ], [ 110.829644158918796, -6.958061715306712, 0.0 ] ] ] } },
{ "type": "Feature", "properties": { "NAME": "KLAMBU KANAN", "AREA": 5489.9, "FLOW": 8.405, "START": "BKKa.5", "END": "BKKa.6", "TYPE": "PRIMARY", "LENGTH_KM": 0.899 }, "geometry": { "type": "MultiLineString", "coordinates": [ [ [ 110.829326834463302, -6.959516882051758, 0.0 ], [ 110.829649566440096, -6.959635250895032, 0.0 ], [ 110.829959817352403, -6.959730284498773, 0.0 ], [ 110.830295477445603, -6.959857319911941, 0.0 ], [ 110.830587654793703, -6.959944049678119, 0.0 ], [ 110.830806352047901, -6.960018774403888, 0.0 ], [ 110.8309644021015, -6.960037964447185, 0.0 ], [ 110.831350046740695, -6.960031564400176, 0.0 ], [ 110.831546757532195, -6.960001616865341, 0.0 ], [ 110.831866940355098, -6.959858062367205, 0.0 ], [ 110.832371274591594, -6.959538324079286, 0.0 ], [ 110.832754945534106, -6.959287332495872, 0.0 ], [ 110.833435761412602, -6.958881741390961, 0.0 ], [ 110.833821656254898, -6.958616258046392, 0.0 ], [ 110.833935580475995, -6.958527101636435, 0.0 ], [ 110.834206997407705, -6.958401347659275, 0.0 ], [ 110.834641554380298, -6.958349509162077, 0.0 ], [ 110.834936133029501, -6.958402967295293, 0.0 ], [ 110.835303786067001, -6.958530887529117, 0.0 ], [ 110.8354647379645, -6.958636323382135, 0.0 ], [ 110.835822370315896, -6.958872253047133, 0.0 ], [ 110.836160519565894, -6.959097092831128, 0.0 ], [ 110.836628181719306, -6.959403685290774, 0.0 ] ] ] } },
{ "type": "Feature", "properties": { "NAME": "PRAWOTO", "AREA": 116.2, "FLOW": 0.173, "START": "BKKa.6", "END": "BPr.1", "TYPE": "SECONDARY", "LENGTH_KM": 0.132 }, "geometry": { "type": "MultiLineString", "coordinates": [ [ [ 110.836656852457295, -6.959343375312916, 0.0 ], [ 110.836821117172505, -6.959084072389203, 0.0 ], [ 110.837024215504897, -6.958761819058584, 0.0 ], [ 110.837037599087495, -6.958683231711294, 0.0 ], [ 110.837045117727598, -6.958323452232118, 0.0 ], [ 110.837053837310194, -6.958260652533082, 0.0 ] ] ] } },
{ "type": "Feature", "properties": { "NAME": "KLAMBU KANAN", "AREA": 5365.6, "FLOW": 8.211, "START": "BKKa.6", "END": "BKKa.7", "TYPE": "PRIMARY", "LENGTH_KM": 2.396 }, "geometry": { "type": "MultiLineString", "coordinates": [ [ [ 110.836635138411097, -6.959412212706552, 0.0 ], [ 110.836884735753799, -6.959585522988656, 0.0 ], [ 110.837370616767203, -6.959888761624315, 0.0 ], [ 110.837560135145594, -6.959992173268223, 0.0 ], [ 110.8378668824421, -6.960124986473019, 0.0 ], [ 110.838141388954895, -6.960191927029567, 0.0 ], [ 110.838537104198295, -6.960196607672399, 0.0 ], [ 110.838952597546694, -6.960120896291155, 0.0 ], [ 110.839275078147296, -6.959998283668559, 0.0 ], [ 110.839859071726096, -6.959638596947111, 0.0 ], [ 110.840990831294405, -6.958898693256586, 0.0 ], [ 110.841984975513995, -6.958280255977365, 0.0 ], [ 110.842847433342499, -6.957744240974263, 0.0 ], [ 110.843043773807693, -6.957666399159304, 0.0 ], [ 110.843327247824703, -6.957559286281672, 0.0 ], [ 110.843639755650798, -6.95750532309984, 0.0 ], [ 110.844262886902001, -6.957377434748161, 0.0 ], [ 110.844754359926696, -6.957281690731585, 0.0 ], [ 110.845174684261096, -6.957214546667488, 0.0 ], [ 110.845636514794705, -6.957118974287085, 0.0 ], [ 110.846230302902001, -6.957002781435768, 0.0 ], [ 110.846898633587401, -6.956867300655525, 0.0 ], [ 110.847242210220898, -6.95679418277355, 0.0 ], [ 110.847894342016204, -6.95665517020376, 0.0 ], [ 110.848154438482197, -6.956594988587793, 0.0 ], [ 110.849206333821499, -6.956399676247451, 0.0 ], [ 110.849677009661505, -6.956292467645994, 0.0 ], [ 110.849997778238503, -6.956226988050237, 0.0 ], [ 110.850157556063493, -6.956153403187544, 0.0 ], [ 110.850378867566704, -6.956014256181664, 0.0 ], [ 110.8506576326497, -6.955819820796167, 0.0 ], [ 110.851064345096006, -6.955544533142281, 0.0 ], [ 110.851409297648104, -6.955307403700445, 0.0 ], [ 110.851593908386107, -6.955165798237874, 0.0 ], [ 110.851684996025, -6.955105882621892, 0.0 ], [ 110.851849248857505, -6.954977749537355, 0.0 ], [ 110.852022791524206, -6.954785935137027, 0.0 ], [ 110.852346768423104, -6.954393023475092, 0.0 ], [ 110.852594859722103, -6.954134144482595, 0.0 ], [ 110.853059226724994, -6.953593657407571, 0.0 ], [ 110.853228811319298, -6.953380235827423, 0.0 ], [ 110.853391903346406, -6.953201636578291, 0.0 ], [ 110.853578145162004, -6.952985148731501, 0.0 ], [ 110.853876701578699, -6.952615123997024, 0.0 ], [ 110.854092885557705, -6.952361667538891, 0.0 ], [ 110.854243578942402, -6.952123930479099, 0.0 ], [ 110.854489555895, -6.951618667818568, 0.0 ], [ 110.8548166901315, -6.950956399529316, 0.0 ] ] ] } },
{ "type": "Feature", "properties": { "NAME": "KLAMBU KANAN", "AREA": 5293.7, "FLOW": 8.106, "START": "BKKa.7", "END": "BKKa.8", "TYPE": "PRIMARY", "LENGTH_KM": 0.508 }, "geometry": { "type": "MultiLineString", "coordinates": [ [ [ 110.854816764412902, -6.950957709462601, 0.0 ], [ 110.854956832906794, -6.950685283811501, 0.0 ], [ 110.855122084190398, -6.950363804443478, 0.0 ], [ 110.855342927426307, -6.950096865001622, 0.0 ], [ 110.855520576699604, -6.949946218785573, 0.0 ], [ 110.8558883201312, -6.949789262634378, 0.0 ], [ 110.856210600115304, -6.949710490391152, 0.0 ], [ 110.856739423458606, -6.949573471428947, 0.0 ], [ 110.857284118713807, -6.949412931093406, 0.0 ], [ 110.8578912092499, -6.949251607013164, 0.0 ], [ 110.858559005649695, -6.949058967543104, 0.0 ], [ 110.858732497083494, -6.949011901070881, 0.0 ] ] ] } },
{ "type": "Feature", "properties": { "NAME": "KLAMBU KANAN", "AREA": 5241.6, "FLOW": 8.03, "START": "BKKa.8", "END": "BKKa.9", "TYPE": "PRIMARY", "LENGTH_KM": 0.214 }, "geometry": { "type": "MultiLineString", "coordinates": [ [ [ 110.858733487308101, -6.949012799563226, 0.0 ], [ 110.858860742336205, -6.948988987107403, 0.0 ], [ 110.859033291378495, -6.94895518939568, 0.0 ], [ 110.859283910656103, -6.948960027133583, 0.0 ], [ 110.8594337258303, -6.948988937465777, 0.0 ], [ 110.859676934336505, -6.949026868987429, 0.0 ], [ 110.860128522400501, -6.949107499984116, 0.0 ], [ 110.860643345989004, -6.949213379441219, 0.0 ] ] ] } },
{ "type": "Feature", "properties": { "NAME": "KLAMBU KANAN", "AREA": 5098.9, "FLOW": 7.821, "START": "BKKa.9", "END": "BKKa.10", "TYPE": "PRIMARY", "LENGTH_KM": 2.21 }, "geometry": { "type": "MultiLineString", "coordinates": [ [ [ 110.860643822660705, -6.949212183626233, 0.0 ], [ 110.860846250108494, -6.949254427483435, 0.0 ], [ 110.8612053671973, -6.949327865765489, 0.0 ], [ 110.861622364176696, -6.949380157900929, 0.0 ], [ 110.861861228942004, -6.949369779370617, 0.0 ], [ 110.8621832478172, -6.94929137735917, 0.0 ], [ 110.862618994908303, -6.949089269592617, 0.0 ], [ 110.862874597282399, -6.948963932886102, 0.0 ], [ 110.863349522734495, -6.948747745854518, 0.0 ], [ 110.863681088162394, -6.948586559195174, 0.0 ], [ 110.864063740979603, -6.94840393079354, 0.0 ], [ 110.8645880043414, -6.94814443120273, 0.0 ], [ 110.865183859501897, -6.947836269391616, 0.0 ], [ 110.865468150970102, -6.947690491218663, 0.0 ], [ 110.865851787420894, -6.947490951707085, 0.0 ], [ 110.8663248094648, -6.947285027932514, 0.0 ], [ 110.866613852301001, -6.947146960212147, 0.0 ], [ 110.866844831276694, -6.947020199878604, 0.0 ], [ 110.867295373062106, -6.946812675944886, 0.0 ], [ 110.867548871599297, -6.946694297332742, 0.0 ], [ 110.867726762559599, -6.946646821491107, 0.0 ], [ 110.867988200916898, -6.946624111645496, 0.0 ], [ 110.868385809641794, -6.946592507411045, 0.0 ], [ 110.868891554558004, -6.9465160147132, 0.0 ], [ 110.869408415570604, -6.946470135501429, 0.0 ], [ 110.869818092823095, -6.946407450272634, 0.0 ], [ 110.870106668927804, -6.946383585822188, 0.0 ], [ 110.870417810832294, -6.946347995900265, 0.0 ], [ 110.8706297618984, -6.946322212732932, 0.0 ], [ 110.870727577792096, -6.946277701827241, 0.0 ], [ 110.871016780502003, -6.94609307201965, 0.0 ], [ 110.871474456124105, -6.945814386021215, 0.0 ], [ 110.871914408235995, -6.945549078634859, 0.0 ], [ 110.872564417871402, -6.945157076428169, 0.0 ], [ 110.872898213176001, -6.944938212737547, 0.0 ], [ 110.873227209649102, -6.944731605168455, 0.0 ], [ 110.873493432871598, -6.944617128752145, 0.0 ], [ 110.873682658831598, -6.944526099015475, 0.0 ], [ 110.874205772509399, -6.944348073663863, 0.0 ], [ 110.874436770431799, -6.944259091631697, 0.0 ], [ 110.874943282831296, -6.944044430591509, 0.0 ], [ 110.875256715777894, -6.943969662296102, 0.0 ], [ 110.875733055174507, -6.943783048646139, 0.0 ], [ 110.876201092132007, -6.943587692627435, 0.0 ], [ 110.876492079512801, -6.943490281577059, 0.0 ], [ 110.876887408512204, -6.943359215605866, 0.0 ], [ 110.877258523252607, -6.943201102346731, 0.0 ], [ 110.877665566280299, -6.943059110640095, 0.0 ], [ 110.877971611749103, -6.942962164716988, 0.0 ], [ 110.878250097538896, -6.942857924581485, 0.0 ], [ 110.878525083711807, -6.942663814154247, 0.0 ], [ 110.878702234073302, -6.94248152409459, 0.0 ], [ 110.878895093415295, -6.942178519770804, 0.0 ] ] ] } },
{ "type": "Feature", "properties": { "NAME": "KARABAN", "AREA": 266.5, "FLOW": 0.389, "START": "BKn.1", "END": "CrKn.1", "TYPE": "SECONDARY", "LENGTH_KM": 0.248 }, "geometry": { "type": "MultiLineString", "coordinates": [ [ [ 111.012895251524597, -6.835211738774983, 0.0 ], [ 111.012581469360796, -6.83516240353006, 0.0 ], [ 111.012369657453405, -6.83526673213485, 0.0 ], [ 111.0116270929515, -6.835793791408802, 0.0 ], [ 111.011252382740196, -6.836097275304452, 0.0 ], [ 111.011006496671101, -6.836269218784508, 0.0 ] ] ] } },
{ "type": "Feature", "properties": { "NAME": "KARABAN", "AREA": 216.0, "FLOW": 0.321, "START": "BKn.2", "END": "BKn.3", "TYPE": "SECONDARY", "LENGTH_KM": 0.556 }, "geometry": { "type": "MultiLineString", "coordinates": [ [ [ 111.0069482727246, -6.836890071264134, 0.0 ], [ 111.006629297612506, -6.836964662905229, 0.0 ], [ 111.006332501222303, -6.837044630145007, 0.0 ], [ 111.006042540712002, -6.837081562201257, 0.0 ], [ 111.005717498776505, -6.837051409304513, 0.0 ], [ 111.005208942401694, -6.83697904054498, 0.0 ], [ 111.004945924416802, -6.836955848180019, 0.0 ], [ 111.004733949987994, -6.836920435170295, 0.0 ], [ 111.004544240342597, -6.836862047737065, 0.0 ], [ 111.004463214265996, -6.836807174730512, 0.0 ], [ 111.004423101179299, -6.836688030688065, 0.0 ], [ 111.004370181992897, -6.836409576931072, 0.0 ], [ 111.004337149672693, -6.836013761424505, 0.0 ], [ 111.004356340632498, -6.835774266441055, 0.0 ], [ 111.004344783125703, -6.835389631885403, 0.0 ], [ 111.004323574144095, -6.835179352571481, 0.0 ], [ 111.004253411291302, -6.834921628922565, 0.0 ], [ 111.004223857903995, -6.834732983769634, 0.0 ], [ 111.004169528191795, -6.834566258774672, 0.0 ], [ 111.004147857381298, -6.834458452395151, 0.0 ], [ 111.004106475240405, -6.834371317009388, 0.0 ] ] ] } },
{ "type": "Feature", "properties": { "NAME": "KARABAN", "AREA": 59.0, "FLOW": 0.132, "START": "BKn.3", "END": "BKn.4", "TYPE": "SECONDARY", "LENGTH_KM": 0.642 }, "geometry": { "type": "MultiLineString", "coordinates": [ [ [ 111.004107856967394, -6.834370705634202, 0.0 ], [ 111.004031356209794, -6.834230925011822, 0.0 ], [ 111.003940801375606, -6.834063775312234, 0.0 ], [ 111.003728996693198, -6.833824912883525, 0.0 ], [ 111.003544890368303, -6.833631799377624, 0.0 ], [ 111.0034141849017, -6.833466699743305, 0.0 ], [ 111.003240250996399, -6.833338353908109, 0.0 ], [ 111.002971568800007, -6.833190439290377, 0.0 ], [ 111.002770174558194, -6.833058321927177, 0.0 ], [ 111.002433300550294, -6.832866691789278, 0.0 ], [ 111.001924922765099, -6.832652043405251, 0.0 ], [ 111.001554900455204, -6.832475866865986, 0.0 ], [ 111.001344296047606, -6.83238793182075, 0.0 ], [ 111.001267059643595, -6.832333725862465, 0.0 ], [ 111.001146046975407, -6.832226822603, 0.0 ], [ 111.001033502921103, -6.832069691210185, 0.0 ], [ 111.000993110402902, -6.831956288128184, 0.0 ], [ 111.000902862021903, -6.831559389783746, 0.0 ], [ 111.000844452482994, -6.831270705293716, 0.0 ], [ 111.000766156747503, -6.830988414329534, 0.0 ], [ 111.000701218061394, -6.830775994104751, 0.0 ], [ 111.000658922373503, -6.830646885921499, 0.0 ], [ 111.000590290187603, -6.830556138252573, 0.0 ], [ 111.000500955410004, -6.830476110313878, 0.0 ], [ 111.000448455970798, -6.830436172253431, 0.0 ], [ 111.000357120813604, -6.830412396371269, 0.0 ] ] ] } },
{ "type": "Feature", "properties": { "NAME": "KASIYAN", "AREA": 183.4, "FLOW": 0.272, "START": "BKs.1", "END": "BKs.2", "TYPE": "SECONDARY", "LENGTH_KM": 0.47 }, "geometry": { "type": "MultiLineString", "coordinates": [ [ [ 110.954667396927704, -6.90728727013007, 0.0 ], [ 110.954650605135001, -6.907206976457496, 0.0 ], [ 110.954441457299893, -6.907066000411788, 0.0 ], [ 110.954208990989798, -6.907007971724565, 0.0 ], [ 110.953909632893499, -6.906922806583753, 0.0 ], [ 110.953104697327504, -6.906733223618075, 0.0 ], [ 110.952658117508093, -6.906614652601919, 0.0 ], [ 110.952552423230898, -6.906533513395128, 0.0 ], [ 110.952237013528602, -6.906307488550334, 0.0 ], [ 110.951613407589903, -6.905914879007836, 0.0 ], [ 110.9515433314494, -6.905857118427118, 0.0 ], [ 110.951429971673093, -6.905440831122152, 0.0 ], [ 110.951356198266197, -6.905249991427868, 0.0 ], [ 110.951297026225902, -6.905176390565667, 0.0 ] ] ] } },
{ "type": "Feature", "properties": { "NAME": "KASIYAN", "AREA": 138.9, "FLOW": 0.208, "START": "BKs.2", "END": "BKs.3", "TYPE": "SECONDARY", "LENGTH_KM": 0.218 }, "geometry": { "type": "MultiLineString", "coordinates": [ [ [ 110.951299198954402, -6.905179224528688, 0.0 ], [ 110.951189694023498, -6.905146626511171, 0.0 ], [ 110.950844202639601, -6.905055144569629, 0.0 ], [ 110.950204798820806, -6.904918978447417, 0.0 ], [ 110.949767424761802, -6.904816812681618, 0.0 ], [ 110.949380553374297, -6.904744474040471, 0.0 ] ] ] } },
{ "type": "Feature", "properties": { "NAME": "KASIYAN", "AREA": 109.8, "FLOW": 0.163, "START": "BKs.3", "END": "BKs.4", "TYPE": "SECONDARY", "LENGTH_KM": 0.334 }, "geometry": { "type": "MultiLineString", "coordinates": [ [ [ 110.949382668181201, -6.904742910331553, 0.0 ], [ 110.949110935406907, -6.904685104188157, 0.0 ], [ 110.948850213483098, -6.904497775033819, 0.0 ], [ 110.9487047300439, -6.904405215665796, 0.0 ], [ 110.948424031140206, -6.904396445215546, 0.0 ], [ 110.948017099027794, -6.904376094116278, 0.0 ], [ 110.947789628832496, -6.904365755513032, 0.0 ], [ 110.947654229874502, -6.904379943519299, 0.0 ], [ 110.947528328696393, -6.904472592234819, 0.0 ], [ 110.947299798920398, -6.904704620089671, 0.0 ], [ 110.947139761297805, -6.904898998803644, 0.0 ], [ 110.947100527009795, -6.905076083894888, 0.0 ], [ 110.947111455547997, -6.905328454088047, 0.0 ], [ 110.947097701426102, -6.905351604107803, 0.0 ] ] ] } },
{ "type": "Feature", "properties": { "NAME": "MANGSANA", "AREA": 109.5, "FLOW": 0.163, "START": "BMa.1", "END": "BMa.2", "TYPE": "SECONDARY", "LENGTH_KM": 0.462 }, "geometry": { "type": "MultiLineString", "coordinates": [ [ [ 110.884728304219806, -6.905836692232572, 0.0 ], [ 110.884834959540299, -6.905454285926881, 0.0 ], [ 110.884919834281405, -6.904943989275272, 0.0 ], [ 110.885020349173502, -6.904420179119545, 0.0 ], [ 110.8850808624602, -6.903995476272653, 0.0 ], [ 110.885154911642303, -6.903744059041292, 0.0 ], [ 110.885192381291802, -6.903660671082408, 0.0 ], [ 110.885256935000996, -6.903596509311937, 0.0 ], [ 110.885372990928303, -6.903491792175711, 0.0 ], [ 110.885649561212603, -6.903296229944291, 0.0 ], [ 110.885999929311595, -6.903097856247618, 0.0 ], [ 110.886412571166503, -6.902823609465892, 0.0 ], [ 110.886547788835301, -6.902724603001377, 0.0 ], [ 110.8866362429699, -6.902663212165829, 0.0 ], [ 110.886699000840593, -6.902635446654505, 0.0 ], [ 110.886750391135607, -6.902588962212231, 0.0 ], [ 110.886755159385203, -6.902539743388362, 0.0 ] ] ] } },
{ "type": "Feature", "properties": { "NAME": "MULYOHARJO 1", "AREA": 279.5, "FLOW": 0.415, "START": "BMh1.1", "END": "BMh1.2", "TYPE": "SECONDARY", "LENGTH_KM": 0.96 }, "geometry": { "type": "MultiLineString", "coordinates": [ [ [ 110.924932117760704, -6.875744316168135, 0.0 ], [ 110.925015179776196, -6.876431849616272, 0.0 ], [ 110.925089790436104, -6.877051235700375, 0.0 ], [ 110.925158828759393, -6.877755646273624, 0.0 ], [ 110.925213431416594, -6.8782941969058, 0.0 ], [ 110.925250963869402, -6.878758339754008, 0.0 ], [ 110.925267693278499, -6.879441878562695, 0.0 ], [ 110.925312818174106, -6.880177980160512, 0.0 ], [ 110.925333538821604, -6.880587630726205, 0.0 ], [ 110.925352398406901, -6.881011976103621, 0.0 ], [ 110.925371524602397, -6.881632525909318, 0.0 ], [ 110.925382672637099, -6.881753075023486, 0.0 ], [ 110.925367263376003, -6.881868938550427, 0.0 ], [ 110.925349537502399, -6.881998179378963, 0.0 ], [ 110.925269914785105, -6.882287915454586, 0.0 ], [ 110.9251366068398, -6.882676939097594, 0.0 ], [ 110.925070134213996, -6.882856784703255, 0.0 ], [ 110.925063343530596, -6.882918088011155, 0.0 ], [ 110.925061769608902, -6.883063764552275, 0.0 ], [ 110.925077337686105, -6.88322218720135, 0.0 ], [ 110.925116667900994, -6.883583215451202, 0.0 ], [ 110.925163067298101, -6.883911508038024, 0.0 ], [ 110.925212796806306, -6.88420340197625, 0.0 ], [ 110.925229144194404, -6.8843472310983, 0.0 ] ] ] } },
{ "type": "Feature", "properties": { "NAME": "MULYOHARJO 2", "AREA": 139.9, "FLOW": 0.208, "START": "BMh1.1", "END": "BMh2.1", "TYPE": "SECONDARY", "LENGTH_KM": 0.66 }, "geometry": { "type": "MultiLineString", "coordinates": [ [ [ 110.924932600166699, -6.875741912134352, 0.0 ], [ 110.925010067762102, -6.875733671056221, 0.0 ], [ 110.925984538317707, -6.875524137015114, 0.0 ], [ 110.9274131787448, -6.875230951248896, 0.0 ], [ 110.928523567176399, -6.87498349219656, 0.0 ], [ 110.930490507978305, -6.874572220179098, 0.0 ], [ 110.930778881285406, -6.874515372632497, 0.0 ] ] ] } },
{ "type": "Feature", "properties": { "NAME": "PONCOMULYO", "AREA": 2231.9, "FLOW": 3.315, "START": "BP.1", "END": "CrP.1", "TYPE": "SECONDARY", "LENGTH_KM": 0.099 }, "geometry": { "type": "MultiLineString", "coordinates": [ [ [ 110.875217574372996, -6.903389489074891, 0.0 ], [ 110.875187246725105, -6.903197257296919, 0.0 ], [ 110.875117057084196, -6.903045848474921, 0.0 ], [ 110.874855087958807, -6.902786791419368, 0.0 ], [ 110.874749581621998, -6.902659013673439, 0.0 ] ] ] } },
{ "type": "Feature", "properties": { "NAME": "PONCOMULYO", "AREA": 1572.5, "FLOW": 2.336, "START": "BP.10", "END": "BP.11", "TYPE": "SECONDARY", "LENGTH_KM": 0.439 }, "geometry": { "type": "MultiLineString", "coordinates": [ [ [ 110.900258643122797, -6.872683520495944, 0.0 ], [ 110.901033904708598, -6.872711278577435, 0.0 ], [ 110.901783452679794, -6.872746167273778, 0.0 ], [ 110.902920073969, -6.872769553083313, 0.0 ], [ 110.904118270911098, -6.872832461427909, 0.0 ], [ 110.904225616351894, -6.872838759769787, 0.0 ] ] ] } },
{ "type": "Feature", "properties": { "NAME": "SARIMULYO 1", "AREA": 83.3, "FLOW": 0.124, "START": "BP.10", "END": "BSm1.1", "TYPE": "SECONDARY", "LENGTH_KM": 0.747 }, "geometry": { "type": "MultiLineString", "coordinates": [ [ [ 110.900268157554393, -6.872691883908195, 0.0 ], [ 110.900252262416302, -6.872775568321329, 0.0 ], [ 110.900342975760296, -6.873269185380732, 0.0 ], [ 110.900488546314307, -6.87391292888223, 0.0 ], [ 110.900654491309595, -6.874755146823971, 0.0 ], [ 110.900729193121705, -6.875190462723678, 0.0 ], [ 110.900754666773395, -6.875349327143114, 0.0 ], [ 110.900763083291906, -6.875735428738808, 0.0 ], [ 110.900783343205703, -6.876155910705988, 0.0 ], [ 110.9008479108725, -6.87665968532908, 0.0 ], [ 110.901001773537601, -6.877235729010521, 0.0 ], [ 110.901121796628502, -6.877761567183288, 0.0 ], [ 110.901226240214299, -6.878197301107916, 0.0 ], [ 110.901336355779506, -6.878806436868871, 0.0 ], [ 110.901394611409103, -6.879214140963793, 0.0 ], [ 110.901395614082006, -6.879332271911878, 0.0 ] ] ] } },
{ "type": "Feature", "properties": { "NAME": "PONCOMULYO", "AREA": 1492.0, "FLOW": 2.216, "START": "BP.11", "END": "BP.12", "TYPE": "SECONDARY", "LENGTH_KM": 0.47 }, "geometry": { "type": "MultiLineString", "coordinates": [ [ [ 110.904225049928996, -6.872839053837286, 0.0 ], [ 110.904853400028301, -6.872771515441508, 0.0 ], [ 110.905901333029206, -6.872634888629919, 0.0 ], [ 110.906558900193403, -6.872557686414277, 0.0 ], [ 110.907532180080494, -6.872460475222645, 0.0 ], [ 110.908450176276205, -6.872342986619995, 0.0 ] ] ] } },
{ "type": "Feature", "properties": { "NAME": "PONCOMULYO", "AREA": 1350.0, "FLOW": 2.005, "START": "BP.12", "END": "BP.13", "TYPE": "SECONDARY", "LENGTH_KM": 0.351 }, "geometry": { "type": "MultiLineString", "coordinates": [ [ [ 110.908448581598606, -6.872341115505857, 0.0 ], [ 110.909054361947597, -6.87211019864568, 0.0 ], [ 110.909844182768197, -6.871841128424256, 0.0 ], [ 110.911154150979399, -6.871362473707201, 0.0 ], [ 110.911435111032603, -6.871260200322049, 0.0 ] ] ] } },
{ "type": "Feature", "properties": { "NAME": "SARIMULYO 2", "AREA": 142.0, "FLOW": 0.211, "START": "BP.12", "END": "BSm2.1", "TYPE": "SECONDARY", "LENGTH_KM": 0.542 }, "geometry": { "type": "MultiLineString", "coordinates": [ [ [ 110.908444630416497, -6.8723626613021, 0.0 ], [ 110.908548395667907, -6.873306208288974, 0.0 ], [ 110.908783369281096, -6.874706671241322, 0.0 ], [ 110.909019833453598, -6.876321974881912, 0.0 ], [ 110.909151191980996, -6.877125170890394, 0.0 ], [ 110.909165838138804, -6.877207436468627, 0.0 ] ] ] } },
{ "type": "Feature", "properties": { "NAME": "PONCOMULYO", "AREA": 1313.3, "FLOW": 1.951, "START": "BP.13", "END": "BP.14", "TYPE": "SECONDARY", "LENGTH_KM": 0.586 }, "geometry": { "type": "MultiLineString", "coordinates": [ [ [ 110.911433392922902, -6.871259518375867, 0.0 ], [ 110.912129041140702, -6.871018462035467, 0.0 ], [ 110.912999572413696, -6.870709199271986, 0.0 ], [ 110.914116842912307, -6.870315747858167, 0.0 ], [ 110.914609445936904, -6.870159358720481, 0.0 ], [ 110.915719995541906, -6.869773650319293, 0.0 ], [ 110.916374988941399, -6.869525318514818, 0.0 ], [ 110.916436394279003, -6.869501367368962, 0.0 ] ] ] } },
{ "type": "Feature", "properties": { "NAME": "PONCOMULYO", "AREA": 1241.3, "FLOW": 1.844, "START": "BP.14", "END": "BP.15", "TYPE": "SECONDARY", "LENGTH_KM": 0.354 }, "geometry": { "type": "MultiLineString", "coordinates": [ [ [ 110.916438461638606, -6.869503536870203, 0.0 ], [ 110.916830764982606, -6.869459508681319, 0.0 ], [ 110.917340627269496, -6.869446019965968, 0.0 ], [ 110.917514812348102, -6.86946407711557, 0.0 ], [ 110.917746090411399, -6.869506939559304, 0.0 ], [ 110.917893410542206, -6.869579253481513, 0.0 ], [ 110.918096864608103, -6.869680321346592, 0.0 ], [ 110.9184634957806, -6.869849564112065, 0.0 ], [ 110.918899655480303, -6.870068623571644, 0.0 ], [ 110.919304380273701, -6.870249350959859, 0.0 ], [ 110.919446249882597, -6.870325853542822, 0.0 ] ] ] } },
{ "type": "Feature", "properties": { "NAME": "MULYOHARJO 1", "AREA": 451.2, "FLOW": 0.67, "START": "BP.16", "END": "BMh.1", "TYPE": "SECONDARY", "LENGTH_KM": 0.511 }, "geometry": { "type": "MultiLineString", "coordinates": [ [ [ 110.924392172532094, -6.871150695063745, 0.0 ], [ 110.924477827170094, -6.871929737362007, 0.0 ], [ 110.924691759369097, -6.873717455305068, 0.0 ], [ 110.924820643128498, -6.874837373739371, 0.0 ], [ 110.924909627293204, -6.875618142488858, 0.0 ], [ 110.924930979660502, -6.875742270774322, 0.0 ] ] ] } },
{ "type": "Feature", "properties": { "NAME": "PONCOMULYO", "AREA": 641.9, "FLOW": 0.953, "START": "BP.16", "END": "BP.17", "TYPE": "SECONDARY", "LENGTH_KM": 0.399 }, "geometry": { "type": "MultiLineString", "coordinates": [ [ [ 110.924405745012805, -6.87113683893509, 0.0 ], [ 110.924842967091394, -6.870968721578759, 0.0 ], [ 110.925884361197902, -6.870555234011267, 0.0 ], [ 110.926313017491196, -6.870385308610071, 0.0 ], [ 110.927020770862399, -6.870102525319729, 0.0 ], [ 110.927760870957101, -6.869815078143588, 0.0 ] ] ] } },
{ "type": "Feature", "properties": { "NAME": "PONCOMULYO", "AREA": 611.4, "FLOW": 0.908, "START": "BP.17", "END": "BP.18", "TYPE": "SECONDARY", "LENGTH_KM": 0.399 }, "geometry": { "type": "MultiLineString", "coordinates": [ [ [ 110.927760022713898, -6.869816063554655, 0.0 ], [ 110.928086058640702, -6.869686910457323, 0.0 ], [ 110.928333896171395, -6.86956746347879, 0.0 ], [ 110.928558568413195, -6.869358966529223, 0.0 ], [ 110.928940661393099, -6.868899877830263, 0.0 ], [ 110.929300651153397, -6.868394322320868, 0.0 ], [ 110.929843255241295, -6.867776616869263, 0.0 ], [ 110.930245339244294, -6.867279695423516, 0.0 ] ] ] } },
{ "type": "Feature", "properties": { "NAME": "PONCOMULYO", "AREA": 537.1, "FLOW": 0.788, "START": "BP.18", "END": "BP.19", "TYPE": "SECONDARY", "LENGTH_KM": 0.642 }, "geometry": { "type": "MultiLineString", "coordinates": [ [ [ 110.930246529138998, -6.867283855220257, 0.0 ], [ 110.930698429586101, -6.866712483608498, 0.0 ], [ 110.931176336867296, -6.866116327228665, 0.0 ], [ 110.931736038432405, -6.865413961991809, 0.0 ], [ 110.932242451724505, -6.86474812185702, 0.0 ], [ 110.932467019504898, -6.864466067218416, 0.0 ], [ 110.932653600420196, -6.86442371070284, 0.0 ], [ 110.933371958732707, -6.864198788188205, 0.0 ], [ 110.934590108090802, -6.863836165875937, 0.0 ] ] ] } },
{ "type": "Feature", "properties": { "NAME": "PONCOMULYO", "AREA": 406.8, "FLOW": 0.258, "START": "BP.19", "END": "BP.20", "TYPE": "SECONDARY", "LENGTH_KM": 0.258 }, "geometry": { "type": "MultiLineString", "coordinates": [ [ [ 110.934587344048097, -6.863840888230722, 0.0 ], [ 110.936028911345801, -6.863421967911425, 0.0 ], [ 110.936832838374102, -6.863192250566592, 0.0 ] ] ] } },
{ "type": "Feature", "properties": { "NAME": "PONCOMULYO", "AREA": 2159.6, "FLOW": 3.209, "START": "BP.2", "END": "BP.3", "TYPE": "SECONDARY", "LENGTH_KM": 0.765 }, "geometry": { "type": "MultiLineString", "coordinates": [ [ [ 110.871953566457293, -6.899102302483801, 0.0 ], [ 110.872013663963997, -6.898770731386304, 0.0 ], [ 110.872093347987104, -6.898401792011077, 0.0 ], [ 110.872208718092494, -6.897835164955296, 0.0 ], [ 110.872292289856105, -6.897380497554349, 0.0 ], [ 110.872407195230906, -6.896873260555623, 0.0 ], [ 110.872516329447393, -6.896347936667715, 0.0 ], [ 110.872651623256004, -6.895664278844515, 0.0 ], [ 110.872776070034405, -6.895047510915233, 0.0 ], [ 110.872871946880693, -6.894623795883004, 0.0 ], [ 110.873016747204204, -6.893972031474939, 0.0 ], [ 110.873115148418805, -6.893458521829621, 0.0 ], [ 110.873221498186595, -6.89291740545063, 0.0 ], [ 110.873344231437002, -6.892328918085504, 0.0 ] ] ] } },
{ "type": "Feature", "properties": { "NAME": "PONCOMULYO", "AREA": 329.5, "FLOW": 0.489, "START": "BP.20", "END": "BP.21", "TYPE": "SECONDARY", "LENGTH_KM": 0.49 }, "geometry": { "type": "MultiLineString", "coordinates": [ [ [ 110.936828588066206, -6.863184136885474, 0.0 ], [ 110.937813761222102, -6.862768757513797, 0.0 ], [ 110.938545929021799, -6.86243970526353, 0.0 ], [ 110.9397454289618, -6.861954739462202, 0.0 ], [ 110.940276085672807, -6.861721643928529, 0.0 ], [ 110.940918077536296, -6.861479636132978, 0.0 ] ] ] } },
{ "type": "Feature", "properties": { "NAME": "PONCOMULYO", "AREA": 193.1, "FLOW": 0.267, "START": "BP.21", "END": "BP.22", "TYPE": "SECONDARY", "LENGTH_KM": 0.586 }, "geometry": { "type": "MultiLineString", "coordinates": [ [ [ 110.940915379137607, -6.861476146645114, 0.0 ], [ 110.942097842810796, -6.861025619069149, 0.0 ], [ 110.943312077306899, -6.860496423252556, 0.0 ], [ 110.944112043878704, -6.860286747539718, 0.0 ], [ 110.945405366770999, -6.859876631242085, 0.0 ], [ 110.945904612073505, -6.859702890039263, 0.0 ] ] ] } },
{ "type": "Feature", "properties": { "NAME": "PONCOMULYO", "AREA": 2090.4, "FLOW": 3.105, "START": "BP.3", "END": "BP.4", "TYPE": "SECONDARY", "LENGTH_KM": 0.749 }, "geometry": { "type": "MultiLineString", "coordinates": [ [ [ 110.873343432946299, -6.892329127810343, 0.0 ], [ 110.873420011183399, -6.891970073182599, 0.0 ], [ 110.873540141699095, -6.891500314925809, 0.0 ], [ 110.873671188092104, -6.890928471199398, 0.0 ], [ 110.873797863492399, -6.890391375805577, 0.0 ], [ 110.873971305045799, -6.889685132941277, 0.0 ], [ 110.874143634531094, -6.889016759318283, 0.0 ], [ 110.874278258906003, -6.888430438443243, 0.0 ], [ 110.874457888711603, -6.887696869468534, 0.0 ], [ 110.874561168622193, -6.887224646193032, 0.0 ], [ 110.874682027045907, -6.886731295363649, 0.0 ], [ 110.874744511496303, -6.886481507703104, 0.0 ], [ 110.874917269527899, -6.885740284732598, 0.0 ] ] ] } },
{ "type": "Feature", "properties": { "NAME": "PONCOMULYO", "AREA": 1926.1, "FLOW": 2.861, "START": "BP.4", "END": "BP.5", "TYPE": "SECONDARY", "LENGTH_KM": 1.022 }, "geometry": { "type": "MultiLineString", "coordinates": [ [ [ 110.874916480461707, -6.885742053443787, 0.0 ], [ 110.875047220510496, -6.885153559463646, 0.0 ], [ 110.875250615066193, -6.88434829013265, 0.0 ], [ 110.875429800526504, -6.883615999460529, 0.0 ], [ 110.875588278806802, -6.882977372318588, 0.0 ], [ 110.875718344213695, -6.882776764675175, 0.0 ], [ 110.875921690429195, -6.882631257628605, 0.0 ], [ 110.876330280693296, -6.882388881869161, 0.0 ], [ 110.876792854328997, -6.882134356151055, 0.0 ], [ 110.877490569675004, -6.881710610139187, 0.0 ], [ 110.877980703082102, -6.881413767265292, 0.0 ], [ 110.878608922078399, -6.881030216614282, 0.0 ], [ 110.879527754563597, -6.88049372283043, 0.0 ], [ 110.880561087604406, -6.879912818328352, 0.0 ], [ 110.881015666790802, -6.879632033082642, 0.0 ] ] ] } },
{ "type": "Feature", "properties": { "NAME": "PONCOMULYO", "AREA": 1894.6, "FLOW": 2.814, "START": "BP.5", "END": "BP.6", "TYPE": "SECONDARY", "LENGTH_KM": 0.453 }, "geometry": { "type": "MultiLineString", "coordinates": [ [ [ 110.881012490781799, -6.879632091209051, 0.0 ], [ 110.881457393255303, -6.879367297287127, 0.0 ], [ 110.882149864825806, -6.878960910950985, 0.0 ], [ 110.882958128303798, -6.878505775465971, 0.0 ], [ 110.883606540746499, -6.878121906030438, 0.0 ], [ 110.884557413420097, -6.87758208431449, 0.0 ] ] ] } },
{ "type": "Feature", "properties": { "NAME": "PONCOMULYO", "AREA": 1883.7, "FLOW": 2.798, "START": "BP.6", "END": "BP.7", "TYPE": "SECONDARY", "LENGTH_KM": 0.471 }, "geometry": { "type": "MultiLineString", "coordinates": [ [ [ 110.8845569922632, -6.877581460449498, 0.0 ], [ 110.884840784216195, -6.877395431066764, 0.0 ], [ 110.885604229125207, -6.876938607708174, 0.0 ], [ 110.886431198994003, -6.876471015943961, 0.0 ], [ 110.887223706821203, -6.876043864182304, 0.0 ], [ 110.888254571558505, -6.875465214646819, 0.0 ] ] ] } },
{ "type": "Feature", "properties": { "NAME": "PONCOMULYO", "AREA": 1796.9, "FLOW": 2.672, "START": "BP.7", "END": "BP.8", "TYPE": "SECONDARY", "LENGTH_KM": 0.331 }, "geometry": { "type": "MultiLineString", "coordinates": [ [ [ 110.888254634522298, -6.875466114610271, 0.0 ], [ 110.888525666448999, -6.875311951097307, 0.0 ], [ 110.889125989371706, -6.874964032699744, 0.0 ], [ 110.889811859942199, -6.874582369028144, 0.0 ], [ 110.890483810742694, -6.874216797149894, 0.0 ], [ 110.890869777542207, -6.874012803050261, 0.0 ] ] ] } },
{ "type": "Feature", "properties": { "NAME": "PONCOMULYO", "AREA": 1769.9, "FLOW": 2.629, "START": "BP.8", "END": "CrP.2", "TYPE": "SECONDARY", "LENGTH_KM": 0.008 }, "geometry": { "type": "MultiLineString", "coordinates": [ [ [ 110.890868989481106, -6.874013154641343, 0.0 ], [ 110.890931819724699, -6.873975360590162, 0.0 ] ] ] } },
{ "type": "Feature", "properties": { "NAME": "PONCOMULYO", "AREA": 1689.6, "FLOW": 2.51, "START": "BP.9", "END": "BP10", "TYPE": "SECONDARY", "LENGTH_KM": 0.619 }, "geometry": { "type": "MultiLineString", "coordinates": [ [ [ 110.894656221481, -6.872625599388035, 0.0 ], [ 110.894975737678195, -6.872622519548166, 0.0 ], [ 110.895464214912593, -6.872624277353982, 0.0 ], [ 110.895891353915303, -6.872615312786013, 0.0 ], [ 110.896374975725394, -6.872623903510105, 0.0 ], [ 110.896933233566301, -6.872631369977915, 0.0 ], [ 110.897511502249202, -6.872630788720104, 0.0 ], [ 110.898140145434397, -6.872647824828038, 0.0 ], [ 110.898677447032199, -6.872653624316028, 0.0 ], [ 110.899305719372407, -6.872658984394044, 0.0 ], [ 110.8998045011719, -6.872664752387487, 0.0 ], [ 110.900258408496398, -6.872684407296405, 0.0 ] ] ] } },
{ "type": "Feature", "properties": { "NAME": "PONCOMULYO", "AREA": 1231.8, "FLOW": 1.803, "START": "BP15", "END": "BP.16", "TYPE": "SECONDARY", "LENGTH_KM": 0.583 }, "geometry": { "type": "MultiLineString", "coordinates": [ [ [ 110.919446249882597, -6.870325853542822, 0.0 ], [ 110.919888861998999, -6.870529762933729, 0.0 ], [ 110.920469739641902, -6.870831832581847, 0.0 ], [ 110.921006890587407, -6.871095603843164, 0.0 ], [ 110.921546291556893, -6.871345196980649, 0.0 ], [ 110.921713990264394, -6.871449414462178, 0.0 ], [ 110.921847359771704, -6.871508472949634, 0.0 ], [ 110.921956288259196, -6.871537239036067, 0.0 ], [ 110.922037587702604, -6.871535549802145, 0.0 ], [ 110.922298022263206, -6.871498247824129, 0.0 ], [ 110.922845325573206, -6.871406076111038, 0.0 ], [ 110.923642425870497, -6.87128153475709, 0.0 ], [ 110.924252972385901, -6.871187511131416, 0.0 ], [ 110.924370803652295, -6.871155865146181, 0.0 ], [ 110.924403006927903, -6.871143398036381, 0.0 ] ] ] } },
{ "type": "Feature", "properties": { "NAME": "KARANGTURI", "AREA": 118.2, "FLOW": 0.176, "START": "BP4", "END": "BKt.1", "TYPE": "SECONDARY", "LENGTH_KM": 1.037 }, "geometry": { "type": "MultiLineString", "coordinates": [ [ [ 110.874903931431206, -6.885802691508673, 0.0 ], [ 110.875257652910804, -6.885887170090836, 0.0 ], [ 110.875687921551005, -6.885997163187735, 0.0 ], [ 110.8762782197294, -6.88619681492565, 0.0 ], [ 110.876455147586697, -6.886302374916046, 0.0 ], [ 110.876853010175196, -6.886430156595166, 0.0 ], [ 110.877349774714503, -6.886544093173732, 0.0 ], [ 110.877952410936004, -6.886635272731526, 0.0 ], [ 110.878199827451198, -6.886636909124695, 0.0 ], [ 110.878587515887105, -6.886621137654055, 0.0 ], [ 110.878830687807195, -6.886631871516737, 0.0 ], [ 110.879392445570701, -6.886696724581622, 0.0 ], [ 110.879788811824298, -6.886749790386601, 0.0 ], [ 110.880174399894003, -6.886791467035249, 0.0 ], [ 110.880795961201997, -6.886853696742196, 0.0 ], [ 110.881045695899303, -6.886894236544833, 0.0 ], [ 110.8813081663058, -6.887006618949331, 0.0 ], [ 110.881558811280499, -6.887141546004011, 0.0 ], [ 110.881716184339695, -6.887189004127924, 0.0 ], [ 110.8820317820485, -6.887274351750317, 0.0 ], [ 110.882150049279502, -6.887268067415822, 0.0 ], [ 110.882286832895204, -6.887231153914234, 0.0 ], [ 110.882865635393401, -6.887194394185457, 0.0 ], [ 110.883432175060406, -6.887163895598254, 0.0 ], [ 110.884058034535798, -6.887213224222721, 0.0 ] ] ] } },
{ "type": "Feature", "properties": { "NAME": "PASURUHAN", "AREA": 469.5, "FLOW": 0.697, "START": "BPa.1", "END": "BPa.2", "TYPE": "SECONDARY", "LENGTH_KM": 0.834 }, "geometry": { "type": "MultiLineString", "coordinates": [ [ [ 110.978122538498496, -6.886062505999028, 0.0 ], [ 110.977874971468694, -6.886069302118374, 0.0 ], [ 110.977572237954405, -6.886098758969037, 0.0 ], [ 110.977289157129107, -6.88614692568772, 0.0 ], [ 110.977164639739399, -6.886180120317156, 0.0 ], [ 110.977083586033402, -6.886233419282231, 0.0 ], [ 110.976997036972605, -6.886348762862932, 0.0 ], [ 110.976816207591199, -6.886623604764382, 0.0 ], [ 110.976669748546001, -6.886796976589893, 0.0 ], [ 110.976608479248398, -6.886868265252028, 0.0 ], [ 110.976593466800594, -6.886876321273403, 0.0 ], [ 110.976266029281305, -6.886832046563939, 0.0 ], [ 110.975949155257794, -6.886785279529503, 0.0 ], [ 110.975652133843894, -6.886787447158037, 0.0 ], [ 110.975465245005495, -6.886785164672141, 0.0 ], [ 110.975227832648898, -6.886772111348276, 0.0 ], [ 110.974936039895397, -6.886762712864325, 0.0 ], [ 110.974764131844395, -6.886713069292394, 0.0 ], [ 110.974469271102095, -6.886652516159927, 0.0 ], [ 110.974271058896406, -6.886616780984721, 0.0 ], [ 110.974050333914505, -6.886573448759458, 0.0 ], [ 110.973710200637299, -6.886458372683216, 0.0 ], [ 110.973620373807194, -6.886420687446442, 0.0 ], [ 110.973487164752598, -6.886372058471713, 0.0 ], [ 110.973369031821093, -6.886349318969846, 0.0 ], [ 110.973325437913104, -6.886327232700515, 0.0 ], [ 110.973303015677701, -6.886312444598675, 0.0 ], [ 110.973284259894896, -6.886279125944864, 0.0 ], [ 110.973293396924504, -6.886035803391231, 0.0 ], [ 110.973308332844795, -6.885578152409328, 0.0 ], [ 110.973326095524001, -6.885272171195397, 0.0 ], [ 110.973358374892996, -6.885059864562429, 0.0 ], [ 110.973373649187593, -6.884818607488828, 0.0 ], [ 110.973383198607905, -6.884623315962711, 0.0 ], [ 110.973375864648801, -6.884491804402451, 0.0 ], [ 110.973338178244006, -6.884293800403394, 0.0 ], [ 110.973324409211699, -6.884184856189045, 0.0 ], [ 110.973291203983507, -6.884142540806725, 0.0 ], [ 110.973190215530394, -6.884100637903791, 0.0 ] ] ] } },
{ "type": "Feature", "properties": { "NAME": "PELANG", "AREA": 164.0, "FLOW": 0.244, "START": "BPa.1", "END": "BPe.1", "TYPE": "SECONDARY", "LENGTH_KM": 0.362 }, "geometry": { "type": "MultiLineString", "coordinates": [ [ [ 110.970824561856105, -6.881382735546777, 0.0 ], [ 110.970593064520699, -6.881379907196044, 0.0 ], [ 110.970370903211304, -6.881352049075847, 0.0 ], [ 110.970048873663004, -6.881352705131767, 0.0 ], [ 110.969576423734594, -6.881342337908175, 0.0 ], [ 110.969321695424796, -6.881338278801421, 0.0 ], [ 110.968795413956897, -6.881301684857979, 0.0 ], [ 110.968560987627299, -6.881281051971588, 0.0 ], [ 110.968468729051295, -6.881264599999573, 0.0 ], [ 110.968323758274707, -6.881290860428441, 0.0 ], [ 110.968233985166407, -6.881334954141758, 0.0 ], [ 110.968169054347896, -6.881424489700552, 0.0 ], [ 110.968045869984095, -6.881677656025237, 0.0 ], [ 110.967957427979698, -6.881940737703978, 0.0 ] ] ] } },
{ "type": "Feature", "properties": { "NAME": "PASURUHAN", "AREA": 498.9, "FLOW": 0.697, "START": "BPa.2", "END": "BPa.3", "TYPE": "SECONDARY", "LENGTH_KM": 0.482 }, "geometry": { "type": "MultiLineString", "coordinates": [ [ [ 110.9731948354504, -6.884105497636998, 0.0 ], [ 110.973013675737107, -6.884056588599501, 0.0 ], [ 110.972781769735903, -6.884001932939291, 0.0 ], [ 110.972647388694995, -6.88397279213007, 0.0 ], [ 110.972414170723098, -6.883916340118797, 0.0 ], [ 110.972259590915399, -6.883890080339587, 0.0 ], [ 110.9721127059819, -6.883831909073925, 0.0 ], [ 110.971875084338095, -6.883743043949771, 0.0 ], [ 110.971716129498603, -6.883693569553182, 0.0 ], [ 110.971633857157698, -6.883647440450553, 0.0 ], [ 110.971594399653895, -6.883584841317847, 0.0 ], [ 110.971570916747098, -6.883554637229732, 0.0 ], [ 110.971570233439806, -6.883304269372553, 0.0 ], [ 110.971591703353397, -6.88307065607224, 0.0 ], [ 110.971602299039304, -6.882839025091719, 0.0 ], [ 110.971604354300695, -6.882634777199554, 0.0 ], [ 110.971599748905803, -6.882509927169366, 0.0 ], [ 110.971574676730597, -6.882431918216099, 0.0 ], [ 110.971526498543497, -6.882396332141027, 0.0 ], [ 110.9714557534178, -6.882364305461855, 0.0 ], [ 110.971263394925998, -6.882288717277389, 0.0 ], [ 110.971121202613205, -6.882227016607114, 0.0 ], [ 110.971037559043907, -6.882190453093758, 0.0 ], [ 110.970961823265299, -6.882151279444615, 0.0 ], [ 110.970919435139194, -6.882119525852033, 0.0 ], [ 110.970912777596993, -6.882085617035912, 0.0 ], [ 110.970868650441304, -6.881876178942481, 0.0 ], [ 110.970835808522594, -6.881646439020915, 0.0 ], [ 110.970821185477504, -6.881484156709774, 0.0 ], [ 110.970826232664095, -6.881368145042539, 0.0 ] ] ] } },
{ "type": "Feature", "properties": { "NAME": "PASURUHAN", "AREA": 244.0, "FLOW": 0.362, "START": "BPa.3", "END": "BPa.4", "TYPE": "SECONDARY", "LENGTH_KM": 1.05 }, "geometry": { "type": "MultiLineString", "coordinates": [ [ [ 110.970825950924905, -6.881357498591021, 0.0 ], [ 110.970856091594101, -6.881163078549247, 0.0 ], [ 110.970934172925297, -6.880853232567735, 0.0 ], [ 110.970951252987504, -6.880745099532366, 0.0 ], [ 110.970969378090004, -6.88066220048589, 0.0 ], [ 110.970973739254006, -6.880623360829282, 0.0 ], [ 110.970950237297401, -6.880579153608484, 0.0 ], [ 110.970809150839401, -6.880575487172472, 0.0 ], [ 110.970670160032199, -6.880551713647111, 0.0 ], [ 110.970500809062102, -6.880545472772975, 0.0 ], [ 110.970474258973496, -6.880540600720916, 0.0 ], [ 110.970378179438498, -6.88052892328672, 0.0 ], [ 110.9703459530202, -6.880524297431381, 0.0 ], [ 110.970330940156401, -6.88049507904725, 0.0 ], [ 110.9703431621829, -6.880382490626966, 0.0 ], [ 110.970412746765106, -6.879917844757688, 0.0 ], [ 110.970468856177604, -6.879586020052826, 0.0 ], [ 110.970511150190802, -6.879252418013338, 0.0 ], [ 110.970536427773794, -6.879141407058974, 0.0 ], [ 110.970555897530303, -6.879019081877367, 0.0 ], [ 110.970566244073495, -6.87893378680942, 0.0 ], [ 110.970591331936404, -6.878787931950433, 0.0 ], [ 110.970596792567306, -6.878741365729375, 0.0 ], [ 110.970595488486694, -6.878713906436775, 0.0 ], [ 110.970554102559802, -6.878691728580874, 0.0 ], [ 110.970348721218102, -6.878650060537094, 0.0 ], [ 110.970200087440304, -6.878620520545102, 0.0 ], [ 110.970064714045904, -6.878600177533402, 0.0 ], [ 110.969956494961195, -6.878577524573933, 0.0 ], [ 110.969820272092093, -6.878541190573877, 0.0 ], [ 110.969756092598701, -6.878523796783261, 0.0 ], [ 110.969703024877802, -6.878492198460515, 0.0 ], [ 110.969661175997402, -6.878461649872404, 0.0 ], [ 110.969651243425503, -6.878401395815745, 0.0 ], [ 110.969693972434698, -6.878028237832361, 0.0 ], [ 110.969724956777895, -6.877720861144606, 0.0 ], [ 110.969751747550504, -6.87734366993098, 0.0 ], [ 110.969780042862496, -6.876959481455412, 0.0 ], [ 110.969816209378806, -6.876892143990067, 0.0 ], [ 110.969991167252005, -6.876653381109646, 0.0 ], [ 110.970199370706396, -6.876377168631723, 0.0 ], [ 110.970368017869902, -6.876160988575188, 0.0 ], [ 110.970507869076499, -6.876011766327284, 0.0 ], [ 110.970726205246294, -6.875785383044749, 0.0 ], [ 110.970901341557905, -6.8755775056906, 0.0 ], [ 110.971025357647804, -6.875415156621921, 0.0 ], [ 110.971201503095898, -6.875171708051809, 0.0 ], [ 110.971225700179104, -6.875119712084662, 0.0 ], [ 110.971178001615399, -6.875095958706384, 0.0 ], [ 110.970951014433993, -6.874946650301973, 0.0 ], [ 110.970599413142907, -6.874719302981403, 0.0 ], [ 110.970261341522701, -6.874588431887598, 0.0 ], [ 110.969974161419898, -6.874445536849454, 0.0 ] ] ] } },
{ "type": "Feature", "properties": { "NAME": "PASURUHAN", "AREA": 131.0, "FLOW": 0.195, "START": "BPa.4", "END": "BPa.5", "TYPE": "SECONDARY", "LENGTH_KM": 0.582 }, "geometry": { "type": "MultiLineString", "coordinates": [ [ [ 110.969965032172297, -6.874443159405145, 0.0 ], [ 110.969902370274099, -6.874405130069628, 0.0 ], [ 110.969886593564894, -6.874384072584079, 0.0 ], [ 110.969877152340899, -6.874360311242524, 0.0 ], [ 110.969868947633302, -6.874307650022914, 0.0 ], [ 110.969872377910704, -6.874212667629916, 0.0 ], [ 110.969875615842597, -6.873951522703557, 0.0 ], [ 110.969892604926301, -6.873481640064358, 0.0 ], [ 110.969908293950695, -6.873389107336195, 0.0 ], [ 110.969907680859805, -6.873296404366473, 0.0 ], [ 110.969903314622897, -6.873246628354148, 0.0 ], [ 110.969904195569995, -6.873200697663181, 0.0 ], [ 110.9698505551886, -6.87308741410681, 0.0 ], [ 110.969779119955604, -6.87292218302791, 0.0 ], [ 110.969602734349493, -6.872693733390647, 0.0 ], [ 110.969592124937193, -6.872630785385962, 0.0 ], [ 110.969594393681604, -6.872570433250485, 0.0 ], [ 110.969597990582102, -6.872474750217595, 0.0 ], [ 110.969590045611696, -6.872330632662356, 0.0 ], [ 110.969606002818296, -6.872175445825099, 0.0 ], [ 110.969621553836802, -6.871874630929497, 0.0 ], [ 110.969634471617397, -6.871779490605708, 0.0 ], [ 110.969637599531694, -6.871708882166982, 0.0 ], [ 110.9696378985807, -6.871637184381753, 0.0 ], [ 110.969563227029397, -6.871505984295466, 0.0 ], [ 110.969475925817804, -6.871451469912018, 0.0 ], [ 110.969402459523096, -6.871390215306406, 0.0 ], [ 110.969343706168203, -6.871318204478523, 0.0 ], [ 110.969266046284901, -6.871238491684353, 0.0 ], [ 110.969223208637501, -6.871182779519038, 0.0 ], [ 110.969171788394803, -6.871122827442737, 0.0 ], [ 110.969161325296298, -6.871062685326289, 0.0 ], [ 110.969158362577403, -6.871023766348245, 0.0 ], [ 110.969166846518405, -6.8709707913102, 0.0 ], [ 110.969210245225497, -6.870824693234352, 0.0 ], [ 110.969326027596097, -6.870437016305059, 0.0 ], [ 110.969404450528103, -6.870199638220984, 0.0 ], [ 110.969436243439603, -6.87007733772442, 0.0 ], [ 110.969448124234106, -6.870019190047774, 0.0 ], [ 110.969420003318007, -6.869942488864154, 0.0 ], [ 110.969381022753197, -6.869903528536883, 0.0 ], [ 110.969344584772401, -6.869886617917567, 0.0 ], [ 110.969264881182895, -6.869873191466313, 0.0 ], [ 110.969175454452497, -6.869863747178606, 0.0 ], [ 110.969126422770103, -6.8698465193094, 0.0 ], [ 110.969098006770693, -6.869846171986365, 0.0 ], [ 110.969056848311197, -6.869837870429814, 0.0 ] ] ] } },
{ "type": "Feature", "properties": { "NAME": "PASURUHAN", "AREA": 80.0, "FLOW": 0.119, "START": "BPa.5", "END": "BPa.6", "TYPE": "SECONDARY", "LENGTH_KM": 0.847 }, "geometry": { "type": "MultiLineString", "coordinates": [ [ [ 110.969056087105898, -6.86983708396682, 0.0 ], [ 110.968848109615706, -6.869807507976262, 0.0 ], [ 110.968622667656504, -6.869761208618492, 0.0 ], [ 110.968365919012101, -6.869723342765149, 0.0 ], [ 110.968038601493205, -6.869660383574061, 0.0 ], [ 110.967790528301293, -6.86962171877745, 0.0 ], [ 110.967193659550503, -6.869523713564399, 0.0 ], [ 110.966893996827096, -6.869470613226198, 0.0 ], [ 110.966428277353799, -6.86939727945057, 0.0 ], [ 110.965799240219496, -6.869284946317359, 0.0 ], [ 110.965488103382896, -6.869223867507874, 0.0 ], [ 110.965066091089199, -6.869169694873456, 0.0 ], [ 110.964662347100401, -6.869087375431475, 0.0 ], [ 110.9643095909652, -6.86896296812798, 0.0 ], [ 110.9638334289738, -6.868830345735598, 0.0 ], [ 110.963624499119703, -6.868758366940196, 0.0 ], [ 110.963338168551203, -6.868656845419332, 0.0 ], [ 110.962937610690005, -6.868536259740686, 0.0 ], [ 110.9624470993259, -6.868384920682819, 0.0 ], [ 110.961927923507403, -6.868190085624052, 0.0 ], [ 110.961755919533005, -6.868147241220825, 0.0 ], [ 110.961695318332104, -6.868118572006154, 0.0 ], [ 110.961621795231096, -6.868080668702513, 0.0 ] ] ] } },
{ "type": "Feature", "properties": { "NAME": "PELANG", "AREA": 102.1, "FLOW": 0.152, "START": "BPe.1", "END": "BPe.2", "TYPE": "SECONDARY", "LENGTH_KM": 1.425 }, "geometry": { "type": "MultiLineString", "coordinates": [ [ [ 110.967957771448397, -6.881942267546568, 0.0 ], [ 110.967933601780004, -6.88206619877898, 0.0 ], [ 110.967917962920794, -6.882115037987717, 0.0 ], [ 110.967831894294406, -6.882130437942256, 0.0 ], [ 110.967736700878604, -6.882129274050351, 0.0 ], [ 110.967716838284005, -6.882141265535382, 0.0 ], [ 110.967570680919806, -6.882185629438404, 0.0 ], [ 110.967418948719697, -6.882224448967587, 0.0 ], [ 110.967301988427707, -6.88234517415562, 0.0 ], [ 110.967261742070804, -6.88246626668407, 0.0 ], [ 110.967216277781304, -6.882649930754462, 0.0 ], [ 110.967149269643201, -6.882858236176453, 0.0 ], [ 110.967050177366005, -6.882969886717826, 0.0 ], [ 110.966934817839004, -6.883044650174053, 0.0 ], [ 110.966650616989298, -6.883036207855915, 0.0 ], [ 110.9663726796921, -6.882992148867497, 0.0 ], [ 110.966134660653793, -6.882958691497246, 0.0 ], [ 110.965825112433606, -6.882869094775721, 0.0 ], [ 110.965346011919706, -6.882740377563733, 0.0 ], [ 110.964860180284802, -6.882575523292803, 0.0 ], [ 110.964429533762001, -6.882449249923702, 0.0 ], [ 110.963875391659798, -6.882253959157437, 0.0 ], [ 110.963751083668299, -6.882208346048612, 0.0 ], [ 110.963654375537004, -6.882201859653452, 0.0 ], [ 110.963166488650998, -6.882138307941039, 0.0 ], [ 110.962956711195901, -6.882135740316602, 0.0 ], [ 110.962607041469994, -6.882104589013611, 0.0 ], [ 110.9622649494342, -6.882074049813036, 0.0 ], [ 110.961600883742605, -6.882036426080129, 0.0 ], [ 110.961390931735195, -6.882017540358367, 0.0 ], [ 110.961244160188102, -6.882002587734954, 0.0 ], [ 110.961128713934301, -6.881979708944234, 0.0 ], [ 110.960932942809706, -6.881914435883019, 0.0 ], [ 110.960812357962993, -6.881869183101964, 0.0 ], [ 110.960706664608594, -6.881851718096041, 0.0 ], [ 110.960605083269002, -6.88184346933637, 0.0 ], [ 110.960355692129696, -6.881864739490716, 0.0 ], [ 110.960353673016698, -6.881864714772256, 0.0 ], [ 110.960069303974706, -6.881898353247639, 0.0 ], [ 110.9598443760122, -6.881912044274466, 0.0 ], [ 110.959598019887196, -6.881916612934099, 0.0 ], [ 110.959126441323207, -6.881902166252878, 0.0 ], [ 110.958879518117897, -6.881884890797914, 0.0 ], [ 110.958528028772903, -6.881830849981225, 0.0 ], [ 110.958327530804198, -6.881784680765298, 0.0 ], [ 110.9582887024781, -6.88176725351198, 0.0 ], [ 110.958169006942697, -6.881699637667227, 0.0 ], [ 110.958079274802202, -6.881623262805951, 0.0 ], [ 110.957982237193704, -6.881530031669221, 0.0 ], [ 110.957891097239298, -6.881453378933956, 0.0 ], [ 110.957779369208495, -6.881361491696098, 0.0 ], [ 110.957650797077406, -6.881246933113786, 0.0 ], [ 110.957531721652899, -6.881120036223113, 0.0 ], [ 110.957441770546794, -6.881018103004337, 0.0 ], [ 110.957352948501395, -6.880886154103641, 0.0 ], [ 110.957220735256996, -6.880732504109844, 0.0 ], [ 110.957137537744998, -6.880625562686765, 0.0 ], [ 110.956943136614697, -6.880404168487425, 0.0 ], [ 110.956836622639898, -6.880274844560971, 0.0 ], [ 110.956633721007506, -6.88005529524716, 0.0 ] ] ] } },
{ "type": "Feature", "properties": { "NAME": "POPOH", "AREA": 200.2, "FLOW": 0.297, "START": "BPo.1", "END": "BPo2", "TYPE": "SECONDARY", "LENGTH_KM": 1.007 }, "geometry": { "type": "MultiLineString", "coordinates": [ [ [ 110.9687952260917, -6.891314819580469, 0.0 ], [ 110.968713070180897, -6.891343236584188, 0.0 ], [ 110.968618029075103, -6.891361405149375, 0.0 ], [ 110.968506741191703, -6.891369727335629, 0.0 ], [ 110.968392417649397, -6.891379367816157, 0.0 ], [ 110.968159384123098, -6.891371198797961, 0.0 ], [ 110.967974123521202, -6.891357414913677, 0.0 ], [ 110.967771542583606, -6.891331183750493, 0.0 ], [ 110.967646299452795, -6.891319890401988, 0.0 ], [ 110.967187013500293, -6.891275480616206, 0.0 ], [ 110.967007824136402, -6.891272175649751, 0.0 ], [ 110.9666496447513, -6.891187674101569, 0.0 ], [ 110.966204943409906, -6.891048162504251, 0.0 ], [ 110.965837476456997, -6.890957782603724, 0.0 ], [ 110.965338908080099, -6.890823399540917, 0.0 ], [ 110.965058185026294, -6.890754458781514, 0.0 ], [ 110.964907798861404, -6.890709808320388, 0.0 ], [ 110.964836504175494, -6.890686954790305, 0.0 ], [ 110.964772655325106, -6.890663736655925, 0.0 ], [ 110.964622735220303, -6.890497695060141, 0.0 ], [ 110.964445240432497, -6.890299258677561, 0.0 ], [ 110.964362415988404, -6.890181434736762, 0.0 ], [ 110.964341250727998, -6.890132460095153, 0.0 ], [ 110.964321806080306, -6.889987176138112, 0.0 ], [ 110.964300150490601, -6.889723051213618, 0.0 ], [ 110.964292453368202, -6.88967432908356, 0.0 ], [ 110.964203221783805, -6.889602313310246, 0.0 ], [ 110.964065574746598, -6.889471313538088, 0.0 ], [ 110.963909272184694, -6.889297238645025, 0.0 ], [ 110.963822502883602, -6.889195427077436, 0.0 ], [ 110.963787143507403, -6.88909854986345, 0.0 ], [ 110.963715996627698, -6.888901442264613, 0.0 ], [ 110.963662615597599, -6.888763415726356, 0.0 ], [ 110.963668988971705, -6.888726527099934, 0.0 ], [ 110.963769660842601, -6.888342802117561, 0.0 ], [ 110.963881959103404, -6.887813336894671, 0.0 ], [ 110.963999390943499, -6.887222761817451, 0.0 ], [ 110.964025659267605, -6.887029496856039, 0.0 ], [ 110.964035097596806, -6.88689391345841, 0.0 ], [ 110.964035021692098, -6.886423744514678, 0.0 ], [ 110.964043112953505, -6.886320707853478, 0.0 ], [ 110.964019670133595, -6.886248253073563, 0.0 ], [ 110.963875303505901, -6.886213417229317, 0.0 ] ] ] } },
{ "type": "Feature", "properties": { "NAME": "POPOH", "AREA": 174.2, "FLOW": 0.259, "START": "BPo.2", "END": "BPo.3", "TYPE": "SECONDARY", "LENGTH_KM": 0.428 }, "geometry": { "type": "MultiLineString", "coordinates": [ [ [ 110.963878645523295, -6.886213251374318, 0.0 ], [ 110.963711682153004, -6.886180438418281, 0.0 ], [ 110.963498040789702, -6.886134325927896, 0.0 ], [ 110.963171709827506, -6.886074639826648, 0.0 ], [ 110.9629537430461, -6.886032201966259, 0.0 ], [ 110.962457002236505, -6.88595431803063, 0.0 ], [ 110.962070596559599, -6.885861535271015, 0.0 ], [ 110.961828174323301, -6.885803497946243, 0.0 ], [ 110.961274888297893, -6.885691298572854, 0.0 ], [ 110.960993818099595, -6.885637589656405, 0.0 ], [ 110.960904821418396, -6.885636677692949, 0.0 ], [ 110.960834221914794, -6.885642194685182, 0.0 ], [ 110.960779710196405, -6.885687966105769, 0.0 ], [ 110.960758569319495, -6.885740912006214, 0.0 ], [ 110.960757656030694, -6.885849273766499, 0.0 ], [ 110.960748348709302, -6.885999195031996, 0.0 ], [ 110.960736488357497, -6.886129552488532, 0.0 ], [ 110.960720230720099, -6.886217792432963, 0.0 ], [ 110.960714636575801, -6.886255155451832, 0.0 ], [ 110.960695471970993, -6.886308446504793, 0.0 ], [ 110.960672328197205, -6.886369736780546, 0.0 ] ] ] } },
{ "type": "Feature", "properties": { "NAME": "POPOH", "AREA": 95.3, "FLOW": 0.142, "START": "BPo.3", "END": "BPo.4", "TYPE": "SECONDARY", "LENGTH_KM": 0.014 }, "geometry": { "type": "MultiLineString", "coordinates": [ [ [ 110.960663216101295, -6.886387001800523, 0.0 ], [ 110.960613627705797, -6.886441463224388, 0.0 ], [ 110.960565313611099, -6.886472508809566, 0.0 ] ] ] } },
{ "type": "Feature", "properties": { "NAME": "ROGOMULYO", "AREA": 392.0, "FLOW": 0.582, "START": "BRo.1", "END": "BRo.2", "TYPE": "SECONDARY", "LENGTH_KM": 0.524 }, "geometry": { "type": "MultiLineString", "coordinates": [ [ [ 110.991127086537304, -6.862965205123592, 0.0 ], [ 110.990843426233297, -6.862923401967607, 0.0 ], [ 110.990536088704602, -6.862870097995284, 0.0 ], [ 110.990441369023699, -6.862860538384409, 0.0 ], [ 110.990364020492606, -6.862813511690256, 0.0 ], [ 110.990313125255497, -6.862716793680686, 0.0 ], [ 110.990268769288406, -6.862568058947268, 0.0 ], [ 110.990285815441894, -6.862436692352395, 0.0 ], [ 110.990334527069905, -6.861868140392907, 0.0 ], [ 110.990475435859693, -6.860510763717771, 0.0 ], [ 110.990477753342006, -6.860321426834728, 0.0 ], [ 110.990469442391699, -6.860228235909172, 0.0 ], [ 110.990424659351703, -6.860146439786339, 0.0 ], [ 110.990313333311803, -6.860051530571624, 0.0 ], [ 110.990161853687198, -6.85990440215899, 0.0 ], [ 110.9899636393761, -6.859730367314587, 0.0 ], [ 110.989778483713707, -6.859546223545645, 0.0 ], [ 110.989653139342295, -6.859442418435814, 0.0 ], [ 110.989453599232505, -6.859411584623214, 0.0 ] ] ] } },
{ "type": "Feature", "properties": { "NAME": "ROGOMULYO", "AREA": 308.0, "FLOW": 0.458, "START": "BRo.2", "END": "BRo.3", "TYPE": "SECONDARY", "LENGTH_KM": 0.558 }, "geometry": { "type": "MultiLineString", "coordinates": [ [ [ 110.989454776493503, -6.859410077682442, 0.0 ], [ 110.989229890932407, -6.859377309250393, 0.0 ], [ 110.989106284601107, -6.859349052259121, 0.0 ], [ 110.988978256089396, -6.85932373633803, 0.0 ], [ 110.988902788469801, -6.859304055010573, 0.0 ], [ 110.988770447136403, -6.85933002309236, 0.0 ], [ 110.988620692720602, -6.859351646741975, 0.0 ], [ 110.9882821427626, -6.859480770406669, 0.0 ], [ 110.987733553508903, -6.859582598865429, 0.0 ], [ 110.987583759513896, -6.859636425665751, 0.0 ], [ 110.987371651122501, -6.859676360608974, 0.0 ], [ 110.9872279890524, -6.859673901023888, 0.0 ], [ 110.987162540117694, -6.859637868490195, 0.0 ], [ 110.986981184212794, -6.85954446167889, 0.0 ], [ 110.986624810059396, -6.859382082107392, 0.0 ], [ 110.986534885717802, -6.859338935082458, 0.0 ], [ 110.986533357346403, -6.85933923497715, 0.0 ], [ 110.986385224347799, -6.859327729653116, 0.0 ], [ 110.986375941092803, -6.859329551179506, 0.0 ], [ 110.986242922512204, -6.859310233861908, 0.0 ], [ 110.985792637119403, -6.859248314530938, 0.0 ], [ 110.985516205271395, -6.859199612390952, 0.0 ], [ 110.985213963318003, -6.859137168238041, 0.0 ], [ 110.985034879321603, -6.859098205189861, 0.0 ], [ 110.984872884462007, -6.858992556592167, 0.0 ], [ 110.984786116560997, -6.858940981246053, 0.0 ], [ 110.984743895644101, -6.858876592875358, 0.0 ], [ 110.984667416572094, -6.858812804299629, 0.0 ] ] ] } },
{ "type": "Feature", "properties": { "NAME": "ROGOMULYO", "AREA": 268.0, "FLOW": 0.396, "START": "BRo.3", "END": "BRo.4", "TYPE": "SECONDARY", "LENGTH_KM": 0.405 }, "geometry": { "type": "MultiLineString", "coordinates": [ [ [ 110.984659569301499, -6.858813729846796, 0.0 ], [ 110.984634701158498, -6.858757059211902, 0.0 ], [ 110.984611066759697, -6.858668769944845, 0.0 ], [ 110.984574036261606, -6.85846798495727, 0.0 ], [ 110.984532124958207, -6.858180432402992, 0.0 ], [ 110.9844892887035, -6.85787330866661, 0.0 ], [ 110.984457574054105, -6.857588575007394, 0.0 ], [ 110.984400593962505, -6.857040142237162, 0.0 ], [ 110.9843460822715, -6.856875374256398, 0.0 ], [ 110.984181356353005, -6.856811531627557, 0.0 ], [ 110.983980295887605, -6.856752388242029, 0.0 ], [ 110.983651870316194, -6.856638581932832, 0.0 ], [ 110.983177158704194, -6.856505312192757, 0.0 ], [ 110.982725590470594, -6.856389916579999, 0.0 ] ] ] } },
{ "type": "Feature", "properties": { "NAME": "ROGOMULYO", "AREA": 105.1, "FLOW": 0.156, "START": "BRo.4", "END": "BRo.5", "TYPE": "SECONDARY", "LENGTH_KM": 0.973 }, "geometry": { "type": "MultiLineString", "coordinates": [ [ [ 110.9827163583344, -6.856373841103591, 0.0 ], [ 110.981923757810193, -6.856111054937692, 0.0 ], [ 110.981583677743998, -6.856003899451037, 0.0 ], [ 110.981142984751102, -6.855928438469074, 0.0 ], [ 110.980442420444405, -6.855692511033579, 0.0 ], [ 110.979809487791499, -6.855456266309057, 0.0 ], [ 110.979412083825295, -6.85530798171309, 0.0 ], [ 110.979068021531504, -6.855110726114105, 0.0 ], [ 110.978780372741795, -6.854877167011472, 0.0 ], [ 110.978335002524403, -6.854622886454292, 0.0 ], [ 110.977999246146396, -6.854520728309853, 0.0 ], [ 110.977444378236498, -6.85437474031191, 0.0 ], [ 110.976965444925298, -6.854264112750438, 0.0 ], [ 110.976637019715596, -6.854204272131559, 0.0 ], [ 110.976402934694903, -6.854173829983724, 0.0 ], [ 110.976091061335197, -6.854184074837162, 0.0 ], [ 110.975812611126699, -6.854176347480602, 0.0 ], [ 110.975606464170596, -6.854067562215689, 0.0 ], [ 110.975152774830903, -6.85387516268966, 0.0 ], [ 110.974882503759105, -6.853705262370047, 0.0 ], [ 110.974769111639702, -6.85365561294647, 0.0 ], [ 110.974568779015598, -6.853428200505895, 0.0 ] ] ] } },
{ "type": "Feature", "properties": { "NAME": "SAMBIREJO", "AREA": 434.0, "FLOW": 0.645, "START": "BSa.1", "END": "BSa.2", "TYPE": "SECONDARY", "LENGTH_KM": 0.909 }, "geometry": { "type": "MultiLineString", "coordinates": [ [ [ 111.016979627963906, -6.825775202247782, 0.0 ], [ 111.017260948931806, -6.82513753674971, 0.0 ], [ 111.017611134800305, -6.824333557854176, 0.0 ], [ 111.018059243812701, -6.823389283922086, 0.0 ], [ 111.018355603764903, -6.822704755422907, 0.0 ], [ 111.018707822506698, -6.821956359742487, 0.0 ], [ 111.019154691522999, -6.820945633194217, 0.0 ], [ 111.019341037174797, -6.820476876555878, 0.0 ], [ 111.019405721684194, -6.820242345356135, 0.0 ], [ 111.019435409740694, -6.820143049164153, 0.0 ], [ 111.019421259485497, -6.819924085440252, 0.0 ], [ 111.019285487769807, -6.819579305582298, 0.0 ], [ 111.019002182701996, -6.81890052162819, 0.0 ], [ 111.0187589670671, -6.81834576358236, 0.0 ], [ 111.018773675393106, -6.818210314626533, 0.0 ] ] ] } },
{ "type": "Feature", "properties": { "NAME": "SAMBIREJO", "AREA": 246.4, "FLOW": 0.368, "START": "BSa.2", "END": "BSa.3", "TYPE": "SECONDARY", "LENGTH_KM": 0.439 }, "geometry": { "type": "MultiLineString", "coordinates": [ [ [ 111.018772840581406, -6.818208849200651, 0.0 ], [ 111.018915825943694, -6.81722837485704, 0.0 ], [ 111.019100655090398, -6.815892881006681, 0.0 ], [ 111.019139264462495, -6.815417815127676, 0.0 ], [ 111.019193383732002, -6.815057234716315, 0.0 ], [ 111.019180868436294, -6.814545804068954, 0.0 ], [ 111.019200951796606, -6.814270825733623, 0.0 ] ] ] } },
{ "type": "Feature", "properties": { "NAME": "SEDUDO", "AREA": 149.6, "FLOW": 0.222, "START": "BSa.2", "END": "BSo.1", "TYPE": "SECONDARY", "LENGTH_KM": 1.017 }, "geometry": { "type": "MultiLineString", "coordinates": [ [ [ 111.018768014575897, -6.818210382760235, 0.0 ], [ 111.018040352400504, -6.818097263944447, 0.0 ], [ 111.016609121355103, -6.817917842852056, 0.0 ], [ 111.016380005364596, -6.81790529564041, 0.0 ], [ 111.016295593245303, -6.817895853784174, 0.0 ], [ 111.016183896632398, -6.817914704412254, 0.0 ], [ 111.0153316413883, -6.818007313960766, 0.0 ], [ 111.0150156176595, -6.818070539118774, 0.0 ], [ 111.014636195070693, -6.818111986307676, 0.0 ], [ 111.014226449720297, -6.818106092973749, 0.0 ], [ 111.013913467223304, -6.818094279322542, 0.0 ], [ 111.013357010948198, -6.818037564959479, 0.0 ], [ 111.013066335528407, -6.817988984051327, 0.0 ], [ 111.012571194966498, -6.817939641445747, 0.0 ], [ 111.012382035852497, -6.817902118144331, 0.0 ], [ 111.012242392692599, -6.817945844470453, 0.0 ], [ 111.012061504559497, -6.818088336842809, 0.0 ], [ 111.011937757529196, -6.818227359412436, 0.0 ], [ 111.011751120701504, -6.818277891561423, 0.0 ], [ 111.011385102841501, -6.818258335072121, 0.0 ], [ 111.011013580021398, -6.818224513862011, 0.0 ], [ 111.010388300766806, -6.818204605540382, 0.0 ], [ 111.010341065469106, -6.818187267458931, 0.0 ], [ 111.010055611823503, -6.818172496809431, 0.0 ], [ 111.009847174173998, -6.818160916360379, 0.0 ], [ 111.009747482920304, -6.818155928095766, 0.0 ] ] ] } },
{ "type": "Feature", "properties": { "NAME": "SAMBIREJO", "AREA": 194.0, "FLOW": 0.268, "START": "BSa.3", "END": "BSa.4", "TYPE": "SECONDARY", "LENGTH_KM": 0.703 }, "geometry": { "type": "MultiLineString", "coordinates": [ [ [ 111.019198692768398, -6.814270234906848, 0.0 ], [ 111.019337785854702, -6.81392133618127, 0.0 ], [ 111.019385810547405, -6.813691737014824, 0.0 ], [ 111.019421709514205, -6.81329676770954, 0.0 ], [ 111.019509225521205, -6.812580361174018, 0.0 ], [ 111.019549498442501, -6.812515384479689, 0.0 ], [ 111.019584132339901, -6.8122857430443, 0.0 ], [ 111.019604273973798, -6.811873231256507, 0.0 ], [ 111.019675286720897, -6.811074813879062, 0.0 ], [ 111.019730597574707, -6.81038781471222, 0.0 ], [ 111.019771115315606, -6.810151706776162, 0.0 ], [ 111.019779376041896, -6.810075902617339, 0.0 ], [ 111.019839389648595, -6.809800272469316, 0.0 ], [ 111.020018230301801, -6.809156688560558, 0.0 ], [ 111.020130153639897, -6.808667347210662, 0.0 ], [ 111.020203101769695, -6.808390682320793, 0.0 ], [ 111.020263292080003, -6.808129287335124, 0.0 ], [ 111.020278470074302, -6.808034260447887, 0.0 ] ] ] } },
{ "type": "Feature", "properties": { "NAME": "SAMBIREJO", "AREA": 145.0, "FLOW": 0.215, "START": "BSa.4", "END": "BSa.5", "TYPE": "SECONDARY", "LENGTH_KM": 0.199 }, "geometry": { "type": "MultiLineString", "coordinates": [ [ [ 111.020276284840307, -6.808033324041424, 0.0 ], [ 111.020321890129907, -6.807613870118398, 0.0 ], [ 111.020372734597601, -6.807112921603271, 0.0 ], [ 111.020388301411998, -6.806789802846986, 0.0 ], [ 111.020459776158205, -6.806247015592446, 0.0 ] ] ] } },
{ "type": "Feature", "properties": { "NAME": "TALUN", "AREA": 288.7, "FLOW": 0.429, "START": "BTa.1", "END": "BTa.2", "TYPE": "SECONDARY", "LENGTH_KM": 1.416 }, "geometry": { "type": "MultiLineString", "coordinates": [ [ [ 110.992412251272398, -6.874106850784819, 0.0 ], [ 110.992244492481404, -6.87407935990567, 0.0 ], [ 110.991882728304006, -6.874033160698841, 0.0 ], [ 110.991323950244393, -6.873953418427544, 0.0 ], [ 110.990657311068304, -6.873860184387679, 0.0 ], [ 110.9899075843703, -6.873762060363548, 0.0 ], [ 110.989186274694603, -6.873661059178878, 0.0 ], [ 110.988402666355896, -6.873581421763497, 0.0 ], [ 110.987676808976701, -6.87353535317366, 0.0 ], [ 110.987234207244299, -6.873509773718724, 0.0 ], [ 110.986518453124006, -6.873458811432338, 0.0 ], [ 110.986089672179602, -6.873422130184063, 0.0 ], [ 110.985555721202005, -6.873293525598876, 0.0 ], [ 110.985218752944405, -6.873266409403431, 0.0 ], [ 110.985142265976407, -6.873290453795584, 0.0 ], [ 110.985071094515007, -6.873348668619395, 0.0 ], [ 110.985039788430299, -6.873410106322102, 0.0 ], [ 110.984989682352605, -6.873608045212515, 0.0 ], [ 110.984947995859301, -6.873785731653447, 0.0 ], [ 110.984911301121997, -6.873863911755769, 0.0 ], [ 110.984853873876105, -6.873902183628429, 0.0 ], [ 110.984638946775902, -6.87388572328584, 0.0 ], [ 110.984360572301199, -6.873844566507263, 0.0 ], [ 110.9840683624045, -6.873827265505361, 0.0 ], [ 110.983813055077107, -6.873799804324263, 0.0 ], [ 110.983219820484393, -6.873740084762696, 0.0 ], [ 110.982557962172706, -6.87365917564563, 0.0 ], [ 110.981823443473701, -6.873566133951923, 0.0 ], [ 110.981447574103001, -6.873529274101909, 0.0 ], [ 110.981351143718399, -6.87352147853366, 0.0 ], [ 110.981268124366693, -6.873467313606347, 0.0 ], [ 110.981242213915493, -6.87341532790601, 0.0 ], [ 110.981189143655399, -6.873170238583996, 0.0 ], [ 110.9811685574428, -6.873052670177417, 0.0 ], [ 110.981112978655801, -6.872733601900245, 0.0 ], [ 110.981119422283598, -6.872584342155258, 0.0 ], [ 110.981135865731005, -6.872461957668188, 0.0 ], [ 110.981184929829297, -6.87234773794851, 0.0 ] ] ] } },
{ "type": "Feature", "properties": { "NAME": "TALUN", "AREA": 187.6, "FLOW": 0.248, "START": "BTa.3", "END": "BTa.4", "TYPE": "SECONDARY", "LENGTH_KM": 0.508 }, "geometry": { "type": "MultiLineString", "coordinates": [ [ [ 110.981154846168906, -6.867119178545166, 0.0 ], [ 110.981143706714505, -6.86706016840659, 0.0 ], [ 110.981131272250906, -6.867007898574562, 0.0 ], [ 110.981149100656694, -6.866931161617384, 0.0 ], [ 110.981204976571902, -6.866833638314643, 0.0 ], [ 110.981287738856295, -6.866691685075441, 0.0 ], [ 110.981406759946907, -6.866570087057427, 0.0 ], [ 110.981466957142999, -6.866394726137093, 0.0 ], [ 110.981518170421793, -6.866291404429954, 0.0 ], [ 110.981528373901, -6.866199639684767, 0.0 ], [ 110.981525720746902, -6.866157827247015, 0.0 ], [ 110.981488233714899, -6.866100083391363, 0.0 ], [ 110.981432631471193, -6.866029656465602, 0.0 ], [ 110.981409753165593, -6.865979194159822, 0.0 ], [ 110.981409477061604, -6.865868248801545, 0.0 ], [ 110.9814455004243, -6.865783033014941, 0.0 ], [ 110.981474056784904, -6.865692407326976, 0.0 ], [ 110.981445721070301, -6.865602864397698, 0.0 ], [ 110.981332849800594, -6.865535255343962, 0.0 ], [ 110.981240660303897, -6.86548745966176, 0.0 ], [ 110.981205877097096, -6.865392207497448, 0.0 ], [ 110.981189203002103, -6.865311760706968, 0.0 ], [ 110.981171685285702, -6.865203292663446, 0.0 ], [ 110.981183411498193, -6.865123362783574, 0.0 ], [ 110.981195684009606, -6.86502589286736, 0.0 ], [ 110.981195597013397, -6.864973680634252, 0.0 ], [ 110.981195528522903, -6.86493256800121, 0.0 ], [ 110.981178711226306, -6.86487139755876, 0.0 ], [ 110.981141418949505, -6.864846546626327, 0.0 ], [ 110.981068086229797, -6.86483788099563, 0.0 ], [ 110.9809951336578, -6.864852195263803, 0.0 ], [ 110.980959413851906, -6.864831935114715, 0.0 ], [ 110.9809460350872, -6.864788869060488, 0.0 ], [ 110.980938036928706, -6.864724952809904, 0.0 ], [ 110.980953167246398, -6.864570410879792, 0.0 ], [ 110.980954296065207, -6.864499132667015, 0.0 ], [ 110.980961301836601, -6.864426517926807, 0.0 ], [ 110.980971870811999, -6.864305059968434, 0.0 ], [ 110.980970731238799, -6.864211075133329, 0.0 ], [ 110.980981648305203, -6.864107615377228, 0.0 ], [ 110.9810095764566, -6.863990051417733, 0.0 ], [ 110.981008064471396, -6.863954705436315, 0.0 ], [ 110.980961764388695, -6.863893480674612, 0.0 ], [ 110.980884738450996, -6.863850485740685, 0.0 ], [ 110.980626926730906, -6.863759578037394, 0.0 ], [ 110.980415076474301, -6.863722908391979, 0.0 ], [ 110.980332137624799, -6.863720855954638, 0.0 ], [ 110.980196789478995, -6.863707904024833, 0.0 ], [ 110.980141426857799, -6.863704635193854, 0.0 ] ] ] } },
{ "type": "Feature", "properties": { "NAME": "TALUN", "AREA": 125.5, "FLOW": 0.186, "START": "BTa.4", "END": "BTa.5", "TYPE": "SECONDARY", "LENGTH_KM": 1.053 }, "geometry": { "type": "MultiLineString", "coordinates": [ [ [ 110.980142845985398, -6.863705443492907, 0.0 ], [ 110.979953593643799, -6.863664773821655, 0.0 ], [ 110.979644837227596, -6.863608734389566, 0.0 ], [ 110.9792893935075, -6.863622715678013, 0.0 ], [ 110.979096303644496, -6.863640958055508, 0.0 ], [ 110.978782249822004, -6.86364007005454, 0.0 ], [ 110.978538239326596, -6.863619518446045, 0.0 ], [ 110.978477245112302, -6.863612941458728, 0.0 ], [ 110.978381773730703, -6.86357850217187, 0.0 ], [ 110.978261204100605, -6.86354305967981, 0.0 ], [ 110.978084827552905, -6.863499443563744, 0.0 ], [ 110.977963911189804, -6.863497642603603, 0.0 ], [ 110.977720613954006, -6.863454710897939, 0.0 ], [ 110.977495034929902, -6.863410994287701, 0.0 ], [ 110.977304293928398, -6.863364035069018, 0.0 ], [ 110.977141935623706, -6.863316224644821, 0.0 ], [ 110.976815075161596, -6.863220273504851, 0.0 ], [ 110.976516789631205, -6.863126901288268, 0.0 ], [ 110.976304245280303, -6.863070339239236, 0.0 ], [ 110.976132087779703, -6.863020800411377, 0.0 ], [ 110.975875798056904, -6.862948350089774, 0.0 ], [ 110.975704820007394, -6.862877009237256, 0.0 ], [ 110.975427950162199, -6.862810435762743, 0.0 ], [ 110.9753210468796, -6.86278116293016, 0.0 ], [ 110.975139574018897, -6.862722623343489, 0.0 ], [ 110.9749220203568, -6.862647642736646, 0.0 ], [ 110.974680939011407, -6.862569563068226, 0.0 ], [ 110.974494129964896, -6.862511792545306, 0.0 ], [ 110.9743632284097, -6.862461082062428, 0.0 ], [ 110.974216299339602, -6.862353681482458, 0.0 ], [ 110.974065800806599, -6.862260439015698, 0.0 ], [ 110.973976057212198, -6.862192744856441, 0.0 ], [ 110.9738350890796, -6.86213131558373, 0.0 ], [ 110.973779530694102, -6.862087437715871, 0.0 ], [ 110.973688023179903, -6.861999066517839, 0.0 ], [ 110.973591780803105, -6.861886949193745, 0.0 ], [ 110.973534905902397, -6.861818492216575, 0.0 ], [ 110.973263601494807, -6.861544507142654, 0.0 ], [ 110.973134414664301, -6.861450830990139, 0.0 ], [ 110.972982486232496, -6.861302487892237, 0.0 ], [ 110.972853966688305, -6.86119928472041, 0.0 ], [ 110.972774106208206, -6.861119357558374, 0.0 ], [ 110.972648452878801, -6.861048301229997, 0.0 ], [ 110.972538326322805, -6.860935997386642, 0.0 ], [ 110.972473176377605, -6.860874070669405, 0.0 ], [ 110.972313179565006, -6.860702345309898, 0.0 ], [ 110.972217885008703, -6.860653861272958, 0.0 ], [ 110.9720219957225, -6.860464715446608, 0.0 ], [ 110.971793062739806, -6.860197137997, 0.0 ], [ 110.971702521395002, -6.860134195496624, 0.0 ] ] ] } },
{ "type": "Feature", "properties": { "NAME": "TALUN", "AREA": 224.1, "FLOW": 0.333, "START": "BTa2", "END": "BTa.3", "TYPE": "SECONDARY", "LENGTH_KM": 0.598 }, "geometry": { "type": "MultiLineString", "coordinates": [ [ [ 110.981182502786297, -6.872345986256048, 0.0 ], [ 110.981379795059496, -6.871820226195226, 0.0 ], [ 110.981510484287398, -6.871451679894762, 0.0 ], [ 110.981515005771101, -6.87145079273708, 0.0 ], [ 110.981540584137306, -6.87135108025759, 0.0 ], [ 110.981566193850895, -6.871281318155551, 0.0 ], [ 110.981594675493, -6.870885121153175, 0.0 ], [ 110.9816390608934, -6.870352541334627, 0.0 ], [ 110.981740729465201, -6.869495237343813, 0.0 ], [ 110.981758780017998, -6.869207077232506, 0.0 ], [ 110.981781741725101, -6.869060779613863, 0.0 ], [ 110.981774912556205, -6.868999883706523, 0.0 ], [ 110.981742640266901, -6.868893387142565, 0.0 ], [ 110.981719099017297, -6.868801124700248, 0.0 ], [ 110.981646089941705, -6.868599486911355, 0.0 ], [ 110.981593135397304, -6.868454985417031, 0.0 ], [ 110.981521057014405, -6.868266729436005, 0.0 ], [ 110.981435078609707, -6.867984651373524, 0.0 ], [ 110.981387460161599, -6.86784897387628, 0.0 ], [ 110.981263805705296, -6.867456864925471, 0.0 ], [ 110.981184638134295, -6.867244143812449, 0.0 ], [ 110.981153231892804, -6.867116714602695, 0.0 ] ] ] } },
{ "type": "Feature", "properties": { "NAME": "WUWUR", "AREA": 275.6, "FLOW": 0.558, "START": "BWu.1", "END": "BWu.2", "TYPE": "SECONDARY", "LENGTH_KM": 0.347 }, "geometry": { "type": "MultiLineString", "coordinates": [ [ [ 111.003351788442401, -6.845318545081115, 0.0 ], [ 111.003186954818801, -6.845282086005073, 0.0 ], [ 111.002779508567201, -6.845178727583059, 0.0 ], [ 111.002384278600601, -6.845058274625011, 0.0 ], [ 111.002054505831396, -6.844970775340829, 0.0 ], [ 111.001603228308994, -6.844848071667816, 0.0 ], [ 111.001064127468595, -6.844680795433528, 0.0 ], [ 111.000643619832701, -6.844567997833252, 0.0 ], [ 111.000330628561997, -6.844481315243463, 0.0 ] ] ] } },
{ "type": "Feature", "properties": { "NAME": "WUWUR", "AREA": 351.0, "FLOW": 0.521, "START": "BWu.2", "END": "BWu.3", "TYPE": "SECONDARY", "LENGTH_KM": 0.472 }, "geometry": { "type": "MultiLineString", "coordinates": [ [ [ 111.000331700482405, -6.84448013526081, 0.0 ], [ 111.000027263095006, -6.844408501589837, 0.0 ], [ 110.999920760564805, -6.844367925141366, 0.0 ], [ 110.999862281150996, -6.844328763894634, 0.0 ], [ 110.999646310679097, -6.844166346088948, 0.0 ], [ 110.999424755546698, -6.843989121181928, 0.0 ], [ 110.999333358757397, -6.84390389841319, 0.0 ], [ 110.999283649267298, -6.843872507279706, 0.0 ], [ 110.999103015868201, -6.843849972676336, 0.0 ], [ 110.998821179390205, -6.843809752065639, 0.0 ], [ 110.998401426936596, -6.843766897423656, 0.0 ], [ 110.998218498787097, -6.84372781514127, 0.0 ], [ 110.998026855404007, -6.843679178133272, 0.0 ], [ 110.9975092714037, -6.843554720685273, 0.0 ], [ 110.997163926461994, -6.843468127790382, 0.0 ], [ 110.997047898420107, -6.843435203578082, 0.0 ], [ 110.996793759114098, -6.843374032831578, 0.0 ], [ 110.996524300070604, -6.843290846027069, 0.0 ], [ 110.996317432813299, -6.843244386084828, 0.0 ] ] ] } },
{ "type": "Feature", "properties": { "NAME": "WUWUR", "AREA": 283.3, "FLOW": 0.421, "START": "BWu.3", "END": "BWu.4", "TYPE": "SECONDARY", "LENGTH_KM": 0.4 }, "geometry": { "type": "MultiLineString", "coordinates": [ [ [ 110.9963185894877, -6.843243857118364, 0.0 ], [ 110.996218164936593, -6.84319439273924, 0.0 ], [ 110.9959349584867, -6.843120376862323, 0.0 ], [ 110.995613810018099, -6.84301656536497, 0.0 ], [ 110.995445371816302, -6.842948037477618, 0.0 ], [ 110.995237127426904, -6.842885245548064, 0.0 ], [ 110.994967885303396, -6.842848920387885, 0.0 ], [ 110.994758112182794, -6.842837501505962, 0.0 ], [ 110.994326493775603, -6.842790406001188, 0.0 ], [ 110.994081164833304, -6.842771771482003, 0.0 ], [ 110.993822247879194, -6.842750437876841, 0.0 ], [ 110.993599040476596, -6.842734892508814, 0.0 ], [ 110.993433058774698, -6.842706506408549, 0.0 ], [ 110.993253610266393, -6.842681719633191, 0.0 ], [ 110.993158955537794, -6.842682808750776, 0.0 ], [ 110.993096513545098, -6.842655153149613, 0.0 ], [ 110.993084345066407, -6.84261856781265, 0.0 ], [ 110.993065689796595, -6.842461401450276, 0.0 ], [ 110.993063712921696, -6.842337257773751, 0.0 ] ] ] } },
{ "type": "Feature", "properties": { "NAME": "WUWUR", "AREA": 219.0, "FLOW": 0.325, "START": "BWu.4", "END": "BWu.5", "TYPE": "SECONDARY", "LENGTH_KM": 0.355 }, "geometry": { "type": "MultiLineString", "coordinates": [ [ [ 110.993063590046503, -6.842337650573784, 0.0 ], [ 110.993022542871799, -6.842116835261112, 0.0 ], [ 110.992996692021194, -6.841993625121238, 0.0 ], [ 110.992944635800399, -6.841827151176497, 0.0 ], [ 110.992875969761599, -6.841582361538294, 0.0 ], [ 110.9928388292319, -6.841455455241203, 0.0 ], [ 110.992823806601507, -6.841404502778285, 0.0 ], [ 110.992797884604599, -6.841362387097396, 0.0 ], [ 110.992758813301407, -6.841313321842664, 0.0 ], [ 110.992714794144206, -6.841279774350277, 0.0 ], [ 110.992643199985594, -6.841197606579789, 0.0 ], [ 110.992549538765005, -6.841114155355849, 0.0 ], [ 110.992380729861694, -6.840951473147133, 0.0 ], [ 110.992292017869403, -6.840858630592229, 0.0 ], [ 110.992203698535405, -6.840779416920851, 0.0 ], [ 110.9921475612514, -6.84073408868849, 0.0 ], [ 110.992112166355298, -6.84067757862359, 0.0 ], [ 110.992080034453195, -6.840505419296685, 0.0 ], [ 110.992024604097594, -6.840253816325192, 0.0 ], [ 110.991994187562597, -6.840092582094864, 0.0 ], [ 110.991968875604698, -6.84002646707091, 0.0 ], [ 110.991918126012493, -6.839966319553914, 0.0 ], [ 110.991874450057395, -6.839953631521323, 0.0 ], [ 110.991689273575503, -6.839926079062078, 0.0 ], [ 110.991493876908805, -6.839914914064386, 0.0 ], [ 110.991447750910098, -6.839922001598991, 0.0 ] ] ] } },
{ "type": "Feature", "properties": { "NAME": "WUWUR", "AREA": 141.0, "FLOW": 0.209, "START": "BWu.5", "END": "BWu.6", "TYPE": "SECONDARY", "LENGTH_KM": 0.368 }, "geometry": { "type": "MultiLineString", "coordinates": [ [ [ 110.991448716512295, -6.839921574108997, 0.0 ], [ 110.991188230175595, -6.839944726049731, 0.0 ], [ 110.990987988122598, -6.839965695530662, 0.0 ], [ 110.990807258138801, -6.839992098070837, 0.0 ], [ 110.990655918416607, -6.84002855588684, 0.0 ], [ 110.990473708288107, -6.840028551260015, 0.0 ], [ 110.990241803561702, -6.840028544680293, 0.0 ], [ 110.990065468136393, -6.840019455119039, 0.0 ], [ 110.990003714190607, -6.840021502958139, 0.0 ], [ 110.989881985872799, -6.839973171545201, 0.0 ], [ 110.989822889134302, -6.839955754184688, 0.0 ], [ 110.989733998444606, -6.839913061225538, 0.0 ], [ 110.989534887124194, -6.839779156879723, 0.0 ], [ 110.989399953944698, -6.839681829099337, 0.0 ], [ 110.989307765215102, -6.839648789049389, 0.0 ], [ 110.989306853691104, -6.839646545066292, 0.0 ], [ 110.989187965005996, -6.839599349291204, 0.0 ], [ 110.989023877557997, -6.839560859622853, 0.0 ], [ 110.988841859802605, -6.839527185417833, 0.0 ], [ 110.988644911643206, -6.839483324528141, 0.0 ], [ 110.988490479734395, -6.839451876394041, 0.0 ], [ 110.988383703576204, -6.839428118887241, 0.0 ], [ 110.988333683686804, -6.839421533309322, 0.0 ], [ 110.988304392459895, -6.839414902195069, 0.0 ], [ 110.988282607157302, -6.839410455488641, 0.0 ], [ 110.988269742613298, -6.839404868193915, 0.0 ], [ 110.9882704313072, -6.839396696471094, 0.0 ] ] ] } },
{ "type": "Feature", "properties": { "NAME": "GEBANG", "AREA": 196.9, "FLOW": 0.295, "START": "CrGe.1", "END": "CrGe.2", "TYPE": "SECONDARY", "LENGTH_KM": 0.528 }, "geometry": { "type": "MultiLineString", "coordinates": [ [ [ 111.029051364322697, -6.820583500615482, 0.0 ], [ 111.0292009314647, -6.820460909226829, 0.0 ], [ 111.029259342775504, -6.820390821701025, 0.0 ], [ 111.029275070922196, -6.820339074462878, 0.0 ], [ 111.029412277263603, -6.819758494890218, 0.0 ], [ 111.029562463827304, -6.819056966563381, 0.0 ], [ 111.029664288425394, -6.818614762741674, 0.0 ], [ 111.029685988774801, -6.818463021169814, 0.0 ], [ 111.029678717900495, -6.818376502111107, 0.0 ], [ 111.029627592546504, -6.8181647389182, 0.0 ], [ 111.029491318298, -6.817717350782932, 0.0 ], [ 111.029365717851206, -6.817323570221373, 0.0 ], [ 111.029356902596504, -6.817185892535574, 0.0 ], [ 111.029436642598597, -6.816825820745582, 0.0 ], [ 111.029571449645204, -6.816375589579233, 0.0 ], [ 111.029647054249907, -6.816213405208233, 0.0 ], [ 111.029749673403899, -6.816070539450846, 0.0 ] ] ] } },
{ "type": "Feature", "properties": { "NAME": "GEBANG", "AREA": 191.7, "FLOW": 0.285, "START": "CrGe.2", "END": "BGe.3", "TYPE": "SECONDARY", "LENGTH_KM": 0.345 }, "geometry": { "type": "MultiLineString", "coordinates": [ [ [ 111.029749391127396, -6.816071732906338, 0.0 ], [ 111.030082743182206, -6.81563329981877, 0.0 ], [ 111.030462872359095, -6.815147712240605, 0.0 ], [ 111.030948417168801, -6.814551681837421, 0.0 ], [ 111.0314871998076, -6.813884234361781, 0.0 ], [ 111.031691751259004, -6.813628600620595, 0.0 ] ] ] } },
{ "type": "Feature", "properties": { "NAME": "KLAMBU KANAN", "AREA": 4732.7, "FLOW": 7.266, "START": "CrKKa.1", "END": "BKKa.15", "TYPE": "PRIMARY", "LENGTH_KM": 0.188 }, "geometry": { "type": "MultiLineString", "coordinates": [ [ [ 110.904452547700302, -6.926328502235389, 0.0 ], [ 110.904663198500799, -6.926209149909169, 0.0 ], [ 110.904840606949705, -6.926130970699879, 0.0 ], [ 110.905118345213197, -6.926062728678714, 0.0 ], [ 110.905382860227107, -6.926060931246045, 0.0 ], [ 110.905470761359197, -6.926059377857201, 0.0 ], [ 110.9060954047401, -6.926061795635129, 0.0 ] ] ] } },
{ "type": "Feature", "properties": { "NAME": "KLAMBU KANAN", "AREA": 4101.26, "FLOW": 6.339, "START": "CrKKa.2", "END": "BKKa.25", "TYPE": "PRIMARY", "LENGTH_KM": 0.14 }, "geometry": { "type": "MultiLineString", "coordinates": [ [ [ 110.954888496864896, -6.911550467975393, 0.0 ], [ 110.956155601392595, -6.911471803257035, 0.0 ] ] ] } },
{ "type": "Feature", "properties": { "NAME": "KLAMBU KANAN", "AREA": 3862.3, "FLOW": 5.966, "START": "CrKKa.3", "END": "CrKKa.4", "TYPE": "PRIMARY", "LENGTH_KM": 0.321 }, "geometry": { "type": "MultiLineString", "coordinates": [ [ [ 110.966356750589298, -6.908761808639859, 0.0 ], [ 110.966849554321399, -6.908147746125053, 0.0 ], [ 110.9674188451676, -6.907449757349311, 0.0 ], [ 110.968200798278403, -6.906514040068663, 0.0 ] ] ] } },
{ "type": "Feature", "properties": { "NAME": "KLAMBU KANAN", "AREA": 3856.9, "FLOW": 5.959, "START": "CrKKa.4", "END": "BKKa.27", "TYPE": "PRIMARY", "LENGTH_KM": 0.406 }, "geometry": { "type": "MultiLineString", "coordinates": [ [ [ 110.968201160070507, -6.906514547665293, 0.0 ], [ 110.968504439632696, -6.906165929767746, 0.0 ], [ 110.969264792969696, -6.905225454038413, 0.0 ], [ 110.969529725728705, -6.904905263320704, 0.0 ], [ 110.969617516394294, -6.904769249479902, 0.0 ], [ 110.969737230877399, -6.904476093116153, 0.0 ], [ 110.969972969652204, -6.903777638909033, 0.0 ], [ 110.970089003086201, -6.903423081749159, 0.0 ] ] ] } },
{ "type": "Feature", "properties": { "NAME": "KLAMBU KANAN", "AREA": 1185.4, "FLOW": 1.653, "START": "CrKKa.5", "END": "BKKa.45", "TYPE": "PRIMARY", "LENGTH_KM": 0.644 }, "geometry": { "type": "MultiLineString", "coordinates": [ [ [ 111.011731230390097, -6.844265329499219, 0.0 ], [ 111.011922083051701, -6.844066035205646, 0.0 ], [ 111.012181574633303, -6.843800433827214, 0.0 ], [ 111.012515828746402, -6.84345219978786, 0.0 ], [ 111.012984694839503, -6.842962220389063, 0.0 ], [ 111.013227944256997, -6.842709658661365, 0.0 ], [ 111.013327685942699, -6.842560091622415, 0.0 ], [ 111.013431886303593, -6.842345550241885, 0.0 ], [ 111.013490249372595, -6.842120023755391, 0.0 ], [ 111.013522057368604, -6.841913105906296, 0.0 ], [ 111.013599180757694, -6.841501876854463, 0.0 ], [ 111.013690359526393, -6.840979848907659, 0.0 ], [ 111.013819688280194, -6.840296450047242, 0.0 ], [ 111.013937442394393, -6.839558728968586, 0.0 ], [ 111.013998418628702, -6.839221767856873, 0.0 ], [ 111.014002805638896, -6.83915315836405, 0.0 ] ] ] } },
{ "type": "Feature", "properties": { "NAME": "KARABAN", "AREA": 262.5, "FLOW": 0.39, "START": "CrKn.1", "END": "BKn.2", "TYPE": "SECONDARY", "LENGTH_KM": 0.544 }, "geometry": { "type": "MultiLineString", "coordinates": [ [ [ 111.011005740417104, -6.83626810661326, 0.0 ], [ 111.010912403969201, -6.836352195635378, 0.0 ], [ 111.010665340753803, -6.836527639197197, 0.0 ], [ 111.010621067411094, -6.836579533190897, 0.0 ], [ 111.010590774917702, -6.836652333568598, 0.0 ], [ 111.010595247884297, -6.836689751141914, 0.0 ], [ 111.010558662808194, -6.836923425173058, 0.0 ], [ 111.010548657272594, -6.837156041704234, 0.0 ], [ 111.010480699936494, -6.83732831056243, 0.0 ], [ 111.010428031307598, -6.837417226866071, 0.0 ], [ 111.010237697553094, -6.837455662668923, 0.0 ], [ 111.0100594898704, -6.837444862888382, 0.0 ], [ 111.009544383396602, -6.837343980055491, 0.0 ], [ 111.0095428910018, -6.837343980068517, 0.0 ], [ 111.009194318803594, -6.837254743944777, 0.0 ], [ 111.008809065523394, -6.837179890151494, 0.0 ], [ 111.008621874035001, -6.837141757646133, 0.0 ], [ 111.008046006192004, -6.837017421337826, 0.0 ], [ 111.007555961410205, -6.836920328308106, 0.0 ], [ 111.007485306709199, -6.836897049790106, 0.0 ], [ 111.007387133058998, -6.836875090264249, 0.0 ], [ 111.007246029921404, -6.83685624525335, 0.0 ], [ 111.0071309161779, -6.836852794234548, 0.0 ], [ 111.006996931401204, -6.836872956621665, 0.0 ], [ 111.006949584172304, -6.836890961078411, 0.0 ] ] ] } },
{ "type": "Feature", "properties": { "NAME": "PONCOMULYO", "AREA": 2223.4, "FLOW": 3.303, "START": "CrP.1", "END": "BP.2", "TYPE": "SECONDARY", "LENGTH_KM": 0.526 }, "geometry": { "type": "MultiLineString", "coordinates": [ [ [ 110.874751947646402, -6.902657774995247, 0.0 ], [ 110.874443637384402, -6.902392471069828, 0.0 ], [ 110.873977523307303, -6.901963925755986, 0.0 ], [ 110.873279926039203, -6.90131090497874, 0.0 ], [ 110.872983395014899, -6.901040261248861, 0.0 ], [ 110.872409632982993, -6.900521205521348, 0.0 ], [ 110.872203484476799, -6.900312073441508, 0.0 ], [ 110.872053952838399, -6.900089763938928, 0.0 ], [ 110.871962007237101, -6.899916650232869, 0.0 ], [ 110.871908198760394, -6.899732780669998, 0.0 ], [ 110.871894327575603, -6.89962854093792, 0.0 ], [ 110.871890927414199, -6.89953750612875, 0.0 ], [ 110.871890619663503, -6.899434502126047, 0.0 ], [ 110.871952680010807, -6.899102362953369, 0.0 ] ] ] } },
{ "type": "Feature", "properties": { "NAME": "PONCOMULYO", "AREA": 1763.7, "FLOW": 2.62, "START": "CrP.2", "END": "BP.9", "TYPE": "SECONDARY", "LENGTH_KM": 0.449 }, "geometry": { "type": "MultiLineString", "coordinates": [ [ [ 110.890931124921494, -6.873974639952103, 0.0 ], [ 110.891145332342802, -6.873843654482605, 0.0 ], [ 110.891428425354107, -6.873681826233496, 0.0 ], [ 110.891593350803703, -6.873588944803871, 0.0 ], [ 110.891890779491106, -6.87342129416426, 0.0 ], [ 110.892214702944798, -6.873252217336831, 0.0 ], [ 110.892543739895004, -6.873060312525852, 0.0 ], [ 110.892943646960305, -6.872837680651478, 0.0 ], [ 110.893268300298104, -6.872697326777557, 0.0 ], [ 110.893636078977906, -6.872626812721156, 0.0 ], [ 110.893926884807698, -6.872614519174649, 0.0 ], [ 110.894354985207201, -6.872614177256636, 0.0 ], [ 110.894656201666706, -6.872627180679915, 0.0 ] ] ] } },
{ "type": "Feature", "properties": { "NAME": "SURAN", "AREA": 122.5, "FLOW": 0.182, "START": "CrSu.1", "END": "BSu.1", "TYPE": "SECONDARY", "LENGTH_KM": 0.348 }, "geometry": { "type": "MultiLineString", "coordinates": [ [ [ 110.941264318714005, -6.914060778944184, 0.0 ], [ 110.941255398131304, -6.913820023183143, 0.0 ], [ 110.941254488155806, -6.913543114587034, 0.0 ], [ 110.941259790520107, -6.913254303388717, 0.0 ], [ 110.941271711967104, -6.912992897393736, 0.0 ], [ 110.941282363096605, -6.912647297416327, 0.0 ], [ 110.941283680585002, -6.912486554969481, 0.0 ], [ 110.9412742337867, -6.912081615023057, 0.0 ], [ 110.941274050539903, -6.911726175279737, 0.0 ], [ 110.941261724581906, -6.91153912301473, 0.0 ], [ 110.941289589142301, -6.91147479254356, 0.0 ], [ 110.941354133962804, -6.911339149702037, 0.0 ], [ 110.941331232881694, -6.911257826481214, 0.0 ], [ 110.941297604110503, -6.911199311244801, 0.0 ], [ 110.941298020022401, -6.911166941503813, 0.0 ], [ 110.941321369658496, -6.911081782732385, 0.0 ], [ 110.941354065246301, -6.910999219884681, 0.0 ], [ 110.941371790624501, -6.910956934263516, 0.0 ] ] ] } },
{ "type": "Feature", "properties": { "NAME": "KLAMBU KANAN", "AREA": 11000.05, "FLOW": 17.013, "START": "Kletak", "END": "BKKa.1", "TYPE": "PRIMARY", "LENGTH_KM": 2.167 }, "geometry": { "type": "MultiLineString", "coordinates": [ [ [ 110.799474785838797, -7.017290003618289, 0.0 ], [ 110.799326479864902, -7.017098382097402, 0.0 ], [ 110.798942521613796, -7.016959627290306, 0.0 ], [ 110.797797516063895, -7.016969255459412, 0.0 ], [ 110.797244287588796, -7.016902890290226, 0.0 ], [ 110.796927621399405, -7.01680058717758, 0.0 ], [ 110.796747459266399, -7.016686611521095, 0.0 ], [ 110.796554225726496, -7.016541344682772, 0.0 ], [ 110.796322842207502, -7.016127745390905, 0.0 ], [ 110.796148798353698, -7.015618910510739, 0.0 ], [ 110.795954521173002, -7.015120611553241, 0.0 ], [ 110.795791200180204, -7.014732431163998, 0.0 ], [ 110.795578498383804, -7.0141747178769, 0.0 ], [ 110.795466869410504, -7.013911509312225, 0.0 ], [ 110.795312868890605, -7.013509029581642, 0.0 ], [ 110.795144230087701, -7.01308386041012, 0.0 ], [ 110.795033478757105, -7.012822399839264, 0.0 ], [ 110.794859791861796, -7.012371190564032, 0.0 ], [ 110.794707711102802, -7.011966525519249, 0.0 ], [ 110.794561047465905, -7.011626715943038, 0.0 ], [ 110.794422081621605, -7.011333012765218, 0.0 ], [ 110.794278933718104, -7.011049193147486, 0.0 ], [ 110.793971799682495, -7.010727987346857, 0.0 ], [ 110.793717597949893, -7.010524230736329, 0.0 ], [ 110.793405519085795, -7.010289058511758, 0.0 ], [ 110.793025137222301, -7.009998876168056, 0.0 ], [ 110.792750860302107, -7.009736963565374, 0.0 ], [ 110.792626797225907, -7.009605797783434, 0.0 ], [ 110.792363158286307, -7.009155033423192, 0.0 ], [ 110.792233760469898, -7.008625167348358, 0.0 ], [ 110.792207163753204, -7.008398955891699, 0.0 ], [ 110.792219605381405, -7.008124802758979, 0.0 ], [ 110.792247300860794, -7.007903298984575, 0.0 ], [ 110.7922970067834, -7.007702492296911, 0.0 ], [ 110.792429878906106, -7.007123482120023, 0.0 ], [ 110.792576874030701, -7.00658426698058, 0.0 ], [ 110.792691796058804, -7.006089069591814, 0.0 ], [ 110.792800996640693, -7.005690232774049, 0.0 ], [ 110.792933063749402, -7.005172881184863, 0.0 ], [ 110.793118759459801, -7.004489510158932, 0.0 ], [ 110.7932370329751, -7.004014291322038, 0.0 ], [ 110.793355168736198, -7.003665326747302, 0.0 ], [ 110.793484693664496, -7.003108837675839, 0.0 ], [ 110.793619986914607, -7.002493974354341, 0.0 ], [ 110.793718066780301, -7.001863791169116, 0.0 ], [ 110.793763385214106, -7.001573952086499, 0.0 ] ] ] } }
]
}
