{
"type": "FeatureCollection",
"name": "CANAL_LINES",
"crs": { "type": "name", "properties": { "name": "urn:ogc:def:crs:OGC:1.3:CRS84" } },
"features": [
{ "type": "Feature", "properties": { "NAME": "Klambu Kanan", "OBJ_ID": "PR01", "VILLAGE": "Baleadi", "CC_4": "3318010012", "SUB_DIST": "Sukolilo", "DISTRICT": "Pati", "TYPE": "Primary" }, "geometry": { "type": "MultiLineString", "coordinates": [ [ [ 110.870994448952104, -6.946101716667608, 0.0 ], [ 110.871310438464107, -6.945932926360899, 0.0 ], [ 110.871627598862403, -6.945719288475014, 0.0 ], [ 110.871737395491706, -6.945660177808888, 0.0 ], [ 110.872385136590395, -6.945263333517153, 0.0 ], [ 110.872796366672603, -6.945006751605176, 0.0 ], [ 110.873356673894193, -6.944689129769628, 0.0 ], [ 110.873636847491198, -6.944571466559635, 0.0 ], [ 110.874005845118006, -6.944423544580126, 0.0 ], [ 110.874483471248794, -6.94425660527618, 0.0 ], [ 110.874970299871606, -6.944082148861374, 0.0 ], [ 110.875382388554399, -6.943927041752485, 0.0 ], [ 110.876063720732802, -6.943657404908405, 0.0 ], [ 110.876739710825802, -6.943368263907225, 0.0 ], [ 110.877263548910094, -6.943204838265741, 0.0 ], [ 110.877482068365197, -6.943127216474371, 0.0 ], [ 110.877850984011801, -6.942976042630279, 0.0 ], [ 110.878253594715005, -6.942839564327157, 0.0 ], [ 110.878547957207203, -6.942647490550546, 0.0 ], [ 110.878705588892004, -6.942463858663069, 0.0 ], [ 110.878803860230803, -6.942313442019752, 0.0 ], [ 110.8789795732404, -6.942050523492957, 0.0 ], [ 110.879577265362101, -6.941149464256535, 0.0 ], [ 110.879899559403398, -6.940684506818452, 0.0 ], [ 110.880160549590499, -6.94029126438167, 0.0 ], [ 110.880398297689894, -6.939954489166404, 0.0 ], [ 110.880696501062303, -6.939502213413219, 0.0 ], [ 110.881055629369499, -6.939020618918321, 0.0 ], [ 110.881360895986603, -6.938585401289376, 0.0 ], [ 110.881410045735393, -6.93851000229601, 0.0 ], [ 110.881511679209396, -6.938473464063373, 0.0 ], [ 110.881979488258494, -6.938194191388643, 0.0 ], [ 110.881986872109906, -6.938189234252556, 0.0 ], [ 110.882414182935605, -6.937975089064483, 0.0 ], [ 110.882641497564805, -6.937879368064841, 0.0 ], [ 110.882944666697199, -6.937716586651472, 0.0 ], [ 110.883140660957196, -6.93761835009458, 0.0 ], [ 110.883395628514194, -6.93745755413194, 0.0 ], [ 110.8837430515199, -6.93731341873842, 0.0 ], [ 110.884066188321796, -6.937137409972746, 0.0 ], [ 110.884388031214996, -6.936939978147209, 0.0 ], [ 110.884390285459403, -6.936940067594165, 0.0 ], [ 110.884537024459306, -6.936875825949554, 0.0 ], [ 110.884547548297803, -6.936872946282834, 0.0 ], [ 110.884964721980396, -6.936657185551653, 0.0 ], [ 110.885470127829805, -6.936409930806839, 0.0 ], [ 110.885755426000102, -6.936257762533043, 0.0 ], [ 110.885961706296897, -6.936166871135831, 0.0 ], [ 110.886455141002102, -6.935928190246013, 0.0 ], [ 110.887054282508004, -6.935641186659304, 0.0 ], [ 110.887444405256701, -6.935420753835085, 0.0 ], [ 110.888062255642595, -6.935087183830624, 0.0 ], [ 110.888314111316106, -6.934953431527864, 0.0 ], [ 110.888486203617802, -6.934897879200851, 0.0 ], [ 110.8886931553197, -6.934848473954704, 0.0 ], [ 110.889199188988201, -6.934687943049066, 0.0 ], [ 110.889694240212805, -6.934524355828152, 0.0 ], [ 110.890013781403496, -6.934420003863713, 0.0 ], [ 110.890167577031903, -6.934360652369803, 0.0 ], [ 110.890542348928605, -6.93421774451362, 0.0 ], [ 110.890867983810693, -6.934149562566827, 0.0 ], [ 110.891083925759901, -6.934068686834473, 0.0 ], [ 110.891295337669703, -6.933986440973161, 0.0 ], [ 110.891771565247595, -6.933644365605673, 0.0 ], [ 110.892181644393304, -6.933273347109065, 0.0 ], [ 110.892537395860302, -6.932965798994037, 0.0 ], [ 110.892686514797404, -6.932804087374892, 0.0 ] ] ] } },
{ "type": "Feature", "properties": { "NAME": "Klambu Kanan", "OBJ_ID": "PR02", "VILLAGE": "Baturejo", "CC_4": "3318010014", "SUB_DIST": "Sukolilo", "DISTRICT": "Pati", "TYPE": "Primary" }, "geometry": { "type": "MultiLineString", "coordinates": [ [ [ 110.911234497741802, -6.925066481772178, 0.0 ], [ 110.911506129565794, -6.924902799817028, 0.0 ], [ 110.911779699900507, -6.924756870530681, 0.0 ], [ 110.912290271682807, -6.924453823688088, 0.0 ], [ 110.912636744504596, -6.924253795239335, 0.0 ], [ 110.912866718296002, -6.924140010690577, 0.0 ], [ 110.913093186645298, -6.924076578168403, 0.0 ], [ 110.913507356877105, -6.923990467299955, 0.0 ], [ 110.913996661913799, -6.923916566929567, 0.0 ], [ 110.914380321387895, -6.923849422888544, 0.0 ], [ 110.914673474741093, -6.923801759681439, 0.0 ], [ 110.9147935310679, -6.9237783535377, 0.0 ] ] ] } },
{ "type": "Feature", "properties": { "NAME": "Klambu Kanan", "OBJ_ID": "PR03", "VILLAGE": "Boloagung", "CC_4": "3318020016", "SUB_DIST": "Kayen", "DISTRICT": "Pati", "TYPE": "Primary" }, "geometry": { "type": "MultiLineString", "coordinates": [ [ [ 110.999588535646893, -6.863158735198192, 0.0 ], [ 110.999822639320001, -6.862487736755791, 0.0 ], [ 111.000052942896303, -6.861838082118876, 0.0 ], [ 111.000185718996704, -6.861445852722349, 0.0 ], [ 111.000303923971302, -6.861017475805278, 0.0 ], [ 111.0005495759616, -6.860471109677193, 0.0 ], [ 111.000679194363201, -6.860095273642621, 0.0 ], [ 111.000713525295296, -6.859899050104277, 0.0 ], [ 111.000809510278302, -6.859608835567106, 0.0 ], [ 111.001007834228204, -6.859047161939511, 0.0 ], [ 111.001140222074397, -6.858623318882064, 0.0 ], [ 111.001265101199706, -6.858312119010743, 0.0 ], [ 111.001310266939697, -6.858119690582062, 0.0 ] ] ] } },
{ "type": "Feature", "properties": { "NAME": "Klambu Kanan", "OBJ_ID": "PR04", "VILLAGE": "Cengkalsewu", "CC_4": "3318010016", "SUB_DIST": "Sukolilo", "DISTRICT": "Pati", "TYPE": "Primary" }, "geometry": { "type": "MultiLineString", "coordinates": [ [ [ 110.950337213700706, -6.91233250241633, 0.0 ], [ 110.9506513005622, -6.91209704530974, 0.0 ], [ 110.950973734594697, -6.911896740923091, 0.0 ], [ 110.951341189098997, -6.911831807540273, 0.0 ], [ 110.952302426444504, -6.911744499476699, 0.0 ], [ 110.952819187398404, -6.911745358935113, 0.0 ], [ 110.953009513378603, -6.911743369338379, 0.0 ] ] ] } },
{ "type": "Feature", "properties": { "NAME": "Klambu Kanan", "OBJ_ID": "PR05", "VILLAGE": "Gadudero", "CC_4": "3318010009", "SUB_DIST": "Sukolilo", "DISTRICT": "Pati", "TYPE": "Primary" }, "geometry": { "type": "MultiLineString", "coordinates": [ [ [ 110.929735128945893, -6.92616951222927, 0.0 ], [ 110.930137801553002, -6.926043429675665, 0.0 ], [ 110.930546048984795, -6.925819045915471, 0.0 ], [ 110.930934467231296, -6.925580970185385, 0.0 ], [ 110.931312619836007, -6.925375840944001, 0.0 ], [ 110.931585061408995, -6.925197417303377, 0.0 ], [ 110.932233927614803, -6.924794327456822, 0.0 ], [ 110.932791088724798, -6.924420268421251, 0.0 ], [ 110.933272334971406, -6.924128231167122, 0.0 ], [ 110.933886210043795, -6.923762354095802, 0.0 ], [ 110.934348738224301, -6.923451390032487, 0.0 ] ] ] } },
{ "type": "Feature", "properties": { "NAME": "Klambu Kanan", "OBJ_ID": "PR06", "VILLAGE": "Jatiroto", "CC_4": "3318020008", "SUB_DIST": "Kayen", "DISTRICT": "Pati", "TYPE": "Primary" }, "geometry": { "type": "MultiLineString", "coordinates": [ [ [ 110.990769906813298, -6.881517340055326, 0.0 ], [ 110.990979536684705, -6.881402214545369, 0.0 ], [ 110.991462665919599, -6.881123614115491, 0.0 ], [ 110.992019513425404, -6.880787030497508, 0.0 ], [ 110.992129951600603, -6.880666815940665, 0.0 ], [ 110.992373544851006, -6.880374973076846, 0.0 ], [ 110.9925612951874, -6.880013633985883, 0.0 ], [ 110.9927172974364, -6.879659777321116, 0.0 ], [ 110.9927234646009, -6.879650850834476, 0.0 ], [ 110.9928635911116, -6.87930088178834, 0.0 ], [ 110.993007340199497, -6.879028653975117, 0.0 ], [ 110.993126855419405, -6.878728223955913, 0.0 ], [ 110.993433839679199, -6.878087786083936, 0.0 ], [ 110.993721113793598, -6.877485127308767, 0.0 ], [ 110.993858752734695, -6.877196217634928, 0.0 ], [ 110.994083013367302, -6.876662540257954, 0.0 ], [ 110.994211281484397, -6.876415073967374, 0.0 ], [ 110.994246142544995, -6.876325243919793, 0.0 ] ] ] } },
{ "type": "Feature", "properties": { "NAME": "Klambu Kanan", "OBJ_ID": "PR07", "VILLAGE": "Jenengan", "CC_4": "3315150008", "SUB_DIST": "Klambu", "DISTRICT": "Grobogan", "TYPE": "Primary" }, "geometry": { "type": "MultiLineString", "coordinates": [ [ [ 110.7892971141099, -6.97545484772367, 0.0 ], [ 110.789429261104502, -6.9753126911283, 0.0 ], [ 110.789625689874498, -6.97510175583251, 0.0 ], [ 110.790015260848506, -6.974661673996119, 0.0 ], [ 110.790325383185007, -6.974286492224145, 0.0 ], [ 110.790526958866494, -6.974092586945241, 0.0 ], [ 110.790634162929294, -6.973961831424775, 0.0 ], [ 110.790964310899099, -6.973573074801925, 0.0 ], [ 110.791378933081404, -6.973092341090405, 0.0 ], [ 110.791629379794998, -6.972777934506814, 0.0 ], [ 110.791824062252303, -6.972545282821413, 0.0 ], [ 110.7919259029442, -6.972355166541546, 0.0 ], [ 110.792049605002902, -6.972041267157981, 0.0 ], [ 110.792113851216698, -6.971841701196366, 0.0 ], [ 110.792247461619894, -6.971397459473992, 0.0 ], [ 110.792342091581801, -6.971185578998058, 0.0 ], [ 110.792477751781803, -6.970945563549441, 0.0 ], [ 110.792646490397303, -6.970756340878546, 0.0 ], [ 110.792918484807402, -6.970587498689202, 0.0 ], [ 110.793163782696098, -6.970490948673271, 0.0 ], [ 110.793447085457103, -6.970426791414255, 0.0 ], [ 110.794681505880106, -6.970063542112465, 0.0 ], [ 110.795285513591594, -6.969906768014267, 0.0 ], [ 110.795452833891503, -6.969876900498273, 0.0 ], [ 110.795646311795096, -6.969884185592321, 0.0 ], [ 110.795896658559698, -6.96988689737478, 0.0 ], [ 110.7959182148427, -6.969896595378818, 0.0 ], [ 110.796089287720804, -6.96992679160988, 0.0 ], [ 110.796888543509993, -6.970050012559105, 0.0 ], [ 110.797279820912806, -6.970131511343996, 0.0 ], [ 110.797673284181101, -6.970202115510094, 0.0 ], [ 110.797920689522996, -6.970171368062666, 0.0 ], [ 110.798293522788001, -6.970105913784303, 0.0 ], [ 110.798493387600899, -6.970077226008293, 0.0 ], [ 110.798700692192, -6.970034820145279, 0.0 ], [ 110.799163486165597, -6.969893447943114, 0.0 ], [ 110.799575852747495, -6.969758984817566, 0.0 ], [ 110.799848522890201, -6.969693008201297, 0.0 ], [ 110.800120530583399, -6.969476859874316, 0.0 ], [ 110.800129473789298, -6.969467413810423, 0.0 ], [ 110.800358877570702, -6.969320363909787, 0.0 ], [ 110.800518694126396, -6.969265202585489, 0.0 ] ] ] } },
{ "type": "Feature", "properties": { "NAME": "Klambu Kanan", "OBJ_ID": "PR08", "VILLAGE": "Jimbaran", "CC_4": "3318020001", "SUB_DIST": "Kayen", "DISTRICT": "Pati", "TYPE": "Primary" }, "geometry": { "type": "MultiLineString", "coordinates": [ [ [ 110.959405681275101, -6.911890714463071, 0.0 ], [ 110.959915845955607, -6.911962852421166, 0.0 ], [ 110.960135776182199, -6.911942953880389, 0.0 ], [ 110.960666086551299, -6.911909263022131, 0.0 ], [ 110.961554616992004, -6.911743595128996, 0.0 ], [ 110.962667868691, -6.911521435648623, 0.0 ], [ 110.963206557987903, -6.911422030220506, 0.0 ], [ 110.963547792176897, -6.911361590944152, 0.0 ], [ 110.963757394577598, -6.911326857226962, 0.0 ], [ 110.964221509327601, -6.911137462578346, 0.0 ], [ 110.964557211113501, -6.910890632425812, 0.0 ], [ 110.965139363472403, -6.910249833082457, 0.0 ], [ 110.965430018959907, -6.909866796789928, 0.0 ], [ 110.966078729865202, -6.909086087846978, 0.0 ], [ 110.966823915081505, -6.908188817949588, 0.0 ], [ 110.967294141215504, -6.907631159409668, 0.0 ], [ 110.968124632487701, -6.906638701054426, 0.0 ], [ 110.968538888612002, -6.90609949359344, 0.0 ], [ 110.969094126958794, -6.905429659131302, 0.0 ], [ 110.969442417179295, -6.905004965881434, 0.0 ], [ 110.969597351675105, -6.904790842514086, 0.0 ], [ 110.9696956419657, -6.904562913775876, 0.0 ], [ 110.9699423623115, -6.903807329011896, 0.0 ] ] ] } },
{ "type": "Feature", "properties": { "NAME": "Klambu Kanan", "OBJ_ID": "PR09", "VILLAGE": "Karaban", "CC_4": "3318110002", "SUB_DIST": "Gabus", "DISTRICT": "Pati", "TYPE": "Primary" }, "geometry": { "type": "MultiLineString", "coordinates": [ [ [ 111.013023503273203, -6.842965916617081, 0.0 ], [ 111.013093442788403, -6.842896813262904, 0.0 ], [ 111.013265516765699, -6.842697083062999, 0.0 ], [ 111.013390976521293, -6.842498446493967, 0.0 ], [ 111.013462061362503, -6.842311440156831, 0.0 ], [ 111.013497746293595, -6.842158590984013, 0.0 ], [ 111.013534777225303, -6.841972406886032, 0.0 ], [ 111.0135982220784, -6.841601126718083, 0.0 ], [ 111.013670576275501, -6.84118899218541, 0.0 ], [ 111.013767616909504, -6.840725549058686, 0.0 ], [ 111.013853823010194, -6.840276163908277, 0.0 ], [ 111.013938321683796, -6.839656655988644, 0.0 ], [ 111.013997967702494, -6.839333003141766, 0.0 ], [ 111.014016245309705, -6.839227424066953, 0.0 ], [ 111.014022476939004, -6.839167986285021, 0.0 ], [ 111.014020449730097, -6.839161905507646, 0.0 ] ] ] } },
{ "type": "Feature", "properties": { "NAME": "Klambu Kanan", "OBJ_ID": "PR10", "VILLAGE": "Kayen", "CC_4": "3318020009", "SUB_DIST": "Kayen", "DISTRICT": "Pati", "TYPE": "Primary" }, "geometry": { "type": "MultiLineString", "coordinates": [ [ [ 110.969939334157303, -6.903808378921605, 0.0 ], [ 110.970229169390507, -6.903053124386635, 0.0 ], [ 110.970793190313202, -6.901499836950721, 0.0 ], [ 110.971457669933301, -6.899616171338649, 0.0 ], [ 110.971729296065305, -6.898736042470962, 0.0 ], [ 110.972133377737293, -6.897647082427724, 0.0 ], [ 110.972770576917199, -6.895991413778462, 0.0 ], [ 110.972958143404099, -6.895434899758576, 0.0 ], [ 110.973090440819007, -6.895025500442271, 0.0 ], [ 110.973134859406301, -6.89487397555513, 0.0 ] ] ] } },
{ "type": "Feature", "properties": { "NAME": "Klambu Kanan", "OBJ_ID": "PR11", "VILLAGE": "Kedumulyo", "CC_4": "3318010008", "SUB_DIST": "Sukolilo", "DISTRICT": "Pati", "TYPE": "Primary" }, "geometry": { "type": "MultiLineString", "coordinates": [ [ [ 110.934356564439, -6.923449891344182, 0.0 ], [ 110.9347102316882, -6.923105949518023, 0.0 ], [ 110.935126083767003, -6.922617597053658, 0.0 ], [ 110.935562414211802, -6.922082475545106, 0.0 ], [ 110.936118348512693, -6.921392748767916, 0.0 ], [ 110.9366525193564, -6.920697750316621, 0.0 ], [ 110.936918094722799, -6.920395743483873, 0.0 ], [ 110.937707553235995, -6.919623573009625, 0.0 ], [ 110.938519710045696, -6.918761975397299, 0.0 ], [ 110.939078184511899, -6.918185702546285, 0.0 ], [ 110.939593463732194, -6.917659031261729, 0.0 ], [ 110.940074384950805, -6.917461922899158, 0.0 ], [ 110.940906400392294, -6.917222937481433, 0.0 ], [ 110.941966307042804, -6.916972596270776, 0.0 ], [ 110.942968671955995, -6.916674569786494, 0.0 ], [ 110.9438769277332, -6.916388515878989, 0.0 ], [ 110.944274018703993, -6.916326376669847, 0.0 ], [ 110.944437646746707, -6.916300800093419, 0.0 ], [ 110.944710980486093, -6.916210656231528, 0.0 ], [ 110.945254883908106, -6.915962588544073, 0.0 ], [ 110.946089541397598, -6.915358745725211, 0.0 ], [ 110.947021257898896, -6.914641897412967, 0.0 ], [ 110.947863637820404, -6.914100214659663, 0.0 ], [ 110.948346535941596, -6.91378337078011, 0.0 ], [ 110.949143660412005, -6.913210722834347, 0.0 ], [ 110.949939720913804, -6.912667388048351, 0.0 ], [ 110.950331288158793, -6.912338765622057, 0.0 ] ] ] } },
{ "type": "Feature", "properties": { "NAME": "Klambu Kanan", "OBJ_ID": "PR12", "VILLAGE": "Kedungwinong", "CC_4": "3318010011", "SUB_DIST": "Sukolilo", "DISTRICT": "Pati", "TYPE": "Primary" }, "geometry": { "type": "MultiLineString", "coordinates": [ [ [ 110.892691734123105, -6.9328056598682, 0.0 ], [ 110.893054485735306, -6.932493652548676, 0.0 ], [ 110.893427515214, -6.932101624288575, 0.0 ], [ 110.893791318591596, -6.931834898703437, 0.0 ], [ 110.894052718900198, -6.931585096626462, 0.0 ], [ 110.894410405825695, -6.931260098125176, 0.0 ], [ 110.894830030164101, -6.930895522407395, 0.0 ], [ 110.895176867903103, -6.93060030826435, 0.0 ], [ 110.895290990008405, -6.930507263197274, 0.0 ], [ 110.895489558007696, -6.930467125734557, 0.0 ], [ 110.895923250937798, -6.930389273885021, 0.0 ], [ 110.896097106059003, -6.930362119515491, 0.0 ], [ 110.8970280130372, -6.930208832312406, 0.0 ], [ 110.897728637234806, -6.930126809683543, 0.0 ], [ 110.897962469869597, -6.930078757292595, 0.0 ], [ 110.898658776098003, -6.929976026296255, 0.0 ], [ 110.899277387705894, -6.929898409627875, 0.0 ], [ 110.899524909055501, -6.929829854621558, 0.0 ], [ 110.899754643974703, -6.929701882864951, 0.0 ], [ 110.899961051542206, -6.929559021526877, 0.0 ], [ 110.900433856019703, -6.929226629389465, 0.0 ], [ 110.900816803924897, -6.928931692720377, 0.0 ], [ 110.901042905734698, -6.928767201933914, 0.0 ], [ 110.901511154745506, -6.928437549634031, 0.0 ], [ 110.902040797408503, -6.928072858931189, 0.0 ], [ 110.902206203699606, -6.927937128145634, 0.0 ], [ 110.902463422825207, -6.927767961933295, 0.0 ], [ 110.902924547515696, -6.927450327311103, 0.0 ], [ 110.9034002510287, -6.927128879099449, 0.0 ], [ 110.903681452155894, -6.92686756584179, 0.0 ], [ 110.904197025298899, -6.926541471951766, 0.0 ], [ 110.904619570657502, -6.926246531533569, 0.0 ], [ 110.904903171852197, -6.926146431978859, 0.0 ], [ 110.905201182775201, -6.926093020809579, 0.0 ], [ 110.905870860441894, -6.926087985868155, 0.0 ], [ 110.906216262060894, -6.926090159535648, 0.0 ], [ 110.906783462376396, -6.926110512378197, 0.0 ], [ 110.907113838425403, -6.92608539041291, 0.0 ], [ 110.907787125503603, -6.926080911650442, 0.0 ], [ 110.908248212433094, -6.926109568054127, 0.0 ], [ 110.908635522351503, -6.926098419214902, 0.0 ], [ 110.908861700336701, -6.926096901853159, 0.0 ], [ 110.909379935759702, -6.926083486126762, 0.0 ], [ 110.909541483259403, -6.926049447328595, 0.0 ], [ 110.9096803462933, -6.925989494788303, 0.0 ], [ 110.909863263985699, -6.925887447226628, 0.0 ], [ 110.910108800977895, -6.925732309548616, 0.0 ], [ 110.910444821273302, -6.925555013681421, 0.0 ], [ 110.910583479073793, -6.925460498080994, 0.0 ], [ 110.9106355242115, -6.925416551393898, 0.0 ] ] ] } },
{ "type": "Feature", "properties": { "NAME": "Klambu Kanan", "OBJ_ID": "PR13", "VILLAGE": "Klambu", "CC_4": "3315150005", "SUB_DIST": "Klambu", "DISTRICT": "Pati", "TYPE": "Primary" }, "geometry": { "type": "MultiLineString", "coordinates": [ [ [ 110.796899926028203, -7.016761932292007, 0.0 ], [ 110.796721039993798, -7.016676858010671, 0.0 ], [ 110.796593133677206, -7.016566364164998, 0.0 ], [ 110.796460592773997, -7.016376654306378, 0.0 ], [ 110.796301019790107, -7.016026763308075, 0.0 ], [ 110.796082595141499, -7.015479479240062, 0.0 ], [ 110.795808503734193, -7.014793794494265, 0.0 ], [ 110.795414948431102, -7.01376241224972, 0.0 ], [ 110.7951019033259, -7.012996058313886, 0.0 ], [ 110.794919042412403, -7.012519687870892, 0.0 ], [ 110.794746090451298, -7.01209325505017, 0.0 ], [ 110.794557720435407, -7.01164831255231, 0.0 ], [ 110.794455895881001, -7.011379242282564, 0.0 ], [ 110.794314179569596, -7.011144402850761, 0.0 ], [ 110.794108272265305, -7.010885036751747, 0.0 ], [ 110.793875244908804, -7.010646099915043, 0.0 ], [ 110.793481880086006, -7.010350469726457, 0.0 ], [ 110.793003325330304, -7.009976506248064, 0.0 ], [ 110.792678231374694, -7.009651034235908, 0.0 ], [ 110.792459840822502, -7.009358640659562, 0.0 ], [ 110.792378229464404, -7.009220720071117, 0.0 ], [ 110.792248725545207, -7.008904335226783, 0.0 ], [ 110.792178434991598, -7.008429732067172, 0.0 ], [ 110.792188255352499, -7.008054868871013, 0.0 ], [ 110.792273316072695, -7.007801575798131, 0.0 ], [ 110.792354978660399, -7.007435631115556, 0.0 ], [ 110.7924872237773, -7.006884660678238, 0.0 ], [ 110.792675431766497, -7.006147190186471, 0.0 ], [ 110.792833294651402, -7.005679550523567, 0.0 ], [ 110.793067496155004, -7.004702094306195, 0.0 ], [ 110.793223942465005, -7.00410939943503, 0.0 ], [ 110.793429729749306, -7.003480588056216, 0.0 ], [ 110.793567483139697, -7.002953520938945, 0.0 ], [ 110.793640883723498, -7.002347953025993, 0.0 ] ] ] } },
{ "type": "Feature", "properties": { "NAME": "Klambu Kanan", "OBJ_ID": "PR14", "VILLAGE": "Pesagi", "CC_4": "3318020013", "SUB_DIST": "Kayen", "DISTRICT": "Pati", "TYPE": "Primary" }, "geometry": { "type": "MultiLineString", "coordinates": [ [ [ 110.987767394649794, -6.88325061130867, 0.0 ], [ 110.988039966558404, -6.883092712546224, 0.0 ], [ 110.988543917365902, -6.882798925132384, 0.0 ], [ 110.9892822254442, -6.882363101312962, 0.0 ], [ 110.989971545055099, -6.88195677038507, 0.0 ], [ 110.990567976251299, -6.881647287971792, 0.0 ], [ 110.990766056058106, -6.881519680547841, 0.0 ] ] ] } },
{ "type": "Feature", "properties": { "NAME": "Klambu Kanan", "OBJ_ID": "PR15", "VILLAGE": "Prawoto", "CC_4": "3318010002", "SUB_DIST": "Sukolilo", "DISTRICT": "Pati", "TYPE": "Primary" }, "geometry": { "type": "MultiLineString", "coordinates": [ [ [ 110.810195825232597, -6.966777613545977, 0.0 ], [ 110.810567232575394, -6.966642060037701, 0.0 ], [ 110.811072483116504, -6.966494317422887, 0.0 ], [ 110.811581585806806, -6.966314421753784, 0.0 ], [ 110.812021342057093, -6.966159964684795, 0.0 ], [ 110.813381417056405, -6.965711410033046, 0.0 ], [ 110.813836890028398, -6.965551165136989, 0.0 ], [ 110.814886959099894, -6.96522491143143, 0.0 ], [ 110.815306685733802, -6.96511620409633, 0.0 ], [ 110.816287932163306, -6.964800188708566, 0.0 ], [ 110.817006556850998, -6.964595709461529, 0.0 ], [ 110.817566418781794, -6.964407048169441, 0.0 ], [ 110.818205252518993, -6.964222822711174, 0.0 ], [ 110.818777747738295, -6.964049073387923, 0.0 ], [ 110.819088658347994, -6.963957826376659, 0.0 ], [ 110.819418292440702, -6.963833966415584, 0.0 ], [ 110.819681233668106, -6.963709914116093, 0.0 ], [ 110.820037594481406, -6.963369038240837, 0.0 ], [ 110.820449548248206, -6.962947660913677, 0.0 ], [ 110.820805845426406, -6.962595475221299, 0.0 ], [ 110.821296074668794, -6.962100521591923, 0.0 ], [ 110.821657245061999, -6.961738655125963, 0.0 ], [ 110.822010342507895, -6.961392123039462, 0.0 ], [ 110.822362288386898, -6.961129339450216, 0.0 ], [ 110.822578697599596, -6.960976455285475, 0.0 ], [ 110.8232127472385, -6.960491046833877, 0.0 ], [ 110.823797676818799, -6.960049919666225, 0.0 ], [ 110.824092472252801, -6.959827957867551, 0.0 ], [ 110.824485371677895, -6.959535817336599, 0.0 ], [ 110.824878695212206, -6.959266201466239, 0.0 ], [ 110.825085366030294, -6.959180462560781, 0.0 ], [ 110.825837131481507, -6.95900194526602, 0.0 ], [ 110.8267304647473, -6.958809269252909, 0.0 ], [ 110.827223665839398, -6.95878936399383, 0.0 ], [ 110.828032057153706, -6.959059771254728, 0.0 ], [ 110.829319928245397, -6.9594999205953, 0.0 ] ] ] } },
{ "type": "Feature", "properties": { "NAME": "Klambu Kanan", "OBJ_ID": "PR16", "VILLAGE": "Rogomulyo", "CC_4": "3318020014", "SUB_DIST": "Kayen", "DISTRICT": "Pati", "TYPE": "Primary" }, "geometry": { "type": "MultiLineString", "coordinates": [ [ [ 110.994251926262905, -6.876315398937622, 0.0 ], [ 110.994374715329201, -6.87603198700548, 0.0 ], [ 110.994453823278405, -6.875818111221867, 0.0 ], [ 110.994499333421402, -6.875562915886076, 0.0 ], [ 110.994495864936894, -6.875183910837441, 0.0 ], [ 110.994508770861998, -6.874932566483668, 0.0 ], [ 110.994505351462905, -6.874720013570755, 0.0 ], [ 110.994509344174404, -6.874479901331709, 0.0 ], [ 110.994521803276299, -6.874400224186794, 0.0 ], [ 110.994550349104998, -6.874261320793952, 0.0 ], [ 110.994689130450894, -6.87400123458871, 0.0 ], [ 110.994778208655504, -6.873834207937424, 0.0 ], [ 110.994871086039296, -6.873668577124778, 0.0 ], [ 110.995038243411898, -6.873333989008873, 0.0 ], [ 110.9951625704348, -6.873091921876386, 0.0 ], [ 110.995278433977205, -6.872876159015232, 0.0 ], [ 110.995482844261403, -6.872535473400425, 0.0 ], [ 110.995774095337296, -6.872126528165983, 0.0 ], [ 110.9959172864762, -6.871921259222927, 0.0 ], [ 110.996071916590097, -6.871533066163281, 0.0 ], [ 110.996072652709799, -6.871527609588507, 0.0 ], [ 110.996155143240799, -6.871083942898054, 0.0 ], [ 110.996269615724998, -6.870619705517939, 0.0 ], [ 110.996416182042694, -6.870072144917655, 0.0 ], [ 110.996618190041005, -6.869341951939387, 0.0 ], [ 110.996657666988895, -6.869101850654779, 0.0 ], [ 110.996768431295493, -6.868658717815041, 0.0 ], [ 110.9967668287116, -6.868648027610065, 0.0 ], [ 110.996874534800298, -6.868209732852543, 0.0 ], [ 110.996929607915902, -6.868004242881445, 0.0 ], [ 110.996977588607507, -6.8677280746849, 0.0 ], [ 110.997020442957094, -6.867596195557316, 0.0 ], [ 110.997023216276503, -6.867590683675556, 0.0 ], [ 110.997026541267999, -6.867579631931545, 0.0 ], [ 110.997171536514301, -6.867408843869809, 0.0 ], [ 110.997491953512693, -6.867164030886337, 0.0 ], [ 110.997875055345105, -6.866856385794035, 0.0 ], [ 110.998119779083396, -6.866652267773881, 0.0 ], [ 110.998385271566804, -6.866389865802342, 0.0 ], [ 110.998559918446205, -6.866126767419511, 0.0 ], [ 110.998702602533299, -6.865752558626285, 0.0 ], [ 110.998780425359499, -6.865500344321191, 0.0 ], [ 110.999020897610194, -6.864781736139225, 0.0 ], [ 110.999157575974706, -6.864401226386507, 0.0 ], [ 110.999395404675198, -6.863722676905625, 0.0 ], [ 110.999521325047397, -6.863342624675051, 0.0 ], [ 110.999583267223102, -6.863167332320067, 0.0 ] ] ] } },
{ "type": "Feature", "properties": { "NAME": "Klambu Kanan", "OBJ_ID": "PR17", "VILLAGE": "Sundoluhur", "CC_4": "3318020017", "SUB_DIST": "Kayen", "DISTRICT": "Pati", "TYPE": "Primary" }, "geometry": { "type": "MultiLineString", "coordinates": [ [ [ 111.001315997074897, -6.858120938109478, 0.0 ], [ 111.001429509530197, -6.857758581111512, 0.0 ], [ 111.001553018650895, -6.857419560163318, 0.0 ], [ 111.001704619223602, -6.857003939419227, 0.0 ], [ 111.001867529943794, -6.856562694892657, 0.0 ], [ 111.001976889379804, -6.856268264862964, 0.0 ], [ 111.002054356755593, -6.856058826415419, 0.0 ], [ 111.002176594637803, -6.855782509844717, 0.0 ], [ 111.002271072018402, -6.855595803551425, 0.0 ], [ 111.002432374657602, -6.855284898768293, 0.0 ], [ 111.002505617748696, -6.855155692012331, 0.0 ], [ 111.002618653392901, -6.854898225556738, 0.0 ], [ 111.002753058199204, -6.854595215240427, 0.0 ], [ 111.002986910610701, -6.854078991353586, 0.0 ], [ 111.003136611225401, -6.853779762624766, 0.0 ], [ 111.003201472615302, -6.853695502243919, 0.0 ], [ 111.003518822869907, -6.853079686606881, 0.0 ], [ 111.003708287469294, -6.852712028362161, 0.0 ], [ 111.003725308471004, -6.852633262846166, 0.0 ], [ 111.003964692519801, -6.852113830580483, 0.0 ], [ 111.004161631158397, -6.8517580369702, 0.0 ], [ 111.004307191189199, -6.851440047647804, 0.0 ], [ 111.004469040979799, -6.851102250576931, 0.0 ], [ 111.004849038112596, -6.850313641056809, 0.0 ], [ 111.005146914225193, -6.849710523796177, 0.0 ], [ 111.005276854990896, -6.849417287027447, 0.0 ], [ 111.005564292536107, -6.848787800176913, 0.0 ], [ 111.005746238853902, -6.848469176964935, 0.0 ], [ 111.005871381454398, -6.848273761227015, 0.0 ], [ 111.006129766762101, -6.848032966129192, 0.0 ], [ 111.006268342355298, -6.847934153770175, 0.0 ], [ 111.006348885073194, -6.847870303372667, 0.0 ], [ 111.006554870597199, -6.847706324748895, 0.0 ], [ 111.006687357696904, -6.847623952560222, 0.0 ], [ 111.006810638818806, -6.847553013993497, 0.0 ], [ 111.006962205832806, -6.847403260604457, 0.0 ], [ 111.007114274681101, -6.847200881666119, 0.0 ], [ 111.007198047227305, -6.847006670331412, 0.0 ], [ 111.007221980477098, -6.846847122344751, 0.0 ], [ 111.007223597944105, -6.846837092677233, 0.0 ], [ 111.007246031497402, -6.846736729370064, 0.0 ], [ 111.007373612453407, -6.846226143815344, 0.0 ], [ 111.007429916423405, -6.845943033734693, 0.0 ], [ 111.007456529842898, -6.845859209796109, 0.0 ], [ 111.007494030503395, -6.845814875823774, 0.0 ], [ 111.007547109478395, -6.84579344060185, 0.0 ], [ 111.007624818155307, -6.845798576137011, 0.0 ], [ 111.007984318765693, -6.845819485834835, 0.0 ], [ 111.008240940607195, -6.845835521735656, 0.0 ], [ 111.008461130392206, -6.845903879495516, 0.0 ], [ 111.008666148483201, -6.845964620077048, 0.0 ], [ 111.008773462567504, -6.84598525824553, 0.0 ], [ 111.008976484407498, -6.84605517564442, 0.0 ], [ 111.009223927140297, -6.846126003432382, 0.0 ], [ 111.009409271895606, -6.846177338072559, 0.0 ], [ 111.009546378842401, -6.846225503022724, 0.0 ], [ 111.009632534337698, -6.846237911877847, 0.0 ], [ 111.009752065823207, -6.846221352298663, 0.0 ], [ 111.009857743378006, -6.846196123699904, 0.0 ], [ 111.009924629300698, -6.846149157601408, 0.0 ], [ 111.010173482482799, -6.845942337746022, 0.0 ], [ 111.010370809917006, -6.845728269953086, 0.0 ], [ 111.010539930290705, -6.84554470160019, 0.0 ], [ 111.010699767169399, -6.845383557266412, 0.0 ], [ 111.010954043158193, -6.845121719629008, 0.0 ], [ 111.011134185709693, -6.844920692189656, 0.0 ], [ 111.011292250422201, -6.844755572343357, 0.0 ], [ 111.011533893722202, -6.844500689624258, 0.0 ], [ 111.011836949251304, -6.844189888113116, 0.0 ], [ 111.0119929249893, -6.844023307094382, 0.0 ], [ 111.012316146893298, -6.843687202998585, 0.0 ], [ 111.012571029060695, -6.843429615253992, 0.0 ], [ 111.0128231703561, -6.843178621767198, 0.0 ], [ 111.012903243417199, -6.843070429159599, 0.0 ], [ 111.012976132499304, -6.843000339769627, 0.0 ], [ 111.013022217095298, -6.842964485561298, 0.0 ] ] ] } },
{ "type": "Feature", "properties": { "NAME": "Klambu Kanan", "OBJ_ID": "PR18", "VILLAGE": "Sukolilo", "CC_4": "3318010010", "SUB_DIST": "Sukolilo", "DISTRICT": "Pati", "TYPE": "Primary" }, "geometry": { "type": "MultiLineString", "coordinates": [ [ [ 110.910640983616602, -6.925417766113545, 0.0 ], [ 110.910714370059395, -6.925382658952546, 0.0 ], [ 110.910843074139194, -6.925311065553479, 0.0 ], [ 110.910848345891196, -6.925309924118882, 0.0 ], [ 110.910987430011701, -6.925230280590513, 0.0 ], [ 110.910994170815599, -6.925226261549867, 0.0 ], [ 110.9111137795703, -6.925168594892884, 0.0 ], [ 110.911137535809402, -6.92514373097336, 0.0 ] ] ] } },
{ "type": "Feature", "properties": { "NAME": "Klambu Kanan", "OBJ_ID": "PR19", "VILLAGE": "Terkesi", "CC_4": "3315150007", "SUB_DIST": "Klambu", "DISTRICT": "Grobogan", "TYPE": "Primary" }, "geometry": { "type": "MultiLineString", "coordinates": [ [ [ 110.793643925355596, -7.002351671731598, 0.0 ], [ 110.793716616030196, -7.001972683873607, 0.0 ], [ 110.793740140330101, -7.001765555319798, 0.0 ], [ 110.793737512228603, -7.001534020445544, 0.0 ], [ 110.793748762543103, -7.001390464521906, 0.0 ], [ 110.7937269034895, -7.001127363948592, 0.0 ], [ 110.793684154988696, -7.00044039577908, 0.0 ], [ 110.793661502024406, -6.999975917997967, 0.0 ], [ 110.7936584557945, -6.999691948382038, 0.0 ], [ 110.793652547180898, -6.999515585334436, 0.0 ], [ 110.793698197218305, -6.999243182440256, 0.0 ], [ 110.793775583607896, -6.999004781443209, 0.0 ], [ 110.793901396061202, -6.998638646946955, 0.0 ], [ 110.794005602133296, -6.998276521404693, 0.0 ], [ 110.7940501710615, -6.998080519400854, 0.0 ], [ 110.794072514667604, -6.998004586066014, 0.0 ], [ 110.794178382387102, -6.997612626907676, 0.0 ], [ 110.794227185949396, -6.997370026435152, 0.0 ], [ 110.794237942096203, -6.997089419638339, 0.0 ], [ 110.794220738321997, -6.996887531111554, 0.0 ], [ 110.794170418075097, -6.996653941238471, 0.0 ], [ 110.794117285600805, -6.996415973391288, 0.0 ], [ 110.794068327693097, -6.996260429992899, 0.0 ], [ 110.793958907057998, -6.995784162222888, 0.0 ], [ 110.793823192357095, -6.995264434751281, 0.0 ], [ 110.793695372943006, -6.994765608940184, 0.0 ], [ 110.793610937326406, -6.994392867545214, 0.0 ], [ 110.7935317713968, -6.994090212593791, 0.0 ], [ 110.793469463955503, -6.993788719190264, 0.0 ], [ 110.793427698643498, -6.993298363012442, 0.0 ], [ 110.793385496150407, -6.992864939719556, 0.0 ], [ 110.793352564066495, -6.992532434883283, 0.0 ], [ 110.793312304723003, -6.9922105473546, 0.0 ], [ 110.793239355462902, -6.99185578445184, 0.0 ], [ 110.793079065041496, -6.991490528755904, 0.0 ], [ 110.792857376062202, -6.991032893905697, 0.0 ], [ 110.792711155666495, -6.99071885088121, 0.0 ], [ 110.7925328541683, -6.990327091924358, 0.0 ], [ 110.792402501271695, -6.990076673831397, 0.0 ], [ 110.792178998748597, -6.989773898836449, 0.0 ], [ 110.792067791404705, -6.989645008038228, 0.0 ], [ 110.791714503276907, -6.989416714775633, 0.0 ], [ 110.791236646154005, -6.989198792832251, 0.0 ], [ 110.790915018703799, -6.989090698369319, 0.0 ], [ 110.790113551480601, -6.988734817186432, 0.0 ], [ 110.789730611902598, -6.988591615391726, 0.0 ], [ 110.789017358720898, -6.988287565687793, 0.0 ], [ 110.788377717283794, -6.988032416251798, 0.0 ], [ 110.788004283918994, -6.987833088688576, 0.0 ], [ 110.787699293577703, -6.987570231095444, 0.0 ], [ 110.7875360935017, -6.987356202002775, 0.0 ], [ 110.787332496091906, -6.987011171818281, 0.0 ], [ 110.787042921541001, -6.986484750377847, 0.0 ], [ 110.786828969823503, -6.986070583231488, 0.0 ], [ 110.786540733508204, -6.985521581065062, 0.0 ], [ 110.786293154879402, -6.984970269707212, 0.0 ], [ 110.786247808149398, -6.984882234722621, 0.0 ], [ 110.785954422880195, -6.984331662514267, 0.0 ], [ 110.785781090269893, -6.983977946211914, 0.0 ], [ 110.785750059894198, -6.983935820459047, 0.0 ], [ 110.785591590014306, -6.983442010009544, 0.0 ], [ 110.785554584696996, -6.982982142285238, 0.0 ], [ 110.785569532458297, -6.982762684954553, 0.0 ], [ 110.785714961790106, -6.982301941299587, 0.0 ], [ 110.785919807381106, -6.981847107240688, 0.0 ], [ 110.786119117182807, -6.981393375986082, 0.0 ], [ 110.786270160409401, -6.9809604301473, 0.0 ], [ 110.786485849335804, -6.980447515007055, 0.0 ], [ 110.786819809088996, -6.979631322475937, 0.0 ], [ 110.787086410839507, -6.978986027371799, 0.0 ], [ 110.787172799704194, -6.978714272784091, 0.0 ], [ 110.787389859950807, -6.978212570961347, 0.0 ], [ 110.787579551850598, -6.9777936522297, 0.0 ], [ 110.787809200547599, -6.977479256133169, 0.0 ], [ 110.788172952069601, -6.977101150599612, 0.0 ], [ 110.788648775725704, -6.976524068197616, 0.0 ], [ 110.788893461690293, -6.976202615992055, 0.0 ], [ 110.789080302771694, -6.975910277542495, 0.0 ], [ 110.789224217735693, -6.975598668593289, 0.0 ], [ 110.789297827874805, -6.975454771500786, 0.0 ] ] ] } },
{ "type": "Feature", "properties": { "NAME": "Klambu Kanan", "OBJ_ID": "PR20", "VILLAGE": "Trimulyo", "CC_4": "3318020010", "SUB_DIST": "Kayen", "DISTRICT": "Pati", "TYPE": "Primary" }, "geometry": { "type": "MultiLineString", "coordinates": [ [ [ 110.973133618538995, -6.894867357097958, 0.0 ], [ 110.973252301159505, -6.894535893000246, 0.0 ], [ 110.973405728555505, -6.894090827752899, 0.0 ], [ 110.973561022908697, -6.893661157198954, 0.0 ], [ 110.973685450619101, -6.893324740481059, 0.0 ], [ 110.973752494651094, -6.893171783943165, 0.0 ], [ 110.973797253724896, -6.893117959180189, 0.0 ], [ 110.973846039144306, -6.893070849128152, 0.0 ], [ 110.973904799628798, -6.893052255106402, 0.0 ], [ 110.974333926948404, -6.892855442982309, 0.0 ], [ 110.975221149527499, -6.892451798893757, 0.0 ], [ 110.976041192112106, -6.892079057048802, 0.0 ], [ 110.976745533375706, -6.891760398287523, 0.0 ], [ 110.977274681749606, -6.891510004901902, 0.0 ], [ 110.977530149072805, -6.891386956725462, 0.0 ], [ 110.977703323221704, -6.891289589285295, 0.0 ], [ 110.977875358662999, -6.891173202558341, 0.0 ], [ 110.977946697739, -6.891086064318259, 0.0 ], [ 110.978766874027698, -6.890253029033112, 0.0 ], [ 110.9793623718801, -6.889641866143576, 0.0 ], [ 110.9799702410008, -6.889007202524864, 0.0 ], [ 110.980250815668498, -6.888674373439568, 0.0 ], [ 110.980722369310499, -6.888232593838505, 0.0 ], [ 110.981064104929899, -6.887878792565966, 0.0 ], [ 110.981256833366501, -6.887629024864697, 0.0 ], [ 110.981344503477501, -6.887540020432087, 0.0 ], [ 110.981554252265397, -6.887175828882563, 0.0 ], [ 110.981761629405696, -6.886740627908853, 0.0 ], [ 110.981835354533104, -6.886649750762082, 0.0 ], [ 110.982007587966393, -6.886568897246439, 0.0 ], [ 110.982225210990194, -6.886438038056996, 0.0 ], [ 110.983238131598299, -6.885839184368798, 0.0 ], [ 110.983655140816495, -6.885612865203144, 0.0 ], [ 110.983996423384099, -6.885420157957672, 0.0 ], [ 110.985126959579603, -6.88477131825038, 0.0 ], [ 110.985558425963703, -6.884524407525532, 0.0 ], [ 110.986655314206203, -6.883887359435412, 0.0 ], [ 110.987126316101893, -6.883591605757259, 0.0 ], [ 110.987462338904706, -6.883421412666306, 0.0 ], [ 110.987595849653005, -6.883344035781302, 0.0 ], [ 110.987763440059496, -6.883250320794848, 0.0 ] ] ] } },
{ "type": "Feature", "properties": { "NAME": "Klambu Kanan", "OBJ_ID": "PR21", "VILLAGE": "Wegil", "CC_4": "3318010003", "SUB_DIST": "Sukolilo", "DISTRICT": "Pati", "TYPE": "Primary" }, "geometry": { "type": "MultiLineString", "coordinates": [ [ [ 110.836500422831705, -6.959318616630949, 0.0 ], [ 110.837010741575895, -6.959660573932419, 0.0 ], [ 110.837501789821602, -6.959956409927104, 0.0 ], [ 110.837955703019801, -6.960131666899228, 0.0 ], [ 110.838267319773706, -6.960194647194779, 0.0 ], [ 110.838553366359704, -6.960195015813899, 0.0 ], [ 110.838884734839795, -6.960145964892173, 0.0 ], [ 110.839171117004895, -6.960047440464304, 0.0 ], [ 110.839510897742898, -6.9598676522529, 0.0 ], [ 110.839759761761002, -6.959705630174474, 0.0 ], [ 110.840818452543303, -6.959023781308536, 0.0 ], [ 110.8416819641171, -6.958472110549096, 0.0 ], [ 110.842036427228393, -6.958254291805461, 0.0 ], [ 110.842819990918301, -6.957741422434147, 0.0 ], [ 110.8431093730388, -6.957612817830583, 0.0 ], [ 110.843490630516698, -6.957533160224855, 0.0 ], [ 110.8437835050849, -6.957462129409611, 0.0 ], [ 110.844657150729901, -6.95731052085172, 0.0 ], [ 110.845113473594793, -6.957239579406281, 0.0 ], [ 110.847215728160606, -6.956793792161694, 0.0 ], [ 110.847831085958802, -6.956676881776113, 0.0 ], [ 110.849416844379505, -6.956346561697675, 0.0 ], [ 110.849706636098603, -6.956270609951455, 0.0 ], [ 110.850096011259595, -6.956154711908346, 0.0 ], [ 110.850652369885097, -6.955804924007874, 0.0 ], [ 110.851128643147504, -6.955472602110922, 0.0 ], [ 110.851203594064202, -6.955414638330963, 0.0 ], [ 110.851451087374897, -6.955260531351715, 0.0 ], [ 110.851833529760398, -6.954985855796057, 0.0 ], [ 110.8522682206669, -6.954493068742647, 0.0 ], [ 110.852594313800907, -6.954133333896634, 0.0 ], [ 110.853118451065001, -6.953505219706048, 0.0 ], [ 110.853311831904804, -6.953298981883885, 0.0 ], [ 110.853495440170406, -6.95310248318653, 0.0 ], [ 110.853822180262995, -6.952703811451189, 0.0 ], [ 110.853826055968199, -6.952696471604222, 0.0 ], [ 110.8541210080528, -6.952355991308307, 0.0 ], [ 110.854322291135205, -6.952027372437294, 0.0 ], [ 110.854481296744396, -6.95169022027636, 0.0 ], [ 110.854712389790194, -6.951203092311815, 0.0 ], [ 110.854969763538506, -6.950647657743238, 0.0 ], [ 110.855133046160702, -6.950372033170298, 0.0 ], [ 110.855314895297894, -6.95012387949665, 0.0 ], [ 110.855460039276096, -6.950015279741886, 0.0 ], [ 110.855635859156294, -6.949897026575014, 0.0 ], [ 110.856058437131907, -6.949747689437211, 0.0 ], [ 110.856390441140505, -6.949662124953217, 0.0 ], [ 110.856597560289799, -6.949594884878934, 0.0 ], [ 110.857272778327001, -6.94940689120831, 0.0 ], [ 110.857847515935802, -6.949260370262311, 0.0 ], [ 110.858371380032295, -6.949134050351761, 0.0 ], [ 110.8587942741934, -6.94899594527179, 0.0 ], [ 110.859203740013896, -6.948920537094835, 0.0 ], [ 110.859384372670505, -6.948968010864423, 0.0 ], [ 110.859501360453905, -6.948983957051573, 0.0 ], [ 110.859515278573696, -6.948983882063231, 0.0 ], [ 110.859866605224497, -6.949024643635818, 0.0 ], [ 110.860261495158298, -6.949133308805346, 0.0 ], [ 110.860666135058096, -6.949225567945775, 0.0 ], [ 110.861224597486498, -6.949334677575912, 0.0 ], [ 110.861662589753607, -6.949374002715269, 0.0 ], [ 110.862240792646006, -6.949290926540123, 0.0 ], [ 110.862590443887001, -6.94912795510208, 0.0 ], [ 110.862991333625402, -6.948901986363525, 0.0 ], [ 110.863229487501101, -6.948791349434758, 0.0 ], [ 110.863929663426902, -6.948459453418096, 0.0 ], [ 110.864300483161102, -6.94827601198555, 0.0 ], [ 110.864609217525995, -6.948120530301976, 0.0 ], [ 110.865249213575495, -6.947812903694026, 0.0 ], [ 110.866169795305595, -6.947355387576676, 0.0 ], [ 110.866701695971599, -6.947098703671984, 0.0 ], [ 110.867298297630597, -6.946832476056593, 0.0 ], [ 110.867536665495905, -6.946713659833438, 0.0 ], [ 110.867867796247396, -6.946619982717248, 0.0 ], [ 110.868693901573295, -6.946558690055679, 0.0 ], [ 110.868932006005494, -6.946549720124538, 0.0 ], [ 110.869763848631493, -6.946403755323492, 0.0 ], [ 110.870156427709802, -6.946376876346414, 0.0 ], [ 110.870169015577304, -6.946377376124285, 0.0 ], [ 110.870535866215505, -6.946346223329712, 0.0 ], [ 110.870546334521606, -6.946342807292202, 0.0 ], [ 110.8706642643386, -6.946306767250404, 0.0 ], [ 110.870994308466805, -6.946099317495576, 0.0 ] ] ] } },
{ "type": "Feature", "properties": { "NAME": "Klambu Kanan", "OBJ_ID": "PR22", "VILLAGE": "Wonosoco", "CC_4": "3319040001", "SUB_DIST": "Undaan", "DISTRICT": "Kudus", "TYPE": "Primary" }, "geometry": { "type": "MultiLineString", "coordinates": [ [ [ 110.8005350113866, -6.969282904480991, 0.0 ], [ 110.800839699101104, -6.96924688470363, 0.0 ], [ 110.801205120954705, -6.969285323924487, 0.0 ], [ 110.801631207997303, -6.969241165459811, 0.0 ], [ 110.801896650185796, -6.969129366448255, 0.0 ], [ 110.802118843228399, -6.968937534177006, 0.0 ], [ 110.802304025663901, -6.968794007952676, 0.0 ], [ 110.802575084464294, -6.96873298781085, 0.0 ], [ 110.803226134453595, -6.968994140007567, 0.0 ], [ 110.804073171797995, -6.969417201268331, 0.0 ], [ 110.804461418824403, -6.969587407389679, 0.0 ], [ 110.805020343670506, -6.969812114721502, 0.0 ], [ 110.805255985747294, -6.969892110986029, 0.0 ], [ 110.805504175401495, -6.969894962481702, 0.0 ], [ 110.805896380560299, -6.969884444446468, 0.0 ], [ 110.806018510493203, -6.969878788320433, 0.0 ], [ 110.806170788520603, -6.969816997424082, 0.0 ], [ 110.806389962342607, -6.969688658623472, 0.0 ], [ 110.806706381366396, -6.969442462741718, 0.0 ], [ 110.807032764075203, -6.969040023730273, 0.0 ], [ 110.807241833989195, -6.968696689887881, 0.0 ], [ 110.807598057145299, -6.968180801816406, 0.0 ], [ 110.807826078730798, -6.967874869580056, 0.0 ], [ 110.807945123452399, -6.967751310330692, 0.0 ], [ 110.808105163993304, -6.967602617689669, 0.0 ], [ 110.808388280164706, -6.967417443785004, 0.0 ], [ 110.808866496676501, -6.967250614619643, 0.0 ], [ 110.809382780098801, -6.967089526282745, 0.0 ], [ 110.809785299124997, -6.966924367069773, 0.0 ], [ 110.809903365642896, -6.966868491463227, 0.0 ], [ 110.810178577093595, -6.966776947557489, 0.0 ] ] ] } },
{ "type": "Feature", "properties": { "NAME": "Klambu Kanan", "OBJ_ID": "PR23", "VILLAGE": "Cengkalsewu", "CC_4": "3318010016", "SUB_DIST": "Sukolilo", "DISTRICT": "Pati", "TYPE": "Primary" }, "geometry": { "type": "MultiLineString", "coordinates": [ [ [ 110.955870100934803, -6.911501511191895, 0.0 ], [ 110.956185633238903, -6.911497066457413, 0.0 ], [ 110.956441944643601, -6.911497416667459, 0.0 ], [ 110.956815710793506, -6.911508658504379, 0.0 ], [ 110.957565029082602, -6.911637831076267, 0.0 ], [ 110.958343944172498, -6.911712852617776, 0.0 ], [ 110.959000005737806, -6.911840099019162, 0.0 ], [ 110.959409078887504, -6.911893064957717, 0.0 ] ] ] } },
{ "type": "Feature", "properties": { "NAME": "Klambu Kanan", "OBJ_ID": "PR24", "VILLAGE": "Kedumulyo", "CC_4": "3318010008", "SUB_DIST": "Sukolilo", "DISTRICT": "Pati", "TYPE": "Primary" }, "geometry": { "type": "MultiLineString", "coordinates": [ [ [ 110.953011333369801, -6.911741357262939, 0.0 ], [ 110.953788662129398, -6.911690355954269, 0.0 ], [ 110.954641326092002, -6.91158006473899, 0.0 ], [ 110.955172525260807, -6.911536195326183, 0.0 ], [ 110.9558460263966, -6.911499920076964, 0.0 ] ] ] } },
{ "type": "Feature", "properties": { "NAME": "Klambu Kanan", "OBJ_ID": "PR25", "VILLAGE": "Prawoto", "CC_4": "3318010002", "SUB_DIST": "Sukolilo", "DISTRICT": "Pati", "TYPE": "Primary" }, "geometry": { "type": "MultiLineString", "coordinates": [ [ [ 110.829321001610893, -6.959497228827076, 0.0 ], [ 110.829573333961605, -6.959605543922048, 0.0 ], [ 110.8301443797518, -6.959793660176897, 0.0 ], [ 110.830574860587802, -6.959934357496653, 0.0 ], [ 110.831015785828797, -6.96002743774999, 0.0 ], [ 110.831214231085099, -6.9600517833502, 0.0 ], [ 110.831653020239401, -6.95995074625448, 0.0 ], [ 110.832107384841805, -6.959700718733938, 0.0 ], [ 110.832390201433498, -6.959499584648446, 0.0 ], [ 110.832807949876795, -6.959240482468335, 0.0 ], [ 110.833269086788803, -6.958961029938511, 0.0 ], [ 110.833703151587102, -6.958654561747926, 0.0 ], [ 110.834075765288006, -6.958445978190151, 0.0 ], [ 110.834512724432301, -6.958335521821734, 0.0 ], [ 110.834990651143997, -6.958394348049568, 0.0 ], [ 110.835472429908805, -6.958643902008996, 0.0 ], [ 110.836157338543103, -6.959090248998571, 0.0 ], [ 110.836415928620397, -6.95926324062085, 0.0 ], [ 110.836499920144007, -6.959322795914345, 0.0 ] ] ] } },
{ "type": "Feature", "properties": { "NAME": "Klambu Kanan", "OBJ_ID": "PR26", "VILLAGE": "Sukolilo", "CC_4": "3318010010", "SUB_DIST": "Sukolilo", "DISTRICT": "Pati", "TYPE": "Primary" }, "geometry": { "type": "MultiLineString", "coordinates": [ [ [ 110.914792728775794, -6.923776101444809, 0.0 ], [ 110.915290354887702, -6.923687695897965, 0.0 ], [ 110.9159899340941, -6.92355297240963, 0.0 ], [ 110.916603919971294, -6.923438868546123, 0.0 ], [ 110.916835908087293, -6.923402575876349, 0.0 ], [ 110.917088064725306, -6.923354677644165, 0.0 ], [ 110.917331988404001, -6.923319806735564, 0.0 ], [ 110.917495636615698, -6.923305471711894, 0.0 ], [ 110.917505804532894, -6.923305393224271, 0.0 ], [ 110.917756751198894, -6.923308533562364, 0.0 ], [ 110.917977973607805, -6.923340521330493, 0.0 ], [ 110.918174972026804, -6.923379272985363, 0.0 ], [ 110.918251116706998, -6.923403968175977, 0.0 ], [ 110.918893409269501, -6.923577102568529, 0.0 ], [ 110.919324482367799, -6.923678696768457, 0.0 ], [ 110.920041814896905, -6.923859798444123, 0.0 ], [ 110.920821740549698, -6.924047242292902, 0.0 ], [ 110.9213669282382, -6.92419583200776, 0.0 ], [ 110.921580203236999, -6.92426264980991, 0.0 ], [ 110.921722376564105, -6.924363095447454, 0.0 ], [ 110.921922756149598, -6.924501533601321, 0.0 ], [ 110.922029041785393, -6.924627327051123, 0.0 ], [ 110.922260357679505, -6.924879849214522, 0.0 ], [ 110.922505236532203, -6.92516872416008, 0.0 ], [ 110.923015112624896, -6.92572837327159, 0.0 ], [ 110.9234233984551, -6.926166184949842, 0.0 ], [ 110.923844598440297, -6.926512484420184, 0.0 ], [ 110.924172723202204, -6.926699677448925, 0.0 ], [ 110.924548855736901, -6.926849574436526, 0.0 ], [ 110.924795679795807, -6.926926209999292, 0.0 ], [ 110.924972780650805, -6.926943312913895, 0.0 ], [ 110.925292133851798, -6.926974040018496, 0.0 ], [ 110.9255733486997, -6.92697670870511, 0.0 ], [ 110.9257973611453, -6.926945735640453, 0.0 ], [ 110.926297754416296, -6.926862851339296, 0.0 ], [ 110.926654704781996, -6.926773227154989, 0.0 ], [ 110.926920427107703, -6.926734798784779, 0.0 ], [ 110.927304539605601, -6.92664648480722, 0.0 ], [ 110.927611467981194, -6.926595779569332, 0.0 ], [ 110.927792922661595, -6.926544798676034, 0.0 ], [ 110.928205773276304, -6.926474182228022, 0.0 ], [ 110.928596939805104, -6.926417480460993, 0.0 ], [ 110.928801313728599, -6.92635692993029, 0.0 ], [ 110.929122198480997, -6.926286406713144, 0.0 ], [ 110.929397346882993, -6.926258842589788, 0.0 ], [ 110.929403677951598, -6.926252747869626, 0.0 ], [ 110.929552878170796, -6.92622039136245, 0.0 ], [ 110.9296704556631, -6.92618261740359, 0.0 ], [ 110.929728500642995, -6.926169999795706, 0.0 ] ] ] } },
{ "type": "Feature", "properties": { "NAME": "Bacem", "OBJ_ID": "SC01", "VILLAGE": "Baturejo", "CC_4": "3318010014", "SUB_DIST": "Sukolilo", "DISTRICT": "Pati", "TYPE": "Secondary" }, "geometry": { "type": "MultiLineString", "coordinates": [ [ [ 110.918657288176803, -6.92190451433687, 0.0 ], [ 110.918696280218001, -6.921861020165353, 0.0 ], [ 110.918731032678494, -6.921816295852945, 0.0 ], [ 110.918799468170306, -6.921723228063077, 0.0 ], [ 110.918860957311594, -6.921641499105511, 0.0 ], [ 110.918922526141301, -6.921560367797452, 0.0 ], [ 110.918989000669498, -6.921451157244137, 0.0 ], [ 110.919028749586502, -6.921379890464408, 0.0 ], [ 110.919142330098097, -6.921168595636811, 0.0 ], [ 110.919190332812903, -6.921075805209219, 0.0 ], [ 110.919266616295204, -6.920931981144783, 0.0 ], [ 110.919323018670497, -6.920838579164433, 0.0 ], [ 110.919417973671898, -6.920671888841077, 0.0 ], [ 110.919487671513295, -6.920544169721715, 0.0 ], [ 110.919492189011805, -6.920537192373185, 0.0 ], [ 110.919566406473507, -6.92040011535865, 0.0 ], [ 110.919652105591993, -6.920239275346105, 0.0 ], [ 110.919722754622796, -6.920092932461622, 0.0 ], [ 110.920479669691204, -6.918595974223304, 0.0 ] ] ] } },
{ "type": "Feature", "properties": { "NAME": "Bacem", "OBJ_ID": "SC02", "VILLAGE": "Kedumulyo", "CC_4": "3318010008", "SUB_DIST": "Sukolilo", "DISTRICT": "Pati", "TYPE": "Secondary" }, "geometry": { "type": "MultiLineString", "coordinates": [ [ [ 110.941491824863306, -6.91708687918416, 0.0 ], [ 110.941484908196898, -6.91696523862164, 0.0 ], [ 110.941451048345797, -6.916758364680708, 0.0 ], [ 110.941440813095198, -6.916596456326687, 0.0 ], [ 110.941425445419199, -6.916433302226017, 0.0 ], [ 110.941406160447698, -6.915995996087656, 0.0 ], [ 110.941401659247902, -6.915824910137928, 0.0 ], [ 110.941401779778701, -6.91582186623738, 0.0 ], [ 110.941402203807797, -6.915811157436167, 0.0 ], [ 110.941398911263903, -6.915791005432657, 0.0 ], [ 110.941371122013706, -6.915545921065938, 0.0 ], [ 110.941355820045601, -6.915332605227267, 0.0 ], [ 110.941337419286498, -6.915076299120943, 0.0 ], [ 110.941302396767298, -6.914644955895585, 0.0 ], [ 110.941256812593096, -6.91431491880919, 0.0 ], [ 110.941245741291198, -6.913898875609631, 0.0 ], [ 110.941248940890603, -6.913622827163827, 0.0 ], [ 110.941246318709304, -6.913425683592629, 0.0 ], [ 110.941259745775895, -6.91313561753672, 0.0 ], [ 110.941275032891696, -6.912642129868551, 0.0 ], [ 110.941284181871495, -6.912353982274774, 0.0 ], [ 110.941293304051598, -6.912107787106141, 0.0 ], [ 110.941273931592207, -6.911745006161013, 0.0 ], [ 110.941281452471301, -6.911566947189372, 0.0 ], [ 110.941287950538396, -6.911485482948662, 0.0 ], [ 110.941310901554004, -6.911408943331771, 0.0 ], [ 110.941316912526005, -6.911365500229151, 0.0 ], [ 110.941320845474905, -6.911341169682657, 0.0 ] ] ] } },
{ "type": "Feature", "properties": { "NAME": "Bacem", "OBJ_ID": "SC03", "VILLAGE": "Sukolilo", "CC_4": "3318010010", "SUB_DIST": "Sukolilo", "DISTRICT": "Pati", "TYPE": "Secondary" }, "geometry": { "type": "MultiLineString", "coordinates": [ [ [ 110.918169243061101, -6.923376528331835, 0.0 ], [ 110.918154191567595, -6.923310780538701, 0.0 ], [ 110.918185352249296, -6.923212767736301, 0.0 ], [ 110.918360126491805, -6.92264392548877, 0.0 ], [ 110.918470397724306, -6.922288999046809, 0.0 ], [ 110.918556228968797, -6.922038824318771, 0.0 ], [ 110.918653454426504, -6.921909944461434, 0.0 ] ] ] } },
{ "type": "Feature", "properties": { "NAME": "Bangsang", "OBJ_ID": "SC04", "VILLAGE": "Baleadi", "CC_4": "3318010012", "SUB_DIST": "Sukolilo", "DISTRICT": "Pati", "TYPE": "Secondary" }, "geometry": { "type": "MultiLineString", "coordinates": [ [ [ 110.859937680834093, -6.916600554907975, 0.0 ], [ 110.8600539157447, -6.916662294475917, 0.0 ], [ 110.860157111809897, -6.916728134622531, 0.0 ], [ 110.8601622207199, -6.91672814110004, 0.0 ], [ 110.860168603935307, -6.916728123640039, 0.0 ], [ 110.860180124562305, -6.916730671222244, 0.0 ], [ 110.860324771686194, -6.916798201255249, 0.0 ], [ 110.860432726262502, -6.916872824914377, 0.0 ], [ 110.860534013391799, -6.916990299657135, 0.0 ], [ 110.8606093864352, -6.917124857310382, 0.0 ], [ 110.860634390379204, -6.917202476220058, 0.0 ], [ 110.860696260367405, -6.917332790130797, 0.0 ], [ 110.860754027160297, -6.917482198296784, 0.0 ], [ 110.860860883921106, -6.917664546150208, 0.0 ], [ 110.860939896349194, -6.917768918467147, 0.0 ], [ 110.861006972536003, -6.917866096501286, 0.0 ], [ 110.861134454691694, -6.91805462755066, 0.0 ], [ 110.861237531064901, -6.918214370221288, 0.0 ], [ 110.861322045504593, -6.918339914625675, 0.0 ], [ 110.861480363875401, -6.918605570794748, 0.0 ], [ 110.861567404128607, -6.918763859563772, 0.0 ], [ 110.861632112868705, -6.918880379305451, 0.0 ], [ 110.8617307224266, -6.918993806942242, 0.0 ], [ 110.861888329078198, -6.919131223208912, 0.0 ], [ 110.862097281265306, -6.919274201309858, 0.0 ], [ 110.862273230804504, -6.919452780078867, 0.0 ], [ 110.862490265004197, -6.919681208690893, 0.0 ], [ 110.862649580747402, -6.919846625463004, 0.0 ], [ 110.862810094940997, -6.920019834622091, 0.0 ], [ 110.862920539242694, -6.920147802190128, 0.0 ], [ 110.863070011962606, -6.920304619289081, 0.0 ], [ 110.863167413315196, -6.920374995787381, 0.0 ], [ 110.863402358987798, -6.920467751147588, 0.0 ], [ 110.863591039285495, -6.920521376904546, 0.0 ], [ 110.863775827539499, -6.920542342684072, 0.0 ], [ 110.864200725980595, -6.920515483934937, 0.0 ], [ 110.864430030155503, -6.92047675624436, 0.0 ], [ 110.864584701898593, -6.920493982180578, 0.0 ], [ 110.864723146381806, -6.920553590282648, 0.0 ], [ 110.865029295018104, -6.92065604798932, 0.0 ], [ 110.865356887868003, -6.920776532646535, 0.0 ], [ 110.865747397774797, -6.920990373294567, 0.0 ], [ 110.866076493527203, -6.921118343983744, 0.0 ], [ 110.866522698583495, -6.921282809202831, 0.0 ], [ 110.866721956501706, -6.92136236406978, 0.0 ], [ 110.866898639082294, -6.92141818829116, 0.0 ], [ 110.866937419772697, -6.921432538980159, 0.0 ] ] ] } },
{ "type": "Feature", "properties": { "NAME": "Cangkringan", "OBJ_ID": "SC05", "VILLAGE": "Kutuk", "CC_4": "3319040007", "SUB_DIST": "Undaan", "DISTRICT": "Kudus", "TYPE": "Secondary" }, "geometry": { "type": "MultiLineString", "coordinates": [ [ [ 110.831425907896602, -6.935691819776513, 0.0 ], [ 110.831487118423993, -6.935684383403085, 0.0 ], [ 110.831561053345894, -6.935667180204412, 0.0 ], [ 110.831627846986706, -6.935664111005427, 0.0 ], [ 110.832099028320002, -6.935675614280455, 0.0 ], [ 110.832456448849797, -6.935686419593183, 0.0 ], [ 110.833016195070002, -6.935713649872559, 0.0 ], [ 110.833325607387906, -6.935722665202452, 0.0 ], [ 110.833731244156596, -6.935734516306696, 0.0 ], [ 110.834000483123802, -6.935749657079641, 0.0 ], [ 110.834239209470397, -6.935756544542317, 0.0 ], [ 110.834503223059798, -6.935751776653723, 0.0 ], [ 110.834707407978897, -6.935732019857526, 0.0 ], [ 110.834766063147399, -6.935727215607788, 0.0 ], [ 110.834951752616604, -6.935733141345378, 0.0 ], [ 110.835296419175705, -6.935744798086521, 0.0 ], [ 110.835422481640407, -6.935749823188129, 0.0 ], [ 110.835485349040894, -6.935759752286057, 0.0 ], [ 110.835810123931694, -6.935758350034051, 0.0 ], [ 110.836116928082205, -6.935768958100607, 0.0 ], [ 110.8364235118717, -6.935769940845382, 0.0 ], [ 110.836763203051802, -6.935756184540911, 0.0 ], [ 110.836919653653595, -6.935756780634081, 0.0 ], [ 110.837089666856798, -6.935762478451833, 0.0 ], [ 110.837314638377507, -6.935785422728862, 0.0 ], [ 110.837506852121805, -6.93579560402426, 0.0 ], [ 110.837605312632107, -6.935788786477195, 0.0 ], [ 110.837893332961201, -6.935794117064376, 0.0 ], [ 110.838014937857096, -6.93579265313406, 0.0 ], [ 110.838164232682999, -6.935796351566758, 0.0 ], [ 110.838467172636996, -6.935788558082999, 0.0 ], [ 110.838763457892696, -6.935740102433626, 0.0 ], [ 110.839045014200394, -6.935685674576282, 0.0 ], [ 110.839587879259398, -6.935582499612918, 0.0 ], [ 110.839821150722301, -6.935547361460065, 0.0 ], [ 110.8399433416931, -6.935549572632302, 0.0 ], [ 110.840454481132596, -6.935500330833072, 0.0 ], [ 110.840800616678706, -6.935479975914148, 0.0 ], [ 110.841049409696197, -6.935470546696156, 0.0 ], [ 110.8417179590393, -6.935432875622967, 0.0 ], [ 110.841753662156805, -6.935441619543369, 0.0 ], [ 110.841967437623595, -6.935439051244883, 0.0 ], [ 110.842742164821303, -6.935466513426473, 0.0 ], [ 110.843025007778806, -6.935482543336549, 0.0 ], [ 110.843214495423297, -6.935497596660062, 0.0 ], [ 110.843569833839595, -6.935538929446878, 0.0 ], [ 110.8438427825144, -6.93556579738794, 0.0 ], [ 110.844048684057597, -6.935611436881908, 0.0 ], [ 110.844143463894099, -6.935642729178932, 0.0 ], [ 110.844340337784303, -6.935646892019549, 0.0 ], [ 110.844449990097601, -6.935581032653499, 0.0 ], [ 110.844545490883405, -6.935450483238723, 0.0 ], [ 110.844866016796402, -6.935093472117908, 0.0 ], [ 110.845163308531198, -6.934737242952509, 0.0 ], [ 110.845483875458299, -6.934365397469715, 0.0 ], [ 110.845794049512406, -6.933990479408461, 0.0 ], [ 110.846323894321401, -6.933410735745928, 0.0 ], [ 110.846992304478903, -6.932608035988694, 0.0 ], [ 110.847400351146803, -6.93209748410132, 0.0 ], [ 110.847671847557095, -6.931790860683599, 0.0 ], [ 110.847765808070093, -6.931690077328145, 0.0 ], [ 110.847839904987396, -6.931675370438079, 0.0 ], [ 110.848003780360429, -6.931728713639782, 0.0 ] ] ] } },
{ "type": "Feature", "properties": { "NAME": "Dermoyo", "OBJ_ID": "SC06", "VILLAGE": "Jimbaran", "CC_4": "3318020001", "SUB_DIST": "Kayen", "DISTRICT": "Pati", "TYPE": "Secondary" }, "geometry": { "type": "MultiLineString", "coordinates": [ [ [ 110.969198620088505, -6.903687560436543, 0.0 ], [ 110.969095538191993, -6.903747829070188, 0.0 ], [ 110.969028823350598, -6.903781683060963, 0.0 ], [ 110.968893880386204, -6.903832047234605, 0.0 ], [ 110.968783284779093, -6.903916904194007, 0.0 ], [ 110.968630182699499, -6.903970716113506, 0.0 ], [ 110.9684038422198, -6.903957574740302, 0.0 ], [ 110.968400845558094, -6.903957573794307, 0.0 ], [ 110.968394841408596, -6.903957533898025, 0.0 ], [ 110.968140706393697, -6.903916157964629, 0.0 ], [ 110.968018337527397, -6.903897639552376, 0.0 ], [ 110.967742840967603, -6.903843413662111, 0.0 ], [ 110.967489534615297, -6.90379137160554, 0.0 ], [ 110.967483457004704, -6.903789691856001, 0.0 ], [ 110.967105911673499, -6.903725680395286, 0.0 ], [ 110.9669185145017, -6.903693098795795, 0.0 ], [ 110.966609928924797, -6.90363911752124, 0.0 ], [ 110.966391581020503, -6.9036146951746, 0.0 ], [ 110.966162593089393, -6.903565345122162, 0.0 ], [ 110.966003721952404, -6.903536390957528, 0.0 ], [ 110.965831953939897, -6.903494312583887, 0.0 ], [ 110.965830797084607, -6.903493020339592, 0.0 ], [ 110.965741684758299, -6.903473351389198, 0.0 ], [ 110.965627203819807, -6.903414966171462, 0.0 ], [ 110.965519782397493, -6.903355496650392, 0.0 ], [ 110.965514485480099, -6.903352582791511, 0.0 ], [ 110.965441083846898, -6.903316855986507, 0.0 ], [ 110.965310475879207, -6.90325448693102, 0.0 ], [ 110.965218033236397, -6.903222355542192, 0.0 ], [ 110.9650411082593, -6.90314407109578, 0.0 ], [ 110.964949549174094, -6.903085945808956, 0.0 ], [ 110.964894024352105, -6.903049629534348, 0.0 ], [ 110.964847409811199, -6.903025499673712, 0.0 ], [ 110.964800389027303, -6.903013889102525, 0.0 ], [ 110.964698018637705, -6.902967426836619, 0.0 ], [ 110.964591188721101, -6.902904015680853, 0.0 ], [ 110.964588817449496, -6.902904018042864, 0.0 ], [ 110.964490571102402, -6.90287191574359, 0.0 ], [ 110.964454657544195, -6.902850182347628, 0.0 ], [ 110.964410995905595, -6.902849752932687, 0.0 ], [ 110.964336846785798, -6.902853128377068, 0.0 ], [ 110.964311328535302, -6.902852841334879, 0.0 ], [ 110.964186586641205, -6.902857750212037, 0.0 ], [ 110.964041259270601, -6.90286892902328, 0.0 ], [ 110.963928026543698, -6.902874224476965, 0.0 ], [ 110.963807693412207, -6.902903120317442, 0.0 ], [ 110.963708162026194, -6.902919333697978, 0.0 ], [ 110.963639016535694, -6.902912576989936, 0.0 ], [ 110.963567963234695, -6.902898661499186, 0.0 ], [ 110.963486403843504, -6.902845514019316, 0.0 ], [ 110.963321050136997, -6.902724234705241, 0.0 ], [ 110.963232647412397, -6.902649865756368, 0.0 ], [ 110.963114480945094, -6.90255573597268, 0.0 ], [ 110.962991999637197, -6.90245235817664, 0.0 ], [ 110.962916579049406, -6.902382861650617, 0.0 ], [ 110.962836391954099, -6.902320207658522, 0.0 ], [ 110.962812333101098, -6.902294100603434, 0.0 ] ] ] } },
{ "type": "Feature", "properties": { "NAME": "Dermoyo", "OBJ_ID": "SC07", "VILLAGE": "Kayen", "CC_4": "3318020009", "SUB_DIST": "Kayen", "DISTRICT": "Pati", "TYPE": "Secondary" }, "geometry": { "type": "MultiLineString", "coordinates": [ [ [ 110.970083176579806, -6.903435679950874, 0.0 ], [ 110.969991693545495, -6.903438508408294, 0.0 ], [ 110.969870655829695, -6.903408171803352, 0.0 ], [ 110.969714880455996, -6.903414803741178, 0.0 ], [ 110.969566246106197, -6.903487263238614, 0.0 ], [ 110.969416519615805, -6.903580404211215, 0.0 ], [ 110.969245867043398, -6.903656898653277, 0.0 ], [ 110.969199439238494, -6.903687631652992, 0.0 ] ] ] } },
{ "type": "Feature", "properties": { "NAME": "Dermoyo", "OBJ_ID": "SC08", "VILLAGE": "Srikaton", "CC_4": "3318020011", "SUB_DIST": "Kayen", "DISTRICT": "Pati", "TYPE": "Secondary" }, "geometry": { "type": "MultiLineString", "coordinates": [ [ [ 110.958847891161597, -6.900382691799145, 0.0 ], [ 110.958850711657206, -6.900361490181459, 0.0 ], [ 110.958871090833597, -6.900307470626139, 0.0 ], [ 110.958897919784206, -6.900248315561395, 0.0 ], [ 110.958918653425499, -6.900198945470597, 0.0 ], [ 110.958946787509802, -6.900131900179247, 0.0 ], [ 110.958975838653799, -6.900048787131479, 0.0 ], [ 110.959002519890305, -6.899947470052854, 0.0 ], [ 110.959028942452093, -6.899860863182988, 0.0 ], [ 110.959035546998805, -6.899837807687023, 0.0 ], [ 110.959051999437705, -6.899780169715677, 0.0 ], [ 110.959055195102593, -6.899751091638349, 0.0 ], [ 110.959058706737807, -6.899719931595485, 0.0 ], [ 110.959066739663101, -6.899686107672235, 0.0 ], [ 110.959075214195096, -6.899642394259147, 0.0 ], [ 110.959075228018094, -6.899640530423112, 0.0 ], [ 110.959075720853207, -6.899574387221283, 0.0 ], [ 110.959080184874097, -6.899472457383715, 0.0 ], [ 110.959083628762201, -6.899412513122192, 0.0 ], [ 110.959081458512998, -6.89933963632206, 0.0 ], [ 110.959080908481397, -6.89929055985792, 0.0 ], [ 110.959057660787494, -6.899225325938613, 0.0 ], [ 110.959048206122105, -6.899174900636246, 0.0 ], [ 110.959047374423207, -6.899172486492575, 0.0 ], [ 110.959042821620997, -6.899107399928405, 0.0 ], [ 110.959037496604793, -6.899048259816309, 0.0 ], [ 110.959035651470799, -6.898991174307422, 0.0 ], [ 110.959028057052606, -6.898923322695356, 0.0 ], [ 110.959025667863699, -6.898884344244387, 0.0 ], [ 110.959024841196594, -6.898881784132329, 0.0 ], [ 110.959024702351897, -6.898817874841011, 0.0 ], [ 110.959023952311796, -6.898759771736325, 0.0 ], [ 110.959023095869597, -6.89873763649849, 0.0 ], [ 110.959020262748098, -6.898696132533319, 0.0 ], [ 110.959023989316407, -6.89865793545785, 0.0 ], [ 110.959020867381795, -6.898635609727418, 0.0 ], [ 110.959014738292595, -6.898605249819662, 0.0 ], [ 110.959014833456806, -6.89860418075531, 0.0 ], [ 110.959008832475305, -6.898579280132967, 0.0 ], [ 110.959007072848394, -6.898544600485609, 0.0 ], [ 110.959010540530699, -6.898513270714606, 0.0 ], [ 110.959018191202404, -6.898478357938201, 0.0 ], [ 110.959020580759599, -6.898449723635414, 0.0 ], [ 110.959019624191598, -6.89842543258033, 0.0 ], [ 110.959018856424805, -6.898397837431782, 0.0 ], [ 110.959014586449698, -6.898374876071578, 0.0 ], [ 110.959013991168206, -6.898354672007978, 0.0 ], [ 110.959012723128893, -6.898310807427065, 0.0 ], [ 110.959013163896699, -6.898305364544827, 0.0 ], [ 110.959015637423306, -6.898274744399284, 0.0 ], [ 110.959015789805704, -6.898272851354645, 0.0 ], [ 110.959018679699099, -6.898236980998498, 0.0 ], [ 110.959013905992293, -6.898195803853257, 0.0 ], [ 110.959013455318697, -6.898189657881946, 0.0 ], [ 110.959008630156205, -6.898142036153121, 0.0 ], [ 110.9590086860605, -6.898113335338611, 0.0 ], [ 110.959006665023594, -6.898085941111159, 0.0 ], [ 110.959005455449102, -6.898023183195843, 0.0 ], [ 110.959004448722894, -6.897994599470818, 0.0 ], [ 110.959007956650396, -6.897957819532473, 0.0 ], [ 110.959008193552705, -6.897934630924609, 0.0 ], [ 110.959009222820896, -6.897894069565261, 0.0 ], [ 110.959008542809897, -6.897844489471262, 0.0 ], [ 110.959012668033196, -6.89782074820991, 0.0 ], [ 110.959018086347697, -6.897789446858237, 0.0 ], [ 110.959019116951694, -6.897768713705421, 0.0 ], [ 110.959021044128093, -6.897736692499454, 0.0 ], [ 110.959021045235502, -6.897732467982452, 0.0 ], [ 110.959023412262496, -6.897712985773894, 0.0 ], [ 110.959027060336894, -6.897696137435209, 0.0 ], [ 110.959027130552002, -6.897695566206502, 0.0 ], [ 110.959028984363599, -6.897680481540434, 0.0 ], [ 110.959029129274199, -6.897679302372435, 0.0 ], [ 110.959029316929303, -6.897664331985285, 0.0 ], [ 110.959028508275196, -6.897661897335183, 0.0 ], [ 110.959027723267695, -6.897645139013415, 0.0 ], [ 110.959027384387298, -6.897643244504041, 0.0 ], [ 110.959022939351598, -6.897617316239902, 0.0 ], [ 110.959023309532199, -6.897613977333964, 0.0 ], [ 110.959025042405599, -6.897598347017624, 0.0 ], [ 110.959025425796597, -6.897594888982984, 0.0 ], [ 110.959027943419599, -6.897572214910482, 0.0 ], [ 110.959030206566595, -6.8975463135251, 0.0 ], [ 110.959030374307901, -6.897544796730154, 0.0 ], [ 110.959033196298293, -6.897519207787374, 0.0 ], [ 110.959035602383295, -6.897491603155558, 0.0 ], [ 110.959035974033796, -6.897488253589166, 0.0 ], [ 110.959036092738899, -6.897463418699486, 0.0 ], [ 110.959034194870398, -6.897437549673876, 0.0 ], [ 110.959039428495402, -6.897403316235491, 0.0 ], [ 110.959042740235006, -6.897362506935828, 0.0 ], [ 110.959038189449302, -6.897331644443762, 0.0 ], [ 110.959038396420596, -6.897328870692305, 0.0 ], [ 110.959046202898307, -6.897274056931561, 0.0 ], [ 110.959048104156906, -6.89725770973634, 0.0 ], [ 110.959050327741906, -6.897228841253, 0.0 ], [ 110.959051925227499, -6.897199447911502, 0.0 ], [ 110.959052056478299, -6.897197725079216, 0.0 ], [ 110.959050431289995, -6.897174944846558, 0.0 ], [ 110.959051401183501, -6.897144655442153, 0.0 ], [ 110.959045871581296, -6.897105045147601, 0.0 ], [ 110.959045734348294, -6.897079645319857, 0.0 ], [ 110.959045813854004, -6.897079010085358, 0.0 ], [ 110.959050250793595, -6.897043557390923, 0.0 ], [ 110.9590505058719, -6.897041519152491, 0.0 ], [ 110.959059023993106, -6.897002697000955, 0.0 ], [ 110.959065474311501, -6.896948721739197, 0.0 ], [ 110.959065036455797, -6.896917191509057, 0.0 ], [ 110.959076008522601, -6.896871730554022, 0.0 ], [ 110.959078873188105, -6.896838845390479, 0.0 ], [ 110.959084002954597, -6.896799604397612, 0.0 ], [ 110.959084105559995, -6.896798176092397, 0.0 ], [ 110.959089465700501, -6.896766514017072, 0.0 ], [ 110.959092141262303, -6.896731179054267, 0.0 ], [ 110.959094182145705, -6.896679246013974, 0.0 ], [ 110.959107700877894, -6.896590865428318, 0.0 ], [ 110.959118402394097, -6.896527855172782, 0.0 ], [ 110.959122259977704, -6.896468911998289, 0.0 ], [ 110.959130080937101, -6.896387205010213, 0.0 ], [ 110.959133740476602, -6.896292877208504, 0.0 ], [ 110.959138741587694, -6.896234952931407, 0.0 ], [ 110.959144175691904, -6.896111620033236, 0.0 ], [ 110.959150471280196, -6.896077710119384, 0.0 ], [ 110.959155313212506, -6.89603242180696, 0.0 ], [ 110.959166665250606, -6.89596377157223, 0.0 ], [ 110.959185441072904, -6.895837359570828, 0.0 ], [ 110.959205542415503, -6.895742783059005, 0.0 ], [ 110.959217502286094, -6.895602256686809, 0.0 ], [ 110.959217692506598, -6.895598810195586, 0.0 ], [ 110.959245402404704, -6.895411902876916, 0.0 ], [ 110.9592593598462, -6.895315676080345, 0.0 ], [ 110.959267877515103, -6.895259046717108, 0.0 ], [ 110.959285135578398, -6.895200617164647, 0.0 ], [ 110.959351054999601, -6.894909764785362, 0.0 ], [ 110.959381821973807, -6.89473217664134, 0.0 ], [ 110.959382163111698, -6.89472074997394, 0.0 ], [ 110.959423462943107, -6.894563793077448, 0.0 ], [ 110.959444056174604, -6.894478805264443, 0.0 ], [ 110.9594580953747, -6.894301544827022, 0.0 ], [ 110.959478288199406, -6.894135121555674, 0.0 ], [ 110.959488209205006, -6.894043779041663, 0.0 ], [ 110.959502311077003, -6.89396873143078, 0.0 ], [ 110.959530591705899, -6.893903900783744, 0.0 ], [ 110.959534454111093, -6.893804647184218, 0.0 ], [ 110.959542068073802, -6.893681050110306, 0.0 ], [ 110.959542135053297, -6.893674050582447, 0.0 ], [ 110.959575436417396, -6.893519217031044, 0.0 ], [ 110.959575710820005, -6.893505488467603, 0.0 ], [ 110.959596958800802, -6.89339811570617, 0.0 ], [ 110.959635308003598, -6.893299081555392, 0.0 ], [ 110.959655900091093, -6.893189244036241, 0.0 ], [ 110.959684976306406, -6.893041992885134, 0.0 ], [ 110.959735485536299, -6.892891584965855, 0.0 ], [ 110.959768877916403, -6.892700552503953, 0.0 ], [ 110.959829359536798, -6.892545477850507, 0.0 ], [ 110.9598547481542, -6.892427335983851, 0.0 ], [ 110.959883419584003, -6.892331464517088, 0.0 ] ] ] } },
{ "type": "Feature", "properties": { "NAME": "Dermoyo", "OBJ_ID": "SC09", "VILLAGE": "Trimulyo", "CC_4": "3318020010", "SUB_DIST": "Kayen", "DISTRICT": "Pati", "TYPE": "Secondary" }, "geometry": { "type": "MultiLineString", "coordinates": [ [ [ 110.962812961477198, -6.902293202994822, 0.0 ], [ 110.962793319484902, -6.902274175726862, 0.0 ], [ 110.962775825755998, -6.902245218307392, 0.0 ], [ 110.962761464906194, -6.902216495510335, 0.0 ], [ 110.962744621902999, -6.902154203507259, 0.0 ], [ 110.962743812225497, -6.902150608493815, 0.0 ], [ 110.9627129291041, -6.90207210040694, 0.0 ], [ 110.962712896410395, -6.902071092457105, 0.0 ], [ 110.962705426186304, -6.901997980845084, 0.0 ], [ 110.9627118681327, -6.901929839210121, 0.0 ], [ 110.962712401545801, -6.901886789747916, 0.0 ], [ 110.962699739152299, -6.901806352808589, 0.0 ], [ 110.962692342267601, -6.901697313757533, 0.0 ], [ 110.962664226155297, -6.901601744345591, 0.0 ], [ 110.962636567080494, -6.901557046617946, 0.0 ], [ 110.962580730447897, -6.901516609789714, 0.0 ], [ 110.962536686271505, -6.901504441307823, 0.0 ], [ 110.962433389231904, -6.90149227785963, 0.0 ], [ 110.962363006926196, -6.901481318224802, 0.0 ], [ 110.962294397015597, -6.901474144170148, 0.0 ], [ 110.962234447248704, -6.901461013070964, 0.0 ], [ 110.962150061727499, -6.901425103713151, 0.0 ], [ 110.962120522233207, -6.901419664566615, 0.0 ], [ 110.962064750522401, -6.901410612580439, 0.0 ], [ 110.962061667107903, -6.901408683007229, 0.0 ], [ 110.962059272974003, -6.901408712333664, 0.0 ], [ 110.961969230348402, -6.901400917686217, 0.0 ], [ 110.961831813082597, -6.901363035259211, 0.0 ], [ 110.961827712040204, -6.901363037074288, 0.0 ], [ 110.961825953955298, -6.901361974164981, 0.0 ], [ 110.961725775903602, -6.901339069013671, 0.0 ], [ 110.961630472663003, -6.901307940201753, 0.0 ], [ 110.961528372163002, -6.901275471000401, 0.0 ], [ 110.961431475157994, -6.901249746253409, 0.0 ], [ 110.961323301098403, -6.901218408770485, 0.0 ], [ 110.961229234407398, -6.901193240572742, 0.0 ], [ 110.961116223522595, -6.90116257993395, 0.0 ], [ 110.961082027684398, -6.901160138981949, 0.0 ], [ 110.961030649758598, -6.901151713175297, 0.0 ], [ 110.960989209210098, -6.901136071432943, 0.0 ], [ 110.960912094613604, -6.901117339420145, 0.0 ], [ 110.960877957929497, -6.901105349667088, 0.0 ], [ 110.960846553149295, -6.901094333593604, 0.0 ], [ 110.960823918105504, -6.901087891633774, 0.0 ], [ 110.960796519494494, -6.901088082200257, 0.0 ], [ 110.960771395598599, -6.90108258405128, 0.0 ], [ 110.960735675747401, -6.901074769288454, 0.0 ], [ 110.960698942378102, -6.901062411888456, 0.0 ], [ 110.960678427111304, -6.901050245628338, 0.0 ], [ 110.960669433192393, -6.901043535852917, 0.0 ], [ 110.960621001992607, -6.901036412250434, 0.0 ], [ 110.960485810410205, -6.900999132126085, 0.0 ], [ 110.960388189012406, -6.900976933491472, 0.0 ], [ 110.960292272893994, -6.900940731922099, 0.0 ], [ 110.960143812121601, -6.900909677815091, 0.0 ], [ 110.959944428527294, -6.900859065581227, 0.0 ], [ 110.959837211678902, -6.900830307264895, 0.0 ], [ 110.959719260106297, -6.900801317797129, 0.0 ], [ 110.959616886916194, -6.900765791131652, 0.0 ], [ 110.959452241416699, -6.900719777536967, 0.0 ], [ 110.959325324626306, -6.900686445087617, 0.0 ], [ 110.959214730818303, -6.900665222044351, 0.0 ], [ 110.959066169076706, -6.900613687300552, 0.0 ], [ 110.959001922602596, -6.900599013327992, 0.0 ], [ 110.958948405276999, -6.900586959504207, 0.0 ], [ 110.958919149775895, -6.900576775762766, 0.0 ], [ 110.958850483723495, -6.900562328787497, 0.0 ], [ 110.958819574332907, -6.900557762599084, 0.0 ], [ 110.958807183968702, -6.900554949085244, 0.0 ], [ 110.958812341980902, -6.900537290586641, 0.0 ], [ 110.9588254438262, -6.900477647780924, 0.0 ], [ 110.958833838832703, -6.900430422880257, 0.0 ], [ 110.958847949921903, -6.900381339589029, 0.0 ] ] ] } },
{ "type": "Feature", "properties": { "NAME": "Galiran", "OBJ_ID": "SC10", "VILLAGE": "Wotan", "CC_4": "3318010013", "SUB_DIST": "Sukolilo", "DISTRICT": "Pati", "TYPE": "Secondary" }, "geometry": { "type": "MultiLineString", "coordinates": [ [ [ 110.861770911337103, -6.911734565333391, 0.0 ], [ 110.8618885905057, -6.911410861284017, 0.0 ], [ 110.862026823845198, -6.911010444336839, 0.0 ], [ 110.862316984127503, -6.910618399389912, 0.0 ], [ 110.862613088521698, -6.910351881149537, 0.0 ], [ 110.862752967557199, -6.910256762843015, 0.0 ], [ 110.862943542894399, -6.910173945347192, 0.0 ], [ 110.863693950290894, -6.909887174866153, 0.0 ], [ 110.864280128147499, -6.909663024555888, 0.0 ], [ 110.864782175817197, -6.90941286461545, 0.0 ], [ 110.865486480380696, -6.909146014269179, 0.0 ], [ 110.866543977736001, -6.908681413075672, 0.0 ], [ 110.867463218045899, -6.90824114559269, 0.0 ], [ 110.867959706412506, -6.908010509290561, 0.0 ], [ 110.868818916701599, -6.907636920063926, 0.0 ], [ 110.869352660898798, -6.90735862551129, 0.0 ], [ 110.869494371967903, -6.907339235239873, 0.0 ] ] ] } },
{ "type": "Feature", "properties": { "NAME": "Galiran", "OBJ_ID": "SC11", "VILLAGE": "Baleadi", "CC_4": "3318010012", "SUB_DIST": "Sukolilo", "DISTRICT": "Pati", "TYPE": "Secondary" }, "geometry": { "type": "MultiLineString", "coordinates": [ [ [ 110.848158684766602, -6.914121278333837, 0.0 ], [ 110.848297042149397, -6.914093316654267, 0.0 ], [ 110.848541489335204, -6.914009283159761, 0.0 ], [ 110.848670377454198, -6.914004809340743, 0.0 ], [ 110.848860897738405, -6.914045281138851, 0.0 ], [ 110.849488528741503, -6.914214516090887, 0.0 ], [ 110.850509130004397, -6.914494643685946, 0.0 ], [ 110.851517637504003, -6.914795021969451, 0.0 ], [ 110.851835548196803, -6.914938556850463, 0.0 ], [ 110.851959608167405, -6.915020024971881, 0.0 ], [ 110.852524867464595, -6.915592687883452, 0.0 ], [ 110.853018991326607, -6.916223276174227, 0.0 ], [ 110.8531348261358, -6.916362296715373, 0.0 ], [ 110.853263359287794, -6.916383090054042, 0.0 ], [ 110.853718574096703, -6.916543653053276, 0.0 ], [ 110.854189488566803, -6.916650407393188, 0.0 ], [ 110.854660648760202, -6.916789462512317, 0.0 ], [ 110.854842575387295, -6.916876190866985, 0.0 ], [ 110.855020982755505, -6.916854690136015, 0.0 ], [ 110.855030690256001, -6.916849274784887, 0.0 ], [ 110.855646367903603, -6.916717136303444, 0.0 ], [ 110.855951498898307, -6.916678607246106, 0.0 ], [ 110.856109127335102, -6.916678760374859, 0.0 ], [ 110.856502959216201, -6.916778800622636, 0.0 ], [ 110.857100429062896, -6.916942671405876, 0.0 ], [ 110.857447047936006, -6.917051527244825, 0.0 ], [ 110.857907865916403, -6.917188895698852, 0.0 ], [ 110.858270517316697, -6.917253592223322, 0.0 ], [ 110.858443921886604, -6.917259306343831, 0.0 ], [ 110.858686374005799, -6.917190035084033, 0.0 ], [ 110.859204812301101, -6.916965521139344, 0.0 ], [ 110.859761944920194, -6.916741490192504, 0.0 ], [ 110.859928150659798, -6.916617718612723, 0.0 ], [ 110.860019389690095, -6.91645387549646, 0.0 ], [ 110.860281731451806, -6.915944879878123, 0.0 ], [ 110.8603769946954, -6.91572425048532, 0.0 ], [ 110.860609476555496, -6.915255143700224, 0.0 ], [ 110.860809497831099, -6.914837662154177, 0.0 ], [ 110.860977075935097, -6.91429886034543, 0.0 ], [ 110.861193283145496, -6.913623701180845, 0.0 ], [ 110.861416647808596, -6.912889804130748, 0.0 ], [ 110.861591677650296, -6.912308807169182, 0.0 ], [ 110.861683504789895, -6.912010658064758, 0.0 ], [ 110.861769304283797, -6.911733007215363, 0.0 ] ] ] } },
{ "type": "Feature", "properties": { "NAME": "Galiran", "OBJ_ID": "SC12", "VILLAGE": "Kutuk", "CC_4": "3319040007", "SUB_DIST": "Undaan", "DISTRICT": "Kudus", "TYPE": "Secondary" }, "geometry": { "type": "MultiLineString", "coordinates": [ [ [ 110.829231579388505, -6.945337351868908, 0.0 ], [ 110.829172527560004, -6.94488845503721, 0.0 ], [ 110.829090985985403, -6.943909657663823, 0.0 ], [ 110.829047066778401, -6.943031749564584, 0.0 ], [ 110.828982887372007, -6.942094412460603, 0.0 ], [ 110.828941222617303, -6.941313997651833, 0.0 ], [ 110.828933264905103, -6.941003210672544, 0.0 ], [ 110.829000621463507, -6.940791197411083, 0.0 ], [ 110.829391603570102, -6.939857014152613, 0.0 ], [ 110.829864637485898, -6.938633835691547, 0.0 ], [ 110.830072669868997, -6.938025353200951, 0.0 ], [ 110.830299830587904, -6.937655094887996, 0.0 ], [ 110.8305618017299, -6.937272390652008, 0.0 ], [ 110.831098526730898, -6.936566280634898, 0.0 ], [ 110.831334830439005, -6.936191743408753, 0.0 ], [ 110.831405051377104, -6.935835606827951, 0.0 ], [ 110.831432526667996, -6.935628716629536, 0.0 ], [ 110.831227471630797, -6.93494923956046, 0.0 ], [ 110.8310664522579, -6.934487815690563, 0.0 ], [ 110.830956799213894, -6.934174581729519, 0.0 ], [ 110.830657168880506, -6.933610336510271, 0.0 ], [ 110.830543454787502, -6.933308397643138, 0.0 ], [ 110.830491791327304, -6.933064423490997, 0.0 ], [ 110.830552514234697, -6.93249624888588, 0.0 ], [ 110.830680224504206, -6.931950952942433, 0.0 ], [ 110.830900448125803, -6.931084199198954, 0.0 ], [ 110.831058049126, -6.930471464694754, 0.0 ], [ 110.831162688675704, -6.930212096591059, 0.0 ], [ 110.831438717889696, -6.929654216568727, 0.0 ], [ 110.831882504460296, -6.929079636211852, 0.0 ], [ 110.832105612358006, -6.928659942158374, 0.0 ], [ 110.832172119712098, -6.928467446591267, 0.0 ], [ 110.832189596917004, -6.928139684958829, 0.0 ], [ 110.832134089477293, -6.927585480487495, 0.0 ], [ 110.832052722111797, -6.926911089095547, 0.0 ], [ 110.832024358361195, -6.926568439713082, 0.0 ], [ 110.832095012511502, -6.926137188717969, 0.0 ], [ 110.832204965014895, -6.925645394989346, 0.0 ], [ 110.832265140664404, -6.925395773890452, 0.0 ] ] ] } },
{ "type": "Feature", "properties": { "NAME": "Galiran", "OBJ_ID": "SC13", "VILLAGE": "Prawoto", "CC_4": "3318010002", "SUB_DIST": "Sukolilo", "DISTRICT": "Pati", "TYPE": "Secondary" }, "geometry": { "type": "MultiLineString", "coordinates": [ [ [ 110.829321896284995, -6.959500117828689, 0.0 ], [ 110.829361705689493, -6.959408899092551, 0.0 ], [ 110.829486342074105, -6.958972437991009, 0.0 ], [ 110.829652436945807, -6.958506535139128, 0.0 ], [ 110.829711303268795, -6.958296203402874, 0.0 ], [ 110.829647416215096, -6.958099742406453, 0.0 ], [ 110.829384638981395, -6.957236713673456, 0.0 ], [ 110.829173713801794, -6.956661856559206, 0.0 ], [ 110.829041819132797, -6.956228805292207, 0.0 ], [ 110.829034557231196, -6.955713973852633, 0.0 ], [ 110.829089721218594, -6.95508905536012, 0.0 ], [ 110.829117428416794, -6.954756124111089, 0.0 ], [ 110.829244805417602, -6.953276694211617, 0.0 ], [ 110.829296867910699, -6.952733465668279, 0.0 ], [ 110.829342699237401, -6.952407310460196, 0.0 ], [ 110.829435098672505, -6.951988860880895, 0.0 ], [ 110.829503150155503, -6.951670652371393, 0.0 ], [ 110.829688652539204, -6.950859933611247, 0.0 ], [ 110.829771405134906, -6.950474449256301, 0.0 ], [ 110.829746974604703, -6.950087356913635, 0.0 ], [ 110.829633280572907, -6.948975127009373, 0.0 ], [ 110.829569251123303, -6.948426089967389, 0.0 ], [ 110.829409094636105, -6.947142555669767, 0.0 ], [ 110.829344259116993, -6.946595016268449, 0.0 ], [ 110.829279208670997, -6.945870493855404, 0.0 ], [ 110.829253168559404, -6.945555361998987, 0.0 ], [ 110.829230620143406, -6.945340325357221, 0.0 ] ] ] } },
{ "type": "Feature", "properties": { "NAME": "Galiran", "OBJ_ID": "SC14", "VILLAGE": "Terang Mas", "CC_4": "3319040015", "SUB_DIST": "Undaan", "DISTRICT": "Kudus", "TYPE": "Secondary" }, "geometry": { "type": "MultiLineString", "coordinates": [ [ [ 110.832260978119294, -6.925416717516267, 0.0 ], [ 110.832348323692997, -6.9249696362395, 0.0 ], [ 110.832449305648595, -6.92456614145372, 0.0 ], [ 110.832589153932403, -6.923803606809805, 0.0 ], [ 110.832686820465099, -6.923116123822564, 0.0 ], [ 110.832796198130396, -6.922539763660818, 0.0 ], [ 110.832851478595799, -6.922171803830669, 0.0 ], [ 110.832866469365101, -6.921927339999282, 0.0 ], [ 110.832774067714496, -6.921708178309509, 0.0 ], [ 110.832493804539496, -6.921258232056196, 0.0 ], [ 110.832064008919701, -6.920547230057941, 0.0 ], [ 110.831787288185197, -6.920089955822409, 0.0 ], [ 110.831648039767998, -6.919668270457596, 0.0 ], [ 110.831607477933801, -6.919314584890409, 0.0 ], [ 110.831676603472602, -6.918812999036693, 0.0 ], [ 110.831851414582005, -6.918012475127642, 0.0 ], [ 110.832012220558795, -6.917343318193367, 0.0 ], [ 110.832195413335597, -6.916938053459977, 0.0 ], [ 110.832530877243997, -6.916503379001616, 0.0 ], [ 110.832869296512897, -6.916257155447301, 0.0 ], [ 110.833435879838305, -6.916064056469166, 0.0 ], [ 110.834151093689798, -6.916014118693078, 0.0 ], [ 110.834923284994602, -6.916007272017926, 0.0 ], [ 110.835523519478798, -6.915955738254469, 0.0 ], [ 110.835769443752397, -6.915956345773348, 0.0 ] ] ] } },
{ "type": "Feature", "properties": { "NAME": "Galiran", "OBJ_ID": "SC15", "VILLAGE": "Undaan Kidul", "CC_4": "3319040008", "SUB_DIST": "Undaan", "DISTRICT": "Kudus", "TYPE": "Secondary" }, "geometry": { "type": "MultiLineString", "coordinates": [ [ [ 110.835769027771903, -6.915955824442161, 0.0 ], [ 110.836285429492193, -6.915956746839372, 0.0 ], [ 110.836937623338301, -6.915945329396373, 0.0 ], [ 110.837119691000495, -6.915882058229171, 0.0 ], [ 110.837237904740206, -6.915784783748745, 0.0 ], [ 110.837694431649197, -6.915163603746022, 0.0 ], [ 110.838111870773602, -6.914600571674554, 0.0 ], [ 110.838578596933701, -6.913933940200768, 0.0 ], [ 110.839025734285102, -6.913262074038594, 0.0 ], [ 110.839327976634607, -6.912966671218639, 0.0 ], [ 110.839680488587007, -6.912746013283837, 0.0 ], [ 110.839960070434799, -6.912638934849448, 0.0 ], [ 110.840445345090401, -6.912590174938891, 0.0 ], [ 110.840959992857407, -6.912661512734247, 0.0 ], [ 110.841497895666905, -6.912873629780917, 0.0 ], [ 110.843154729616501, -6.913552830232032, 0.0 ], [ 110.844529625816307, -6.914155274349786, 0.0 ], [ 110.845709062558896, -6.914647989546121, 0.0 ], [ 110.845986536581606, -6.914723727733708, 0.0 ], [ 110.846209741065394, -6.914686437869461, 0.0 ], [ 110.846557841866399, -6.91470198299906, 0.0 ], [ 110.846751358149305, -6.914596279622834, 0.0 ], [ 110.847425341866199, -6.914365864158944, 0.0 ], [ 110.847984628826097, -6.914200444978617, 0.0 ], [ 110.848156662174603, -6.91412718860422, 0.0 ] ] ] } },
{ "type": "Feature", "properties": { "NAME": "Gebang", "OBJ_ID": "SC16", "VILLAGE": "Bogotanjung", "CC_4": "3318110004", "SUB_DIST": "Gabus", "DISTRICT": "Pati", "TYPE": "Secondary" }, "geometry": { "type": "MultiLineString", "coordinates": [ [ [ 111.015778997125196, -6.839158305930686, 0.0 ], [ 111.015995790405896, -6.839173529383569, 0.0 ], [ 111.016083733501702, -6.839176669522383, 0.0 ], [ 111.016176438631007, -6.839181258884648, 0.0 ], [ 111.016380562759295, -6.839205839979916, 0.0 ], [ 111.016491122170095, -6.839194100394783, 0.0 ], [ 111.016496640511505, -6.839194037979918, 0.0 ], [ 111.01650436816, -6.839193960100664, 0.0 ], [ 111.016835075189306, -6.839195220932286, 0.0 ], [ 111.016893043253802, -6.839191578130666, 0.0 ], [ 111.016957858938, -6.839153399170293, 0.0 ], [ 111.0169717833638, -6.839092242397787, 0.0 ], [ 111.016991370672102, -6.838936069493647, 0.0 ], [ 111.017016120590299, -6.838771109251476, 0.0 ], [ 111.0170163544107, -6.838766151805425, 0.0 ], [ 111.017032307578603, -6.838606559464442, 0.0 ], [ 111.017032499890306, -6.838602759042218, 0.0 ], [ 111.017035562407401, -6.838542270743135, 0.0 ], [ 111.017043089641803, -6.838354952431533, 0.0 ], [ 111.017048272308699, -6.838188977127288, 0.0 ], [ 111.0170481347471, -6.838175520317031, 0.0 ], [ 111.017051970614304, -6.8380277076769, 0.0 ], [ 111.017051943404297, -6.838024268202103, 0.0 ], [ 111.017060800856001, -6.837891479587619, 0.0 ], [ 111.017060610751301, -6.837842318800059, 0.0 ], [ 111.017075932683596, -6.837621908721354, 0.0 ], [ 111.017081537673803, -6.837446521185014, 0.0 ], [ 111.017080482464095, -6.837440026164289, 0.0 ], [ 111.017075556229898, -6.837355634011485, 0.0 ], [ 111.0170855224208, -6.837232077444706, 0.0 ], [ 111.017101908346504, -6.836941554308595, 0.0 ], [ 111.017118005988294, -6.836680506137154, 0.0 ], [ 111.017118215288804, -6.836671952945657, 0.0 ], [ 111.017121910434994, -6.836522998587307, 0.0 ], [ 111.017124016045301, -6.836439366592348, 0.0 ], [ 111.017143241475793, -6.836243538063925, 0.0 ], [ 111.017146735720104, -6.836042004766441, 0.0 ], [ 111.0171518364847, -6.835959295001254, 0.0 ], [ 111.0171502193229, -6.835848759164396, 0.0 ], [ 111.017174537661603, -6.835583811414851, 0.0 ], [ 111.017179876550401, -6.835447273056611, 0.0 ], [ 111.017176393446206, -6.835365141466969, 0.0 ], [ 111.017193336279703, -6.835232513699037, 0.0 ], [ 111.017231548232104, -6.835046385987654, 0.0 ], [ 111.017265334312796, -6.834933279554482, 0.0 ], [ 111.017297836337605, -6.834835114466171, 0.0 ], [ 111.017346935964596, -6.834769433061195, 0.0 ], [ 111.0174161999945, -6.834681215150388, 0.0 ], [ 111.017669600938206, -6.834393756368266, 0.0 ], [ 111.017816748136696, -6.834203428841304, 0.0 ], [ 111.017974048525303, -6.834009032771095, 0.0 ], [ 111.018083167627196, -6.833899396163948, 0.0 ], [ 111.018348852399498, -6.83360885787347, 0.0 ], [ 111.018535574765096, -6.833410550617367, 0.0 ], [ 111.018661374458503, -6.833235559613978, 0.0 ], [ 111.018846321743794, -6.833028995619612, 0.0 ], [ 111.019074638472802, -6.832732983414917, 0.0 ], [ 111.019209472196295, -6.832559862741864, 0.0 ], [ 111.019331880295297, -6.832424454421197, 0.0 ], [ 111.019440742303701, -6.83227246374229, 0.0 ], [ 111.019521241256399, -6.83212358389328, 0.0 ], [ 111.019665725522998, -6.831929215007176, 0.0 ], [ 111.019678221497699, -6.831913955414588, 0.0 ], [ 111.019686397393599, -6.831905164860696, 0.0 ], [ 111.019781675247799, -6.83179326919539, 0.0 ], [ 111.019900233277198, -6.831649484972871, 0.0 ], [ 111.019988986818902, -6.831527642451085, 0.0 ], [ 111.020047042441206, -6.831407364319335, 0.0 ], [ 111.020057453902695, -6.831328527076767, 0.0 ], [ 111.020072512929303, -6.831269965526466, 0.0 ] ] ] } },
{ "type": "Feature", "properties": { "NAME": "Gebang", "OBJ_ID": "SC17", "VILLAGE": "Gebang", "CC_4": "3318110016", "SUB_DIST": "Gabus", "DISTRICT": "Pati", "TYPE": "Secondary" }, "geometry": { "type": "MultiLineString", "coordinates": [ [ [ 111.029519772384205, -6.816592669654045, 0.0 ], [ 111.029579898615694, -6.816377449280909, 0.0 ], [ 111.029647240506904, -6.816224959521963, 0.0 ], [ 111.029689503576606, -6.816117689949819, 0.0 ], [ 111.029804807738401, -6.815979964119201, 0.0 ], [ 111.029979631804693, -6.81575860934847, 0.0 ], [ 111.030102420749301, -6.815614950452552, 0.0 ], [ 111.030188329058703, -6.815483437400662, 0.0 ], [ 111.030350014088498, -6.815277301954082, 0.0 ], [ 111.030443458007795, -6.815152127776511, 0.0 ], [ 111.030846411957, -6.814647452260115, 0.0 ], [ 111.031101615272107, -6.814344228791077, 0.0 ], [ 111.031258458171905, -6.814180847436421, 0.0 ], [ 111.031421236941, -6.81397970078416, 0.0 ], [ 111.031451956902998, -6.813932340218655, 0.0 ], [ 111.031729888294393, -6.81357801986003, 0.0 ], [ 111.032226120318199, -6.812982823590557, 0.0 ], [ 111.032620407586407, -6.812513699969434, 0.0 ], [ 111.032866630340706, -6.812205809895287, 0.0 ], [ 111.033199409240893, -6.811772479396128, 0.0 ], [ 111.033500732663995, -6.811409493812894, 0.0 ], [ 111.033582373031393, -6.811304618538001, 0.0 ], [ 111.033724081259706, -6.810961217830149, 0.0 ], [ 111.033796003272798, -6.810755335671653, 0.0 ], [ 111.033849979173993, -6.810622730905639, 0.0 ], [ 111.0339283915648, -6.810286027275481, 0.0 ], [ 111.034001181732904, -6.809916609794831, 0.0 ], [ 111.034090617862603, -6.809432896329437, 0.0 ], [ 111.034167837789298, -6.808949636933781, 0.0 ] ] ] } },
{ "type": "Feature", "properties": { "NAME": "Gebang", "OBJ_ID": "SC18", "VILLAGE": "Karaban", "CC_4": "3318110002", "SUB_DIST": "Gabus", "DISTRICT": "Pati", "TYPE": "Secondary" }, "geometry": { "type": "MultiLineString", "coordinates": [ [ [ 111.014041239231005, -6.839157683489995, 0.0 ], [ 111.014348422324701, -6.839158521907735, 0.0 ], [ 111.014756288156704, -6.839141769401301, 0.0 ], [ 111.014772414213795, -6.839141831553794, 0.0 ], [ 111.014796682005397, -6.839141788433087, 0.0 ], [ 111.015254103996099, -6.839136325902962, 0.0 ], [ 111.015553226959995, -6.839130018578798, 0.0 ], [ 111.015773407465502, -6.83916043692346, 0.0 ] ] ] } },
{ "type": "Feature", "properties": { "NAME": "Gebang", "OBJ_ID": "SC19", "VILLAGE": "Sambirejo", "CC_4": "3318110013", "SUB_DIST": "Gabus", "DISTRICT": "Pati", "TYPE": "Secondary" }, "geometry": { "type": "MultiLineString", "coordinates": [ [ [ 111.024747451069004, -6.824069726151035, 0.0 ], [ 111.025061072838994, -6.823758182048746, 0.0 ], [ 111.025212837779904, -6.823661646880874, 0.0 ], [ 111.025365372667196, -6.823601392074037, 0.0 ], [ 111.0255437154063, -6.823514596243328, 0.0 ], [ 111.025754369487402, -6.823450604126971, 0.0 ], [ 111.025963661697105, -6.823283880401674, 0.0 ], [ 111.026224619215796, -6.823053945786443, 0.0 ], [ 111.026417499906302, -6.822878655876868, 0.0 ], [ 111.026978314247103, -6.822384399341602, 0.0 ], [ 111.027507365074001, -6.821929979957203, 0.0 ], [ 111.027759008554199, -6.821720982671621, 0.0 ], [ 111.027878552937906, -6.821587233137024, 0.0 ], [ 111.028147602352306, -6.821385353453769, 0.0 ], [ 111.028334471227893, -6.821234111401269, 0.0 ], [ 111.028641380024496, -6.820939929194545, 0.0 ], [ 111.028837298189799, -6.820774289345764, 0.0 ], [ 111.028996556375105, -6.820651410292379, 0.0 ], [ 111.029160363339699, -6.820536562812953, 0.0 ], [ 111.029249851308293, -6.820385281285962, 0.0 ], [ 111.029314423990996, -6.820100568416669, 0.0 ], [ 111.029325048471904, -6.820082775834459, 0.0 ], [ 111.029411140304106, -6.819763287449158, 0.0 ], [ 111.0294775565674, -6.819472829605002, 0.0 ], [ 111.029537102934697, -6.819190802842761, 0.0 ], [ 111.029627242530907, -6.818828850035129, 0.0 ], [ 111.029648142060907, -6.818640206399949, 0.0 ], [ 111.029673391724103, -6.818575909360761, 0.0 ], [ 111.029682517957298, -6.818435933785467, 0.0 ], [ 111.029683663911001, -6.818331521192588, 0.0 ], [ 111.0296785723543, -6.818322075055375, 0.0 ], [ 111.029670802682702, -6.818309413385894, 0.0 ], [ 111.029616761295401, -6.818128662973177, 0.0 ], [ 111.029563805923402, -6.817959687333522, 0.0 ], [ 111.029531096280905, -6.817825924168113, 0.0 ], [ 111.029531211166599, -6.817822112633794, 0.0 ], [ 111.029497461429401, -6.817652863224715, 0.0 ], [ 111.029421374545905, -6.817480764282872, 0.0 ], [ 111.029421457168795, -6.817472094073995, 0.0 ], [ 111.029374871316193, -6.817311494606537, 0.0 ], [ 111.029364516268799, -6.817180689263991, 0.0 ], [ 111.029400541010801, -6.817014252681544, 0.0 ], [ 111.029441869047901, -6.816875248062325, 0.0 ], [ 111.029487343568306, -6.816682557941487, 0.0 ], [ 111.029515304772204, -6.816584541992009, 0.0 ] ] ] } },
{ "type": "Feature", "properties": { "NAME": "Gebang", "OBJ_ID": "SC20", "VILLAGE": "Tlogoayu", "CC_4": "3318110003", "SUB_DIST": "Gabus", "DISTRICT": "Pati", "TYPE": "Secondary" }, "geometry": { "type": "MultiLineString", "coordinates": [ [ [ 111.020074698837107, -6.831268493294125, 0.0 ], [ 111.020076540086706, -6.83122225079482, 0.0 ], [ 111.020078746694395, -6.831166709728088, 0.0 ], [ 111.020089931556896, -6.831132917375728, 0.0 ], [ 111.020092300600098, -6.831116628682492, 0.0 ], [ 111.020110642864907, -6.830934988862012, 0.0 ], [ 111.020112933448601, -6.830846730601461, 0.0 ], [ 111.0201364681336, -6.830590455995908, 0.0 ], [ 111.020140956905493, -6.830293747716842, 0.0 ], [ 111.020141066509794, -6.830286811957624, 0.0 ], [ 111.020168578179906, -6.830130439213602, 0.0 ], [ 111.020169015490794, -6.830110816835843, 0.0 ], [ 111.0201808789583, -6.830002103480142, 0.0 ], [ 111.020214281536397, -6.829648001312895, 0.0 ], [ 111.020240423352405, -6.829404029267801, 0.0 ], [ 111.020244048049406, -6.829159178298537, 0.0 ], [ 111.020253785649999, -6.829086116002236, 0.0 ], [ 111.020254299524197, -6.82898473935411, 0.0 ], [ 111.020274725991399, -6.828920162631073, 0.0 ], [ 111.020296493264098, -6.828867345426027, 0.0 ], [ 111.020342348446803, -6.828816170616647, 0.0 ], [ 111.0204859769579, -6.82865573276583, 0.0 ], [ 111.020629987544396, -6.828514675321009, 0.0 ] ] ] } },
{ "type": "Feature", "properties": { "NAME": "Gebang", "OBJ_ID": "SC21", "VILLAGE": "Bogotanjung", "CC_4": "3318110004", "SUB_DIST": "Gabus", "DISTRICT": "Pati", "TYPE": "Secondary" }, "geometry": { "type": "MultiLineString", "coordinates": [ [ [ 111.020631276669604, -6.828513335226961, 0.0 ], [ 111.020687481141906, -6.828456233542777, 0.0 ], [ 111.020807778119107, -6.8283377225753, 0.0 ], [ 111.020810491734693, -6.828336086468203, 0.0 ], [ 111.0209371259362, -6.828162300671689, 0.0 ], [ 111.021182636545205, -6.827890777478847, 0.0 ], [ 111.021360339818202, -6.827704690045144, 0.0 ], [ 111.021628540429305, -6.827413696702197, 0.0 ], [ 111.021948445589501, -6.827089016836133, 0.0 ], [ 111.0221212648066, -6.826890990254186, 0.0 ], [ 111.022324924292604, -6.826661001459495, 0.0 ], [ 111.022559628859298, -6.826409013581361, 0.0 ], [ 111.022697765221295, -6.826271206654306, 0.0 ], [ 111.022989821748197, -6.825945133481862, 0.0 ], [ 111.023221239674996, -6.825693360233521, 0.0 ], [ 111.023329650090702, -6.825592394466319, 0.0 ], [ 111.023703964118098, -6.825201311437936, 0.0 ], [ 111.023941791503603, -6.824956014334338, 0.0 ], [ 111.024176733797404, -6.824673869483479, 0.0 ], [ 111.024439676995698, -6.824411251542668, 0.0 ], [ 111.024610912868397, -6.824217912433769, 0.0 ], [ 111.024742742312, -6.824078764005438, 0.0 ] ] ] } },
{ "type": "Feature", "properties": { "NAME": "Kaliyoso", "OBJ_ID": "SC22", "VILLAGE": "Baturejo", "CC_4": "3318010014", "SUB_DIST": "Sukolilo", "DISTRICT": "Pati", "TYPE": "Secondary" }, "geometry": { "type": "MultiLineString", "coordinates": [ [ [ 110.9003009065827, -6.905891842861241, 0.0 ], [ 110.900679044658204, -6.905986978487121, 0.0 ], [ 110.901100284965906, -6.906095640342874, 0.0 ], [ 110.901414690226403, -6.90616143570819, 0.0 ], [ 110.901986755021895, -6.906310411413135, 0.0 ], [ 110.902398163934805, -6.906442420260465, 0.0 ], [ 110.902624509123001, -6.906506853314894, 0.0 ], [ 110.902877866273002, -6.9064798005224, 0.0 ], [ 110.902998242574796, -6.906499408552889, 0.0 ], [ 110.903278097080005, -6.906509019828173, 0.0 ], [ 110.903578989444995, -6.90641190664865, 0.0 ], [ 110.903908337450005, -6.906265018446446, 0.0 ], [ 110.904211585741805, -6.906150568799068, 0.0 ], [ 110.905091315177103, -6.905800923106918, 0.0 ], [ 110.905472655211597, -6.905564644484837, 0.0 ], [ 110.905836742421101, -6.905316456008507, 0.0 ], [ 110.906103202541402, -6.905207899378813, 0.0 ], [ 110.906271660108402, -6.905123523632629, 0.0 ], [ 110.906280044059898, -6.905123544062238, 0.0 ], [ 110.906544750964301, -6.905019642596612, 0.0 ], [ 110.907279801013601, -6.904909160973165, 0.0 ], [ 110.907505276558595, -6.904860711998502, 0.0 ], [ 110.907646367912506, -6.904833269455707, 0.0 ], [ 110.9085207132688, -6.904778033673784, 0.0 ], [ 110.908754844049497, -6.904795009385096, 0.0 ], [ 110.910515912774329, -6.904903596391929, 0.0 ] ] ] } },
{ "type": "Feature", "properties": { "NAME": "Kaliyoso", "OBJ_ID": "SC23", "VILLAGE": "Wotan", "CC_4": "3318010013", "SUB_DIST": "Sukolilo", "DISTRICT": "Pati", "TYPE": "Secondary" }, "geometry": { "type": "MultiLineString", "coordinates": [ [ [ 110.869491066322794, -6.907331120476856, 0.0 ], [ 110.869515323625905, -6.907396002992249, 0.0 ], [ 110.869558496050303, -6.907459377163111, 0.0 ], [ 110.869560050673996, -6.907460460918181, 0.0 ], [ 110.869561110137596, -6.907460458641283, 0.0 ], [ 110.869614831103604, -6.907507069803622, 0.0 ], [ 110.8697982650868, -6.907658602200948, 0.0 ], [ 110.869851680099401, -6.907755605459628, 0.0 ], [ 110.869919404054798, -6.907857985711935, 0.0 ], [ 110.870042321524807, -6.908037759429751, 0.0 ], [ 110.870084977602602, -6.908118261095968, 0.0 ], [ 110.870146546198995, -6.908231928662118, 0.0 ], [ 110.870212980564006, -6.908301745206098, 0.0 ], [ 110.870280245124405, -6.908378134654154, 0.0 ], [ 110.870338484700895, -6.908445918793893, 0.0 ], [ 110.870536304421904, -6.908646113350684, 0.0 ], [ 110.870750299901999, -6.90881388108482, 0.0 ], [ 110.870895985430906, -6.908900686676873, 0.0 ], [ 110.871066035962997, -6.908991236625034, 0.0 ], [ 110.871120078776599, -6.909022354657203, 0.0 ], [ 110.871338904515795, -6.909148930947618, 0.0 ], [ 110.871468181126801, -6.909247941831897, 0.0 ], [ 110.871620881336796, -6.909369909395624, 0.0 ], [ 110.871803396752497, -6.909456802373368, 0.0 ], [ 110.871934029592495, -6.90947391458722, 0.0 ], [ 110.872030665510394, -6.909497918687067, 0.0 ], [ 110.872340933458403, -6.909592742644399, 0.0 ], [ 110.872428204629003, -6.909622637218752, 0.0 ], [ 110.872578348653704, -6.909714591962008, 0.0 ], [ 110.872754048062902, -6.909843307276977, 0.0 ], [ 110.872848943579399, -6.909919787627469, 0.0 ], [ 110.873002997340606, -6.910058602601667, 0.0 ], [ 110.873098316370601, -6.910122366185603, 0.0 ], [ 110.873139312094594, -6.910150051857845, 0.0 ], [ 110.873273483553504, -6.910194082438812, 0.0 ], [ 110.873378841578699, -6.910217576734706, 0.0 ], [ 110.873382568997499, -6.910219154726419, 0.0 ], [ 110.873454930444794, -6.910242946006208, 0.0 ], [ 110.873500908101207, -6.910246766717856, 0.0 ], [ 110.873744314290207, -6.910296494067517, 0.0 ], [ 110.873820466068196, -6.910322249717579, 0.0 ], [ 110.873994782770794, -6.910386082560356, 0.0 ], [ 110.874124240597396, -6.910434218499873, 0.0 ], [ 110.874476556820497, -6.910644567022264, 0.0 ], [ 110.874621597043401, -6.910761998855878, 0.0 ], [ 110.874837357600597, -6.910899117577968, 0.0 ], [ 110.874996418492302, -6.910998648817991, 0.0 ], [ 110.875077143916002, -6.911041676636158, 0.0 ], [ 110.875273080910901, -6.911152687260442, 0.0 ], [ 110.875418698100702, -6.91124652803639, 0.0 ], [ 110.875421138593694, -6.911249688133117, 0.0 ], [ 110.875524963071797, -6.911310309395887, 0.0 ], [ 110.875696109011599, -6.911401530386472, 0.0 ], [ 110.875844259980795, -6.911472972959548, 0.0 ], [ 110.875947113142203, -6.911524291110297, 0.0 ], [ 110.875986182298504, -6.911542666843288, 0.0 ], [ 110.876111063598103, -6.91159559519963, 0.0 ], [ 110.876202838736006, -6.911644309337087, 0.0 ], [ 110.876469025542306, -6.911794319733175, 0.0 ], [ 110.876705450849897, -6.911922683027509, 0.0 ], [ 110.877030768506103, -6.91209184641335, 0.0 ], [ 110.877189152458897, -6.912176780050202, 0.0 ], [ 110.877427988948199, -6.912293000790164, 0.0 ], [ 110.877699376242703, -6.912436925119311, 0.0 ], [ 110.877734826958203, -6.912454296544003, 0.0 ], [ 110.877914557402306, -6.912547200809471, 0.0 ], [ 110.877990594354799, -6.912577534284121, 0.0 ], [ 110.878079161925697, -6.912593961606343, 0.0 ], [ 110.878177983317201, -6.912560861669107, 0.0 ], [ 110.878182354879598, -6.912559504278475, 0.0 ], [ 110.8782702821199, -6.912497813293422, 0.0 ], [ 110.878316486817397, -6.912434682431019, 0.0 ], [ 110.878469743179906, -6.912345093039676, 0.0 ], [ 110.878796722830998, -6.912231603164284, 0.0 ], [ 110.879043831219903, -6.912148421495336, 0.0 ], [ 110.879438707793298, -6.911964679641757, 0.0 ], [ 110.879703040350094, -6.911869868687309, 0.0 ], [ 110.880206939300393, -6.911657688031256, 0.0 ], [ 110.880341583568907, -6.911603248545195, 0.0 ], [ 110.880855531600403, -6.91140339327062, 0.0 ], [ 110.881286000874695, -6.91121786630046, 0.0 ], [ 110.881785494432407, -6.911004667657731, 0.0 ], [ 110.882019132206196, -6.910889977265124, 0.0 ], [ 110.882397354027802, -6.910710802178388, 0.0 ], [ 110.882682173310499, -6.910577446979381, 0.0 ], [ 110.883107568834006, -6.910368880328647, 0.0 ], [ 110.883323039403905, -6.910277306137146, 0.0 ], [ 110.883397832454506, -6.910266243578449, 0.0 ], [ 110.883449175365897, -6.910238451677222, 0.0 ], [ 110.883838647446495, -6.910058472988956, 0.0 ], [ 110.883934344173596, -6.909992549745624, 0.0 ], [ 110.884603778465902, -6.909698596104839, 0.0 ], [ 110.884808134429903, -6.909627503678453, 0.0 ], [ 110.885292890382601, -6.909474017164529, 0.0 ], [ 110.885442949522897, -6.909434846695553, 0.0 ], [ 110.885909488832795, -6.909342310683031, 0.0 ], [ 110.886109298355393, -6.909310932055234, 0.0 ], [ 110.886181268419193, -6.909300847895048, 0.0 ], [ 110.886290539314302, -6.909300832653589, 0.0 ], [ 110.886721988908803, -6.909241350545441, 0.0 ], [ 110.886872864473602, -6.909241291722138, 0.0 ], [ 110.887372912548898, -6.909263314439998, 0.0 ], [ 110.887626479201799, -6.909282947157545, 0.0 ], [ 110.888026191729196, -6.909282140954262, 0.0 ], [ 110.888280306703095, -6.909285043738825, 0.0 ], [ 110.888462893044803, -6.909286500179106, 0.0 ], [ 110.888971773841206, -6.909254806995169, 0.0 ], [ 110.889119127615899, -6.909264537073846, 0.0 ], [ 110.889716470346798, -6.909261409200287, 0.0 ], [ 110.889915465473393, -6.90924237444775, 0.0 ], [ 110.889985983847595, -6.909241274901064, 0.0 ], [ 110.890540459086594, -6.909208780302896, 0.0 ], [ 110.890797400839006, -6.909187356503318, 0.0 ], [ 110.890800980559604, -6.909187356379555, 0.0 ], [ 110.890806946834502, -6.909187356203079, 0.0 ], [ 110.890903151321595, -6.909174554942873, 0.0 ], [ 110.891280402478202, -6.909093605426602, 0.0 ], [ 110.891478675792499, -6.909023401793695, 0.0 ], [ 110.891484239367699, -6.909018162457843, 0.0 ], [ 110.891556552363497, -6.908976793856916, 0.0 ], [ 110.891652873749507, -6.908947585322417, 0.0 ], [ 110.892125385849198, -6.90880743222698, 0.0 ], [ 110.892408085226094, -6.908712788404663, 0.0 ], [ 110.892577986941305, -6.908652014047949, 0.0 ], [ 110.893096970656003, -6.908395894452841, 0.0 ], [ 110.8933204437147, -6.908231305821475, 0.0 ], [ 110.893664470574294, -6.908062665721746, 0.0 ], [ 110.894074787458706, -6.907924549130118, 0.0 ], [ 110.894338407986794, -6.907824926081277, 0.0 ], [ 110.894914039800398, -6.907579593520199, 0.0 ], [ 110.895289867448298, -6.907400563157925, 0.0 ], [ 110.895644435840893, -6.907229096726356, 0.0 ], [ 110.896076752446007, -6.907021585308968, 0.0 ], [ 110.896374438262697, -6.906915606087406, 0.0 ], [ 110.896653301349005, -6.906701276598253, 0.0 ], [ 110.897066603267604, -6.906320545932561, 0.0 ], [ 110.897496969929804, -6.905942428885854, 0.0 ], [ 110.897933654152595, -6.905504665488693, 0.0 ], [ 110.898137245072604, -6.905412845746674, 0.0 ], [ 110.898223271051293, -6.905361777959391, 0.0 ], [ 110.898418953864507, -6.905365741002802, 0.0 ], [ 110.898630763740002, -6.905439338384421, 0.0 ], [ 110.898853904333095, -6.905479373880086, 0.0 ], [ 110.899149372824098, -6.905566473366828, 0.0 ], [ 110.899304626845804, -6.905608013134241, 0.0 ], [ 110.899556333491304, -6.905672195062831, 0.0 ], [ 110.899815697367998, -6.905744228853579, 0.0 ], [ 110.900011040965097, -6.905815411269059, 0.0 ], [ 110.900306798645701, -6.90589077935389, 0.0 ] ] ] } },
{ "type": "Feature", "properties": { "NAME": "Mangsana", "OBJ_ID": "SC24", "VILLAGE": "Wotan", "CC_4": "3318010013", "SUB_DIST": "Sukolilo", "DISTRICT": "Pati", "TYPE": "Secondary" }, "geometry": { "type": "MultiLineString", "coordinates": [ [ [ 110.883395831253196, -6.910264510690822, 0.0 ], [ 110.883393595204595, -6.910207316454537, 0.0 ], [ 110.883418761868398, -6.910040033328529, 0.0 ], [ 110.883462581550504, -6.909737581582903, 0.0 ], [ 110.883504322310898, -6.909446292557363, 0.0 ], [ 110.883582973295503, -6.909213756924881, 0.0 ], [ 110.883710524996602, -6.908873051724616, 0.0 ], [ 110.883784055611201, -6.908649189890563, 0.0 ], [ 110.8838255153765, -6.908483177947643, 0.0 ], [ 110.883938028611098, -6.908191391025647, 0.0 ], [ 110.8840109056448, -6.907955636321915, 0.0 ], [ 110.884051110643099, -6.907858574226216, 0.0 ], [ 110.884128725610097, -6.907609681091861, 0.0 ], [ 110.884202533169699, -6.907388117446919, 0.0 ], [ 110.884360105299507, -6.906928555575337, 0.0 ], [ 110.884495757085205, -6.906557626167821, 0.0 ], [ 110.884635972264206, -6.906124987519266, 0.0 ], [ 110.884725778950695, -6.905864179432476, 0.0 ], [ 110.884775537511302, -6.905715677578038, 0.0 ], [ 110.884884352813899, -6.905181395388527, 0.0 ], [ 110.884927798254296, -6.904876362923404, 0.0 ], [ 110.885017450049403, -6.90437363344473, 0.0 ], [ 110.885045925116003, -6.904197800890569, 0.0 ], [ 110.8851427937213, -6.903758021256492, 0.0 ], [ 110.885270196282306, -6.903577440977117, 0.0 ], [ 110.885455139097004, -6.903420314325617, 0.0 ], [ 110.885943672803094, -6.903131476109081, 0.0 ], [ 110.886234594651398, -6.902964145069671, 0.0 ], [ 110.886605612680896, -6.902678566146268, 0.0 ] ] ] } },
{ "type": "Feature", "properties": { "NAME": "Karaban", "OBJ_ID": "SC25", "VILLAGE": "Karaban", "CC_4": "3318110002", "SUB_DIST": "Gabus", "DISTRICT": "Pati", "TYPE": "Secondary" }, "geometry": { "type": "MultiLineString", "coordinates": [ [ [ 111.014018563006999, -6.839157697732469, 0.0 ], [ 111.014016970775103, -6.83905540909989, 0.0 ], [ 111.014051978583794, -6.838867945577612, 0.0 ], [ 111.014113071364093, -6.838545978667768, 0.0 ], [ 111.014169749548699, -6.838179337094413, 0.0 ], [ 111.014210357407407, -6.837914265104406, 0.0 ], [ 111.014245977018803, -6.837729977837443, 0.0 ], [ 111.014245812094899, -6.837573129410653, 0.0 ], [ 111.014242292173705, -6.837459523525049, 0.0 ], [ 111.014229423553999, -6.837118587429032, 0.0 ], [ 111.0142267933917, -6.836752023499885, 0.0 ], [ 111.014226774982902, -6.836740355117527, 0.0 ], [ 111.0142267359372, -6.836714193382994, 0.0 ], [ 111.014219014457495, -6.836479818417928, 0.0 ], [ 111.014214016332502, -6.836460582925278, 0.0 ], [ 111.014213443713601, -6.836328796969521, 0.0 ], [ 111.014205163744904, -6.836222082714917, 0.0 ], [ 111.014185690610503, -6.83602141508147, 0.0 ], [ 111.014179585663598, -6.835876297959934, 0.0 ], [ 111.014177720485193, -6.83585714965785, 0.0 ], [ 111.014175654210206, -6.835852422627915, 0.0 ], [ 111.014164097800901, -6.835723401744843, 0.0 ], [ 111.014159819952496, -6.835707762113739, 0.0 ], [ 111.014157706980896, -6.835694583669384, 0.0 ], [ 111.014128864275193, -6.835608083258412, 0.0 ], [ 111.014128863425896, -6.835605309690566, 0.0 ], [ 111.014124310579902, -6.835594311850401, 0.0 ], [ 111.014080095891103, -6.835514837510659, 0.0 ], [ 111.014070683882196, -6.835506154774489, 0.0 ], [ 111.014063560178499, -6.835497394553559, 0.0 ], [ 111.0139868113381, -6.835435444090848, 0.0 ], [ 111.013982087486198, -6.835435528553175, 0.0 ], [ 111.013972396981302, -6.835429570840305, 0.0 ], [ 111.013769464604394, -6.835348159030615, 0.0 ], [ 111.013762026455097, -6.835345304179232, 0.0 ], [ 111.013747587504199, -6.835345436577567, 0.0 ], [ 111.013440246647207, -6.835277104910809, 0.0 ], [ 111.013349332445003, -6.83527451110336, 0.0 ], [ 111.013038010794403, -6.835224318314823, 0.0 ], [ 111.012829208533006, -6.835192429883816, 0.0 ], [ 111.012656254432002, -6.835167442669709, 0.0 ], [ 111.012649584304697, -6.83516489233159, 0.0 ], [ 111.012572917063594, -6.835164405059768, 0.0 ], [ 111.0124568850635, -6.835251239752387, 0.0 ], [ 111.012306517273998, -6.835336756889365, 0.0 ], [ 111.012159707249694, -6.835378716471883, 0.0 ], [ 111.012033044666794, -6.835475866270029, 0.0 ], [ 111.011721066408398, -6.835729401350522, 0.0 ], [ 111.011263147933803, -6.836060339438088, 0.0 ], [ 111.011022821334194, -6.836245781323879, 0.0 ], [ 111.010892907853602, -6.83633684453051, 0.0 ], [ 111.010746444590893, -6.836424548442415, 0.0 ], [ 111.010656156598202, -6.836533721719224, 0.0 ], [ 111.010605480366493, -6.8365827705173, 0.0 ], [ 111.010578547792903, -6.836691901602411, 0.0 ], [ 111.010565807117899, -6.836918209704773, 0.0 ], [ 111.010559590928906, -6.837053266394217, 0.0 ], [ 111.010518813724104, -6.837192618664238, 0.0 ], [ 111.010447098321194, -6.837349492696676, 0.0 ], [ 111.010442575084795, -6.837357186017202, 0.0 ], [ 111.010330807101994, -6.837445751041728, 0.0 ], [ 111.010177444802153, -6.837455336185467, 0.0 ], [ 111.009980949355494, -6.837424184468315, 0.0 ], [ 111.00977247247917, -6.837388240179293, 0.0 ], [ 111.009671828469905, -6.837361881034011, 0.0 ], [ 111.009427407304585, -6.837321144173119, 0.0 ], [ 111.009317178151576, -6.837275614740358, 0.0 ], [ 111.009192571282966, -6.837258840738815, 0.0 ], [ 111.009144645564277, -6.837246859309141, 0.0 ], [ 111.009051190412819, -6.837227689021662, 0.0 ], [ 111.008909809542672, -6.837203726162315, 0.0 ], [ 111.008794787817791, -6.837174970731097, 0.0 ], [ 111.008720502953807, -6.837160593015489, 0.0 ], [ 111.008677369806989, -6.837148611585815, 0.0 ], [ 111.008586310941467, -6.837140224585042, 0.0 ], [ 111.008516818649355, -6.837118658011629, 0.0 ], [ 111.008440137499448, -6.837106676581954, 0.0 ], [ 111.008385022922937, -6.837094695152281, 0.0 ], [ 111.00832032320271, -6.837080317436672, 0.0 ], [ 111.00823166062311, -6.837051562005454, 0.0 ], [ 111.008162168331012, -6.837049165719519, 0.0 ], [ 111.008073505751426, -6.837029995432041, 0.0 ], [ 111.007867425161052, -6.836988060428183, 0.0 ], [ 111.007690100001881, -6.836942530995422, 0.0 ], [ 111.007563096847335, -6.836930549565748, 0.0 ], [ 111.007400149403765, -6.836882623847052, 0.0 ], [ 111.007246787103938, -6.83685626470177, 0.0 ], [ 111.007119783949406, -6.8368514721299, 0.0 ], [ 111.006978403079245, -6.836877831275183, 0.0 ], [ 111.006801077920073, -6.836928153279813, 0.0 ], [ 111.006623752760888, -6.836968890140705, 0.0 ], [ 111.006458409031396, -6.837012023287531, 0.0 ], [ 111.006329009590914, -6.837047967576552, 0.0 ], [ 111.006180439862959, -6.837055156434357, 0.0 ], [ 111.006077399567758, -6.837079119293705, 0.0 ], [ 111.005969566700713, -6.83707672300777, 0.0 ], [ 111.005921640982024, -6.837071930435901, 0.0 ], [ 111.005511942467393, -6.837040390030088, 0.0 ], [ 111.005112402297797, -6.836985201932249, 0.0 ], [ 111.005091096641095, -6.836977388622029, 0.0 ], [ 111.004767410893393, -6.83692645565144, 0.0 ], [ 111.004746996021197, -6.836926501534069, 0.0 ], [ 111.004588553138305, -6.836902657197899, 0.0 ], [ 111.004566331949405, -6.836894713477539, 0.0 ], [ 111.004458192073599, -6.836855093296981, 0.0 ], [ 111.004394365043098, -6.836682136493953, 0.0 ], [ 111.004391604577094, -6.836669601701137, 0.0 ], [ 111.0043527207323, -6.83647614085662, 0.0 ], [ 111.004357152910103, -6.836462907279442, 0.0 ], [ 111.004361658223701, -6.836304654217919, 0.0 ], [ 111.004359630733106, -6.836111703613169, 0.0 ], [ 111.004361017147005, -6.835642446938797, 0.0 ], [ 111.004347399123802, -6.835347209170234, 0.0 ], [ 111.004288604246099, -6.835110561083221, 0.0 ], [ 111.004287027432298, -6.835094794289222, 0.0 ], [ 111.0042857840658, -6.835082154290374, 0.0 ], [ 111.004229809589305, -6.83488200888309, 0.0 ], [ 111.004205093583394, -6.834712458500865, 0.0 ], [ 111.004200719474497, -6.834701683675433, 0.0 ], [ 111.004144498620406, -6.834552548234398, 0.0 ], [ 111.004109035699202, -6.834451273074095, 0.0 ], [ 111.004105154662795, -6.834447340579076, 0.0 ], [ 111.004020724728605, -6.834271126497469, 0.0 ], [ 111.003815154739598, -6.834046846560265, 0.0 ], [ 111.003677914791695, -6.833799718512055, 0.0 ], [ 111.003340170753802, -6.833486937086819, 0.0 ], [ 111.003188276419195, -6.833307799200377, 0.0 ], [ 111.003153566099698, -6.833293265758424, 0.0 ], [ 111.002731363908197, -6.833035153480407, 0.0 ], [ 111.002324191127599, -6.832844448150085, 0.0 ], [ 111.001928129187306, -6.832696743583347, 0.0 ], [ 111.001592327274807, -6.832529976303823, 0.0 ], [ 111.001373654017399, -6.832409918589589, 0.0 ], [ 111.001246385490106, -6.832302667643041, 0.0 ], [ 111.0011195815798, -6.832202955857907, 0.0 ], [ 111.001031479421897, -6.832089851115344, 0.0 ], [ 111.000929309064901, -6.831746616791547, 0.0 ], [ 111.000849836629897, -6.831401238162332, 0.0 ], [ 111.000790880185804, -6.831008329941323, 0.0 ], [ 111.000676954379401, -6.830740139285911, 0.0 ], [ 111.000589599054805, -6.830587218435309, 0.0 ], [ 111.000574403216902, -6.830571522691488, 0.0 ], [ 111.000455906034802, -6.830406471169854, 0.0 ], [ 111.000382251703201, -6.830367184382249, 0.0 ] ] ] } },
{ "type": "Feature", "properties": { "NAME": "Kasiyan", "OBJ_ID": "SC26", "VILLAGE": "Cengkalsewu", "CC_4": "3318010016", "SUB_DIST": "Sukolilo", "DISTRICT": "Pati", "TYPE": "Secondary" }, "geometry": { "type": "MultiLineString", "coordinates": [ [ [ 110.956198346773604, -6.911496542633377, 0.0 ], [ 110.956179446552198, -6.911431893723357, 0.0 ], [ 110.956135491290098, -6.911275044695085, 0.0 ], [ 110.9560541820927, -6.910891466837609, 0.0 ], [ 110.956000768162994, -6.91063402729158, 0.0 ], [ 110.955971773018504, -6.910383010349043, 0.0 ], [ 110.955943789160898, -6.910204686672259, 0.0 ], [ 110.955943181576103, -6.910200261477772, 0.0 ], [ 110.955927365377093, -6.910056771630434, 0.0 ], [ 110.955927045491293, -6.910054386563521, 0.0 ], [ 110.955925439900298, -6.91004241622264, 0.0 ], [ 110.955927601375194, -6.910027985947686, 0.0 ], [ 110.955922803335994, -6.909778468674526, 0.0 ], [ 110.955920710958495, -6.909761918630624, 0.0 ], [ 110.955885027467502, -6.909572327556686, 0.0 ], [ 110.955844823019106, -6.909450751571696, 0.0 ], [ 110.955667905519803, -6.909297364749234, 0.0 ], [ 110.955665831314107, -6.909294909385062, 0.0 ], [ 110.955440014816205, -6.909153197789823, 0.0 ], [ 110.955216811937802, -6.909023222615434, 0.0 ], [ 110.955140099006897, -6.908981853583132, 0.0 ], [ 110.954986154030706, -6.908855446565406, 0.0 ], [ 110.954842745369405, -6.908691491726979, 0.0 ], [ 110.954694380367101, -6.908527568181086, 0.0 ], [ 110.954690078449801, -6.908522609745519, 0.0 ], [ 110.954546054530496, -6.908358550893074, 0.0 ], [ 110.954547666826073, -6.908210470981935, 0.0 ], [ 110.954574025971354, -6.907963653530652, 0.0 ], [ 110.954605177688507, -6.907740798938717, 0.0 ], [ 110.954638725691595, -6.907551492349868, 0.0 ], [ 110.954657895979068, -6.907357393189151, 0.0 ], [ 110.954655499693132, -6.90732504332903, 0.0 ], [ 110.954674669980619, -6.9072747213244, 0.0 ], [ 110.954645914549403, -6.907200436460422, 0.0 ], [ 110.954442230244936, -6.907063848162139, 0.0 ], [ 110.953970161915763, -6.906942835722433, 0.0 ], [ 110.95352924530377, -6.906832606569433, 0.0 ], [ 110.953085932405855, -6.906731962560171, 0.0 ], [ 110.952776811520266, -6.906643299980584, 0.0 ], [ 110.952659393509464, -6.906616940835302, 0.0 ], [ 110.952479672064356, -6.906471965536245, 0.0 ], [ 110.952311932048929, -6.906366528955115, 0.0 ], [ 110.952208891753727, -6.906280262661462, 0.0 ], [ 110.95211543660227, -6.90624431837244, 0.0 ], [ 110.951988433447724, -6.906150863220984, 0.0 ], [ 110.951823089718232, -6.906050219211723, 0.0 ], [ 110.951602631412229, -6.905908838341571, 0.0 ], [ 110.951540327977924, -6.905848931193201, 0.0 ], [ 110.951466043113953, -6.905572160167733, 0.0 ], [ 110.951418117395264, -6.905394835008559, 0.0 ], [ 110.951353417675023, -6.905231887564993, 0.0 ], [ 110.951300699384461, -6.905170782273654, 0.0 ], [ 110.951032315359768, -6.905112073268254, 0.0 ], [ 110.950739968475716, -6.905021014402731, 0.0 ], [ 110.950581813604018, -6.905006636687123, 0.0 ], [ 110.950356562726157, -6.904934748109079, 0.0 ], [ 110.950222370713803, -6.904915577821601, 0.0 ], [ 110.950030667839016, -6.904877237246644, 0.0 ], [ 110.949604128942624, -6.904774196951449, 0.0 ], [ 110.949191967761848, -6.904716686089014, 0.0 ], [ 110.949110494040056, -6.904687930657796, 0.0 ], [ 110.948890035734067, -6.904510605498622, 0.0 ], [ 110.94869833285928, -6.904390791201882, 0.0 ], [ 110.948583311134414, -6.904400376345621, 0.0 ] ] ] } },
{ "type": "Feature", "properties": { "NAME": "Kasiyan", "OBJ_ID": "SC27", "VILLAGE": "Kasiyan", "CC_4": "3318010015", "SUB_DIST": "Sukolilo", "DISTRICT": "Pati", "TYPE": "Secondary" }, "geometry": { "type": "MultiLineString", "coordinates": [ [ [ 110.948506629984493, -6.904395583773752, 0.0 ], [ 110.94828617167849, -6.904390791201882, 0.0 ], [ 110.948056128228757, -6.904385998630013, 0.0 ], [ 110.947821292207152, -6.904371620914404, 0.0 ], [ 110.947629589332365, -6.904366828342535, 0.0 ], [ 110.947361205307672, -6.904630419795361, 0.0 ], [ 110.947126369286053, -6.904884426104449, 0.0 ], [ 110.947111991570452, -6.90509050669484, 0.0 ], [ 110.94710719899858, -6.905344513003928, 0.0 ] ] ] } },
{ "type": "Feature", "properties": { "NAME": "Mulyoharjo 1", "OBJ_ID": "SC28", "VILLAGE": "Gadudero", "CC_4": "3318010009", "SUB_DIST": "Sukolilo", "DISTRICT": "Pati", "TYPE": "Secondary" }, "geometry": { "type": "MultiLineString", "coordinates": [ [ [ 110.924227381586803, -6.87120467934311, 0.0 ], [ 110.924263371142203, -6.871610022779087, 0.0 ], [ 110.924312502274802, -6.871968924753978, 0.0 ], [ 110.924392141480496, -6.87256237461394, 0.0 ], [ 110.924540573269795, -6.873774615156951, 0.0 ], [ 110.924667705496802, -6.874840487745689, 0.0 ], [ 110.924764020953802, -6.875660759636933, 0.0 ], [ 110.924896185721096, -6.876582601915212, 0.0 ], [ 110.924979650030906, -6.877503696781966, 0.0 ], [ 110.925068589675305, -6.878046453783442, 0.0 ], [ 110.925030892972899, -6.878575090515093, 0.0 ], [ 110.925094828626897, -6.878950819253269, 0.0 ], [ 110.925183572754406, -6.88000836378243, 0.0 ], [ 110.925213356887198, -6.881346160504739, 0.0 ], [ 110.925207665208305, -6.881943264007856, 0.0 ], [ 110.925161601153405, -6.882148649508636, 0.0 ], [ 110.925000599936098, -6.882741960455464, 0.0 ], [ 110.924983373203105, -6.88306585436385, 0.0 ], [ 110.925019824756703, -6.883721129322343, 0.0 ], [ 110.925084298713799, -6.884271927206336, 0.0 ] ] ] } },
{ "type": "Feature", "properties": { "NAME": "Mulyoharjo 2", "OBJ_ID": "SC29", "VILLAGE": "Kasiyan", "CC_4": "3318010015", "SUB_DIST": "Sukolilo", "DISTRICT": "Pati", "TYPE": "Secondary" }, "geometry": { "type": "MultiLineString", "coordinates": [ [ [ 110.927671455107202, -6.875160868869729, 0.0 ], [ 110.927703068692196, -6.875142332260914, 0.0 ], [ 110.927950153627506, -6.875091516452754, 0.0 ], [ 110.928173155210303, -6.875055188892912, 0.0 ], [ 110.928178608182606, -6.875051869622352, 0.0 ], [ 110.928364036076701, -6.875005569225299, 0.0 ], [ 110.9285394148758, -6.874975404715162, 0.0 ], [ 110.929051271679498, -6.874867887331261, 0.0 ], [ 110.929621352265698, -6.874759608711382, 0.0 ], [ 110.930328434495394, -6.874598564761145, 0.0 ], [ 110.930661998899794, -6.874524525013047, 0.0 ], [ 110.930767705076505, -6.874516284362673, 0.0 ] ] ] } },
{ "type": "Feature", "properties": { "NAME": "Mulyoharjo 2", "OBJ_ID": "SC30", "VILLAGE": "Gadudero", "CC_4": "3318010009", "SUB_DIST": "Sukolilo", "DISTRICT": "Pati", "TYPE": "Secondary" }, "geometry": { "type": "MultiLineString", "coordinates": [ [ [ 110.924781754145499, -6.875768212509564, 0.0 ], [ 110.924995647650803, -6.875722991564146, 0.0 ], [ 110.925206540828, -6.875685679813375, 0.0 ], [ 110.925466732399698, -6.87564414475628, 0.0 ], [ 110.925674311255094, -6.87560683529877, 0.0 ], [ 110.926336899845595, -6.875450826133074, 0.0 ], [ 110.926677464730702, -6.875365110346094, 0.0 ], [ 110.926696297173507, -6.875350604306813, 0.0 ], [ 110.927040611755999, -6.875270378545808, 0.0 ], [ 110.927319941111094, -6.875231810855916, 0.0 ], [ 110.927665780637597, -6.87516429513845, 0.0 ] ] ] } },
{ "type": "Feature", "properties": { "NAME": "Poncomulyo", "OBJ_ID": "SC31", "VILLAGE": "Karang Rowo", "CC_4": "3319040010", "SUB_DIST": "Undaan", "DISTRICT": "Kudus", "TYPE": "Secondary" }, "geometry": { "type": "MultiLineString", "coordinates": [ [ [ 110.8729731732126, -6.894190731969735, 0.0 ], [ 110.873114859614404, -6.893564940137704, 0.0 ], [ 110.873284605406994, -6.892671823636222, 0.0 ], [ 110.873477389173601, -6.891844336201404, 0.0 ], [ 110.8735648877541, -6.891397222345074, 0.0 ], [ 110.873768706382407, -6.890575359050959, 0.0 ], [ 110.873962812359693, -6.889683432162277, 0.0 ], [ 110.874135525741394, -6.888952291630635, 0.0 ], [ 110.8744088893, -6.887854185535559, 0.0 ], [ 110.874647516309494, -6.886841067472059, 0.0 ], [ 110.874876983086395, -6.88600285787578, 0.0 ], [ 110.875157010635604, -6.884785347206631, 0.0 ], [ 110.875428529438295, -6.883574147167497, 0.0 ], [ 110.875577873625105, -6.883074800802339, 0.0 ], [ 110.8757260881478, -6.882833328945068, 0.0 ], [ 110.8758965640734, -6.88268847033563, 0.0 ], [ 110.876345224361302, -6.882393739982707, 0.0 ], [ 110.876977151712396, -6.882048857531053, 0.0 ], [ 110.877890756693105, -6.881483314162358, 0.0 ], [ 110.8786591929629, -6.881026985145165, 0.0 ], [ 110.879356112955605, -6.880612173705316, 0.0 ], [ 110.880236026907696, -6.8801062926311, 0.0 ] ] ] } },
{ "type": "Feature", "properties": { "NAME": "Pasuruhan", "OBJ_ID": "SC32", "VILLAGE": "Pesagi", "CC_4": "3318020013", "SUB_DIST": "Kayen", "DISTRICT": "Pati", "TYPE": "Secondary" }, "geometry": { "type": "MultiLineString", "coordinates": [ [ [ 110.970566062523901, -6.875954695295649, 0.0 ], [ 110.9706321674213, -6.875868356210204, 0.0 ], [ 110.970762289131102, -6.875760812902314, 0.0 ], [ 110.970874265396006, -6.875616472195412, 0.0 ], [ 110.971002075883803, -6.87543886294511, 0.0 ], [ 110.971035576854902, -6.875392514228693, 0.0 ], [ 110.971038880667905, -6.875389032052198, 0.0 ], [ 110.971157895633695, -6.875244469910831, 0.0 ], [ 110.971205759490999, -6.875189501611272, 0.0 ], [ 110.971233289582301, -6.875136609751012, 0.0 ], [ 110.971241009601101, -6.875114812761947, 0.0 ], [ 110.971116475123296, -6.875037262684103, 0.0 ], [ 110.970864550535794, -6.874891747341503, 0.0 ], [ 110.970697487292199, -6.87481638886246, 0.0 ], [ 110.970598624254507, -6.874754027440276, 0.0 ], [ 110.9705941934116, -6.874751289159255, 0.0 ], [ 110.970439794531103, -6.874670666004993, 0.0 ], [ 110.970302997091295, -6.874601307759659, 0.0 ], [ 110.970190936932397, -6.874549216894959, 0.0 ], [ 110.970098467214996, -6.874498396504381, 0.0 ], [ 110.970006764064493, -6.87446009045014, 0.0 ], [ 110.969952103677102, -6.874432508612485, 0.0 ], [ 110.969895986858205, -6.874399598150582, 0.0 ], [ 110.969883984909401, -6.87436030918722, 0.0 ], [ 110.969881880359395, -6.874357820599892, 0.0 ], [ 110.9698720883774, -6.874253775156562, 0.0 ], [ 110.969872125508502, -6.874249594137065, 0.0 ], [ 110.969882094035299, -6.874081815191168, 0.0 ], [ 110.969888537329297, -6.873920631975514, 0.0 ], [ 110.969887302176701, -6.873778128477554, 0.0 ], [ 110.969900084590094, -6.873640725137129, 0.0 ], [ 110.969899555481902, -6.87350960353174, 0.0 ], [ 110.969908422598493, -6.873420782443358, 0.0 ], [ 110.969918712965097, -6.87328058478001, 0.0 ], [ 110.969916256662302, -6.873196884845261, 0.0 ], [ 110.969904138554099, -6.873140895018675, 0.0 ], [ 110.969902872496903, -6.873137943747566, 0.0 ], [ 110.969861848495199, -6.873065735732221, 0.0 ], [ 110.969802032013703, -6.872972171374252, 0.0 ], [ 110.969724222970598, -6.872852057612973, 0.0 ], [ 110.969724379463997, -6.872849683839119, 0.0 ], [ 110.9696595363569, -6.87275259000988, 0.0 ], [ 110.969655313415004, -6.872747365494654, 0.0 ], [ 110.969616639439593, -6.872677320972171, 0.0 ], [ 110.969614452382402, -6.872670346121077, 0.0 ], [ 110.969589460124496, -6.872607033797152, 0.0 ], [ 110.969589462537797, -6.872602572227582, 0.0 ], [ 110.969587083988998, -6.87252717732816, 0.0 ], [ 110.969587030363002, -6.872411947634518, 0.0 ], [ 110.9695878901356, -6.872354488813983, 0.0 ], [ 110.969587852752497, -6.872349075321016, 0.0 ], [ 110.969618556145406, -6.872111404072247, 0.0 ], [ 110.969617594445793, -6.871969384112043, 0.0 ], [ 110.969626230046501, -6.871814391482033, 0.0 ], [ 110.969644002370003, -6.871665923992066, 0.0 ], [ 110.969644613440394, -6.87160849055964, 0.0 ], [ 110.969608567314495, -6.871540861821929, 0.0 ], [ 110.969549763234397, -6.871480118335503, 0.0 ], [ 110.969491698779095, -6.871448852757667, 0.0 ], [ 110.969401132908303, -6.871389677290095, 0.0 ], [ 110.969332078306607, -6.871332085902078, 0.0 ], [ 110.969265968552804, -6.871245686958797, 0.0 ], [ 110.969211025297795, -6.871174621822721, 0.0 ], [ 110.969172258866394, -6.871115713349803, 0.0 ], [ 110.969152630688896, -6.871091200535161, 0.0 ], [ 110.969146393484195, -6.871053312025763, 0.0 ], [ 110.969163182771695, -6.870987860414374, 0.0 ], [ 110.969218077988899, -6.870788679854409, 0.0 ], [ 110.969244350288804, -6.870697809601544, 0.0 ], [ 110.96924500547, -6.870687734789185, 0.0 ], [ 110.969291181012494, -6.870497048808454, 0.0 ], [ 110.969347135943195, -6.870356740799937, 0.0 ], [ 110.969348037163499, -6.8703464143757, 0.0 ], [ 110.969414174867893, -6.870160935033867, 0.0 ], [ 110.969438524327103, -6.870082200212562, 0.0 ], [ 110.969449455488103, -6.870019447451646, 0.0 ], [ 110.9694362413871, -6.869988614065846, 0.0 ], [ 110.969423811768706, -6.869957280740986, 0.0 ], [ 110.969365084855795, -6.869908414774489, 0.0 ], [ 110.969297547703206, -6.869874468488816, 0.0 ], [ 110.969178352077407, -6.869859574745491, 0.0 ], [ 110.9690889445219, -6.869840858852813, 0.0 ], [ 110.968897478480898, -6.869809742101281, 0.0 ], [ 110.968889937808001, -6.869809739346835, 0.0 ], [ 110.9686223221955, -6.8697640799467, 0.0 ], [ 110.9685301364689, -6.869746142573564, 0.0 ], [ 110.968298698229205, -6.869711200740902, 0.0 ], [ 110.968054351577607, -6.869669733650344, 0.0 ], [ 110.967755365228101, -6.869619007842384, 0.0 ], [ 110.967571626430995, -6.869587381756188, 0.0 ], [ 110.967438806144102, -6.869560813627411, 0.0 ], [ 110.967111931392694, -6.869503387353634, 0.0 ], [ 110.966957433541396, -6.869473997638816, 0.0 ], [ 110.966812432672597, -6.869457339525587, 0.0 ], [ 110.966706698756298, -6.869438874884117, 0.0 ], [ 110.966652338329496, -6.86943223277687, 0.0 ] ] ] } },
{ "type": "Feature", "properties": { "NAME": "Pasuruhan", "OBJ_ID": "SC33", "VILLAGE": "Trimulyo", "CC_4": "3318020010", "SUB_DIST": "Kayen", "DISTRICT": "Pati", "TYPE": "Secondary" }, "geometry": { "type": "MultiLineString", "coordinates": [ [ [ 110.981797275087402, -6.886697044787714, 0.0 ], [ 110.981751782221195, -6.886672213732193, 0.0 ], [ 110.981684910608493, -6.886635483502964, 0.0 ], [ 110.981683731405099, -6.886635480753358, 0.0 ], [ 110.981477023469694, -6.886565659118835, 0.0 ], [ 110.981353492226603, -6.886515371736841, 0.0 ], [ 110.981190463251806, -6.886453971996518, 0.0 ], [ 110.981045693107106, -6.886400972208867, 0.0 ], [ 110.980887306073498, -6.886335824212933, 0.0 ], [ 110.980770195522794, -6.886288780918624, 0.0 ], [ 110.980719268429297, -6.886278669861645, 0.0 ], [ 110.980653321242301, -6.88626918932184, 0.0 ], [ 110.9804946131636, -6.886264970027402, 0.0 ], [ 110.980354707588504, -6.886263143943902, 0.0 ], [ 110.980142745194499, -6.886281412766496, 0.0 ], [ 110.979977416135696, -6.886281258821178, 0.0 ], [ 110.979848423168093, -6.886279862692043, 0.0 ], [ 110.979775760537507, -6.886277665091148, 0.0 ], [ 110.979773938149705, -6.88627765627504, 0.0 ], [ 110.979700986473503, -6.886273461221289, 0.0 ], [ 110.979697337773501, -6.886272035247014, 0.0 ], [ 110.979547274435106, -6.886247474761526, 0.0 ], [ 110.979331018788201, -6.886214338547941, 0.0 ], [ 110.979232623013701, -6.886202203767454, 0.0 ], [ 110.979140002688396, -6.886198144814967, 0.0 ], [ 110.979046793630403, -6.886196908507889, 0.0 ], [ 110.978958871769294, -6.886193312311399, 0.0 ], [ 110.978880290070293, -6.886192608322429, 0.0 ], [ 110.978761992298303, -6.886182157588723, 0.0 ], [ 110.978593406709606, -6.886147850059037, 0.0 ], [ 110.978460781625202, -6.88611877694238, 0.0 ], [ 110.978317474382806, -6.886085783048268, 0.0 ], [ 110.978255533487101, -6.88608118185926, 0.0 ], [ 110.978162057736697, -6.886070214289638, 0.0 ], [ 110.978034551454797, -6.886062887460749, 0.0 ], [ 110.977946171974594, -6.886062920623118, 0.0 ], [ 110.977850718730295, -6.886061851664589, 0.0 ], [ 110.977570719171098, -6.886112212264995, 0.0 ], [ 110.977411533734596, -6.886119323204655, 0.0 ], [ 110.977317961630902, -6.886138775394106, 0.0 ], [ 110.977225178253093, -6.886163192814336, 0.0 ], [ 110.977152640732498, -6.886188998957896, 0.0 ], [ 110.977104254827395, -6.886226517618331, 0.0 ], [ 110.977062758495407, -6.886263264186543, 0.0 ], [ 110.977035203488498, -6.886306703817432, 0.0 ], [ 110.976965251960095, -6.886408697339922, 0.0 ], [ 110.976883489393799, -6.886516961604665, 0.0 ], [ 110.976802432970203, -6.886620342007711, 0.0 ], [ 110.976750953229498, -6.886700843469924, 0.0 ], [ 110.976705029993497, -6.886755677557046, 0.0 ], [ 110.976631609822903, -6.886834076979813, 0.0 ], [ 110.976598369028395, -6.886870665496309, 0.0 ], [ 110.976542008877303, -6.886881944695205, 0.0 ], [ 110.976540878957707, -6.886881948542029, 0.0 ], [ 110.976538151919996, -6.88688073861662, 0.0 ], [ 110.976373214412703, -6.88685524055068, 0.0 ], [ 110.976223732393393, -6.886823892739106, 0.0 ], [ 110.976051046476798, -6.886796276599882, 0.0 ], [ 110.975925847246302, -6.886785515670029, 0.0 ], [ 110.975922538184093, -6.886785509272214, 0.0 ], [ 110.975830558316005, -6.886782391594404, 0.0 ], [ 110.975672130918298, -6.886789583072884, 0.0 ], [ 110.975568954274806, -6.886789844206022, 0.0 ], [ 110.975496485530201, -6.886785886518682, 0.0 ], [ 110.975405732121104, -6.886779296887036, 0.0 ], [ 110.975301357596805, -6.88677312943012, 0.0 ], [ 110.975195542558097, -6.886776015749352, 0.0 ], [ 110.975137028223699, -6.88677018425408, 0.0 ], [ 110.974990298206393, -6.886762047055605, 0.0 ], [ 110.974901649798696, -6.886749235046718, 0.0 ], [ 110.974859203369604, -6.886748307464562, 0.0 ], [ 110.974624549519007, -6.886693362090174, 0.0 ], [ 110.974474808127894, -6.886664115332781, 0.0 ], [ 110.974304064524603, -6.886633455138968, 0.0 ], [ 110.974214441246104, -6.886614593255882, 0.0 ], [ 110.974081551884495, -6.886581289058005, 0.0 ], [ 110.9739580552354, -6.886544302835819, 0.0 ], [ 110.973955685208495, -6.886543671763778, 0.0 ], [ 110.973846311463305, -6.886506394603384, 0.0 ], [ 110.973754494667304, -6.8864711759157, 0.0 ], [ 110.973679265197305, -6.886453778477686, 0.0 ], [ 110.973583608392204, -6.886418037660256, 0.0 ], [ 110.973575622988704, -6.88641588321138, 0.0 ], [ 110.973489650886904, -6.886391580475543, 0.0 ], [ 110.973487087946694, -6.886390832534557, 0.0 ], [ 110.973484484719506, -6.886389330609924, 0.0 ], [ 110.973395083826105, -6.886355554776062, 0.0 ], [ 110.973393784616206, -6.886355557480401, 0.0 ], [ 110.973389887122494, -6.886355565527328, 0.0 ], [ 110.973385893404398, -6.886354786855288, 0.0 ], [ 110.973307509970098, -6.886334273270076, 0.0 ], [ 110.973292883555303, -6.886319583455447, 0.0 ], [ 110.973272494107803, -6.886280440034997, 0.0 ], [ 110.973265797626397, -6.88623904621324, 0.0 ], [ 110.973264931286906, -6.886193869948696, 0.0 ], [ 110.973275169809796, -6.886027703731158, 0.0 ], [ 110.973282788065205, -6.88591315110318, 0.0 ], [ 110.973282881161296, -6.885908099710785, 0.0 ], [ 110.973283735947703, -6.885861766055783, 0.0 ], [ 110.973283887105694, -6.885853578864509, 0.0 ], [ 110.973287768510005, -6.885781652149854, 0.0 ], [ 110.973301867768299, -6.885650631708707, 0.0 ], [ 110.973301919616404, -6.885649866957933, 0.0 ], [ 110.973306009875699, -6.88556170014019, 0.0 ], [ 110.973306207950998, -6.885558373813208, 0.0 ], [ 110.973306456767205, -6.885554195101516, 0.0 ], [ 110.973308612373103, -6.885518103741665, 0.0 ], [ 110.973323812347303, -6.885353375187299, 0.0 ], [ 110.973329169311796, -6.885251473469691, 0.0 ], [ 110.973337720433307, -6.885187039339859, 0.0 ], [ 110.973340979704801, -6.885145680477669, 0.0 ], [ 110.973356846483, -6.884992798922654, 0.0 ], [ 110.973375068151796, -6.884877101934663, 0.0 ], [ 110.973374612778699, -6.884829756682171, 0.0 ], [ 110.973374478138595, -6.884789971435235, 0.0 ], [ 110.973379994610298, -6.884698215659781, 0.0 ], [ 110.973369986175001, -6.884624773041589, 0.0 ], [ 110.9733700010555, -6.884624017181297, 0.0 ], [ 110.973370215145195, -6.884579386972358, 0.0 ], [ 110.9733702462688, -6.884577763467908, 0.0 ], [ 110.973368886428005, -6.884541885649886, 0.0 ], [ 110.973368962366607, -6.8845375837125, 0.0 ], [ 110.973369599202002, -6.884501337341882, 0.0 ], [ 110.973368713521694, -6.884469849481631, 0.0 ], [ 110.973359404924594, -6.884390375192801, 0.0 ], [ 110.973338810333502, -6.88432292335286, 0.0 ], [ 110.973320998597998, -6.884232399750905, 0.0 ], [ 110.973321206176294, -6.884230011100758, 0.0 ], [ 110.973303206478107, -6.884166286144945, 0.0 ], [ 110.973276986851801, -6.884138892924478, 0.0 ], [ 110.973203899946597, -6.884111794536065, 0.0 ], [ 110.973149626944505, -6.88409508054728, 0.0 ], [ 110.972917268209599, -6.884029658886057, 0.0 ], [ 110.972762449908004, -6.883991660777892, 0.0 ], [ 110.972757741710595, -6.883991655597812, 0.0 ], [ 110.972614080364806, -6.88396191675208, 0.0 ], [ 110.972489274857097, -6.883938122866653, 0.0 ], [ 110.972396795776504, -6.883922954005103, 0.0 ], [ 110.972302075408606, -6.883894984388586, 0.0 ], [ 110.972208480834695, -6.883876926148508, 0.0 ], [ 110.972031659731499, -6.883804523269043, 0.0 ], [ 110.971920529649395, -6.883766620166229, 0.0 ], [ 110.971804952217894, -6.883737286764022, 0.0 ], [ 110.971727606118904, -6.883697800557213, 0.0 ], [ 110.971631431473995, -6.883658156027884, 0.0 ], [ 110.971603540663693, -6.883616442705574, 0.0 ], [ 110.971570204266399, -6.883554779146633, 0.0 ], [ 110.971568877085502, -6.883551145031416, 0.0 ], [ 110.971558275331503, -6.883509599199452, 0.0 ], [ 110.971566074900494, -6.883383277774579, 0.0 ], [ 110.971577051836803, -6.883228852179822, 0.0 ], [ 110.971585099429404, -6.883089262882423, 0.0 ], [ 110.971584317590001, -6.883007754780206, 0.0 ], [ 110.971589871438198, -6.882962001732428, 0.0 ], [ 110.971596694066704, -6.882849067344454, 0.0 ], [ 110.9716072780666, -6.882822738510094, 0.0 ], [ 110.9716057536845, -6.88279906726571, 0.0 ] ] ] } },
{ "type": "Feature", "properties": { "NAME": "Poncomulyo", "OBJ_ID": "SC34", "VILLAGE": "Wotan", "CC_4": "3318010013", "SUB_DIST": "Sukolilo", "DISTRICT": "Pati", "TYPE": "Secondary" }, "geometry": { "type": "MultiLineString", "coordinates": [ [ [ 110.880255111035794, -6.880094610282766, 0.0 ], [ 110.880631431536997, -6.879864639518961, 0.0 ], [ 110.881186256692502, -6.879528329347299, 0.0 ], [ 110.881724644606507, -6.879212085903182, 0.0 ], [ 110.882073270406707, -6.87900081727289, 0.0 ], [ 110.882887213515602, -6.878519106415297, 0.0 ], [ 110.883848830481696, -6.877990829241926, 0.0 ], [ 110.884366743868995, -6.877670614146457, 0.0 ], [ 110.885161834872804, -6.877211760752875, 0.0 ], [ 110.885742453345202, -6.87689188651526, 0.0 ], [ 110.886126972118902, -6.876689872181258, 0.0 ], [ 110.887587571860095, -6.87584611205831, 0.0 ], [ 110.888189510592696, -6.875513975714298, 0.0 ], [ 110.888668357435094, -6.87523952121662, 0.0 ], [ 110.889965597468503, -6.874523986607272, 0.0 ], [ 110.890703546235699, -6.87411600046403, 0.0 ], [ 110.892139676270105, -6.873286793175716, 0.0 ], [ 110.892689003790295, -6.872989081174379, 0.0 ], [ 110.893124145193894, -6.872744700439831, 0.0 ], [ 110.8932816715608, -6.872696468710516, 0.0 ], [ 110.893734177143102, -6.87263565882801, 0.0 ], [ 110.894131363748301, -6.872605431655915, 0.0 ], [ 110.894461653931103, -6.872629268263497, 0.0 ], [ 110.895283188515407, -6.872648101777772, 0.0 ], [ 110.896386631461695, -6.872659200620801, 0.0 ], [ 110.897976679038905, -6.872672527939778, 0.0 ], [ 110.898568621550297, -6.872670538524596, 0.0 ], [ 110.900790706232996, -6.872727918827282, 0.0 ], [ 110.901711693768306, -6.872759262680716, 0.0 ], [ 110.903312716406106, -6.872846961766761, 0.0 ], [ 110.903976277669003, -6.87286975510578, 0.0 ], [ 110.904475112352699, -6.87284166688199, 0.0 ], [ 110.905545931134697, -6.872698102841356, 0.0 ], [ 110.906849505120107, -6.872556345829078, 0.0 ], [ 110.907304051414002, -6.872514020862149, 0.0 ], [ 110.908171982120507, -6.872419095737749, 0.0 ], [ 110.908368030262906, -6.872378677873544, 0.0 ], [ 110.908470541297902, -6.872354869046765, 0.0 ], [ 110.908872116484602, -6.872191790441811, 0.0 ], [ 110.9091912127315, -6.872082954294392, 0.0 ], [ 110.909987445883203, -6.871812911907634, 0.0 ], [ 110.910652876479503, -6.871584647769767, 0.0 ], [ 110.911366132106195, -6.871311333017398, 0.0 ], [ 110.911527871656901, -6.87125769263828, 0.0 ] ] ] } },
{ "type": "Feature", "properties": { "NAME": "Pasuruhan", "OBJ_ID": "SC35", "VILLAGE": "Pasuruhan", "CC_4": "3318020012", "SUB_DIST": "Kayen", "DISTRICT": "Pati", "TYPE": "Secondary" }, "geometry": { "type": "MultiLineString", "coordinates": [ [ [ 110.971604213449794, -6.882798876968335, 0.0 ], [ 110.971609062462505, -6.882732457336215, 0.0 ], [ 110.971608159307195, -6.882652727788756, 0.0 ], [ 110.971608858896104, -6.882572771510457, 0.0 ], [ 110.971603562694995, -6.882497289406916, 0.0 ], [ 110.971600741953395, -6.882492517787505, 0.0 ], [ 110.971549985669697, -6.8824036148935, 0.0 ], [ 110.971546828432807, -6.882400997215351, 0.0 ], [ 110.971542578686993, -6.8823983972208, 0.0 ], [ 110.971418508606604, -6.882331973658648, 0.0 ], [ 110.971245001290399, -6.882274689848308, 0.0 ], [ 110.9710943316, -6.882203957195457, 0.0 ], [ 110.971010125197594, -6.882176846198425, 0.0 ], [ 110.971007900007706, -6.88217407744215, 0.0 ], [ 110.970956268297201, -6.88214694496992, 0.0 ], [ 110.970952800029593, -6.882142867884613, 0.0 ], [ 110.970950481500395, -6.882140142482147, 0.0 ], [ 110.970908946538202, -6.882088670058862, 0.0 ], [ 110.970908733035401, -6.882084207230451, 0.0 ], [ 110.970895441300996, -6.881983642864946, 0.0 ], [ 110.970857231385395, -6.881802996245476, 0.0 ], [ 110.970828385870803, -6.881629705417378, 0.0 ], [ 110.970828257515294, -6.881625496581147, 0.0 ], [ 110.970834858602799, -6.881492242547241, 0.0 ], [ 110.970826899736707, -6.881380957160982, 0.0 ], [ 110.970826557035295, -6.881315802906482, 0.0 ], [ 110.970826550287697, -6.881314510806695, 0.0 ], [ 110.970851564677403, -6.881228245888211, 0.0 ], [ 110.970851591465703, -6.881224112998927, 0.0 ], [ 110.970871809292802, -6.881133274232049, 0.0 ], [ 110.970896930495798, -6.881025515309792, 0.0 ], [ 110.970942691985002, -6.880853262721565, 0.0 ], [ 110.970955760318702, -6.880764726382782, 0.0 ], [ 110.970955798587894, -6.880759534737825, 0.0 ], [ 110.9709673291473, -6.880701695679362, 0.0 ], [ 110.970979620574099, -6.880634394672505, 0.0 ], [ 110.970977723769096, -6.880610712955779, 0.0 ], [ 110.970962942021998, -6.880586558179624, 0.0 ], [ 110.970893791508004, -6.880572934494103, 0.0 ], [ 110.970732155927905, -6.880562852889596, 0.0 ], [ 110.970598030132805, -6.880552836749364, 0.0 ], [ 110.970485439799006, -6.880536731657908, 0.0 ], [ 110.970417934178499, -6.880538092028252, 0.0 ], [ 110.970360363025307, -6.880529109740634, 0.0 ], [ 110.970337701311493, -6.88051655588067, 0.0 ], [ 110.970325208584597, -6.880482876263637, 0.0 ], [ 110.970333463748801, -6.880424075720129, 0.0 ], [ 110.970333317987695, -6.880420194397288, 0.0 ], [ 110.970332975815495, -6.88041108023458, 0.0 ], [ 110.970333847506495, -6.880405816866949, 0.0 ], [ 110.970335747528395, -6.880399185066972, 0.0 ], [ 110.970383371290794, -6.880142417790408, 0.0 ], [ 110.970433311346099, -6.879857651347351, 0.0 ], [ 110.970454878033294, -6.879643009550918, 0.0 ], [ 110.970497018914998, -6.879360837918284, 0.0 ], [ 110.970541144952804, -6.879121901472542, 0.0 ], [ 110.970561892356301, -6.878941540432506, 0.0 ], [ 110.970593916747802, -6.878768165838129, 0.0 ], [ 110.970596684081997, -6.878720601943532, 0.0 ], [ 110.970563458542799, -6.878685098351306, 0.0 ], [ 110.970329433034905, -6.878640204735947, 0.0 ], [ 110.970146952488605, -6.878610225825106, 0.0 ], [ 110.970066249216103, -6.878590672221523, 0.0 ], [ 110.969858991662207, -6.878540911563393, 0.0 ], [ 110.969737519125502, -6.87850846371018, 0.0 ], [ 110.969686609331404, -6.87848912273081, 0.0 ], [ 110.969657806160001, -6.878446368747311, 0.0 ], [ 110.969664088418995, -6.87837058791995, 0.0 ], [ 110.969679659829694, -6.878217985997063, 0.0 ], [ 110.969688919892903, -6.878084590157621, 0.0 ], [ 110.969690400080907, -6.878075587037058, 0.0 ], [ 110.969704545625106, -6.877944540584361, 0.0 ], [ 110.969722696852202, -6.877766770407439, 0.0 ], [ 110.969731954855504, -6.877583209205045, 0.0 ], [ 110.969758526649997, -6.877398387896738, 0.0 ], [ 110.969764264853197, -6.877264902558208, 0.0 ], [ 110.969766775112404, -6.877161704945513, 0.0 ], [ 110.969765332472207, -6.877152619387023, 0.0 ], [ 110.969769538675806, -6.877044886642798, 0.0 ], [ 110.9697775749691, -6.87698209258694, 0.0 ], [ 110.969807377070495, -6.876928409592757, 0.0 ], [ 110.969834763088699, -6.876862655626285, 0.0 ], [ 110.969834823552901, -6.876859537828457, 0.0 ], [ 110.969983375383293, -6.876682298031571, 0.0 ], [ 110.970084590273999, -6.876537373177023, 0.0 ], [ 110.9702390698871, -6.87634445821119, 0.0 ], [ 110.970438102992503, -6.876088897201852, 0.0 ], [ 110.970515910053606, -6.876003086627528, 0.0 ], [ 110.970562696767303, -6.875958006221481, 0.0 ] ] ] } },
{ "type": "Feature", "properties": { "NAME": "Pasuruhan", "OBJ_ID": "SC36", "VILLAGE": "Pasuruhan", "CC_4": "3318020012", "SUB_DIST": "Kayen", "DISTRICT": "Pati", "TYPE": "Secondary" }, "geometry": { "type": "MultiLineString", "coordinates": [ [ [ 110.966652106657094, -6.869431163532873, 0.0 ], [ 110.966546327715207, -6.869410234692476, 0.0 ], [ 110.966350404538503, -6.869384225142618, 0.0 ], [ 110.966348806047804, -6.869384224474101, 0.0 ], [ 110.966190989613295, -6.869352008136257, 0.0 ], [ 110.966144214536101, -6.869346472350101, 0.0 ], [ 110.965855268540693, -6.86928650077118, 0.0 ], [ 110.965645084829603, -6.869245535343475, 0.0 ], [ 110.965417974286396, -6.869213422129476, 0.0 ], [ 110.965412875159501, -6.869211629513946, 0.0 ], [ 110.965228177627594, -6.869173058370489, 0.0 ], [ 110.965055743197297, -6.869148953127933, 0.0 ], [ 110.964899230501203, -6.869131239904755, 0.0 ], [ 110.964762153446401, -6.86910552155821, 0.0 ], [ 110.964523213666695, -6.869036433160035, 0.0 ], [ 110.964304937482396, -6.868965249841303, 0.0 ], [ 110.964052471014099, -6.868892342946672, 0.0 ], [ 110.963903235122302, -6.868838202496448, 0.0 ], [ 110.963765492307104, -6.868802455316342, 0.0 ], [ 110.963614256598902, -6.868748185637816, 0.0 ], [ 110.963494432835901, -6.868711664413614, 0.0 ], [ 110.963363558105598, -6.868660892235474, 0.0 ], [ 110.963355200611403, -6.868658060649802, 0.0 ], [ 110.9633491037265, -6.868655226197485, 0.0 ], [ 110.963208307184203, -6.868620565062759, 0.0 ], [ 110.963028103145106, -6.868554297279394, 0.0 ], [ 110.962832921996096, -6.868494128301116, 0.0 ], [ 110.962676463195805, -6.868444989997855, 0.0 ], [ 110.9624827524474, -6.868377479089943, 0.0 ], [ 110.962372046579901, -6.868337206598256, 0.0 ], [ 110.962184444261496, -6.868289073014997, 0.0 ], [ 110.962034734912294, -6.868240692994063, 0.0 ], [ 110.961860117601006, -6.868180470333691, 0.0 ], [ 110.961738788970806, -6.868140475055646, 0.0 ], [ 110.961711767866603, -6.868122725104921, 0.0 ] ] ] } },
{ "type": "Feature", "properties": { "NAME": "Pelang", "OBJ_ID": "SC37", "VILLAGE": "Pasuruhan", "CC_4": "3318020012", "SUB_DIST": "Kayen", "DISTRICT": "Pati", "TYPE": "Secondary" }, "geometry": { "type": "MultiLineString", "coordinates": [ [ [ 110.970824408966394, -6.881386509012953, 0.0 ], [ 110.970793234005001, -6.881391023559418, 0.0 ], [ 110.970553388680798, -6.881366003804468, 0.0 ], [ 110.970489253005496, -6.881369021182731, 0.0 ], [ 110.970310392131196, -6.881359610527184, 0.0 ], [ 110.970114395060705, -6.88135340726074, 0.0 ], [ 110.970108132546201, -6.881354822517332, 0.0 ], [ 110.9701019472203, -6.881357609727861, 0.0 ], [ 110.969884172040096, -6.881351642254043, 0.0 ], [ 110.969880338739898, -6.881351623082794, 0.0 ], [ 110.969798823439504, -6.88134470939458, 0.0 ], [ 110.969690944223203, -6.881337752583081, 0.0 ], [ 110.969601773955105, -6.881332488538838, 0.0 ], [ 110.9694195273958, -6.881343902667965, 0.0 ], [ 110.969119019648701, -6.881316370277925, 0.0 ], [ 110.969112980279704, -6.881316418395468, 0.0 ], [ 110.968718468236801, -6.881287748838693, 0.0 ], [ 110.968497432976605, -6.881281409121748, 0.0 ], [ 110.968492832830506, -6.881281403884868, 0.0 ], [ 110.968345688513097, -6.881281513834205, 0.0 ], [ 110.9682807720325, -6.881293143838153, 0.0 ], [ 110.968235079543405, -6.881335310954745, 0.0 ], [ 110.968155187675904, -6.88141858004071, 0.0 ], [ 110.968102935242001, -6.881532411713724, 0.0 ], [ 110.968069105331196, -6.881657862161557, 0.0 ], [ 110.968069567838, -6.881662643709893, 0.0 ], [ 110.968067138619901, -6.88166579713825, 0.0 ], [ 110.968026108600796, -6.881791896003815, 0.0 ], [ 110.968026280002107, -6.881793327637406, 0.0 ], [ 110.968024539759199, -6.881800447540666, 0.0 ], [ 110.967979704566901, -6.881924966465589, 0.0 ], [ 110.967969121379099, -6.881970602518244, 0.0 ], [ 110.967976954634807, -6.882089011707922, 0.0 ], [ 110.967978067395606, -6.882146463101252, 0.0 ], [ 110.967975820606696, -6.882152546183185, 0.0 ], [ 110.9679666585576, -6.882174326962135, 0.0 ], [ 110.9678856873564, -6.882152510122353, 0.0 ], [ 110.967761350432198, -6.882152598982151, 0.0 ], [ 110.9677221410507, -6.882132540430919, 0.0 ], [ 110.967699183254695, -6.88216245140723, 0.0 ], [ 110.967694623534499, -6.882162378161088, 0.0 ], [ 110.967688991097603, -6.882159718463376, 0.0 ], [ 110.967497425931995, -6.882193776456168, 0.0 ], [ 110.967397057757793, -6.882247569506654, 0.0 ], [ 110.967332609182606, -6.882293720338361, 0.0 ], [ 110.967301581339896, -6.882366916705543, 0.0 ], [ 110.967267103199603, -6.882431372219089, 0.0 ], [ 110.967265550265495, -6.882436913565664, 0.0 ], [ 110.967265953058202, -6.882439663921152, 0.0 ], [ 110.967250951537096, -6.882515475417263, 0.0 ], [ 110.967251561744007, -6.882519306737668, 0.0 ], [ 110.967250722485701, -6.882528209961156, 0.0 ], [ 110.967233805547096, -6.8825741194308, 0.0 ], [ 110.967230652372905, -6.882581368182522, 0.0 ], [ 110.967230862039102, -6.882582567585831, 0.0 ], [ 110.967219133161905, -6.882636640040997, 0.0 ], [ 110.967218500968499, -6.882638926635081, 0.0 ], [ 110.967220238465998, -6.882647997824027, 0.0 ], [ 110.967221745214601, -6.882655864190264, 0.0 ], [ 110.967210856973693, -6.882696459834755, 0.0 ], [ 110.9672073648739, -6.882699683965015, 0.0 ], [ 110.967207582422503, -6.882700751124722, 0.0 ], [ 110.967190126772906, -6.882740328606983, 0.0 ], [ 110.967171699020099, -6.882807874837939, 0.0 ], [ 110.967139854854295, -6.882884448682389, 0.0 ], [ 110.967115006142606, -6.882941776511789, 0.0 ], [ 110.967110587584799, -6.882944324699635, 0.0 ], [ 110.967080878103204, -6.882959453784109, 0.0 ], [ 110.967052714310796, -6.88297445276774, 0.0 ], [ 110.9669394823825, -6.883039017645541, 0.0 ], [ 110.966874649885298, -6.883049359891825, 0.0 ], [ 110.966864479818696, -6.883049184458353, 0.0 ], [ 110.966860666660594, -6.883049145178943, 0.0 ], [ 110.966757690202201, -6.883050128313895, 0.0 ], [ 110.966752599178704, -6.883050113291138, 0.0 ], [ 110.966745085096207, -6.88305172192373, 0.0 ], [ 110.966742541046003, -6.883051714519026, 0.0 ], [ 110.966617851375503, -6.883030913825301, 0.0 ], [ 110.966611447197806, -6.883030953372889, 0.0 ], [ 110.966607604850196, -6.88303097710839, 0.0 ], [ 110.9665986397723, -6.883031032514981, 0.0 ], [ 110.9665239265792, -6.883021464776422, 0.0 ], [ 110.966521355156104, -6.883021480867035, 0.0 ], [ 110.966516212346605, -6.883021512721538, 0.0 ], [ 110.966507212852093, -6.883021568626875, 0.0 ], [ 110.966502070604506, -6.88302160062505, 0.0 ], [ 110.966452453399199, -6.88301179172402, 0.0 ], [ 110.966197680592501, -6.882976771535798, 0.0 ], [ 110.966036439017401, -6.88292916886962, 0.0 ], [ 110.965857746708807, -6.882879404448332, 0.0 ], [ 110.965678562745296, -6.882823677369402, 0.0 ], [ 110.965533137707197, -6.882795902736048, 0.0 ], [ 110.965073570352104, -6.882653305646757, 0.0 ], [ 110.964859817364399, -6.882589942830941, 0.0 ], [ 110.964677485974306, -6.882531648873982, 0.0 ], [ 110.964602504411502, -6.882501974795207, 0.0 ], [ 110.964282729893498, -6.882383138417372, 0.0 ], [ 110.963940326251901, -6.882279223593621, 0.0 ], [ 110.963927902453307, -6.882273795895596, 0.0 ], [ 110.963736125950106, -6.882217510014482, 0.0 ], [ 110.963633320515299, -6.882188639202632, 0.0 ], [ 110.963266157332001, -6.882143631277532, 0.0 ], [ 110.962991892987404, -6.88213868416938, 0.0 ], [ 110.962784468666698, -6.882115213934563, 0.0 ], [ 110.962691802927694, -6.882115561240256, 0.0 ], [ 110.962689517452304, -6.882115574926344, 0.0 ], [ 110.962606782864597, -6.882113471660435, 0.0 ], [ 110.962603352642503, -6.882113490063976, 0.0 ], [ 110.962543471055199, -6.882102037662524, 0.0 ], [ 110.962179793772904, -6.882065603328782, 0.0 ], [ 110.961996461863905, -6.882061504509348, 0.0 ], [ 110.961991520726698, -6.882061511267722, 0.0 ], [ 110.961872908974598, -6.882060214785723, 0.0 ], [ 110.961866723140801, -6.882060232257879, 0.0 ], [ 110.961738604808602, -6.882044994027944, 0.0 ], [ 110.961733616124604, -6.882044991306157, 0.0 ], [ 110.961732368905302, -6.882044990566102, 0.0 ], [ 110.961723484556501, -6.882041870076741, 0.0 ], [ 110.961624763825299, -6.882041876951563, 0.0 ], [ 110.961616013329504, -6.882041883246792, 0.0 ], [ 110.961562286672304, -6.882042026863988, 0.0 ], [ 110.961457402508302, -6.882018461829205, 0.0 ], [ 110.961353488156306, -6.882021960754211, 0.0 ], [ 110.961189228224001, -6.882001945291619, 0.0 ], [ 110.961094127115004, -6.881972651731283, 0.0 ], [ 110.961088245745799, -6.881971326093518, 0.0 ], [ 110.960940916736106, -6.881919201229522, 0.0 ], [ 110.960842023894102, -6.881886716295425, 0.0 ], [ 110.960738755430697, -6.881859326873913, 0.0 ], [ 110.960712047242794, -6.881854945238566, 0.0 ], [ 110.960623665021402, -6.881838654114993, 0.0 ], [ 110.960563468246406, -6.8818544228171, 0.0 ], [ 110.960427965432004, -6.881854707450437, 0.0 ], [ 110.960340156319006, -6.881864425935483, 0.0 ], [ 110.960337653173596, -6.881864439547408, 0.0 ], [ 110.960331215689493, -6.881866022782611, 0.0 ], [ 110.960324961501001, -6.881866059646581, 0.0 ], [ 110.960119619750898, -6.881881703717733, 0.0 ], [ 110.959978794472093, -6.881895599061697, 0.0 ], [ 110.959743311227498, -6.881914995104315, 0.0 ], [ 110.959619210794102, -6.881918546568214, 0.0 ], [ 110.959478261678299, -6.881921356132183, 0.0 ], [ 110.959337179645502, -6.881921163019452, 0.0 ], [ 110.959224853787305, -6.881914728063831, 0.0 ], [ 110.959221054675297, -6.881914712713161, 0.0 ], [ 110.959214722291506, -6.881914686953624, 0.0 ], [ 110.959118526053103, -6.88191642458846, 0.0 ], [ 110.959114732445002, -6.881916463472693, 0.0 ], [ 110.958976842039107, -6.881904886681553, 0.0 ], [ 110.958971767608602, -6.881904940070497, 0.0 ], [ 110.958840730775506, -6.881881588383449, 0.0 ], [ 110.958766063646394, -6.881867414613162, 0.0 ], [ 110.958610362645402, -6.881844803602086, 0.0 ], [ 110.958485604516397, -6.881821559350747, 0.0 ], [ 110.958354497441704, -6.881796251375317, 0.0 ], [ 110.958290772047803, -6.881778873024828, 0.0 ], [ 110.958286990162605, -6.88177592172597, 0.0 ], [ 110.958177290645693, -6.881707350034601, 0.0 ], [ 110.958127969892402, -6.881681037828466, 0.0 ], [ 110.958081037661103, -6.881640792679512, 0.0 ], [ 110.958050894768206, -6.881609087151667, 0.0 ], [ 110.958046036610895, -6.881602286296979, 0.0 ], [ 110.958038754726402, -6.881597201513943, 0.0 ], [ 110.957987675689395, -6.881548580636746, 0.0 ], [ 110.957949226719094, -6.881512404640783, 0.0 ], [ 110.957943855247805, -6.881505005425565, 0.0 ], [ 110.957902982080697, -6.881469367973322, 0.0 ], [ 110.957900879190007, -6.881465540635575, 0.0 ], [ 110.957851127395401, -6.881425342370089, 0.0 ], [ 110.9578052687108, -6.881395948887214, 0.0 ], [ 110.957751190054395, -6.881342277554793, 0.0 ], [ 110.957667377449795, -6.881255084057119, 0.0 ], [ 110.957593412430995, -6.881189977639633, 0.0 ], [ 110.957588922495901, -6.881188758365014, 0.0 ], [ 110.957529829216497, -6.881145416551871, 0.0 ], [ 110.957525158645097, -6.881140177020152, 0.0 ], [ 110.957489150273503, -6.881092961995561, 0.0 ], [ 110.957486703323099, -6.881090189289299, 0.0 ], [ 110.957483020699897, -6.881086016278726, 0.0 ], [ 110.9574302876524, -6.881008867091311, 0.0 ], [ 110.957426454432394, -6.881005994517566, 0.0 ], [ 110.957423757085493, -6.881001600224875, 0.0 ], [ 110.957419734611094, -6.880995725543099, 0.0 ], [ 110.957362840146004, -6.880917090369521, 0.0 ], [ 110.957360160185999, -6.880915519922323, 0.0 ], [ 110.957351958752099, -6.880909164172535, 0.0 ], [ 110.957295261031703, -6.880845098299196, 0.0 ], [ 110.957244684827003, -6.880776832658349, 0.0 ], [ 110.957241772198898, -6.88077509848585, 0.0 ], [ 110.957166590819995, -6.880679806180188, 0.0 ], [ 110.957095957132196, -6.880587428563947, 0.0 ], [ 110.9570071983144, -6.880492887933316, 0.0 ], [ 110.9570028116092, -6.880490600156598, 0.0 ], [ 110.956953876156504, -6.880422446643994, 0.0 ], [ 110.956951502964898, -6.880418649485765, 0.0 ], [ 110.956872715223298, -6.880323124461369, 0.0 ], [ 110.956831121855004, -6.880264655187486, 0.0 ], [ 110.956828442296398, -6.880261740864477, 0.0 ], [ 110.956776596099203, -6.880197015949433, 0.0 ], [ 110.956696063444397, -6.880118445333985, 0.0 ], [ 110.956589560554704, -6.879961927631584, 0.0 ], [ 110.956526813774303, -6.879907037669515, 0.0 ], [ 110.956450221550597, -6.87982376686236, 0.0 ], [ 110.956334861227305, -6.879684031015858, 0.0 ], [ 110.956260510396007, -6.879622841850133, 0.0 ], [ 110.956257785614895, -6.879617142008937, 0.0 ], [ 110.9562096311967, -6.879554099631584, 0.0 ], [ 110.956206783647204, -6.879549496629626, 0.0 ], [ 110.956201051282804, -6.879540230661876, 0.0 ], [ 110.956198301320796, -6.879537140685506, 0.0 ], [ 110.956192651351301, -6.879529400379887, 0.0 ], [ 110.956186831087294, -6.879520061321012, 0.0 ], [ 110.956133295593602, -6.879454451315164, 0.0 ], [ 110.956060006268501, -6.879379018553622, 0.0 ], [ 110.956025022338807, -6.879329803513429, 0.0 ], [ 110.956024762058206, -6.879327989494883, 0.0 ], [ 110.955989314041403, -6.879282635895688, 0.0 ], [ 110.955944129808799, -6.879235721693765, 0.0 ], [ 110.955914853261604, -6.87916619047706, 0.0 ], [ 110.955910367201795, -6.879161556389949, 0.0 ], [ 110.955896845429606, -6.879149838104389, 0.0 ], [ 110.955846773657001, -6.879075502806254, 0.0 ], [ 110.955792474308197, -6.878986504568315, 0.0 ], [ 110.955789699051607, -6.878981017237042, 0.0 ], [ 110.955772689940403, -6.878916633218227, 0.0 ], [ 110.955772084221607, -6.878909148149065, 0.0 ], [ 110.955763893837698, -6.87880840962633, 0.0 ], [ 110.955751248113103, -6.878718152777584, 0.0 ], [ 110.955731997744493, -6.878649028663366, 0.0 ], [ 110.955731837573893, -6.878647179463192, 0.0 ], [ 110.955714439218397, -6.878579362012515, 0.0 ], [ 110.955709201911702, -6.878538901187797, 0.0 ], [ 110.955679086117101, -6.878466399577003, 0.0 ], [ 110.955677449689603, -6.878448128080865, 0.0 ], [ 110.9556764230326, -6.878444204684296, 0.0 ], [ 110.955653447905505, -6.878332352558204, 0.0 ], [ 110.955651091609099, -6.878328036664275, 0.0 ], [ 110.9556149594505, -6.87823290012588, 0.0 ], [ 110.955615046683107, -6.878222897052418, 0.0 ], [ 110.955590396904299, -6.878141436538312, 0.0 ], [ 110.955589042920494, -6.878134326553433, 0.0 ], [ 110.9555876936288, -6.878130803783823, 0.0 ], [ 110.955558554349807, -6.878062579467416, 0.0 ], [ 110.955555681280899, -6.87805513451482, 0.0 ], [ 110.955534669048205, -6.877985462536343, 0.0 ], [ 110.955519007824506, -6.877936541387817, 0.0 ], [ 110.955505375614095, -6.877918340467499, 0.0 ], [ 110.955464160284507, -6.8778663022162, 0.0 ], [ 110.955464195888197, -6.87786477348104, 0.0 ], [ 110.955423470423895, -6.877803238555704, 0.0 ], [ 110.955393963771996, -6.877781948667606, 0.0 ], [ 110.955375575600399, -6.877757815283321, 0.0 ] ] ] } },
{ "type": "Feature", "properties": { "NAME": "Poncomulyo", "OBJ_ID": "SC38", "VILLAGE": "Baturejo", "CC_4": "3318010014", "SUB_DIST": "Sukolilo", "DISTRICT": "Pati", "TYPE": "Secondary" }, "geometry": { "type": "MultiLineString", "coordinates": [ [ [ 110.911529344136795, -6.871253742146601, 0.0 ], [ 110.912173228117197, -6.871050822342564, 0.0 ], [ 110.913164614215304, -6.870658102985355, 0.0 ], [ 110.913712067692103, -6.870492264197922, 0.0 ], [ 110.913969069169497, -6.870391885131984, 0.0 ], [ 110.914434362703801, -6.870232510398694, 0.0 ], [ 110.915143650729803, -6.869970412079166, 0.0 ], [ 110.915780646279998, -6.869761406637966, 0.0 ], [ 110.916438665130897, -6.869526021076107, 0.0 ], [ 110.916629067118706, -6.869496063772625, 0.0 ], [ 110.9170286356769, -6.869463716145193, 0.0 ] ] ] } },
{ "type": "Feature", "properties": { "NAME": "Poncomulyo", "OBJ_ID": "SC39", "VILLAGE": "Gadudero", "CC_4": "3318010009", "SUB_DIST": "Sukolilo", "DISTRICT": "Pati", "TYPE": "Secondary" }, "geometry": { "type": "MultiLineString", "coordinates": [ [ [ 110.917032524610306, -6.869467322573247, 0.0 ], [ 110.917346892123604, -6.869490389797587, 0.0 ], [ 110.917761870512393, -6.869555618245185, 0.0 ], [ 110.918505081699195, -6.869893892380303, 0.0 ], [ 110.919471680477002, -6.870404724020402, 0.0 ], [ 110.920341455093507, -6.8707876017595, 0.0 ], [ 110.921020200001394, -6.87111611498504, 0.0 ], [ 110.921440795955604, -6.871312040876456, 0.0 ], [ 110.921726806748296, -6.871454730491956, 0.0 ], [ 110.921824362778395, -6.871501632983382, 0.0 ], [ 110.921937578417101, -6.871542831539863, 0.0 ], [ 110.922253271662697, -6.87152571631643, 0.0 ], [ 110.923383162355194, -6.871338642434615, 0.0 ], [ 110.924112954005494, -6.871228991052387, 0.0 ], [ 110.924353640706599, -6.871198641335943, 0.0 ], [ 110.9252731563449, -6.870795923519611, 0.0 ], [ 110.926480994540398, -6.870332745229146, 0.0 ], [ 110.926872329370497, -6.870158138791377, 0.0 ] ] ] } },
{ "type": "Feature", "properties": { "NAME": "Poncomulyo", "OBJ_ID": "SC40", "VILLAGE": "Kasiyan", "CC_4": "3318010015", "SUB_DIST": "Sukolilo", "DISTRICT": "Pati", "TYPE": "Secondary" }, "geometry": { "type": "MultiLineString", "coordinates": [ [ [ 110.926869256186805, -6.870160636104064, 0.0 ], [ 110.927359634750005, -6.869967567644278, 0.0 ], [ 110.927893661927698, -6.869779206111237, 0.0 ], [ 110.928074439011098, -6.869696800550366, 0.0 ], [ 110.928393417509, -6.869505413772195, 0.0 ], [ 110.928677701921202, -6.869180887681368, 0.0 ], [ 110.929223867217502, -6.868549338314624, 0.0 ], [ 110.929729467748203, -6.867914700572642, 0.0 ], [ 110.930078995210295, -6.867449633990716, 0.0 ], [ 110.930504214689293, -6.866922031925039, 0.0 ], [ 110.930921973095096, -6.86641253423205, 0.0 ], [ 110.931204737164293, -6.866059598123382, 0.0 ], [ 110.931620000416103, -6.865549935118128, 0.0 ], [ 110.932066562963698, -6.864958820933763, 0.0 ], [ 110.932287248453903, -6.864747562680146, 0.0 ], [ 110.932457045861, -6.864573985556208, 0.0 ], [ 110.932601070052996, -6.864500877306593, 0.0 ], [ 110.932785243036705, -6.864420061369163, 0.0 ] ] ] } },
{ "type": "Feature", "properties": { "NAME": "Poncomulyo", "OBJ_ID": "SC41", "VILLAGE": "Srikaton", "CC_4": "3318020011", "SUB_DIST": "Kayen", "DISTRICT": "Pati", "TYPE": "Secondary" }, "geometry": { "type": "MultiLineString", "coordinates": [ [ [ 110.932837440123507, -6.864399898979472, 0.0 ], [ 110.933168175045097, -6.864298281743437, 0.0 ], [ 110.933474826793898, -6.864220951285862, 0.0 ], [ 110.934183440033806, -6.86400684817191, 0.0 ], [ 110.934877310585406, -6.863815938430771, 0.0 ], [ 110.935556447449301, -6.863587108453291, 0.0 ], [ 110.935889442511893, -6.863503571297451, 0.0 ], [ 110.936465321115506, -6.863275894797275, 0.0 ], [ 110.937047245565594, -6.863086569547207, 0.0 ], [ 110.937589585487402, -6.862800167989517, 0.0 ], [ 110.937877046252893, -6.862700705484278, 0.0 ], [ 110.938595094682896, -6.862411270432196, 0.0 ], [ 110.939139964848394, -6.862190790677537, 0.0 ], [ 110.939678617838993, -6.861971582576219, 0.0 ], [ 110.940078160581393, -6.861783488237528, 0.0 ], [ 110.941146727493006, -6.861374112317758, 0.0 ], [ 110.942054210543603, -6.861023068641918, 0.0 ], [ 110.943038676701306, -6.860625088058259, 0.0 ], [ 110.943883617469993, -6.860315168162717, 0.0 ], [ 110.944654114904594, -6.860074158845229, 0.0 ], [ 110.945828412579303, -6.85973222233258, 0.0 ], [ 110.946730494014901, -6.859438061141883, 0.0 ], [ 110.947691180415802, -6.859141713579929, 0.0 ] ] ] } },
{ "type": "Feature", "properties": { "NAME": "Poncomulyo", "OBJ_ID": "SC42", "VILLAGE": "Wotan", "CC_4": "3318010013", "SUB_DIST": "Sukolilo", "DISTRICT": "Pati", "TYPE": "Secondary" }, "geometry": { "type": "MultiLineString", "coordinates": [ [ [ 110.869492429928499, -6.907339240267572, 0.0 ], [ 110.869631113406498, -6.907235668392075, 0.0 ], [ 110.8699887102795, -6.907099271959499, 0.0 ], [ 110.870312163733203, -6.906926707213562, 0.0 ], [ 110.870673160988702, -6.906772842012769, 0.0 ], [ 110.871440756822494, -6.90639843657713, 0.0 ], [ 110.871862889199406, -6.906221499043849, 0.0 ], [ 110.871870728373395, -6.906213332646909, 0.0 ], [ 110.872141107183296, -6.906088062059609, 0.0 ], [ 110.872636527196406, -6.905883983937728, 0.0 ], [ 110.873171158595497, -6.905658615040577, 0.0 ], [ 110.8731808606409, -6.905653080943704, 0.0 ], [ 110.873365482883898, -6.905557662368534, 0.0 ], [ 110.874350819820094, -6.905181797589138, 0.0 ], [ 110.874670245324296, -6.905017845020356, 0.0 ], [ 110.874676973192706, -6.905017854131022, 0.0 ], [ 110.874902523327293, -6.90489934110556, 0.0 ], [ 110.875143545847394, -6.904720651744523, 0.0 ], [ 110.875144351006497, -6.904709669298431, 0.0 ], [ 110.875243637762907, -6.904576178665786, 0.0 ], [ 110.875306645821794, -6.904380532629976, 0.0 ], [ 110.875367477363795, -6.904172915958749, 0.0 ], [ 110.875365460962399, -6.904151800535585, 0.0 ], [ 110.875345004098193, -6.903951089150594, 0.0 ], [ 110.875320441909807, -6.90383494638031, 0.0 ], [ 110.875265032064902, -6.903607620554961, 0.0 ], [ 110.875225903254702, -6.903371235313338, 0.0 ], [ 110.875176558665203, -6.90315430717896, 0.0 ], [ 110.875087579641502, -6.903005987205363, 0.0 ], [ 110.8747326995489, -6.902619181668332, 0.0 ], [ 110.874547448447601, -6.902460731253897, 0.0 ], [ 110.874173813347099, -6.902153663445548, 0.0 ], [ 110.873478926333604, -6.90146884100707, 0.0 ], [ 110.873078137468198, -6.901138043341771, 0.0 ], [ 110.872575901233105, -6.900680602335385, 0.0 ], [ 110.872346841848696, -6.900484572560603, 0.0 ], [ 110.8721930533695, -6.900314495471323, 0.0 ], [ 110.872050197940297, -6.900097056745243, 0.0 ], [ 110.872022218259602, -6.900018489852904, 0.0 ], [ 110.871945715936107, -6.899791180966987, 0.0 ], [ 110.8718974592623, -6.899549252871019, 0.0 ], [ 110.871914195907195, -6.899270565196547, 0.0 ], [ 110.871914592978001, -6.899251240461409, 0.0 ], [ 110.871959802451997, -6.899036881461634, 0.0 ], [ 110.872165062760203, -6.898045394065404, 0.0 ], [ 110.872265551276499, -6.897575868995344, 0.0 ], [ 110.872406050373201, -6.896892516474099, 0.0 ], [ 110.872448154533302, -6.896660482124977, 0.0 ], [ 110.872637436417094, -6.895755021883678, 0.0 ], [ 110.872699881360703, -6.895504926963527, 0.0 ], [ 110.872857198639807, -6.894628663644412, 0.0 ], [ 110.872928994407701, -6.894361148166157, 0.0 ], [ 110.872971799684606, -6.89419697324967, 0.0 ] ] ] } },
{ "type": "Feature", "properties": { "NAME": "Karangturi", "OBJ_ID": "SC43", "VILLAGE": "Karang Rowo", "CC_4": "3319040010", "SUB_DIST": "Undaan", "DISTRICT": "Kudus", "TYPE": "Secondary" }, "geometry": { "type": "MultiLineString", "coordinates": [ [ [ 110.8749217432715, -6.885809637845166, 0.0 ], [ 110.874999091998902, -6.88582540924633, 0.0 ], [ 110.875104441804595, -6.885846602451106, 0.0 ], [ 110.875108675506397, -6.885846548064418, 0.0 ], [ 110.875355776026694, -6.885914711212084, 0.0 ], [ 110.875561126086694, -6.885951559274336, 0.0 ], [ 110.875731564177002, -6.886010100973277, 0.0 ], [ 110.876121321497905, -6.886140019738877, 0.0 ], [ 110.876336217253197, -6.886212783138504, 0.0 ], [ 110.876424818902393, -6.886259238059172, 0.0 ], [ 110.876710358268397, -6.886390383067985, 0.0 ], [ 110.876964325206899, -6.886446551501439, 0.0 ], [ 110.877151133702398, -6.886476293630592, 0.0 ], [ 110.877319537234797, -6.886523871089862, 0.0 ], [ 110.877714941496393, -6.88660677812564, 0.0 ], [ 110.878024146984103, -6.886632019815412, 0.0 ], [ 110.878133849559504, -6.886632116858933, 0.0 ], [ 110.878662534418496, -6.886615379480932, 0.0 ], [ 110.878826251814999, -6.886615603790126, 0.0 ], [ 110.879010173125707, -6.886645785075534, 0.0 ], [ 110.879144732386493, -6.886654590002175, 0.0 ], [ 110.879441337354905, -6.886702324925965, 0.0 ], [ 110.879724904961506, -6.886717229137991, 0.0 ], [ 110.879850186474201, -6.886743585605253, 0.0 ], [ 110.880056708829798, -6.886766165433464, 0.0 ], [ 110.880204254357594, -6.886798134049568, 0.0 ], [ 110.880531219689402, -6.886834472871077, 0.0 ], [ 110.880676774121895, -6.886832028712129, 0.0 ], [ 110.880817891399005, -6.886850916087489, 0.0 ], [ 110.880906853174807, -6.886865617803179, 0.0 ], [ 110.8810221678701, -6.886873352008571, 0.0 ], [ 110.881184383026806, -6.886930986789461, 0.0 ], [ 110.881193654414005, -6.886935535818322, 0.0 ], [ 110.881198644806901, -6.886941507346737, 0.0 ], [ 110.881300357651099, -6.887017303046282, 0.0 ], [ 110.881409216389002, -6.887061703785688, 0.0 ], [ 110.881552430114297, -6.887130685707886, 0.0 ], [ 110.881762133304605, -6.887202162721692, 0.0 ], [ 110.881766737271903, -6.887205950802668, 0.0 ], [ 110.882077060558004, -6.887284325656865, 0.0 ], [ 110.882124436630207, -6.887281190659198, 0.0 ], [ 110.882213804190201, -6.887255484617567, 0.0 ], [ 110.882225486267799, -6.887256042194967, 0.0 ], [ 110.882344258992205, -6.887218306839847, 0.0 ] ] ] } },
{ "type": "Feature", "properties": { "NAME": "Sarimulyo 2", "OBJ_ID": "SC44", "VILLAGE": "Wotan", "CC_4": "3318010013", "SUB_DIST": "Sukolilo", "DISTRICT": "Pati", "TYPE": "Secondary" }, "geometry": { "type": "MultiLineString", "coordinates": [ [ [ 110.908424027956102, -6.872366677906138, 0.0 ], [ 110.908452478701804, -6.872527544533523, 0.0 ], [ 110.908483779173295, -6.872647525012369, 0.0 ], [ 110.908492448184106, -6.872810975015062, 0.0 ], [ 110.908495239442203, -6.872958023115497, 0.0 ], [ 110.908534976782306, -6.873124299499849, 0.0 ], [ 110.908576187290393, -6.873451746028205, 0.0 ], [ 110.908639780516495, -6.873800235434174, 0.0 ], [ 110.908688612645307, -6.874110483390458, 0.0 ], [ 110.908754993645402, -6.874510488179262, 0.0 ], [ 110.908816301440098, -6.874936308170234, 0.0 ], [ 110.908884584781504, -6.875428570808351, 0.0 ], [ 110.908978575554599, -6.8760325776398, 0.0 ], [ 110.909075623155999, -6.876562250094576, 0.0 ], [ 110.909162995579194, -6.877038087372677, 0.0 ], [ 110.909184857952198, -6.877207426246533, 0.0 ], [ 110.909236778603898, -6.877683139501521, 0.0 ], [ 110.909256500946398, -6.878027844661067, 0.0 ], [ 110.909267149791702, -6.878295082752853, 0.0 ], [ 110.909287309747398, -6.878651313648869, 0.0 ], [ 110.9092966734285, -6.87878083521627, 0.0 ], [ 110.909298658641404, -6.878880690660119, 0.0 ] ] ] } },
{ "type": "Feature", "properties": { "NAME": "Poncomulyo", "OBJ_ID": "SC45", "VILLAGE": "Wotan", "CC_4": "3318010013", "SUB_DIST": "Sukolilo", "DISTRICT": "Pati", "TYPE": "Secondary" }, "geometry": { "type": "MultiLineString", "coordinates": [ [ [ 110.882353052735098, -6.887222342912389, 0.0 ], [ 110.882566452923797, -6.887209530306256, 0.0 ], [ 110.882855761526798, -6.887195591436591, 0.0 ], [ 110.883031838332101, -6.887168413552371, 0.0 ], [ 110.883201997822795, -6.887166390576295, 0.0 ], [ 110.883475942048406, -6.887173149609416, 0.0 ], [ 110.883737269582099, -6.887200483630719, 0.0 ], [ 110.883924345811906, -6.887211425067259, 0.0 ], [ 110.8840625241249, -6.887205383369717, 0.0 ] ] ] } },
{ "type": "Feature", "properties": { "NAME": "Poncomulyo", "OBJ_ID": "SC46", "VILLAGE": "Wotan", "CC_4": "3318010013", "SUB_DIST": "Sukolilo", "DISTRICT": "Pati", "TYPE": "Secondary" }, "geometry": { "type": "MultiLineString", "coordinates": [ [ [ 110.900271457813702, -6.872714966948248, 0.0 ], [ 110.900277593994701, -6.872829152787352, 0.0 ], [ 110.900277989874397, -6.87293501633464, 0.0 ], [ 110.900348227963804, -6.873211830238846, 0.0 ], [ 110.900413241722902, -6.873553576395095, 0.0 ], [ 110.900513806507504, -6.873988955426566, 0.0 ], [ 110.9005947070779, -6.874406689436949, 0.0 ], [ 110.900646516193007, -6.874659905575847, 0.0 ], [ 110.900690780481895, -6.874899166081547, 0.0 ], [ 110.90087325817278, -6.875517941973628, 0.0 ] ] ] } },
{ "type": "Feature", "properties": { "NAME": "Popoh", "OBJ_ID": "SC47", "VILLAGE": "Pasuruhan", "CC_4": "3318020012", "SUB_DIST": "Kayen", "DISTRICT": "Pati", "TYPE": "Secondary" }, "geometry": { "type": "MultiLineString", "coordinates": [ [ [ 110.964035313524306, -6.886550544009729, 0.0 ], [ 110.964036189117706, -6.886480984724176, 0.0 ], [ 110.964037446900093, -6.886477262878237, 0.0 ], [ 110.964045564240905, -6.886402714463052, 0.0 ], [ 110.964047218235805, -6.886349809069244, 0.0 ], [ 110.964047305520097, -6.886347028073174, 0.0 ], [ 110.964043713737098, -6.886302957050555, 0.0 ], [ 110.9640233894537, -6.88626168180683, 0.0 ], [ 110.963996961099099, -6.886242197959733, 0.0 ], [ 110.963892712862503, -6.886217685993386, 0.0 ], [ 110.963890133161698, -6.886217683776599, 0.0 ], [ 110.963780916022401, -6.886208759826428, 0.0 ], [ 110.963650899516793, -6.886184072645199, 0.0 ], [ 110.963494340838395, -6.886168103269462, 0.0 ], [ 110.963398645720403, -6.886152210179233, 0.0 ], [ 110.963218097626097, -6.886125655434992, 0.0 ], [ 110.963214331211702, -6.886125657086185, 0.0 ], [ 110.963012235141093, -6.886084642604952, 0.0 ], [ 110.962851284494604, -6.886059957934076, 0.0 ], [ 110.962844905201607, -6.886060077509358, 0.0 ], [ 110.962837255261803, -6.886060226333383, 0.0 ], [ 110.9627647015067, -6.886040374353365, 0.0 ], [ 110.962722663193304, -6.886030674922627, 0.0 ] ] ] } },
{ "type": "Feature", "properties": { "NAME": "Popoh", "OBJ_ID": "SC48", "VILLAGE": "Srikaton", "CC_4": "3318020011", "SUB_DIST": "Kayen", "DISTRICT": "Pati", "TYPE": "Secondary" }, "geometry": { "type": "MultiLineString", "coordinates": [ [ [ 110.962719357221602, -6.886029387925818, 0.0 ], [ 110.962684304564604, -6.885995796379357, 0.0 ], [ 110.962639872678295, -6.885983419655085, 0.0 ], [ 110.962637544729304, -6.885983422601638, 0.0 ], [ 110.962480263416097, -6.885951865369371, 0.0 ], [ 110.962321756945201, -6.88591887802633, 0.0 ], [ 110.9622143865314, -6.885902021087723, 0.0 ], [ 110.962091544194493, -6.885882474665451, 0.0 ], [ 110.962002195353406, -6.885857876382962, 0.0 ], [ 110.961835343135206, -6.885829053208176, 0.0 ], [ 110.961695159319106, -6.885800252213539, 0.0 ], [ 110.961561196538696, -6.885776081588891, 0.0 ], [ 110.961494598135602, -6.885764290173162, 0.0 ], [ 110.961434295469601, -6.885753319127906, 0.0 ], [ 110.961335056180999, -6.885731071492372, 0.0 ], [ 110.961269809236896, -6.885719929215171, 0.0 ], [ 110.961211430958301, -6.885709753601233, 0.0 ], [ 110.961162304069703, -6.885699186748811, 0.0 ], [ 110.961088217585697, -6.88568380947018, 0.0 ], [ 110.960989979155599, -6.885666021858192, 0.0 ], [ 110.960931879490502, -6.885659084951944, 0.0 ], [ 110.960882156105697, -6.885658329646849, 0.0 ], [ 110.960846235334998, -6.885654314712442, 0.0 ], [ 110.960816127532695, -6.885659102478798, 0.0 ], [ 110.960798745296998, -6.885671789372923, 0.0 ], [ 110.960779860732401, -6.885695464403613, 0.0 ], [ 110.960753521869407, -6.885786500030323, 0.0 ], [ 110.960756392281496, -6.885859837174047, 0.0 ], [ 110.960749988856406, -6.885914683977442, 0.0 ], [ 110.960742403695903, -6.885968049459955, 0.0 ], [ 110.960734453128794, -6.886051204424489, 0.0 ], [ 110.960728925635394, -6.886126621103353, 0.0 ], [ 110.960714398706699, -6.886238658236847, 0.0 ], [ 110.960698174597198, -6.886291992591081, 0.0 ], [ 110.960688410942595, -6.886329836816, 0.0 ], [ 110.960647193144297, -6.886418266194784, 0.0 ], [ 110.960576680619695, -6.886464563199814, 0.0 ], [ 110.960506693952397, -6.88650555414762, 0.0 ], [ 110.960505598014095, -6.886507932823263, 0.0 ], [ 110.960429604474697, -6.886509057857403, 0.0 ], [ 110.960323176155597, -6.886490757814733, 0.0 ], [ 110.960196953675407, -6.886489495969846, 0.0 ], [ 110.960194664170601, -6.886489498895747, 0.0 ], [ 110.960035432134802, -6.886464163783408, 0.0 ], [ 110.959869529453997, -6.886442617536816, 0.0 ], [ 110.959816575221495, -6.886430658368652, 0.0 ], [ 110.959760466030701, -6.886394108881146, 0.0 ], [ 110.959736864507093, -6.886398234738692, 0.0 ], [ 110.959626435665399, -6.886374581491141, 0.0 ], [ 110.959499000847501, -6.886312624874769, 0.0 ], [ 110.959435621725802, -6.886176496173953, 0.0 ], [ 110.959417091682695, -6.886128233060382, 0.0 ], [ 110.959375859255104, -6.886059097656641, 0.0 ] ] ] } },
{ "type": "Feature", "properties": { "NAME": "Popoh", "OBJ_ID": "SC49", "VILLAGE": "Trimulyo", "CC_4": "3318020010", "SUB_DIST": "Kayen", "DISTRICT": "Pati", "TYPE": "Secondary" }, "geometry": { "type": "MultiLineString", "coordinates": [ [ [ 110.973751974951696, -6.893167365630853, 0.0 ], [ 110.973727200283506, -6.893146415212311, 0.0 ], [ 110.973681196370194, -6.893121109487476, 0.0 ], [ 110.973614365937195, -6.893070560507362, 0.0 ], [ 110.973504458854805, -6.893038744793466, 0.0 ], [ 110.973313408542595, -6.892976475241982, 0.0 ], [ 110.973050927535994, -6.892914590097911, 0.0 ], [ 110.972932684018204, -6.892888202777856, 0.0 ], [ 110.972648717747305, -6.892837122050837, 0.0 ], [ 110.9723264587914, -6.892777672653568, 0.0 ], [ 110.972043137915094, -6.892717307562328, 0.0 ], [ 110.971861362236695, -6.892682204757145, 0.0 ], [ 110.9717450153464, -6.892658731621131, 0.0 ], [ 110.971660490398904, -6.892639693682402, 0.0 ], [ 110.971613193508205, -6.892614092489074, 0.0 ], [ 110.971573844686304, -6.892577093184672, 0.0 ], [ 110.9715445255368, -6.892515627061958, 0.0 ], [ 110.971551563210198, -6.892413445558956, 0.0 ], [ 110.971570288204205, -6.892243449811496, 0.0 ], [ 110.971584217486594, -6.892119518162199, 0.0 ], [ 110.971604097873197, -6.892014870758119, 0.0 ], [ 110.971623544044206, -6.891874479622353, 0.0 ], [ 110.971650715713494, -6.891674155811928, 0.0 ], [ 110.971678047485, -6.891520192318475, 0.0 ], [ 110.971682884026606, -6.891471510128928, 0.0 ], [ 110.971681971121399, -6.891430557197141, 0.0 ], [ 110.971664163046498, -6.891407517183776, 0.0 ], [ 110.971642927043902, -6.891381753245366, 0.0 ], [ 110.971583055571202, -6.891370268242314, 0.0 ], [ 110.971359978489303, -6.891325971249011, 0.0 ], [ 110.971219183178206, -6.891296073229845, 0.0 ], [ 110.971131442481806, -6.891281937911277, 0.0 ], [ 110.971044342395999, -6.891268022913668, 0.0 ], [ 110.971005524789206, -6.891257309295904, 0.0 ], [ 110.970883873623194, -6.891257043431695, 0.0 ], [ 110.970729524842895, -6.891265138525977, 0.0 ], [ 110.970572460978403, -6.891260682244833, 0.0 ], [ 110.970445269375901, -6.891252433034425, 0.0 ], [ 110.970189830037199, -6.891221856389778, 0.0 ], [ 110.970036796825795, -6.891204838883442, 0.0 ], [ 110.969889045442301, -6.891202513975459, 0.0 ], [ 110.969729259716502, -6.891204614684251, 0.0 ], [ 110.969604210552504, -6.891204662940708, 0.0 ], [ 110.9694891376664, -6.891194657949887, 0.0 ], [ 110.969340548775705, -6.891204224673939, 0.0 ], [ 110.969195670157205, -6.89120105673807, 0.0 ], [ 110.969089823716203, -6.891206227075391, 0.0 ], [ 110.969023510689397, -6.891217025232442, 0.0 ], [ 110.968920469973398, -6.891256682903775, 0.0 ], [ 110.968795980723698, -6.891306897627289, 0.0 ], [ 110.968702514673794, -6.891339639872222, 0.0 ], [ 110.968642173522596, -6.891352229339409, 0.0 ], [ 110.968637384060401, -6.891352083609861, 0.0 ], [ 110.968554272211506, -6.891357895579777, 0.0 ], [ 110.968549489269606, -6.891357814854019, 0.0 ], [ 110.968500620019597, -6.891376836337516, 0.0 ], [ 110.968417517048593, -6.891383191092072, 0.0 ], [ 110.968302798677001, -6.891377706337178, 0.0 ], [ 110.9682229327844, -6.891374798512941, 0.0 ], [ 110.968059753413996, -6.891361576833672, 0.0 ], [ 110.967953312687101, -6.891352085492768, 0.0 ], [ 110.967827558708095, -6.891337723504609, 0.0 ], [ 110.967754660508106, -6.891334458966965, 0.0 ], [ 110.967720049883994, -6.891327914829747, 0.0 ], [ 110.967675080497401, -6.891318086873229, 0.0 ], [ 110.967399635650295, -6.891301267116474, 0.0 ], [ 110.967226627005701, -6.891285867198023, 0.0 ], [ 110.967049070913404, -6.89126786646626, 0.0 ], [ 110.966921069836204, -6.891244083366792, 0.0 ], [ 110.966791419541195, -6.891221735353781, 0.0 ], [ 110.966612049686105, -6.891169429654266, 0.0 ], [ 110.966424475114295, -6.891112364690047, 0.0 ], [ 110.966308642122797, -6.891083441738523, 0.0 ], [ 110.966244073446703, -6.891060310716505, 0.0 ], [ 110.966048008286705, -6.891007984309951, 0.0 ], [ 110.965934086031098, -6.89098141397196, 0.0 ], [ 110.965802653440704, -6.890948539761778, 0.0 ], [ 110.965792976101199, -6.890945656879872, 0.0 ], [ 110.965607920618694, -6.890898808996939, 0.0 ], [ 110.965470937893599, -6.890864392542938, 0.0 ], [ 110.965291251580993, -6.89080903219496, 0.0 ], [ 110.965129301597102, -6.890773760698912, 0.0 ], [ 110.965125756101898, -6.890773759260204, 0.0 ], [ 110.964970812104397, -6.890728389352167, 0.0 ], [ 110.964875130974704, -6.890706225143062, 0.0 ], [ 110.964871275886296, -6.890704639143213, 0.0 ], [ 110.964824632245495, -6.89068554568558, 0.0 ], [ 110.964762305649003, -6.890663980724997, 0.0 ], [ 110.964643361498602, -6.890539055877976, 0.0 ], [ 110.964579661556499, -6.890472048798381, 0.0 ], [ 110.964470951379695, -6.890320220730905, 0.0 ], [ 110.964418779797001, -6.890261046843202, 0.0 ], [ 110.9643734179635, -6.890201186179663, 0.0 ], [ 110.964369138341198, -6.890195312885021, 0.0 ], [ 110.9643675868396, -6.890192370220688, 0.0 ], [ 110.964337733872696, -6.890138055544499, 0.0 ], [ 110.964336883309102, -6.890131806908974, 0.0 ], [ 110.964336456319202, -6.89012867004744, 0.0 ], [ 110.964327131566407, -6.890087261400851, 0.0 ], [ 110.964326012681198, -6.890079110403129, 0.0 ], [ 110.964325337587397, -6.890074192812842, 0.0 ], [ 110.964315142328502, -6.889982783523936, 0.0 ], [ 110.964312137635702, -6.889933048165375, 0.0 ], [ 110.964305800135904, -6.889839419921127, 0.0 ], [ 110.964301352772097, -6.889751464603878, 0.0 ], [ 110.964285507139806, -6.889690368745082, 0.0 ], [ 110.964268470407504, -6.889650599313697, 0.0 ], [ 110.964216817177402, -6.889617800348971, 0.0 ], [ 110.964170937126895, -6.889565718828254, 0.0 ], [ 110.964101972825702, -6.889489826585002, 0.0 ], [ 110.964038914148702, -6.889429795444321, 0.0 ], [ 110.963963541234406, -6.889354385286539, 0.0 ], [ 110.963905127276206, -6.889286974652354, 0.0 ], [ 110.963845015432, -6.889211717498083, 0.0 ], [ 110.963803083212497, -6.889118429315381, 0.0 ], [ 110.963801718243403, -6.889116881857984, 0.0 ], [ 110.963761498173795, -6.88903447710282, 0.0 ], [ 110.963761148922998, -6.889029377384695, 0.0 ], [ 110.963732836285104, -6.888938041350704, 0.0 ], [ 110.963698348660301, -6.888848435414966, 0.0 ], [ 110.963694432849707, -6.888836603920993, 0.0 ], [ 110.963692461845397, -6.888830648144261, 0.0 ], [ 110.963677947907797, -6.888782465801901, 0.0 ], [ 110.963668793857906, -6.888747370087968, 0.0 ], [ 110.963714102933906, -6.888556819811512, 0.0 ], [ 110.963763493012294, -6.888358286069682, 0.0 ], [ 110.963764096869099, -6.888345080760367, 0.0 ], [ 110.9638032276426, -6.888146093695442, 0.0 ], [ 110.963804981822705, -6.88814038647354, 0.0 ], [ 110.963832882454298, -6.888040093146246, 0.0 ], [ 110.963894304745494, -6.887838470625143, 0.0 ], [ 110.963923510951403, -6.887651317095664, 0.0 ], [ 110.963923842329393, -6.887646723848474, 0.0 ], [ 110.963924509150601, -6.887637480203382, 0.0 ], [ 110.963958041369295, -6.887448328986856, 0.0 ], [ 110.9639770714722, -6.88736578843655, 0.0 ], [ 110.963997271287198, -6.887288194638994, 0.0 ], [ 110.964009011736394, -6.887153433777472, 0.0 ], [ 110.964009500949103, -6.887147952169347, 0.0 ], [ 110.964023746974703, -6.887019231965721, 0.0 ], [ 110.964042154759298, -6.88693303969724, 0.0 ], [ 110.964031463070597, -6.886842455981758, 0.0 ], [ 110.964042205109607, -6.886685817277872, 0.0 ], [ 110.964040435384803, -6.886618652566814, 0.0 ], [ 110.964035394904201, -6.886550023974796, 0.0 ] ] ] } },
{ "type": "Feature", "properties": { "NAME": "Prawoto", "OBJ_ID": "SC50", "VILLAGE": "Prawoto", "CC_4": "3318010002", "SUB_DIST": "Sukolilo", "DISTRICT": "Pati", "TYPE": "Secondary" }, "geometry": { "type": "MultiLineString", "coordinates": [ [ [ 110.8363446709659, -6.959210614650169, 0.0 ], [ 110.836414615666399, -6.95914430569667, 0.0 ], [ 110.836520298749903, -6.95897223034165, 0.0 ], [ 110.837768238208525, -6.956954183611075, 0.0 ] ] ] } },
{ "type": "Feature", "properties": { "NAME": "Rogomulyo", "OBJ_ID": "SC51", "VILLAGE": "Rogomulyo", "CC_4": "3318020014", "SUB_DIST": "Kayen", "DISTRICT": "Pati", "TYPE": "Secondary" }, "geometry": { "type": "MultiLineString", "coordinates": [ [ [ 110.997058053661505, -6.867537138658645, 0.0 ], [ 110.996981361094598, -6.867466612687419, 0.0 ], [ 110.996851478283901, -6.867319236287994, 0.0 ], [ 110.996847993006796, -6.86731576638334, 0.0 ], [ 110.996589301156305, -6.86706884633968, 0.0 ], [ 110.996312751827602, -6.866782105301819, 0.0 ], [ 110.996312243224907, -6.866779626893405, 0.0 ], [ 110.996145614074905, -6.866602190513373, 0.0 ], [ 110.996000868726895, -6.866465629754397, 0.0 ], [ 110.995888026258697, -6.866357823221128, 0.0 ], [ 110.995759198092003, -6.866241582000036, 0.0 ], [ 110.9956949959074, -6.866154166807791, 0.0 ], [ 110.995567704827806, -6.866037348786413, 0.0 ], [ 110.995362925914094, -6.865822254452813, 0.0 ], [ 110.995236980994207, -6.865692187310423, 0.0 ], [ 110.995127588220001, -6.865606982771805, 0.0 ], [ 110.995013800159896, -6.865492341195918, 0.0 ], [ 110.994778348177306, -6.865321880905057, 0.0 ], [ 110.994269843073894, -6.865079541496167, 0.0 ], [ 110.993833283634501, -6.864839699973772, 0.0 ], [ 110.993619307393999, -6.864737450341265, 0.0 ], [ 110.993501623065299, -6.864672300989911, 0.0 ], [ 110.993225239216997, -6.864520802920931, 0.0 ], [ 110.993128750671005, -6.864458999235632, 0.0 ], [ 110.993123317369907, -6.864459062876542, 0.0 ], [ 110.992997737855603, -6.864407981741437, 0.0 ], [ 110.992992230130596, -6.864408055488664, 0.0 ], [ 110.992869393026595, -6.864328333320891, 0.0 ], [ 110.992818854417393, -6.864253453405325, 0.0 ], [ 110.992818915605199, -6.864251111615641, 0.0 ], [ 110.992805421292502, -6.864164563367087, 0.0 ], [ 110.992801731690193, -6.864152219328206, 0.0 ], [ 110.992777782147598, -6.864011233273635, 0.0 ], [ 110.992773819294698, -6.863997806721818, 0.0 ], [ 110.992751888200601, -6.863839289723644, 0.0 ], [ 110.992749388862805, -6.863621116287666, 0.0 ], [ 110.992746188120407, -6.86344713780987, 0.0 ], [ 110.992734839218798, -6.863344012254954, 0.0 ], [ 110.992730782212902, -6.86333251255176, 0.0 ], [ 110.992701475162903, -6.863247208705362, 0.0 ], [ 110.992638330625994, -6.863193718419831, 0.0 ], [ 110.992628301498101, -6.863191399206115, 0.0 ], [ 110.992624347729901, -6.863191477445543, 0.0 ], [ 110.992489303206099, -6.863150090102682, 0.0 ], [ 110.992225049879906, -6.86313063858248, 0.0 ], [ 110.991982442266803, -6.863098529510516, 0.0 ], [ 110.991747212108905, -6.863070184258945, 0.0 ], [ 110.991668919184605, -6.863051211451704, 0.0 ] ] ] } },
{ "type": "Feature", "properties": { "NAME": "Rogomulyo", "OBJ_ID": "SC52", "VILLAGE": "Talun", "CC_4": "3318020015", "SUB_DIST": "Kayen", "DISTRICT": "Pati", "TYPE": "Secondary" }, "geometry": { "type": "MultiLineString", "coordinates": [ [ [ 110.988472111901501, -6.859412779455116, 0.0 ], [ 110.988272802764797, -6.859467159909438, 0.0 ], [ 110.987977000793606, -6.859551994865073, 0.0 ], [ 110.9877420718732, -6.859585464384146, 0.0 ], [ 110.9875493034356, -6.859654196499216, 0.0 ], [ 110.987363943771598, -6.859686723845357, 0.0 ], [ 110.987258689284999, -6.859686502606247, 0.0 ], [ 110.987111653328, -6.859587644741739, 0.0 ], [ 110.987014601858903, -6.859525804820092, 0.0 ], [ 110.986825887738206, -6.859439115864241, 0.0 ], [ 110.986822970272598, -6.859435871724899, 0.0 ], [ 110.986624651440295, -6.859334673794682, 0.0 ], [ 110.986612458064201, -6.859331292348236, 0.0 ], [ 110.986597135090193, -6.859324502950073, 0.0 ], [ 110.986422109653503, -6.859287534627826, 0.0 ], [ 110.986397666988793, -6.859287583357609, 0.0 ], [ 110.9859317861861, -6.859211517199799, 0.0 ], [ 110.985537573145095, -6.859144724441196, 0.0 ], [ 110.9853548365584, -6.859126779295718, 0.0 ], [ 110.985136238788996, -6.859089134377707, 0.0 ], [ 110.985019560378902, -6.859038023517328, 0.0 ], [ 110.984927375330102, -6.858992442580481, 0.0 ], [ 110.984828304394895, -6.858914586472244, 0.0 ], [ 110.984776801786893, -6.8588987774271, 0.0 ], [ 110.984672302342702, -6.858917885796282, 0.0 ], [ 110.984656856711098, -6.858911523424108, 0.0 ], [ 110.984519585693704, -6.858834026553168, 0.0 ], [ 110.9844304378163, -6.858757565522305, 0.0 ], [ 110.984429437277001, -6.858750812671352, 0.0 ], [ 110.984367367725795, -6.858665027547675, 0.0 ], [ 110.984347024695893, -6.858555022614088, 0.0 ], [ 110.984346468597906, -6.858551420509491, 0.0 ], [ 110.984341081431893, -6.858536967612796, 0.0 ], [ 110.984310652618007, -6.858403501394094, 0.0 ], [ 110.984309444202395, -6.858395884327577, 0.0 ], [ 110.984322154146994, -6.858223669312559, 0.0 ], [ 110.984342448363805, -6.858019193618525, 0.0 ], [ 110.984370754544003, -6.857823521022393, 0.0 ], [ 110.984366528044305, -6.857598703928103, 0.0 ], [ 110.984341005038303, -6.857459835723299, 0.0 ], [ 110.9843328528071, -6.857454715153327, 0.0 ], [ 110.984310349750004, -6.857398471341441, 0.0 ], [ 110.984228402250196, -6.857215541041378, 0.0 ], [ 110.9840985594995, -6.857016758147363, 0.0 ], [ 110.983974759442702, -6.856939318553063, 0.0 ], [ 110.983964377940197, -6.856929087859601, 0.0 ], [ 110.983957857798103, -6.856925701108612, 0.0 ], [ 110.983768399249101, -6.856849307108907, 0.0 ], [ 110.983456670360397, -6.856719967841511, 0.0 ], [ 110.9831221743312, -6.856615373693373, 0.0 ], [ 110.982901448785995, -6.856563613780225, 0.0 ], [ 110.982882384704197, -6.856551979259773, 0.0 ], [ 110.982731095260604, -6.856504316655151, 0.0 ], [ 110.9827168962196, -6.856501286665055, 0.0 ], [ 110.982714133458302, -6.856498298194925, 0.0 ], [ 110.982623001296901, -6.856465062197808, 0.0 ], [ 110.982611556156797, -6.856458989834429, 0.0 ], [ 110.982591414058007, -6.856452893791604, 0.0 ], [ 110.982571225725806, -6.856446783774644, 0.0 ], [ 110.982545196587495, -6.856440660805571, 0.0 ], [ 110.9821871346346, -6.856321649648451, 0.0 ], [ 110.982178044736102, -6.856318452447326, 0.0 ], [ 110.982153663362197, -6.856308793250789, 0.0 ], [ 110.982138117081107, -6.856299101153463, 0.0 ], [ 110.981928804171702, -6.856204302412642, 0.0 ], [ 110.981919362214398, -6.856200955943743, 0.0 ], [ 110.981894381493007, -6.856194238696122, 0.0 ], [ 110.981668664963905, -6.856143795226171, 0.0 ], [ 110.9816498082847, -6.856140405946784, 0.0 ], [ 110.981630495203007, -6.856133717921988, 0.0 ], [ 110.981403254415497, -6.856099312622562, 0.0 ], [ 110.9813970599116, -6.856099276066375, 0.0 ], [ 110.981375376653602, -6.856099147792561, 0.0 ], [ 110.981356799008907, -6.856099049829679, 0.0 ], [ 110.981254557167503, -6.856098504764257, 0.0 ], [ 110.980418872399895, -6.855843418873715, 0.0 ], [ 110.980033173918898, -6.855716166412986, 0.0 ], [ 110.979599061235703, -6.855558561712258, 0.0 ], [ 110.979586248554696, -6.855552114580304, 0.0 ], [ 110.979569453483293, -6.855539168230566, 0.0 ], [ 110.979560057322004, -6.855535958685101, 0.0 ], [ 110.979277069116804, -6.855413822140402, 0.0 ], [ 110.9792709891979, -6.855413832222188, 0.0 ], [ 110.979257470030007, -6.855407075147368, 0.0 ], [ 110.979243906946706, -6.855400288518545, 0.0 ], [ 110.9792143153865, -6.855390066914119, 0.0 ], [ 110.979196867603306, -6.855379806231809, 0.0 ], [ 110.979005493789003, -6.85527154664046, 0.0 ], [ 110.978895089936302, -6.855178432432309, 0.0 ], [ 110.978575467650302, -6.854956585368592, 0.0 ], [ 110.978440704966502, -6.854854018691725, 0.0 ], [ 110.978426762645398, -6.85484138729803, 0.0 ], [ 110.978412939786196, -6.8548255392994, 0.0 ], [ 110.978237656430693, -6.854738383752404, 0.0 ], [ 110.978234738756797, -6.854735097592784, 0.0 ], [ 110.978222950853507, -6.85472521311863, 0.0 ], [ 110.978210970906105, -6.854721885341714, 0.0 ], [ 110.978059966419394, -6.854675053028083, 0.0 ], [ 110.978050822700396, -6.854671687541352, 0.0 ], [ 110.978035550962403, -6.85466496222031, 0.0 ], [ 110.977995590391302, -6.854641307626908, 0.0 ], [ 110.977971044435094, -6.854637907646994, 0.0 ], [ 110.977853887996801, -6.854617432121621, 0.0 ], [ 110.977832374962603, -6.854617428643436, 0.0 ], [ 110.977798572729597, -6.854617422831875, 0.0 ], [ 110.977777061965199, -6.854617419301061, 0.0 ], [ 110.977567951894201, -6.854579769654054, 0.0 ], [ 110.977561147128199, -6.854572821528571, 0.0 ], [ 110.977320882584905, -6.854506976054324, 0.0 ], [ 110.977314610228007, -6.854506952261572, 0.0 ], [ 110.977301072498307, -6.854499705530395, 0.0 ], [ 110.977265233191901, -6.854489165698611, 0.0 ], [ 110.977242268059896, -6.854482042081352, 0.0 ], [ 110.977222832163093, -6.854478363667234, 0.0 ], [ 110.976858324921693, -6.854359815149527, 0.0 ], [ 110.976744081057006, -6.854337155026283, 0.0 ], [ 110.976564551882404, -6.854279928641708, 0.0 ], [ 110.976463278720203, -6.854283438022147, 0.0 ], [ 110.976327795860897, -6.854290723045259, 0.0 ], [ 110.976318719420703, -6.854290675366275, 0.0 ], [ 110.976189219552893, -6.854306731678442, 0.0 ], [ 110.975957214870704, -6.8542932006644, 0.0 ], [ 110.975935936562394, -6.85429321230669, 0.0 ], [ 110.975706947455294, -6.854253715835206, 0.0 ], [ 110.975695055353995, -6.854246999097, 0.0 ], [ 110.9756827833899, -6.854247107285532, 0.0 ], [ 110.975420056674196, -6.854137714533897, 0.0 ], [ 110.975413824343505, -6.854137690175674, 0.0 ], [ 110.975156042781293, -6.854000516084453, 0.0 ], [ 110.975146166939794, -6.853993074225906, 0.0 ], [ 110.9749066949786, -6.853832599361853, 0.0 ], [ 110.974896571877693, -6.853828783796117, 0.0 ], [ 110.974882839122301, -6.853821069312404, 0.0 ], [ 110.974858898519201, -6.853809498533257, 0.0 ], [ 110.974781692311296, -6.853758561520995, 0.0 ], [ 110.974770977391003, -6.853750635119747, 0.0 ], [ 110.974597936973495, -6.85358325305729, 0.0 ], [ 110.974200501090394, -6.853273290950552, 0.0 ], [ 110.973964405558306, -6.853199638850041, 0.0 ], [ 110.973953776108601, -6.853199931723736, 0.0 ], [ 110.973788673547702, -6.853186367254901, 0.0 ], [ 110.973574104660102, -6.853153963623287, 0.0 ], [ 110.973288238116396, -6.853127817598999, 0.0 ], [ 110.973264464231505, -6.853120750935672, 0.0 ], [ 110.972905443125299, -6.853028622712515, 0.0 ], [ 110.972673866275699, -6.852949174918827, 0.0 ], [ 110.972507956465904, -6.852822365355278, 0.0 ] ] ] } },
{ "type": "Feature", "properties": { "NAME": "Rogomulyo", "OBJ_ID": "SC53", "VILLAGE": "Boloagung", "CC_4": "3318020016", "SUB_DIST": "Kayen", "DISTRICT": "Pati", "TYPE": "Secondary" }, "geometry": { "type": "MultiLineString", "coordinates": [ [ [ 110.991657756690302, -6.86304778918528, 0.0 ], [ 110.991518398062496, -6.863029248925539, 0.0 ], [ 110.991282086889996, -6.863004195968196, 0.0 ], [ 110.991028384345199, -6.862972779859557, 0.0 ], [ 110.990679189278495, -6.862921477952423, 0.0 ], [ 110.990454648675396, -6.862884501317761, 0.0 ], [ 110.990452309620693, -6.862884507087272, 0.0 ], [ 110.990396309283994, -6.86285675101472, 0.0 ], [ 110.990330259211603, -6.862771614285302, 0.0 ], [ 110.990329588787205, -6.862768968306474, 0.0 ], [ 110.990291879602395, -6.86269655063829, 0.0 ], [ 110.990288340297298, -6.862682821160723, 0.0 ], [ 110.990265995679394, -6.862575828948667, 0.0 ], [ 110.990269354913096, -6.862549603414669, 0.0 ], [ 110.990278099384597, -6.86236680305896, 0.0 ], [ 110.990319637942406, -6.86211578039545, 0.0 ], [ 110.9903838908739, -6.861574048840231, 0.0 ], [ 110.990410813627705, -6.861388853971074, 0.0 ], [ 110.990410808339306, -6.861372470684326, 0.0 ], [ 110.990410747904704, -6.861185901787258, 0.0 ], [ 110.990410742056497, -6.861167804557526, 0.0 ], [ 110.990415707158505, -6.861155529287947, 0.0 ], [ 110.990428939702795, -6.860934131460854, 0.0 ], [ 110.990429002960894, -6.860917086604241, 0.0 ], [ 110.990429028378898, -6.86091023288839, 0.0 ], [ 110.990463751979306, -6.860606416063145, 0.0 ], [ 110.990464359912906, -6.860547961569275, 0.0 ], [ 110.990481489582294, -6.860399766131431, 0.0 ], [ 110.990465570174905, -6.860289281366286, 0.0 ], [ 110.990467760825098, -6.860271745173111, 0.0 ], [ 110.990461705795099, -6.860173962010879, 0.0 ], [ 110.990404103063796, -6.860081125746288, 0.0 ], [ 110.990281900976299, -6.859980657844079, 0.0 ], [ 110.990277220172402, -6.859978064305873, 0.0 ], [ 110.990267720974401, -6.859970269373783, 0.0 ], [ 110.990260478758003, -6.85996244653743, 0.0 ], [ 110.990131215186693, -6.859865696597372, 0.0 ], [ 110.990126292520301, -6.859862936679168, 0.0 ], [ 110.989992558183999, -6.859737930414338, 0.0 ], [ 110.989883725966607, -6.859611392786228, 0.0 ], [ 110.989802650106995, -6.859566223043092, 0.0 ], [ 110.989794270250101, -6.8595601790603, 0.0 ], [ 110.9897484088673, -6.859523139415745, 0.0 ], [ 110.989655820895393, -6.859445070256466, 0.0 ], [ 110.989534016443599, -6.859424629778341, 0.0 ], [ 110.989527732708396, -6.8594229451823, 0.0 ], [ 110.989286941762302, -6.859387011147647, 0.0 ], [ 110.989114440053001, -6.859353659066796, 0.0 ], [ 110.988905339343901, -6.859321546802516, 0.0 ], [ 110.988894888421498, -6.859314329227065, 0.0 ], [ 110.988853409573295, -6.859307082814155, 0.0 ], [ 110.988753277334396, -6.859326946885562, 0.0 ], [ 110.988631541626802, -6.859353750769229, 0.0 ], [ 110.988628158883301, -6.859353759528312, 0.0 ], [ 110.988514392329094, -6.859395591087925, 0.0 ], [ 110.988474810596998, -6.859409126337929, 0.0 ] ] ] } },
{ "type": "Feature", "properties": { "NAME": "Sambirejo", "OBJ_ID": "SC54", "VILLAGE": "Kosekan", "CC_4": "3318110024", "SUB_DIST": "Gabus", "DISTRICT": "Pati", "TYPE": "Secondary" }, "geometry": { "type": "MultiLineString", "coordinates": [ [ [ 111.020398985326807, -6.80677378757719, 0.0 ], [ 111.020411489229502, -6.806711206291991, 0.0 ], [ 111.020420950102107, -6.80659106040265, 0.0 ], [ 111.020422453136405, -6.806587588222516, 0.0 ], [ 111.020458967973198, -6.806406146523003, 0.0 ], [ 111.020458821378597, -6.806400114323616, 0.0 ], [ 111.020466847563895, -6.806281090858502, 0.0 ], [ 111.020466585980699, -6.806268087850562, 0.0 ], [ 111.020466498392693, -6.806263729417291, 0.0 ], [ 111.020481681358504, -6.806180775103882, 0.0 ], [ 111.020481471432504, -6.806166837811498, 0.0 ], [ 111.020480503419606, -6.806102573632046, 0.0 ] ] ] } },
{ "type": "Feature", "properties": { "NAME": "Sambirejo", "OBJ_ID": "SC55", "VILLAGE": "Pantirejo", "CC_4": "3318110014", "SUB_DIST": "Gabus", "DISTRICT": "Pati", "TYPE": "Secondary" }, "geometry": { "type": "MultiLineString", "coordinates": [ [ [ 111.018995242104197, -6.821310210087073, 0.0 ], [ 111.0190736049328, -6.821130497155047, 0.0 ], [ 111.019152088993295, -6.820939848978725, 0.0 ], [ 111.019155780439604, -6.82093565263475, 0.0 ], [ 111.019215731499102, -6.820800335976831, 0.0 ], [ 111.019260983769996, -6.820671031232597, 0.0 ], [ 111.0193323110677, -6.820508995056874, 0.0 ], [ 111.0193972894794, -6.820349458814087, 0.0 ], [ 111.019424813768595, -6.820249729877289, 0.0 ], [ 111.019425185097305, -6.820241606240728, 0.0 ], [ 111.019425558310601, -6.820233438455299, 0.0 ], [ 111.019429804178998, -6.820140563468112, 0.0 ], [ 111.019436967659004, -6.820062581978246, 0.0 ], [ 111.019440896015197, -6.819978285952493, 0.0 ], [ 111.019422118326304, -6.819891894445755, 0.0 ], [ 111.019372700951294, -6.819757020406662, 0.0 ], [ 111.019313921040606, -6.819626903537076, 0.0 ], [ 111.019247167593903, -6.819498577731464, 0.0 ], [ 111.019194216106499, -6.819338295864771, 0.0 ], [ 111.019190705794898, -6.81932913192826, 0.0 ], [ 111.019128126456806, -6.81920504778873, 0.0 ], [ 111.019073504495694, -6.819123669860575, 0.0 ], [ 111.019069065742002, -6.819041741698239, 0.0 ], [ 111.019029685866997, -6.818941196225502, 0.0 ], [ 111.019028410933004, -6.818937877552409, 0.0 ], [ 111.018987680988005, -6.818850377335843, 0.0 ], [ 111.018980156931804, -6.81884327906273, 0.0 ], [ 111.018923002274505, -6.81866544319919, 0.0 ], [ 111.018877450921906, -6.81857646840453, 0.0 ], [ 111.018877586309102, -6.818570062166176, 0.0 ], [ 111.018822032631803, -6.818446321777659, 0.0 ], [ 111.018816593257995, -6.818439328373214, 0.0 ], [ 111.018771822195603, -6.818349271179259, 0.0 ], [ 111.018769550195202, -6.818317287884361, 0.0 ], [ 111.018779655739394, -6.818123235231967, 0.0 ], [ 111.018810993472599, -6.817862929490926, 0.0 ], [ 111.018814855638396, -6.817855676603151, 0.0 ], [ 111.018862318486498, -6.817627014943522, 0.0 ], [ 111.018862321098396, -6.817614223567835, 0.0 ], [ 111.018866535810602, -6.817593170094843, 0.0 ], [ 111.018910009365698, -6.817326717251567, 0.0 ], [ 111.018910109110806, -6.817320640139984, 0.0 ], [ 111.018910403564504, -6.817302321356969, 0.0 ], [ 111.018926581401402, -6.817137801838393, 0.0 ], [ 111.018952386699297, -6.817025586099254, 0.0 ], [ 111.019013807247703, -6.816463224405673, 0.0 ], [ 111.019054158818903, -6.816165644986548, 0.0 ], [ 111.019058788554005, -6.816144886048352, 0.0 ], [ 111.019058973654296, -6.816132763775452, 0.0 ], [ 111.019082610692607, -6.815942009394006, 0.0 ], [ 111.019089872470502, -6.815931511491428, 0.0 ], [ 111.019089943794199, -6.81592816410466, 0.0 ], [ 111.019090302191302, -6.815911343638279, 0.0 ], [ 111.019100750935294, -6.815760859569767, 0.0 ], [ 111.019144996494603, -6.815492917740894, 0.0 ], [ 111.019146639676904, -6.815486402896538, 0.0 ], [ 111.019159610864193, -6.815247956297679, 0.0 ], [ 111.019161493967502, -6.815242859221311, 0.0 ], [ 111.019165178126599, -6.815230281019708, 0.0 ], [ 111.019182205815696, -6.815101740275394, 0.0 ], [ 111.019183985113401, -6.815088320543, 0.0 ], [ 111.019183717021306, -6.815077628547279, 0.0 ], [ 111.0191896226642, -6.814881695099625, 0.0 ], [ 111.019189332732694, -6.814869967169689, 0.0 ], [ 111.019198967128403, -6.814683597818906, 0.0 ], [ 111.019198900894395, -6.814680355479309, 0.0 ], [ 111.019186874041196, -6.81451349172999, 0.0 ], [ 111.019182607690098, -6.814405952407528, 0.0 ], [ 111.019200747491197, -6.814284024328197, 0.0 ], [ 111.019235764705201, -6.814121152962143, 0.0 ], [ 111.019301952088199, -6.813987460826693, 0.0 ], [ 111.019359925963599, -6.813863353614305, 0.0 ], [ 111.019396123558096, -6.813606282648801, 0.0 ], [ 111.019401961604004, -6.813495087858676, 0.0 ], [ 111.019401761402406, -6.813483121923416, 0.0 ], [ 111.019401391754798, -6.813461403661034, 0.0 ], [ 111.0194011844372, -6.813449222577476, 0.0 ], [ 111.019415939170699, -6.813278766210258, 0.0 ], [ 111.019415792180794, -6.813265193636553, 0.0 ], [ 111.019415312388404, -6.813224039930012, 0.0 ], [ 111.019437805980004, -6.813002751215624, 0.0 ], [ 111.019440017974702, -6.812987002545166, 0.0 ], [ 111.019439984746796, -6.812980753408365, 0.0 ], [ 111.019465468754802, -6.8128525876467, 0.0 ], [ 111.019465477082505, -6.812835924531184, 0.0 ], [ 111.019485074202393, -6.812721173048216, 0.0 ], [ 111.019500267220593, -6.812655665245525, 0.0 ], [ 111.019503183726002, -6.812590015675767, 0.0 ], [ 111.019522428654398, -6.812501371423901, 0.0 ], [ 111.019555100854504, -6.812344150496332, 0.0 ], [ 111.019555157246899, -6.812330270456821, 0.0 ], [ 111.019597019391298, -6.812159267419383, 0.0 ], [ 111.019592418921306, -6.812004494287526, 0.0 ], [ 111.019616150283895, -6.811737708128785, 0.0 ], [ 111.019617468229796, -6.811651251988131, 0.0 ], [ 111.019652547124494, -6.811264498115125, 0.0 ], [ 111.019682742969906, -6.81107549812293, 0.0 ], [ 111.019683135545094, -6.811057332722662, 0.0 ], [ 111.019730158524297, -6.810635856791086, 0.0 ], [ 111.019749390120197, -6.810400365042958, 0.0 ], [ 111.019745026382694, -6.810391144105378, 0.0 ], [ 111.019745247558106, -6.810384644053507, 0.0 ], [ 111.019745692157798, -6.810371581935247, 0.0 ], [ 111.019760275131404, -6.810228423858487, 0.0 ], [ 111.019761676997106, -6.810189571614034, 0.0 ], [ 111.0197858875691, -6.810039403352095, 0.0 ], [ 111.019805353777201, -6.809949524093238, 0.0 ], [ 111.019841630972195, -6.80981901746835, 0.0 ], [ 111.019872357805497, -6.809693174520772, 0.0 ], [ 111.019872631421194, -6.809687815504044, 0.0 ], [ 111.019917144340397, -6.809550387304919, 0.0 ], [ 111.019919889376595, -6.809541497203203, 0.0 ], [ 111.019925049810297, -6.809529433316722, 0.0 ], [ 111.019930427936899, -6.809514365592475, 0.0 ], [ 111.019976720581298, -6.809333045059888, 0.0 ], [ 111.020041238532997, -6.809067706722868, 0.0 ], [ 111.020154661491304, -6.808677836550181, 0.0 ], [ 111.020154615993903, -6.808669788267793, 0.0 ], [ 111.020220858369896, -6.808454806381598, 0.0 ], [ 111.020214456737605, -6.808390642557378, 0.0 ], [ 111.020262176496402, -6.808179828140557, 0.0 ], [ 111.020262349607606, -6.80816108293902, 0.0 ], [ 111.020281014483899, -6.808038909402493, 0.0 ], [ 111.020281151342203, -6.80802902534932, 0.0 ], [ 111.020281426382795, -6.808009162573481, 0.0 ], [ 111.020282147963499, -6.807949373836715, 0.0 ], [ 111.020324852507201, -6.80757654297649, 0.0 ], [ 111.020359273647898, -6.80734135875767, 0.0 ], [ 111.020390514444401, -6.807066704992547, 0.0 ], [ 111.020379167585105, -6.806868908601939, 0.0 ], [ 111.020397968363497, -6.806775530765679, 0.0 ] ] ] } },
{ "type": "Feature", "properties": { "NAME": "Sambirejo", "OBJ_ID": "SC56", "VILLAGE": "Tlogoayu", "CC_4": "3318110003", "SUB_DIST": "Gabus", "DISTRICT": "Pati", "TYPE": "Secondary" }, "geometry": { "type": "MultiLineString", "coordinates": [ [ [ 111.020269193031197, -6.828930047020596, 0.0 ], [ 111.020133468100099, -6.828877713844152, 0.0 ], [ 111.019931909166601, -6.828835059242767, 0.0 ], [ 111.0199242558121, -6.828832697298973, 0.0 ], [ 111.019918549531198, -6.828832737469292, 0.0 ], [ 111.019653191791804, -6.828817105198263, 0.0 ], [ 111.019649368264993, -6.828817083117616, 0.0 ], [ 111.019514319339706, -6.828793558029087, 0.0 ], [ 111.019506661888897, -6.828793618103033, 0.0 ], [ 111.019498320522402, -6.828788982384461, 0.0 ], [ 111.019439613822996, -6.828770378759669, 0.0 ], [ 111.018934250646694, -6.828672889503641, 0.0 ], [ 111.018927530403701, -6.828668813826582, 0.0 ], [ 111.018657708778903, -6.828613087107588, 0.0 ], [ 111.018466460822495, -6.828579064559543, 0.0 ], [ 111.018459097658294, -6.828579216700023, 0.0 ], [ 111.018262979788304, -6.828549174607004, 0.0 ], [ 111.018247418447999, -6.828542579970155, 0.0 ], [ 111.018237881058695, -6.828540411472782, 0.0 ], [ 111.018043422725697, -6.828501740306602, 0.0 ], [ 111.017750910029704, -6.828446000646457, 0.0 ], [ 111.017687567468499, -6.828413330411653, 0.0 ], [ 111.017681901612093, -6.828410959542714, 0.0 ], [ 111.017619015842897, -6.828380056168442, 0.0 ], [ 111.017617103154805, -6.82837530420544, 0.0 ], [ 111.017578110090199, -6.828331715251667, 0.0 ], [ 111.017572187694299, -6.828326768654604, 0.0 ], [ 111.017560218484405, -6.828311858475608, 0.0 ], [ 111.017501091417998, -6.828244510589851, 0.0 ], [ 111.017496835678998, -6.82823685427271, 0.0 ], [ 111.017419120716397, -6.828136412224358, 0.0 ], [ 111.017410036507101, -6.828122428822526, 0.0 ], [ 111.0174033370713, -6.82811421281085, 0.0 ], [ 111.017325158842695, -6.828016295589698, 0.0 ], [ 111.017219092766297, -6.827899363624372, 0.0 ], [ 111.017150726193293, -6.827822188912492, 0.0 ], [ 111.017089364717506, -6.82772235647878, 0.0 ], [ 111.017046525363, -6.82758060071771, 0.0 ], [ 111.017046423179707, -6.827576141455336, 0.0 ], [ 111.017039991812595, -6.8274653374651, 0.0 ], [ 111.017091450773904, -6.827330527546647, 0.0 ], [ 111.017119721093707, -6.827180250468445, 0.0 ], [ 111.017123940149602, -6.827171923852204, 0.0 ], [ 111.017128188627296, -6.827158021401486, 0.0 ], [ 111.017169995179898, -6.827036192182683, 0.0 ], [ 111.017200747947797, -6.826919802456709, 0.0 ], [ 111.017229851804302, -6.826751885715951, 0.0 ], [ 111.017280475836202, -6.826575737258649, 0.0 ], [ 111.017280486553901, -6.826562866371049, 0.0 ], [ 111.017280493763394, -6.826554228210527, 0.0 ], [ 111.017288351134496, -6.826414180491018, 0.0 ], [ 111.017209179183595, -6.826319653542525, 0.0 ], [ 111.017159708556804, -6.826261179923624, 0.0 ], [ 111.017088063499799, -6.826201825681529, 0.0 ], [ 111.017077454895897, -6.826196142620792, 0.0 ], [ 111.016996057523997, -6.826131088593593, 0.0 ], [ 111.016982754526893, -6.826122481170732, 0.0 ], [ 111.016980399863399, -6.826119571847067, 0.0 ], [ 111.016948584454497, -6.826072443467492, 0.0 ], [ 111.016948306290899, -6.826069484393457, 0.0 ], [ 111.016938295736296, -6.826029162595238, 0.0 ], [ 111.016902029864099, -6.825945202534266, 0.0 ], [ 111.016927264559797, -6.825855696627654, 0.0 ], [ 111.0169469693449, -6.825820803644173, 0.0 ], [ 111.016981572362795, -6.825743444919005, 0.0 ], [ 111.017041892244507, -6.825610368297504, 0.0 ], [ 111.017185139602503, -6.825307990189661, 0.0 ], [ 111.017289865906093, -6.825084071722832, 0.0 ], [ 111.017406509001503, -6.824837860381895, 0.0 ], [ 111.017608535344905, -6.824365232352702, 0.0 ], [ 111.017793278374796, -6.823972338881414, 0.0 ], [ 111.017895820304702, -6.823723294508003, 0.0 ], [ 111.018263069114496, -6.822968410566319, 0.0 ], [ 111.018439224161497, -6.822505810756906, 0.0 ], [ 111.018535255917698, -6.822324752850069, 0.0 ], [ 111.018719090115098, -6.8219027047632, 0.0 ], [ 111.018856477704603, -6.821604870979422, 0.0 ], [ 111.018945475437704, -6.821418098937452, 0.0 ], [ 111.018995275365796, -6.821319818407479, 0.0 ] ] ] } },
{ "type": "Feature", "properties": { "NAME": "Sambirejo", "OBJ_ID": "SC57", "VILLAGE": "Pantirejo", "CC_4": "3318110014", "SUB_DIST": "Gabus", "DISTRICT": "Pati", "TYPE": "Secondary" }, "geometry": { "type": "MultiLineString", "coordinates": [ [ [ 111.018771968776605, -6.818215211281166, 0.0 ], [ 111.018621492667094, -6.818192507316949, 0.0 ], [ 111.018177564766702, -6.818126237580229, 0.0 ], [ 111.017511101636401, -6.818042957884622, 0.0 ], [ 111.016701553201301, -6.817935069740892, 0.0 ], [ 111.016337252472894, -6.817895492242362, 0.0 ] ] ] } },
{ "type": "Feature", "properties": { "NAME": "Sedudo", "OBJ_ID": "SC58", "VILLAGE": "Tlogoayu", "CC_4": "3318110003", "SUB_DIST": "Gabus", "DISTRICT": "Pati", "TYPE": "Secondary" }, "geometry": { "type": "MultiLineString", "coordinates": [ [ [ 111.016333088600604, -6.817896647532973, 0.0 ], [ 111.016230744085405, -6.817909543608291, 0.0 ], [ 111.016225617301998, -6.817909551697055, 0.0 ], [ 111.0158677577368, -6.817937813934205, 0.0 ], [ 111.015697837319806, -6.817964547885717, 0.0 ], [ 111.015423792746901, -6.817991459425232, 0.0 ], [ 111.0150541113846, -6.818077416981581, 0.0 ], [ 111.014772455622406, -6.81808405626185, 0.0 ], [ 111.014431142752798, -6.818094022354314, 0.0 ], [ 111.014420581704101, -6.818093907121233, 0.0 ], [ 111.014321026632302, -6.818093882264673, 0.0 ], [ 111.014035917494695, -6.818087104431281, 0.0 ], [ 111.013822206275094, -6.818088897952065, 0.0 ], [ 111.013397413231004, -6.818025962784451, 0.0 ], [ 111.013162095196293, -6.817991474180765, 0.0 ], [ 111.0129526919863, -6.817984657608358, 0.0 ], [ 111.012842783983103, -6.817970195814484, 0.0 ], [ 111.012601115249893, -6.817933707297236, 0.0 ], [ 111.012461716669705, -6.817915916406768, 0.0 ], [ 111.012342521605802, -6.817913763634025, 0.0 ], [ 111.0122429237788, -6.817951317968413, 0.0 ], [ 111.012020871739907, -6.818109681206422, 0.0 ], [ 111.011899818067107, -6.818226746043341, 0.0 ], [ 111.011767945296498, -6.818265173435346, 0.0 ], [ 111.011505578920506, -6.818247072006908, 0.0 ], [ 111.011270807301401, -6.818249493869852, 0.0 ], [ 111.010739698776007, -6.818215036466864, 0.0 ], [ 111.010591895497001, -6.81820467043145, 0.0 ], [ 111.010407229378004, -6.818191737415606, 0.0 ], [ 111.0103970364041, -6.818191941505809, 0.0 ], [ 111.010368180470905, -6.818192519323556, 0.0 ], [ 111.010354825326104, -6.818168638685957, 0.0 ] ] ] } },
{ "type": "Feature", "properties": { "NAME": "Talun", "OBJ_ID": "SC59", "VILLAGE": "Pesagi", "CC_4": "3318020013", "SUB_DIST": "Kayen", "DISTRICT": "Pati", "TYPE": "Secondary" }, "geometry": { "type": "MultiLineString", "coordinates": [ [ [ 110.987335056435199, -6.873510071806931, 0.0 ], [ 110.98728177804, -6.873508779862925, 0.0 ], [ 110.987189916431504, -6.873510962280202, 0.0 ], [ 110.987073332449896, -6.873501434952039, 0.0 ], [ 110.986954207898506, -6.873485164341333, 0.0 ], [ 110.986696101698897, -6.873484200864465, 0.0 ], [ 110.986524883810901, -6.873481331477479, 0.0 ], [ 110.986420194227506, -6.873456440916268, 0.0 ], [ 110.986212494895895, -6.87343169876201, 0.0 ], [ 110.985859835044593, -6.873359920994196, 0.0 ], [ 110.985649939229106, -6.873329739063329, 0.0 ], [ 110.985643754895307, -6.873329726857794, 0.0 ], [ 110.985430790836503, -6.873304310545449, 0.0 ], [ 110.985246173901004, -6.873266375383579, 0.0 ], [ 110.985176040979596, -6.873275045576976, 0.0 ], [ 110.985114393819799, -6.873300874338621, 0.0 ], [ 110.985059594029906, -6.873357342101924, 0.0 ], [ 110.985043635857707, -6.873425556916403, 0.0 ], [ 110.985025473691707, -6.873546135809817, 0.0 ], [ 110.985025248442398, -6.87354902845788, 0.0 ], [ 110.985024688029597, -6.873556225752978, 0.0 ], [ 110.985024241835205, -6.873561949378093, 0.0 ], [ 110.984980797870904, -6.873688874920204, 0.0 ], [ 110.984964254281493, -6.873746656590723, 0.0 ], [ 110.984945827533707, -6.873815834684205, 0.0 ], [ 110.984923477080898, -6.87385819737957, 0.0 ], [ 110.984883379070098, -6.873892665349849, 0.0 ], [ 110.984810029270406, -6.873901039296121, 0.0 ], [ 110.984807062597497, -6.873901046304136, 0.0 ], [ 110.984800141008094, -6.873901062629394, 0.0 ], [ 110.984793213192106, -6.873901051807933, 0.0 ], [ 110.984718739201199, -6.873898823386163, 0.0 ], [ 110.984621609511606, -6.873891432345675, 0.0 ], [ 110.984485765914002, -6.873868423108386, 0.0 ], [ 110.984386516776198, -6.873865449012739, 0.0 ], [ 110.984384332864494, -6.873864155201354, 0.0 ], [ 110.984378750487096, -6.873862893083496, 0.0 ], [ 110.984209793859904, -6.873837495267705, 0.0 ], [ 110.984208651342698, -6.873837491318772, 0.0 ], [ 110.984031077182195, -6.873834302066375, 0.0 ], [ 110.983960352243699, -6.873821331204238, 0.0 ], [ 110.983774749835604, -6.873792593475975, 0.0 ], [ 110.983587798202294, -6.873781061966013, 0.0 ], [ 110.983578149135894, -6.873781064537691, 0.0 ], [ 110.983508940078494, -6.873776829368661, 0.0 ], [ 110.983205178572106, -6.873722838056857, 0.0 ], [ 110.983052101433003, -6.873718181623982, 0.0 ], [ 110.982875633612196, -6.873695516126775, 0.0 ], [ 110.982869099903596, -6.873692250715656, 0.0 ], [ 110.982862877908403, -6.87369221855699, 0.0 ], [ 110.982814507246005, -6.873683719551826, 0.0 ], [ 110.982442705407294, -6.873639480528544, 0.0 ], [ 110.982336962827205, -6.87362223893773, 0.0 ], [ 110.982329444711297, -6.873622257269184, 0.0 ], [ 110.982194638345703, -6.873611030806473, 0.0 ], [ 110.982041961280402, -6.873594176990838, 0.0 ], [ 110.981829005221698, -6.873575340789644, 0.0 ], [ 110.981701666761793, -6.873558467947866, 0.0 ], [ 110.981555605241297, -6.873535268722855, 0.0 ], [ 110.981446085245693, -6.873516917328969, 0.0 ], [ 110.981345783483405, -6.873499221218814, 0.0 ], [ 110.9813402771901, -6.87349549395768, 0.0 ], [ 110.9812708677469, -6.873456391190718, 0.0 ], [ 110.981246101858801, -6.873426230837499, 0.0 ], [ 110.981232017862496, -6.873377182722979, 0.0 ], [ 110.981192075623298, -6.873215069543765, 0.0 ], [ 110.981170775210302, -6.873098565193311, 0.0 ], [ 110.981170986428296, -6.873094426716108, 0.0 ], [ 110.981156180352102, -6.873002976102559, 0.0 ], [ 110.981130703070704, -6.872875257216596, 0.0 ], [ 110.981118869934306, -6.872770173855912, 0.0 ], [ 110.981111795395407, -6.872714078166618, 0.0 ], [ 110.981116450212298, -6.87261865348802, 0.0 ], [ 110.981113402304302, -6.872562735409505, 0.0 ], [ 110.981113407478205, -6.872559130035494, 0.0 ], [ 110.981113418031796, -6.872551876708803, 0.0 ], [ 110.981138384904895, -6.872470767674828, 0.0 ], [ 110.981160954106997, -6.872381754209768, 0.0 ], [ 110.981163441211393, -6.872377292308118, 0.0 ], [ 110.981195417098405, -6.872293421038042, 0.0 ], [ 110.981198238616997, -6.872285323615857, 0.0 ], [ 110.981236020354103, -6.872209878431179, 0.0 ], [ 110.9812944611852, -6.872059995590893, 0.0 ], [ 110.981342084638001, -6.87192644195435, 0.0 ], [ 110.981402322321998, -6.871751295924003, 0.0 ], [ 110.981460048478496, -6.871578728760964, 0.0 ], [ 110.981496271127398, -6.871485366381905, 0.0 ], [ 110.981532831830094, -6.871403156910166, 0.0 ], [ 110.981550165772106, -6.87136338033409, 0.0 ], [ 110.981550510982999, -6.871360908595028, 0.0 ], [ 110.981569591329801, -6.871306940348338, 0.0 ], [ 110.981577063511594, -6.871206577934934, 0.0 ], [ 110.981577267732007, -6.871205134969215, 0.0 ], [ 110.981588264012402, -6.871119219049986, 0.0 ], [ 110.981588723888194, -6.871116044127347, 0.0 ], [ 110.981590804286895, -6.871031274488079, 0.0 ], [ 110.981599959506198, -6.870889875669354, 0.0 ], [ 110.981606627940394, -6.870812891155552, 0.0 ], [ 110.981615292144099, -6.870744504264746, 0.0 ], [ 110.981614019162706, -6.87073629536576, 0.0 ], [ 110.981615998638901, -6.870630414495402, 0.0 ], [ 110.981616345695699, -6.870627414262243, 0.0 ], [ 110.981624974350694, -6.870552821704734, 0.0 ], [ 110.981635397524599, -6.87042739614548, 0.0 ], [ 110.981649288335007, -6.870322349038092, 0.0 ], [ 110.981661864702403, -6.870222025725214, 0.0 ], [ 110.981681570886806, -6.870074915194402, 0.0 ], [ 110.981691263251705, -6.869958886049147, 0.0 ], [ 110.981692763882506, -6.869952458156108, 0.0 ], [ 110.981701875153206, -6.869836269845008, 0.0 ], [ 110.981702061561407, -6.869830804813779, 0.0 ], [ 110.981716116141996, -6.869752071012051, 0.0 ], [ 110.9817465238566, -6.869478747561869, 0.0 ], [ 110.981750948357899, -6.869406263459713, 0.0 ], [ 110.981751890155905, -6.869397931339049, 0.0 ], [ 110.981764456504095, -6.869309868920895, 0.0 ], [ 110.981761876803404, -6.869271284882529, 0.0 ] ] ] } },
{ "type": "Feature", "properties": { "NAME": "Talun", "OBJ_ID": "SC60", "VILLAGE": "Rogomulyo", "CC_4": "3318020014", "SUB_DIST": "Kayen", "DISTRICT": "Pati", "TYPE": "Secondary" }, "geometry": { "type": "MultiLineString", "coordinates": [ [ [ 110.994505477669804, -6.874770197336903, 0.0 ], [ 110.994361469808098, -6.87474843911799, 0.0 ], [ 110.994075356606302, -6.874704283738664, 0.0 ], [ 110.993925208544397, -6.8746902266563, 0.0 ], [ 110.993549993835401, -6.874621484838745, 0.0 ], [ 110.993403457790706, -6.87458923462379, 0.0 ], [ 110.993242230402601, -6.874571730191197, 0.0 ], [ 110.993190046496494, -6.874561586643885, 0.0 ], [ 110.993139416998403, -6.874551720591367, 0.0 ], [ 110.9931157482728, -6.874537481213048, 0.0 ], [ 110.993084659907396, -6.874477270687597, 0.0 ], [ 110.993043486118296, -6.874358239328289, 0.0 ], [ 110.993007661085599, -6.874263798695741, 0.0 ], [ 110.992981803925204, -6.874221633744147, 0.0 ], [ 110.992924816841906, -6.874181092557996, 0.0 ], [ 110.992797365240705, -6.87416162100289, 0.0 ], [ 110.992633488399093, -6.874138604363898, 0.0 ], [ 110.992503920146603, -6.874118891650834, 0.0 ], [ 110.992414430013298, -6.874118785921587, 0.0 ], [ 110.992241229769903, -6.874081029780749, 0.0 ], [ 110.992237930635, -6.87408101465236, 0.0 ], [ 110.992037956186294, -6.874057084748229, 0.0 ], [ 110.991876607531196, -6.874035985921969, 0.0 ], [ 110.991623631736303, -6.873994577962691, 0.0 ], [ 110.991321035848799, -6.873957798655272, 0.0 ], [ 110.991103824402103, -6.873931026138677, 0.0 ], [ 110.990872000252693, -6.873896834004277, 0.0 ], [ 110.990591530192503, -6.873859663187845, 0.0 ], [ 110.990343862734306, -6.87382000582409, 0.0 ], [ 110.990127459521801, -6.87379647368644, 0.0 ], [ 110.989921703523905, -6.873761384133797, 0.0 ], [ 110.989739511945899, -6.873739298062032, 0.0 ], [ 110.9894095910565, -6.873688032179475, 0.0 ], [ 110.989166468514298, -6.873655048873871, 0.0 ], [ 110.988840026669394, -6.873613486353037, 0.0 ], [ 110.988599332293404, -6.873587496529722, 0.0 ], [ 110.988535648846806, -6.873579453866293, 0.0 ], [ 110.988151476915405, -6.873563019276132, 0.0 ], [ 110.987922814484705, -6.873545416637544, 0.0 ], [ 110.987919276580499, -6.873545405446777, 0.0 ], [ 110.987677932911296, -6.873538241244299, 0.0 ], [ 110.987553800079496, -6.873523595644477, 0.0 ], [ 110.987425619143096, -6.873523783304167, 0.0 ], [ 110.987337668133605, -6.873510916566231, 0.0 ] ] ] } },
{ "type": "Feature", "properties": { "NAME": "Talun", "OBJ_ID": "SC61", "VILLAGE": "Talun", "CC_4": "3318020015", "SUB_DIST": "Kayen", "DISTRICT": "Pati", "TYPE": "Secondary" }, "geometry": { "type": "MultiLineString", "coordinates": [ [ [ 110.981762868406804, -6.869270236969213, 0.0 ], [ 110.981775019237503, -6.869193421528522, 0.0 ], [ 110.981779786856805, -6.869113399455512, 0.0 ], [ 110.981779880083494, -6.869111834766737, 0.0 ], [ 110.981784310134998, -6.869037500253666, 0.0 ], [ 110.981784710580399, -6.869030802228312, 0.0 ], [ 110.981782359022901, -6.869024065314125, 0.0 ], [ 110.981770398324599, -6.868963370612354, 0.0 ], [ 110.981769448167199, -6.868954458825504, 0.0 ], [ 110.981749571035195, -6.868889771457411, 0.0 ], [ 110.981748358581896, -6.868884075618841, 0.0 ], [ 110.981713205377602, -6.868783361385604, 0.0 ], [ 110.981615402272098, -6.86854124334368, 0.0 ], [ 110.981582687983305, -6.868414335161777, 0.0 ], [ 110.981581250832306, -6.868406626539826, 0.0 ], [ 110.981518843999297, -6.868254398307627, 0.0 ], [ 110.981500550867594, -6.868161517091541, 0.0 ], [ 110.981459362421106, -6.868052308310104, 0.0 ], [ 110.981455858461899, -6.868044266273323, 0.0 ], [ 110.981455609860205, -6.868040222565369, 0.0 ], [ 110.981427124819604, -6.867959596727809, 0.0 ], [ 110.981349482813499, -6.867712836343462, 0.0 ], [ 110.9813149027771, -6.8676162651625, 0.0 ], [ 110.981286898708504, -6.867516058547472, 0.0 ], [ 110.981281137447297, -6.867503680226021, 0.0 ], [ 110.981247792374006, -6.867411786523908, 0.0 ], [ 110.981243239725799, -6.867404500248104, 0.0 ], [ 110.981222118534504, -6.86734252278419, 0.0 ], [ 110.981217296667197, -6.867332882215536, 0.0 ], [ 110.981180211834698, -6.86721990291554, 0.0 ], [ 110.981165635375604, -6.867128614405466, 0.0 ], [ 110.981177182243997, -6.867027104300329, 0.0 ], [ 110.981176506201805, -6.866948081501483, 0.0 ], [ 110.981227733953602, -6.866839552734613, 0.0 ], [ 110.981230556851003, -6.866836246483965, 0.0 ], [ 110.981275689808996, -6.866746670844151, 0.0 ], [ 110.981315794320096, -6.866649825837916, 0.0 ], [ 110.981320730325507, -6.866641903574115, 0.0 ], [ 110.9813578598677, -6.866562472833722, 0.0 ], [ 110.981443624659804, -6.866455919583303, 0.0 ], [ 110.981502251624505, -6.866337435138331, 0.0 ], [ 110.981505478884003, -6.866330611963543, 0.0 ], [ 110.981539767295203, -6.866233967740765, 0.0 ], [ 110.981537938538295, -6.866227844349797, 0.0 ], [ 110.981492496057299, -6.866108146463477, 0.0 ], [ 110.981490068469597, -6.866104772400493, 0.0 ], [ 110.9814725050623, -6.866068914198111, 0.0 ], [ 110.981445960214501, -6.866012092663023, 0.0 ], [ 110.981441046408804, -6.866001043946193, 0.0 ], [ 110.981427061644197, -6.865951921829883, 0.0 ], [ 110.981435892609895, -6.86588673380726, 0.0 ], [ 110.981439613923399, -6.865876509791216, 0.0 ], [ 110.981456379613903, -6.865813473580057, 0.0 ], [ 110.981475713140995, -6.86571491977075, 0.0 ], [ 110.981483801081197, -6.865666427913094, 0.0 ], [ 110.981481459635006, -6.865637025326923, 0.0 ], [ 110.981476653902504, -6.865634184295175, 0.0 ], [ 110.981471713930802, -6.865632761786091, 0.0 ], [ 110.981381425293193, -6.865584424176428, 0.0 ], [ 110.981378837780895, -6.865584415907646, 0.0 ], [ 110.981373780150605, -6.865581428374884, 0.0 ], [ 110.981364817223806, -6.865578420278291, 0.0 ], [ 110.981308028838995, -6.865549265514549, 0.0 ], [ 110.981302770018601, -6.865549193733029, 0.0 ], [ 110.9812909466864, -6.865544496790631, 0.0 ], [ 110.981237531673997, -6.865511210935811, 0.0 ], [ 110.981210720659007, -6.865421828223504, 0.0 ], [ 110.9812103621624, -6.865409836704559, 0.0 ], [ 110.981199070744097, -6.865322468102716, 0.0 ], [ 110.981195854164795, -6.865313161788478, 0.0 ], [ 110.981192611184596, -6.865303764552395, 0.0 ], [ 110.981189132012602, -6.865288588245032, 0.0 ], [ 110.981174451189005, -6.865217978344949, 0.0 ], [ 110.981174108275496, -6.865209848650951, 0.0 ], [ 110.981175174259903, -6.865162116579977, 0.0 ], [ 110.981175001845003, -6.86515788459308, 0.0 ], [ 110.981176210146302, -6.865149473477661, 0.0 ], [ 110.981186701964802, -6.865095781819035, 0.0 ], [ 110.981192361728105, -6.865023387232171, 0.0 ], [ 110.981192632343493, -6.865016432751665, 0.0 ], [ 110.981193221858007, -6.864966946703593, 0.0 ], [ 110.981186934231502, -6.864922397756071, 0.0 ], [ 110.981186488355803, -6.864893217319395, 0.0 ], [ 110.981176440534, -6.864873884689243, 0.0 ], [ 110.981171167798095, -6.864872379752652, 0.0 ], [ 110.9811313584609, -6.864869328128631, 0.0 ], [ 110.981126040861994, -6.864869313541586, 0.0 ], [ 110.981122052543597, -6.864869302593762, 0.0 ], [ 110.981115405107801, -6.864869284303273, 0.0 ], [ 110.981104768310104, -6.864869255171489, 0.0 ], [ 110.9810994495476, -6.864869240623794, 0.0 ], [ 110.981056796729007, -6.86486450631148, 0.0 ], [ 110.981052756715002, -6.864862858434042, 0.0 ], [ 110.981050082605606, -6.864862776773021, 0.0 ], [ 110.981043394400402, -6.864862572574809, 0.0 ], [ 110.981031344918904, -6.86486220465335, 0.0 ], [ 110.981007004414295, -6.864856722245075, 0.0 ], [ 110.981001621696805, -6.864856556640607, 0.0 ], [ 110.980982427598505, -6.864849610763459, 0.0 ], [ 110.980978284491499, -6.864847887630283, 0.0 ], [ 110.980953275813803, -6.864837486417495, 0.0 ], [ 110.980934381146895, -6.864821795301194, 0.0 ], [ 110.980930226644503, -6.864747732959272, 0.0 ], [ 110.980929559099906, -6.864738799235012, 0.0 ], [ 110.980929293680703, -6.864735219801696, 0.0 ], [ 110.980948888995101, -6.864638756787929, 0.0 ], [ 110.980948398083498, -6.864631004125053, 0.0 ], [ 110.980950415316499, -6.864615616988437, 0.0 ], [ 110.980954206955303, -6.864525719939981, 0.0 ], [ 110.980955054676699, -6.864513363677092, 0.0 ], [ 110.980953731735895, -6.864490063025984, 0.0 ], [ 110.980980225844704, -6.864320617513674, 0.0 ], [ 110.981005299778701, -6.864200048552118, 0.0 ], [ 110.981005423362802, -6.864193693542827, 0.0 ], [ 110.981005485607099, -6.86419049724671, 0.0 ], [ 110.981008891838798, -6.864086974450937, 0.0 ], [ 110.981009031076098, -6.864079984643107, 0.0 ], [ 110.981009312070199, -6.864065883193074, 0.0 ], [ 110.981007384645395, -6.863940420220167, 0.0 ], [ 110.980992975708901, -6.863906527204924, 0.0 ], [ 110.9808970995621, -6.863858514628342, 0.0 ], [ 110.980889379795599, -6.86385634773456, 0.0 ], [ 110.980880110652194, -6.863854159082526, 0.0 ], [ 110.980757633926004, -6.863797677865056, 0.0 ], [ 110.9807494464238, -6.863793259060865, 0.0 ], [ 110.980747874208404, -6.863793250521899, 0.0 ], [ 110.980643904994594, -6.863763959055927, 0.0 ], [ 110.980639128490594, -6.863763915040492, 0.0 ], [ 110.980632491433198, -6.863761613413456, 0.0 ], [ 110.980534749903001, -6.863744548424523, 0.0 ], [ 110.980528397196395, -6.863744649091553, 0.0 ], [ 110.980525221135096, -6.863744699287196, 0.0 ], [ 110.980438910942297, -6.863744658285495, 0.0 ], [ 110.980037445956498, -6.863672997381108, 0.0 ], [ 110.979752366370604, -6.863629029600273, 0.0 ], [ 110.979739020298297, -6.863621888379077, 0.0 ], [ 110.979730406504302, -6.863621893003334, 0.0 ], [ 110.979728970792493, -6.863621893724136, 0.0 ], [ 110.979721792617894, -6.863621897437419, 0.0 ], [ 110.979523545553405, -6.863591276562047, 0.0 ], [ 110.979516292225, -6.86359129621391, 0.0 ], [ 110.979510489455606, -6.863591311940096, 0.0 ], [ 110.979507588369501, -6.863591319796663, 0.0 ], [ 110.979405602649905, -6.863611642247188, 0.0 ], [ 110.979404156381804, -6.863611633504433, 0.0 ], [ 110.979128262747096, -6.863617601284935, 0.0 ], [ 110.978998407111604, -6.863623843685501, 0.0 ], [ 110.978825436017601, -6.863636769764597, 0.0 ], [ 110.978719544771195, -6.863632580578897, 0.0 ], [ 110.978712290211504, -6.863632553328401, 0.0 ], [ 110.978690179970499, -6.863626887788114, 0.0 ], [ 110.978580947787194, -6.863611522544348, 0.0 ], [ 110.978575107909805, -6.863611557026499, 0.0 ], [ 110.978566348917099, -6.863611608556996, 0.0 ], [ 110.978559050973502, -6.863611653085091, 0.0 ], [ 110.978551753815395, -6.863611697561837, 0.0 ], [ 110.978414136440193, -6.863591693417206, 0.0 ], [ 110.978406796739705, -6.863591742810754, 0.0 ], [ 110.978397285800796, -6.863587903635979, 0.0 ], [ 110.978328989375598, -6.863564266982554, 0.0 ], [ 110.978324501775703, -6.863564232390975, 0.0 ], [ 110.978257282020195, -6.863537955105926, 0.0 ], [ 110.978246252080297, -6.863535896248853, 0.0 ], [ 110.978243236927696, -6.863535892259681, 0.0 ], [ 110.978236707545705, -6.86353383223544, 0.0 ], [ 110.978192484253896, -6.8635197044693, 0.0 ], [ 110.977958773542895, -6.863467548497274, 0.0 ], [ 110.977867771373695, -6.863443300997129, 0.0 ], [ 110.977860570845905, -6.863441542326381, 0.0 ], [ 110.977854757631405, -6.863441633109228, 0.0 ], [ 110.977696339881803, -6.863429048745509, 0.0 ], [ 110.977691970809801, -6.863429024997525, 0.0 ], [ 110.977684688458893, -6.863428985334384, 0.0 ], [ 110.977670121584396, -6.863428906293452, 0.0 ], [ 110.977482073631606, -6.863391524219558, 0.0 ], [ 110.977320188530499, -6.863354241778612, 0.0 ], [ 110.976848175510895, -6.86321977477921, 0.0 ], [ 110.976733304200494, -6.863204777394924, 0.0 ], [ 110.976433237693499, -6.863116099948245, 0.0 ], [ 110.976423209148095, -6.863112661520131, 0.0 ], [ 110.976401012107701, -6.863098884941001, 0.0 ], [ 110.9761083239611, -6.863021751154115, 0.0 ], [ 110.9756475718563, -6.862870089833299, 0.0 ], [ 110.975428918510701, -6.862803395210893, 0.0 ], [ 110.975286774133096, -6.862756743325572, 0.0 ], [ 110.975145583274696, -6.862710571012482, 0.0 ], [ 110.974841355583493, -6.8626085037991, 0.0 ], [ 110.974635474327002, -6.862538129582338, 0.0 ], [ 110.974539306977306, -6.862520995856729, 0.0 ], [ 110.974535269036807, -6.862521016041538, 0.0 ], [ 110.9745258481653, -6.862521062961486, 0.0 ], [ 110.974476297534807, -6.862509950361185, 0.0 ], [ 110.974222600287604, -6.862348880754957, 0.0 ], [ 110.974080392382504, -6.862260860831464, 0.0 ], [ 110.973774877699896, -6.862062254004262, 0.0 ], [ 110.9737090629162, -6.862013273765569, 0.0 ], [ 110.973701285580603, -6.862007532188033, 0.0 ], [ 110.973640879501602, -6.861946159310726, 0.0 ], [ 110.973637899089297, -6.86193843478582, 0.0 ], [ 110.973597924726207, -6.861868016526597, 0.0 ], [ 110.973594991053602, -6.861864702894269, 0.0 ], [ 110.973588668011004, -6.861851346308987, 0.0 ], [ 110.973518454771593, -6.861774910972602, 0.0 ], [ 110.973512136396195, -6.861767832331509, 0.0 ], [ 110.973420238967407, -6.861692644670851, 0.0 ], [ 110.973409765790805, -6.861679409549231, 0.0 ], [ 110.973286599113905, -6.861551087644237, 0.0 ], [ 110.973278990960594, -6.861542671256138, 0.0 ], [ 110.973277081604706, -6.861540559014943, 0.0 ], [ 110.973210856943297, -6.861470508327667, 0.0 ], [ 110.972913472007093, -6.861234334094064, 0.0 ], [ 110.972744504679895, -6.861114582030878, 0.0 ], [ 110.9727365019654, -6.861108388251537, 0.0 ], [ 110.972660019946105, -6.86105976936497, 0.0 ], [ 110.972655737120903, -6.861054802882466, 0.0 ], [ 110.972652738667193, -6.861048177457884, 0.0 ], [ 110.972600400590906, -6.860976024307865, 0.0 ], [ 110.972596048293099, -6.860974214586157, 0.0 ], [ 110.9725914624767, -6.860968872977244, 0.0 ], [ 110.972584132603103, -6.860965251865343, 0.0 ], [ 110.972579506489097, -6.860959880973222, 0.0 ], [ 110.972482199717803, -6.860872682808827, 0.0 ], [ 110.972476786997902, -6.860863167365416, 0.0 ], [ 110.972430621932304, -6.860798483485255, 0.0 ], [ 110.972424058769107, -6.86079441630021, 0.0 ], [ 110.972416957056495, -6.860786245303558, 0.0 ], [ 110.972410075546605, -6.860780082869459, 0.0 ], [ 110.972337849205701, -6.860715431360996, 0.0 ], [ 110.972326837858404, -6.860704724353548, 0.0 ], [ 110.972264415518495, -6.860652060334575, 0.0 ], [ 110.972126942039296, -6.860555697746697, 0.0 ], [ 110.9721212651299, -6.860551931120649, 0.0 ], [ 110.972116767950695, -6.860548148476414, 0.0 ], [ 110.972113553474301, -6.860543077835758, 0.0 ], [ 110.972037732447902, -6.860482859931545, 0.0 ], [ 110.972035408797197, -6.86047881590821, 0.0 ], [ 110.972029535658194, -6.860469334635237, 0.0 ], [ 110.972023615834004, -6.860459737774006, 0.0 ], [ 110.971972835392293, -6.860399981584138, 0.0 ], [ 110.9719689891065, -6.860398495081403, 0.0 ], [ 110.971961287583497, -6.860392597874947, 0.0 ], [ 110.971903195185405, -6.86033506471386, 0.0 ], [ 110.971897739889997, -6.860328834075313, 0.0 ], [ 110.971896250409102, -6.860322596208918, 0.0 ], [ 110.971795011874903, -6.860201093018408, 0.0 ], [ 110.971792206330804, -6.860201081717074, 0.0 ], [ 110.971787642826897, -6.860195888637672, 0.0 ], [ 110.971704778312599, -6.860140690313344, 0.0 ], [ 110.971703157567006, -6.860138875110255, 0.0 ], [ 110.971695582635604, -6.860135214759567, 0.0 ], [ 110.971621637252099, -6.860099626788443, 0.0 ], [ 110.971348641800802, -6.860005422400834, 0.0 ], [ 110.971342235100707, -6.860002493371612, 0.0 ], [ 110.971244644127097, -6.859983187305485, 0.0 ], [ 110.971236730497594, -6.859980198304504, 0.0 ], [ 110.971194040545399, -6.859960680687028, 0.0 ] ] ] } },
{ "type": "Feature", "properties": { "NAME": "Wuwur", "OBJ_ID": "SC62", "VILLAGE": "Sundoluhur", "CC_4": "3318020017", "SUB_DIST": "Kayen", "DISTRICT": "Pati", "TYPE": "Secondary" }, "geometry": { "type": "MultiLineString", "coordinates": [ [ [ 111.007233711637795, -6.84673920237906, 0.0 ], [ 111.007078328606895, -6.846686360435191, 0.0 ], [ 111.007069016142097, -6.846686345556014, 0.0 ], [ 111.0066495924207, -6.846613279422953, 0.0 ], [ 111.006330057250395, -6.846534182658432, 0.0 ], [ 111.0063140637793, -6.846534115396127, 0.0 ], [ 111.0061336029503, -6.846484657720134, 0.0 ], [ 111.006044266356596, -6.846434489973556, 0.0 ], [ 111.006034495882403, -6.846434470653791, 0.0 ], [ 111.005894755918007, -6.846312909026147, 0.0 ], [ 111.005883270758304, -6.846301605328437, 0.0 ], [ 111.005875073288394, -6.846290250946261, 0.0 ], [ 111.005701672903697, -6.846126058109212, 0.0 ], [ 111.005567831424997, -6.845952681843802, 0.0 ], [ 111.005439024419999, -6.845763399109891, 0.0 ], [ 111.005332385600994, -6.845634445947358, 0.0 ], [ 111.005258269709699, -6.845548736402195, 0.0 ], [ 111.005197188625104, -6.845510350935411, 0.0 ], [ 111.005072526309604, -6.845495861758756, 0.0 ], [ 111.004876529966197, -6.845481058299083, 0.0 ], [ 111.004393389786699, -6.845430593917908, 0.0 ], [ 111.0040759860495, -6.845396652353374, 0.0 ], [ 111.003772468400101, -6.845375256894553, 0.0 ], [ 111.003473770213603, -6.845329476735351, 0.0 ], [ 111.003412483500696, -6.84531551423435, 0.0 ], [ 111.003325575107695, -6.845293763006897, 0.0 ], [ 111.003177059209193, -6.845268838754611, 0.0 ], [ 111.002957181862797, -6.845209375247785, 0.0 ], [ 111.002737184114096, -6.845158673678924, 0.0 ] ] ] } },
{ "type": "Feature", "properties": { "NAME": "Wuwur", "OBJ_ID": "SC63", "VILLAGE": "Wuwur", "CC_4": "3318110001", "SUB_DIST": "Gabus", "DISTRICT": "Pati", "TYPE": "Secondary" }, "geometry": { "type": "MultiLineString", "coordinates": [ [ [ 111.002738403688895, -6.845161981484663, 0.0 ], [ 111.002533888126905, -6.845094106377075, 0.0 ], [ 111.002338785807197, -6.845053452577703, 0.0 ], [ 111.002334260407395, -6.845050255985001, 0.0 ], [ 111.002041279670607, -6.844962606469763, 0.0 ], [ 111.001853393591304, -6.844930070089783, 0.0 ], [ 111.0016190258129, -6.844849346934285, 0.0 ], [ 111.001613273195403, -6.844845676714919, 0.0 ], [ 111.001475691641602, -6.844808420179318, 0.0 ], [ 111.001332829526703, -6.844764195172869, 0.0 ], [ 111.000936037103202, -6.844647136418992, 0.0 ], [ 111.000735028617697, -6.844603302812358, 0.0 ], [ 111.000579719763607, -6.8445451916918, 0.0 ], [ 111.000362642822296, -6.844484853695923, 0.0 ], [ 111.000184902306103, -6.844437085169365, 0.0 ], [ 111.000175140677001, -6.844432873327705, 0.0 ], [ 111.000004344307001, -6.844392114860236, 0.0 ], [ 110.9999918816047, -6.844385594624239, 0.0 ], [ 110.999990031404195, -6.844385594601246, 0.0 ], [ 110.999920870737796, -6.844374668924456, 0.0 ], [ 110.9998804427171, -6.844345911198314, 0.0 ], [ 110.999876149560507, -6.844343677746945, 0.0 ], [ 110.999863999577002, -6.844332465172074, 0.0 ], [ 110.999814329387405, -6.844293628420829, 0.0 ], [ 110.999807998463595, -6.844291302824277, 0.0 ], [ 110.999802949681296, -6.844286653658098, 0.0 ], [ 110.999749116910394, -6.844244195295041, 0.0 ], [ 110.9996583363653, -6.844172301751025, 0.0 ], [ 110.999658654486495, -6.844168707713778, 0.0 ], [ 110.999549131649999, -6.844073735690073, 0.0 ], [ 110.999435603985603, -6.843986615561223, 0.0 ], [ 110.999346889789607, -6.843914126409073, 0.0 ], [ 110.999343161601601, -6.843909897823441, 0.0 ], [ 110.999305716315703, -6.84388004979987, 0.0 ], [ 110.999247793112701, -6.843865025054636, 0.0 ], [ 110.999238310782502, -6.843860697595532, 0.0 ], [ 110.9989973845273, -6.84383917902092, 0.0 ], [ 110.998672584143804, -6.843799303983426, 0.0 ], [ 110.998436376601802, -6.84377911809169, 0.0 ], [ 110.998170263784303, -6.843719576564538, 0.0 ], [ 110.997890637021897, -6.84364500373221, 0.0 ], [ 110.997596285927202, -6.843563970652669, 0.0 ], [ 110.997198305392104, -6.843464343010588, 0.0 ], [ 110.9969731015523, -6.843414089817179, 0.0 ], [ 110.996808768397898, -6.84335663326426, 0.0 ], [ 110.9965645296693, -6.84329916548986, 0.0 ], [ 110.996415873933799, -6.843264106505808, 0.0 ], [ 110.996350360023499, -6.843242482958821, 0.0 ], [ 110.996174505641804, -6.843187344006751, 0.0 ], [ 110.995993758860195, -6.843133574639229, 0.0 ], [ 110.995787126344197, -6.843066537772748, 0.0 ], [ 110.995780561717098, -6.843064843431272, 0.0 ], [ 110.995604411444702, -6.843001941352956, 0.0 ], [ 110.995600948006796, -6.843000154711119, 0.0 ], [ 110.995457919627597, -6.842949293430991, 0.0 ], [ 110.995448999679994, -6.842945628153244, 0.0 ], [ 110.995441603747096, -6.84294017660404, 0.0 ], [ 110.995289300797296, -6.842882545303422, 0.0 ], [ 110.995273298656798, -6.842882096186867, 0.0 ], [ 110.995225683289902, -6.842873192816254, 0.0 ], [ 110.9951082930111, -6.842861797921493, 0.0 ], [ 110.994773520660203, -6.842828687248256, 0.0 ], [ 110.994547888750503, -6.842794480338424, 0.0 ], [ 110.994267792244997, -6.842759485958475, 0.0 ], [ 110.993977868979698, -6.842731742878243, 0.0 ], [ 110.993788885153293, -6.842734870415432, 0.0 ], [ 110.993643943567506, -6.842723727073926, 0.0 ], [ 110.993503566657793, -6.84270361527113, 0.0 ], [ 110.993370421652997, -6.842685737165225, 0.0 ], [ 110.993279260564805, -6.842683300516298, 0.0 ], [ 110.993274390781394, -6.842683273698474, 0.0 ], [ 110.993268545049801, -6.842683243192015, 0.0 ], [ 110.993168037526502, -6.842672813556671, 0.0 ], [ 110.993167068675305, -6.842671813864917, 0.0 ], [ 110.993111809834602, -6.84265637936159, 0.0 ], [ 110.993103661583604, -6.842647016873606, 0.0 ], [ 110.993088103256298, -6.842627989871106, 0.0 ], [ 110.993075779996801, -6.842595458798995, 0.0 ], [ 110.9930756529143, -6.84259213858156, 0.0 ], [ 110.993075436339097, -6.842586563097982, 0.0 ], [ 110.993069325001997, -6.842537373972631, 0.0 ], [ 110.993069182141795, -6.842533842910045, 0.0 ], [ 110.9930687504324, -6.842523169557096, 0.0 ], [ 110.993060932656803, -6.842360501354683, 0.0 ], [ 110.993060691255295, -6.842354784135513, 0.0 ], [ 110.993040848671598, -6.842206869384954, 0.0 ], [ 110.993023538603495, -6.842103487373524, 0.0 ], [ 110.992980716816305, -6.841946288633938, 0.0 ], [ 110.992978654858305, -6.841940409455578, 0.0 ], [ 110.992977767186403, -6.841934510841821, 0.0 ], [ 110.992951207229495, -6.841849234818861, 0.0 ], [ 110.992948851790402, -6.841845972818271, 0.0 ], [ 110.992944226869497, -6.841836170625515, 0.0 ], [ 110.992943143796793, -6.841831257867826, 0.0 ], [ 110.992913792615994, -6.84173313931755, 0.0 ], [ 110.992880117071607, -6.841584257608909, 0.0 ], [ 110.992856813149302, -6.841488555443763, 0.0 ], [ 110.992827501832494, -6.841417724075405, 0.0 ], [ 110.992825496106207, -6.841415037966295, 0.0 ], [ 110.992806613115206, -6.841369510968208, 0.0 ], [ 110.992754733911198, -6.841303502247666, 0.0 ], [ 110.992752428942296, -6.841301973433329, 0.0 ], [ 110.992685611244099, -6.841235890660059, 0.0 ], [ 110.992564722761898, -6.841120998154404, 0.0 ], [ 110.992452555635595, -6.841026812237656, 0.0 ], [ 110.992301749680607, -6.840896840341339, 0.0 ], [ 110.992297267818401, -6.840891444190339, 0.0 ], [ 110.992211207623001, -6.840797752231956, 0.0 ], [ 110.992206225370197, -6.840791699045774, 0.0 ], [ 110.992137698675904, -6.840715423476564, 0.0 ], [ 110.992102793384205, -6.840668396046098, 0.0 ], [ 110.992100259373601, -6.84063747069994, 0.0 ], [ 110.992097346489601, -6.840583551466594, 0.0 ], [ 110.992085343260896, -6.840514775974398, 0.0 ], [ 110.992067122943197, -6.840433586574576, 0.0 ], [ 110.992043843417804, -6.840290985774144, 0.0 ], [ 110.992005113411693, -6.840145180004949, 0.0 ], [ 110.991982328043306, -6.84003241867566, 0.0 ], [ 110.991906408706498, -6.839962634770101, 0.0 ], [ 110.991902545295304, -6.839961057438082, 0.0 ], [ 110.991743723283506, -6.83992228855933, 0.0 ], [ 110.991518108795603, -6.839902458884107, 0.0 ], [ 110.991375751240696, -6.83990949262874, 0.0 ], [ 110.991215713840703, -6.839932411815499, 0.0 ], [ 110.991027287235994, -6.83995584223327, 0.0 ], [ 110.9908390185158, -6.839985263385112, 0.0 ], [ 110.990834411993404, -6.839985252096348, 0.0 ], [ 110.990687680151794, -6.840007881290999, 0.0 ], [ 110.990591160991798, -6.840008128107898, 0.0 ], [ 110.9904711052544, -6.840009120663476, 0.0 ], [ 110.990467903895706, -6.840010594457542, 0.0 ], [ 110.990351367947596, -6.840010539935808, 0.0 ], [ 110.990310616628093, -6.840010631167184, 0.0 ], [ 110.990202701161607, -6.840017939555474, 0.0 ], [ 110.990121874913598, -6.840023251345033, 0.0 ], [ 110.990094160265102, -6.84002762440769, 0.0 ], [ 110.990092820453498, -6.840027628977884, 0.0 ], [ 110.990088131517794, -6.840027644959695, 0.0 ], [ 110.990042610793296, -6.840027712300077, 0.0 ], [ 110.990040590915896, -6.84002700269457, 0.0 ], [ 110.989998175921301, -6.840023337109312, 0.0 ], [ 110.989992032407699, -6.840021877295818, 0.0 ], [ 110.989956110017204, -6.840012908506424, 0.0 ], [ 110.989953323706601, -6.840012174843149, 0.0 ], [ 110.989950464000202, -6.840010708763367, 0.0 ], [ 110.989905945232195, -6.839998754196542, 0.0 ], [ 110.989902984095707, -6.839997245739373, 0.0 ], [ 110.989900707627697, -6.839995737694097, 0.0 ], [ 110.989896136586694, -6.839992709582881, 0.0 ], [ 110.989845852916503, -6.839974380230095, 0.0 ], [ 110.989844311223706, -6.839973606256342, 0.0 ], [ 110.989840518148299, -6.839972055245142, 0.0 ], [ 110.989821429563904, -6.839957103237055, 0.0 ], [ 110.989726653790797, -6.83990610880051, 0.0 ], [ 110.989694503050899, -6.839884133001161, 0.0 ], [ 110.989494138552899, -6.839749393826517, 0.0 ], [ 110.989427888462103, -6.839705713095161, 0.0 ], [ 110.989426441198603, -6.839704156136682, 0.0 ], [ 110.989376626218402, -6.83967280452586, 0.0 ], [ 110.989373518141306, -6.839669517876702, 0.0 ], [ 110.989368886324996, -6.839665392689016, 0.0 ], [ 110.9893445770075, -6.839652944669384, 0.0 ], [ 110.989343846776805, -6.839652951716556, 0.0 ], [ 110.9893384024884, -6.83964957305611, 0.0 ], [ 110.989287018213901, -6.839627254850853, 0.0 ], [ 110.989282536859207, -6.839627260423009, 0.0 ], [ 110.989278543179395, -6.839625474574924, 0.0 ], [ 110.989274412510895, -6.839622798011661, 0.0 ], [ 110.989235688621704, -6.839611834244379, 0.0 ], [ 110.989233253986697, -6.839610917083558, 0.0 ], [ 110.989230815791601, -6.839609998608342, 0.0 ], [ 110.989191079369803, -6.839601553481678, 0.0 ], [ 110.9891880120596, -6.839601533038604, 0.0 ], [ 110.989183795255897, -6.839599671670726, 0.0 ], [ 110.989154861512404, -6.839593944256298, 0.0 ], [ 110.988920630377194, -6.839543619340573, 0.0 ], [ 110.988845102399793, -6.839525860363386, 0.0 ], [ 110.988841388218603, -6.83952421014773, 0.0 ], [ 110.988837730095398, -6.839523392645867, 0.0 ], [ 110.988731078568904, -6.839500122176499, 0.0 ], [ 110.988726403962005, -6.839498431909155, 0.0 ], [ 110.988724207371106, -6.839498444215934, 0.0 ], [ 110.988718933399298, -6.839497613806553, 0.0 ], [ 110.988634313188996, -6.839484104854976, 0.0 ], [ 110.988592350507005, -6.839474447468044, 0.0 ], [ 110.988591603749398, -6.839474449413403, 0.0 ], [ 110.988502442743894, -6.839449084410533, 0.0 ], [ 110.988458835896694, -6.839437846389886, 0.0 ], [ 110.988366607711995, -6.839428255724291, 0.0 ], [ 110.988302523240193, -6.839410203636288, 0.0 ], [ 110.988279524615905, -6.839410048091966, 0.0 ], [ 110.988277295282899, -6.839410020819127, 0.0 ], [ 110.988267870992502, -6.839400629312951, 0.0 ], [ 110.988267880947106, -6.839387539585775, 0.0 ] ] ] } },
{ "type": "Feature", "properties": { "NAME": "Klambu Kanan", "OBJ_ID": "PR27", "VILLAGE": "Penganten", "CC_4": "3315150004", "SUB_DIST": "Klambu", "DISTRICT": "Grobogan", "TYPE": "Primary" }, "geometry": { "type": "MultiLineString", "coordinates": [ [ [ 110.796896206743355, -7.016758225996155, 0.0 ], [ 110.797139900983098, -7.016861897205073, 0.0 ], [ 110.797551697372725, -7.016951645432633, 0.0 ], [ 110.797907493308927, -7.016968593200202, 0.0 ], [ 110.798343145723862, -7.016960383318124, 0.0 ], [ 110.798823621332048, -7.016957790396521, 0.0 ], [ 110.799063146136362, -7.016985883754789, 0.0 ], [ 110.799256413387099, -7.01708673321571, 0.0 ], [ 110.799319436820468, -7.0171161504718, 0.0 ], [ 110.79947626299608, -7.01726456857429, 0.0 ], [ 110.799543461927669, -7.01735696681865, 0.0 ] ] ] } },
{ "type": "Feature", "properties": { "NAME": "Sarimulyo 1", "OBJ_ID": "SM01", "VILLAGE": "Wotan", "CC_4": "3318010013", "SUB_DIST": "Sukolilo", "DISTRICT": "Pati", "TYPE": "Secondary" }, "geometry": { "type": "MultiLineString", "coordinates": [ [ [ 110.90087325817278, -6.875503564258018, 0.0 ], [ 110.900806162166617, -6.876232035182194, 0.0 ], [ 110.900844502741563, -6.876740047800369, 0.0 ], [ 110.901170397628704, -6.877957361055241, 0.0 ], [ 110.901400441078437, -6.879260940603765, 0.0 ] ] ] } },
{ "type": "Feature", "properties": { "NAME": "Kaliyoso", "OBJ_ID": "KY01", "VILLAGE": "Baturejo", "CC_4": "3318010014", "SUB_DIST": "Sukolilo", "DISTRICT": "Pati", "TYPE": "Secondary" }, "geometry": { "type": "MultiLineString", "coordinates": [ [ [ 110.910520705346201, -6.904908388963798, 0.0 ], [ 110.910884940808288, -6.905018618116799, 0.0 ], [ 110.911086228826804, -6.905066543835494, 0.0 ], [ 110.911488804863851, -6.905239076422799, 0.0 ], [ 110.911704470597982, -6.905310965000842, 0.0 ], [ 110.911814699750977, -6.905368475863277, 0.0 ], [ 110.912178935213063, -6.905402023866364, 0.0 ], [ 110.912538378103292, -6.905459534728799, 0.0 ], [ 110.913151827302599, -6.905483497588147, 0.0 ], [ 110.913746106214433, -6.905512253019364, 0.0 ], [ 110.914302044551306, -6.905497875303756, 0.0 ], [ 110.914973004613046, -6.905473912444408, 0.0 ], [ 110.915236596065867, -6.90544515701319, 0.0 ], [ 110.915385165793822, -6.905406816438234, 0.0 ], [ 110.915576868668609, -6.90533013528832, 0.0 ], [ 110.915826082405829, -6.905229491279059, 0.0 ], [ 110.915912348699479, -6.905186358132234, 0.0 ], [ 110.916084881286778, -6.905157602701016, 0.0 ], [ 110.916458701892608, -6.905162395272885, 0.0 ], [ 110.916794181923478, -6.905186358132234, 0.0 ], [ 110.917743111153683, -6.905167187844755, 0.0 ], [ 110.918346975209246, -6.905200735847842, 0.0 ], [ 110.919281526723822, -6.90523428385093, 0.0 ] ] ] } },
{ "type": "Feature", "properties": { "NAME": "Cangkringan", "OBJ_ID": "SC06", "VILLAGE": "Wegil", "CC_4": "3318010003", "SUB_DIST": "Sukolilo", "DISTRICT": "Pati", "TYPE": "Secondary" }, "geometry": { "type": "MultiLineString", "coordinates": [ [ [ 110.848007060214641, -6.931735273348195, 0.0 ], [ 110.848774546099008, -6.931912385475358, 0.0 ], [ 110.849581390233865, -6.932115736436175, 0.0 ], [ 110.849863457695648, -6.932155094686656, 0.0 ], [ 110.85011272661535, -6.932115736436175, 0.0 ], [ 110.850434152327608, -6.93205013935204, 0.0 ], [ 110.850886772208142, -6.931925504892185, 0.0 ], [ 110.8511622799615, -6.931879586933291, 0.0 ], [ 110.85131315325502, -6.931846788391223, 0.0 ], [ 110.851437787714872, -6.931820549557569, 0.0 ], [ 110.852093758556222, -6.931833668974396, 0.0 ], [ 110.852677572605018, -6.93189926605853, 0.0 ], [ 110.853366341988433, -6.931958303434252, 0.0 ], [ 110.853759924493232, -6.932017340809973, 0.0 ], [ 110.854383096792517, -6.932115736436175, 0.0 ], [ 110.854986589966543, -6.932207572353963, 0.0 ], [ 110.855806553518235, -6.932312527688579, 0.0 ], [ 110.856180456897803, -6.932365005355886, 0.0 ], [ 110.856351009316541, -6.932397803897953, 0.0 ], [ 110.856659315611978, -6.93241092331478, 0.0 ], [ 110.856790509780254, -6.932430602440021, 0.0 ], [ 110.857367764120639, -6.932542117483049, 0.0 ], [ 110.858181167963906, -6.932719229610212, 0.0 ] ] ] } }
]
}
