{
"type": "FeatureCollection",
"name": "AGRI_AREA",
"crs": { "type": "name", "properties": { "name": "urn:ogc:def:crs:OGC:1.3:CRS84" } },
"features": [
{ "type": "Feature", "properties": { "Name": "BATUREJO", "VILLAGES": "Baturejo", "CC_4": "3318010012", "SUB_DIST": "Sukolilo", "DISTRICT": "Pati", "GID_4": "IDN.10.21.15.2_1", "AREA_HA": 940 }, "geometry": { "type": "MultiPolygon", "coordinates": [ [ [ [ 110.911141061214295, -6.916290003496088, 0.0 ], [ 110.911006742041394, -6.917075418140318, 0.0 ], [ 110.910539393913794, -6.917023408327616, 0.0 ], [ 110.910667759348797, -6.916789018158231, 0.0 ], [ 110.910788661058604, -6.916178835620729, 0.0 ], [ 110.911047441876406, -6.914861391851128, 0.0 ], [ 110.911114182929893, -6.913497811925845, 0.0 ], [ 110.910860810611894, -6.91192295342687, 0.0 ], [ 110.910485417669193, -6.911350490517949, 0.0 ], [ 110.910108760526597, -6.910936510203209, 0.0 ], [ 110.910049058310307, -6.910633903396494, 0.0 ], [ 110.910037048881705, -6.910402775041873, 0.0 ], [ 110.910010575759401, -6.910312345795277, 0.0 ], [ 110.907414761888404, -6.90872189513223, 0.0 ], [ 110.907043147797594, -6.908714596359205, 0.0 ], [ 110.906862776734002, -6.908724973825488, 0.0 ], [ 110.905630902345194, -6.908555982078185, 0.0 ], [ 110.904718018107403, -6.908419566139636, 0.0 ], [ 110.903114929932897, -6.908940471942618, 0.0 ], [ 110.9014137664836, -6.909545248369175, 0.0 ], [ 110.900735448529801, -6.908747243236486, 0.0 ], [ 110.900485417273302, -6.907337237073757, 0.0 ], [ 110.900342954940598, -6.905976630573857, 0.0 ], [ 110.900302116992805, -6.905708504091109, 0.0 ], [ 110.900296039235897, -6.904100760627491, 0.0 ], [ 110.900057788155095, -6.902588784146761, 0.0 ], [ 110.899327012801507, -6.898577169852825, 0.0 ], [ 110.899659079940406, -6.896863007635425, 0.0 ], [ 110.899769477012001, -6.896262259970508, 0.0 ], [ 110.899894948465999, -6.894943714492795, 0.0 ], [ 110.900086727684098, -6.893474349162054, 0.0 ], [ 110.900262899668704, -6.892000636925754, 0.0 ], [ 110.900369778522304, -6.89046973983473, 0.0 ], [ 110.900448266095395, -6.888885138882593, 0.0 ], [ 110.900723904618104, -6.887267584226555, 0.0 ], [ 110.900921300901402, -6.884337375747261, 0.0 ], [ 110.901502905626003, -6.882943378392907, 0.0 ], [ 110.902024072008302, -6.882501980046531, 0.0 ], [ 110.9024632877274, -6.882076128085985, 0.0 ], [ 110.902934085085604, -6.881708714610027, 0.0 ], [ 110.903948766815702, -6.88138902113551, 0.0 ], [ 110.904801903485804, -6.881196806390322, 0.0 ], [ 110.904935014122501, -6.881201973275578, 0.0 ], [ 110.905806894804599, -6.881186475062393, 0.0 ], [ 110.906626992640895, -6.881039137583861, 0.0 ], [ 110.907357070486299, -6.880556522731793, 0.0 ], [ 110.907867593500001, -6.880251452669634, 0.0 ], [ 110.908406185856407, -6.879997263039359, 0.0 ], [ 110.908906100187593, -6.879754153336716, 0.0 ], [ 110.909386433564507, -6.879570222295985, 0.0 ], [ 110.909729841822397, -6.879430933904693, 0.0 ], [ 110.910214297283204, -6.879003718799573, 0.0 ], [ 110.910522149900501, -6.878574144098529, 0.0 ], [ 110.910643864176706, -6.878130900070517, 0.0 ], [ 110.910719146906303, -6.877507721482812, 0.0 ], [ 110.910796526231806, -6.876620914152041, 0.0 ], [ 110.911085411824104, -6.875751435005841, 0.0 ], [ 110.911465343657994, -6.874586586074224, 0.0 ], [ 110.911611703808902, -6.874092035851468, 0.0 ], [ 110.911789082843498, -6.872813941960286, 0.0 ], [ 110.911542950408602, -6.87122641932535, 0.0 ], [ 110.911533436827099, -6.870328473785287, 0.0 ], [ 110.9129971579695, -6.869790357397288, 0.0 ], [ 110.913548156817697, -6.869643209144355, 0.0 ], [ 110.914319890953806, -6.869383676033575, 0.0 ], [ 110.914352475853505, -6.869790360134854, 0.0 ], [ 110.915145667798697, -6.869522587408015, 0.0 ], [ 110.916216142860193, -6.869190604840682, 0.0 ], [ 110.9163274326297, -6.869429072343378, 0.0 ], [ 110.916980749391399, -6.869169033033222, 0.0 ], [ 110.917019613676104, -6.869415325817645, 0.0 ], [ 110.917036061641895, -6.870274496211365, 0.0 ], [ 110.917057380416907, -6.870675115076984, 0.0 ], [ 110.917129660472895, -6.87071741260084, 0.0 ], [ 110.9175796990463, -6.870944407952791, 0.0 ], [ 110.918297341958393, -6.871500535536419, 0.0 ], [ 110.918544220132901, -6.8718499556842, 0.0 ], [ 110.918897129823506, -6.872659756328468, 0.0 ], [ 110.919214265893501, -6.873399341051337, 0.0 ], [ 110.919473638570395, -6.874031559610622, 0.0 ], [ 110.919601721024094, -6.8747210448703, 0.0 ], [ 110.919516731228299, -6.875517170058474, 0.0 ], [ 110.919472538151993, -6.876793934152504, 0.0 ], [ 110.919357027031594, -6.878215199902215, 0.0 ], [ 110.919283416177507, -6.878639437675898, 0.0 ], [ 110.919097288466304, -6.878947302040939, 0.0 ], [ 110.919155499023702, -6.879399655409136, 0.0 ], [ 110.919156167988803, -6.879720144335373, 0.0 ], [ 110.9191325816969, -6.880369058865853, 0.0 ], [ 110.919134468270997, -6.880771803484275, 0.0 ], [ 110.919109624332805, -6.880971314941504, 0.0 ], [ 110.919102574006899, -6.881405776380848, 0.0 ], [ 110.919161431097294, -6.881694318750866, 0.0 ], [ 110.919213148138596, -6.882192261499972, 0.0 ], [ 110.919201153135305, -6.88289094445358, 0.0 ], [ 110.919244285501904, -6.883295539551678, 0.0 ], [ 110.919177508568296, -6.883831210919753, 0.0 ], [ 110.919233650991998, -6.88417891412529, 0.0 ], [ 110.919217683669103, -6.884672793343421, 0.0 ], [ 110.919155407742593, -6.884878058363398, 0.0 ], [ 110.919203336842003, -6.885581666818585, 0.0 ], [ 110.919204094596907, -6.886592419978378, 0.0 ], [ 110.919256651815004, -6.887299962913932, 0.0 ], [ 110.9193096376612, -6.887736629732722, 0.0 ], [ 110.919321918079902, -6.888168614416906, 0.0 ], [ 110.919211374037005, -6.888794159512438, 0.0 ], [ 110.919151937354698, -6.889218840523869, 0.0 ], [ 110.919216752298496, -6.889654396189165, 0.0 ], [ 110.919214728125496, -6.890142665151373, 0.0 ], [ 110.919132093623602, -6.891217478002175, 0.0 ], [ 110.919083203792795, -6.892281686812699, 0.0 ], [ 110.919151707689196, -6.893151829049843, 0.0 ], [ 110.919342802872904, -6.894041108523758, 0.0 ], [ 110.919374966122305, -6.894339950322026, 0.0 ], [ 110.919470926595906, -6.894738513431365, 0.0 ], [ 110.919483479697305, -6.894864942418043, 0.0 ], [ 110.919379845950502, -6.895091723698318, 0.0 ], [ 110.919358267112102, -6.89569213019775, 0.0 ], [ 110.919351935259002, -6.895833906385312, 0.0 ], [ 110.919409873419596, -6.896205264525145, 0.0 ], [ 110.919504784614304, -6.896665700116651, 0.0 ], [ 110.919504400522499, -6.896833123617414, 0.0 ], [ 110.919603996702406, -6.896861235198586, 0.0 ], [ 110.919661973618403, -6.897201446480181, 0.0 ], [ 110.919732074190705, -6.897511014591833, 0.0 ], [ 110.919821475072595, -6.897946248985285, 0.0 ], [ 110.919882242965897, -6.898230311393813, 0.0 ], [ 110.919898728133404, -6.898585777559912, 0.0 ], [ 110.919844624874401, -6.899035236099012, 0.0 ], [ 110.919811974440904, -6.899202456611143, 0.0 ], [ 110.919796790118696, -6.899278300673299, 0.0 ], [ 110.919843441394306, -6.899440782013301, 0.0 ], [ 110.919890534447603, -6.899619540274663, 0.0 ], [ 110.919981821902297, -6.899838784867725, 0.0 ], [ 110.920227446305205, -6.900144443128215, 0.0 ], [ 110.920279216442196, -6.900212961762347, 0.0 ], [ 110.920319513145103, -6.900453824690832, 0.0 ], [ 110.920309604691994, -6.90068348377401, 0.0 ], [ 110.920309441801905, -6.900875403315735, 0.0 ], [ 110.920188768290998, -6.901309437527796, 0.0 ], [ 110.920088705499396, -6.901498641066277, 0.0 ], [ 110.919999355960996, -6.901609144846899, 0.0 ], [ 110.919746896965805, -6.901771214934538, 0.0 ], [ 110.919576168560596, -6.901938298031745, 0.0 ], [ 110.919403198200499, -6.902095066857448, 0.0 ], [ 110.919367843281606, -6.902245291769496, 0.0 ], [ 110.919290758848106, -6.902452940294764, 0.0 ], [ 110.919189094567599, -6.902774063908538, 0.0 ], [ 110.919124442667496, -6.90297638813644, 0.0 ], [ 110.919182174547103, -6.903210596770499, 0.0 ], [ 110.919250192544297, -6.903531522914581, 0.0 ], [ 110.919309760771895, -6.903704356102104, 0.0 ], [ 110.919428655406193, -6.904060363942883, 0.0 ], [ 110.919540753304901, -6.904275350154663, 0.0 ], [ 110.919664620725101, -6.904531573697754, 0.0 ], [ 110.919696055228698, -6.9046210339769, 0.0 ], [ 110.919839790455299, -6.904836164615053, 0.0 ], [ 110.920010002864998, -6.905154069759567, 0.0 ], [ 110.920262413892402, -6.90556462030471, 0.0 ], [ 110.920409490893107, -6.905791942900772, 0.0 ], [ 110.920496826252702, -6.906049124739546, 0.0 ], [ 110.920646005755401, -6.906259227709292, 0.0 ], [ 110.920764744485794, -6.90640429104241, 0.0 ], [ 110.920859262957705, -6.906535007098587, 0.0 ], [ 110.9209906019058, -6.906835282206092, 0.0 ], [ 110.921156970001206, -6.907166613218778, 0.0 ], [ 110.921246276177001, -6.907365191415308, 0.0 ], [ 110.921382730920399, -6.907706439037712, 0.0 ], [ 110.921399637852502, -6.907767699000609, 0.0 ], [ 110.921451150811393, -6.908020157638819, 0.0 ], [ 110.921518205619407, -6.908384757946078, 0.0 ], [ 110.921612403056599, -6.908728328555609, 0.0 ], [ 110.920777549389598, -6.908946658524237, 0.0 ], [ 110.919896678247198, -6.909011061240649, 0.0 ], [ 110.918185023128899, -6.909185615154797, 0.0 ], [ 110.917311877930501, -6.909356552772764, 0.0 ], [ 110.915965358391105, -6.909621353658652, 0.0 ], [ 110.915927362091693, -6.909805347367544, 0.0 ], [ 110.914886361146699, -6.909863343601467, 0.0 ], [ 110.914090314940694, -6.910027749576789, 0.0 ], [ 110.912785830592895, -6.910250923866109, 0.0 ], [ 110.911327217349196, -6.910420919358264, 0.0 ], [ 110.910164218666495, -6.910613517042776, 0.0 ], [ 110.910112943746398, -6.910629830262942, 0.0 ], [ 110.910202252003202, -6.910980014576253, 0.0 ], [ 110.910341476577997, -6.911108988822255, 0.0 ], [ 110.9109389872592, -6.910996706146135, 0.0 ], [ 110.912693839134405, -6.910768893055466, 0.0 ], [ 110.913102378055697, -6.9107308168928, 0.0 ], [ 110.913285978542405, -6.910707784202072, 0.0 ], [ 110.913479274101604, -6.910738464478451, 0.0 ], [ 110.913660263073297, -6.910657395760906, 0.0 ], [ 110.913806697542398, -6.910661295088963, 0.0 ], [ 110.914262816762999, -6.910590488929141, 0.0 ], [ 110.914369156614995, -6.910526439407289, 0.0 ], [ 110.914708569344, -6.910558595673674, 0.0 ], [ 110.915198346718, -6.910538529181842, 0.0 ], [ 110.915440936474297, -6.910477700121828, 0.0 ], [ 110.915943933498994, -6.910407597165733, 0.0 ], [ 110.916196674291299, -6.910280780942227, 0.0 ], [ 110.916593240054894, -6.910180772058375, 0.0 ], [ 110.917076251348604, -6.910171953780907, 0.0 ], [ 110.917648384177895, -6.910171945212572, 0.0 ], [ 110.917851898165395, -6.910214812843808, 0.0 ], [ 110.917984757109394, -6.910327133937254, 0.0 ], [ 110.918140006922002, -6.910366469463006, 0.0 ], [ 110.918270954674696, -6.909914754744275, 0.0 ], [ 110.918952274780494, -6.90982602858996, 0.0 ], [ 110.919490449102597, -6.909716959614497, 0.0 ], [ 110.920092378064098, -6.909679944818766, 0.0 ], [ 110.920981867851694, -6.909604942817717, 0.0 ], [ 110.921744536903304, -6.909499591924313, 0.0 ], [ 110.921771826215306, -6.909656641357107, 0.0 ], [ 110.921872643023605, -6.910018685087511, 0.0 ], [ 110.921939675490407, -6.91022289902979, 0.0 ], [ 110.922012013500293, -6.910619973572366, 0.0 ], [ 110.922172680775404, -6.910902633505653, 0.0 ], [ 110.922301977305096, -6.911148420818823, 0.0 ], [ 110.9225266373126, -6.911603542331525, 0.0 ], [ 110.922656010965994, -6.911836931276896, 0.0 ], [ 110.922746205045897, -6.911950657738116, 0.0 ], [ 110.922892386400306, -6.912149574213454, 0.0 ], [ 110.923009369174196, -6.912313168396459, 0.0 ], [ 110.923098555474496, -6.912466344476393, 0.0 ], [ 110.9232310687579, -6.912684760110164, 0.0 ], [ 110.923371147667098, -6.912977802650062, 0.0 ], [ 110.923491311096697, -6.913218380553606, 0.0 ], [ 110.9235812936912, -6.913421037366251, 0.0 ], [ 110.923686844297507, -6.913621945593215, 0.0 ], [ 110.923712521466598, -6.913824123608837, 0.0 ], [ 110.923781644913902, -6.91394940631485, 0.0 ], [ 110.923907527327302, -6.914198280762283, 0.0 ], [ 110.923960321334903, -6.914379626179761, 0.0 ], [ 110.924007752890702, -6.91458566910626, 0.0 ], [ 110.924119219110494, -6.914992820418357, 0.0 ], [ 110.924233629386507, -6.91542321653642, 0.0 ], [ 110.924292459976897, -6.915639745201393, 0.0 ], [ 110.924323246312497, -6.91573638957267, 0.0 ], [ 110.924402666938505, -6.915895342590098, 0.0 ], [ 110.924490837272401, -6.916127516014319, 0.0 ], [ 110.924658653074701, -6.916451511876551, 0.0 ], [ 110.924776687312999, -6.916701282430904, 0.0 ], [ 110.924901561826502, -6.916884116021777, 0.0 ], [ 110.9250210999557, -6.917041727533978, 0.0 ], [ 110.925142947588597, -6.917223829633892, 0.0 ], [ 110.925264182884305, -6.91738563876687, 0.0 ], [ 110.925485817246198, -6.917684778894236, 0.0 ], [ 110.925681417638401, -6.917981657394968, 0.0 ], [ 110.925854526783198, -6.918199243210248, 0.0 ], [ 110.926133410895304, -6.918584558427916, 0.0 ], [ 110.926318635747904, -6.918884847278046, 0.0 ], [ 110.926374945037395, -6.91897956787473, 0.0 ], [ 110.926710836431894, -6.919431526467086, 0.0 ], [ 110.926814428364196, -6.91955218616052, 0.0 ], [ 110.926894396004499, -6.91975072625456, 0.0 ], [ 110.9271442501027, -6.92003213775234, 0.0 ], [ 110.927321998831005, -6.920283003296334, 0.0 ], [ 110.927602403156399, -6.920712814344269, 0.0 ], [ 110.927858063678798, -6.921051537790194, 0.0 ], [ 110.9281539809176, -6.92145184124737, 0.0 ], [ 110.928269325059603, -6.921607049173192, 0.0 ], [ 110.928514704858898, -6.922072041931149, 0.0 ], [ 110.928875742197903, -6.922681364126159, 0.0 ], [ 110.928952684686493, -6.922905785463745, 0.0 ], [ 110.929030517290798, -6.923325166459142, 0.0 ], [ 110.929133018935005, -6.92355945621322, 0.0 ], [ 110.929260440784702, -6.923816407715498, 0.0 ], [ 110.929263721718797, -6.924028765833823, 0.0 ], [ 110.929133478064301, -6.924028770925003, 0.0 ], [ 110.929056831758999, -6.923926004188592, 0.0 ], [ 110.928890813086895, -6.923883330705345, 0.0 ], [ 110.928701298179504, -6.923941419239341, 0.0 ], [ 110.928546853538293, -6.923975852509578, 0.0 ], [ 110.928559389026603, -6.924058710996175, 0.0 ], [ 110.927780152615796, -6.924139793988354, 0.0 ], [ 110.927187969170802, -6.924165238761326, 0.0 ], [ 110.926663963242305, -6.92420843589759, 0.0 ], [ 110.926297767994697, -6.924233401637554, 0.0 ], [ 110.926221202356302, -6.923898978814512, 0.0 ], [ 110.926197730201494, -6.923511086974655, 0.0 ], [ 110.926180411540898, -6.923068514638596, 0.0 ], [ 110.926062555465407, -6.922041675292622, 0.0 ], [ 110.926018449446303, -6.921457216564766, 0.0 ], [ 110.925999141367498, -6.921224731506871, 0.0 ], [ 110.925672371538894, -6.920533207798592, 0.0 ], [ 110.925279500955, -6.920072353342739, 0.0 ], [ 110.9249783625541, -6.9197421468335, 0.0 ], [ 110.924115409903706, -6.919659850956325, 0.0 ], [ 110.923477776164603, -6.91957575338948, 0.0 ], [ 110.922759065209107, -6.919628049189638, 0.0 ], [ 110.922446814166506, -6.919734432739838, 0.0 ], [ 110.922296769667298, -6.919894228493464, 0.0 ], [ 110.922267056001004, -6.920194575477983, 0.0 ], [ 110.922679819940797, -6.92061670438006, 0.0 ], [ 110.923074207397704, -6.920990171939596, 0.0 ], [ 110.923186259857005, -6.921094904647017, 0.0 ], [ 110.923409373368202, -6.921382220658034, 0.0 ], [ 110.923385919702596, -6.921624230140949, 0.0 ], [ 110.923165658110705, -6.921725200190952, 0.0 ], [ 110.922897250936401, -6.921721511939873, 0.0 ], [ 110.922029667668696, -6.921706715149135, 0.0 ], [ 110.920996942450003, -6.921880825784541, 0.0 ], [ 110.921155859082504, -6.922434581801109, 0.0 ], [ 110.921419420978395, -6.9233409080413, 0.0 ], [ 110.921522175995406, -6.923656813382026, 0.0 ], [ 110.920584819955394, -6.923598045158723, 0.0 ], [ 110.920472900074799, -6.923606493955309, 0.0 ], [ 110.919816624048295, -6.921953619700514, 0.0 ], [ 110.918536403169497, -6.921935187482578, 0.0 ], [ 110.917601372166203, -6.921912027267823, 0.0 ], [ 110.917630641276901, -6.921707623824418, 0.0 ], [ 110.917806968929, -6.921589341332196, 0.0 ], [ 110.917792499266, -6.921452496290009, 0.0 ], [ 110.917916313483104, -6.921122121102389, 0.0 ], [ 110.917920915504396, -6.920867136077817, 0.0 ], [ 110.917618982745296, -6.920603589801421, 0.0 ], [ 110.917473806784699, -6.920776894546831, 0.0 ], [ 110.917407931167602, -6.921030392067305, 0.0 ], [ 110.917211938348203, -6.921083337227669, 0.0 ], [ 110.917192942395999, -6.921083337348952, 0.0 ], [ 110.917093681216201, -6.921199027333477, 0.0 ], [ 110.9171287596089, -6.92146893393297, 0.0 ], [ 110.916804242999604, -6.921616735533695, 0.0 ], [ 110.916740310896898, -6.921865707561347, 0.0 ], [ 110.916346525681803, -6.921884603460667, 0.0 ], [ 110.916444214933307, -6.920948671162911, 0.0 ], [ 110.916500676573904, -6.92065997138442, 0.0 ], [ 110.916800409789801, -6.92069178457894, 0.0 ], [ 110.916820647642794, -6.92045589698685, 0.0 ], [ 110.916770906954895, -6.920391781419757, 0.0 ], [ 110.916963788476295, -6.919843003416308, 0.0 ], [ 110.917028686525995, -6.919122387926597, 0.0 ], [ 110.917465651486296, -6.919112038936873, 0.0 ], [ 110.9174844644469, -6.918802512777576, 0.0 ], [ 110.917416868971998, -6.918424463902103, 0.0 ], [ 110.917426883551698, -6.918167365057118, 0.0 ], [ 110.917503685857199, -6.918079704329045, 0.0 ], [ 110.917519388913902, -6.917923180687751, 0.0 ], [ 110.917308485525098, -6.917720773446912, 0.0 ], [ 110.917010969589299, -6.917664902667869, 0.0 ], [ 110.916658249220703, -6.9176083439885, 0.0 ], [ 110.916563341043698, -6.917712242496926, 0.0 ], [ 110.916293536831205, -6.917425498129802, 0.0 ], [ 110.916183219791293, -6.917254328728969, 0.0 ], [ 110.916182713014393, -6.917117863654889, 0.0 ], [ 110.915970825873501, -6.91709005065743, 0.0 ], [ 110.915980145842695, -6.916821675426126, 0.0 ], [ 110.915960320448704, -6.916557351753534, 0.0 ], [ 110.915597625728793, -6.916515039641087, 0.0 ], [ 110.915594890306096, -6.916278009016195, 0.0 ], [ 110.915630427911694, -6.916074612554117, 0.0 ], [ 110.915611943877494, -6.915828915649865, 0.0 ], [ 110.915736798296805, -6.915489884140451, 0.0 ], [ 110.9158353285776, -6.915353941809915, 0.0 ], [ 110.915929425385897, -6.915271442647672, 0.0 ], [ 110.916153679947001, -6.915323174201033, 0.0 ], [ 110.916204996187602, -6.915126874957868, 0.0 ], [ 110.916325652557106, -6.914813307621363, 0.0 ], [ 110.916370636442196, -6.91460783856884, 0.0 ], [ 110.916538756406496, -6.914160027308249, 0.0 ], [ 110.916574199773294, -6.913941013771571, 0.0 ], [ 110.916466573703104, -6.913869058850555, 0.0 ], [ 110.916608819843105, -6.913642860550575, 0.0 ], [ 110.916727433898402, -6.913332709936824, 0.0 ], [ 110.916866794202605, -6.913140841916764, 0.0 ], [ 110.916979964264499, -6.913027312493149, 0.0 ], [ 110.9168541063992, -6.913008107916312, 0.0 ], [ 110.916599534827995, -6.913205744232059, 0.0 ], [ 110.916438210475405, -6.913408015369265, 0.0 ], [ 110.916271290034302, -6.913350552127067, 0.0 ], [ 110.915946007505696, -6.913274229746146, 0.0 ], [ 110.915933852274705, -6.913507825567869, 0.0 ], [ 110.915757904628705, -6.913524945960809, 0.0 ], [ 110.915690206249394, -6.914060850975027, 0.0 ], [ 110.9156674315212, -6.914256164832524, 0.0 ], [ 110.915428151424805, -6.914265406499037, 0.0 ], [ 110.915269921424894, -6.914334102443929, 0.0 ], [ 110.915242805208393, -6.914778170423017, 0.0 ], [ 110.915263656751407, -6.914981645960745, 0.0 ], [ 110.915296196238202, -6.915145551397119, 0.0 ], [ 110.9152250279638, -6.915508952090941, 0.0 ], [ 110.915103427039597, -6.915958491201286, 0.0 ], [ 110.915032239100896, -6.916122181957689, 0.0 ], [ 110.914846199580893, -6.916081895107073, 0.0 ], [ 110.914462252740407, -6.915969871103394, 0.0 ], [ 110.914242219582505, -6.915885656278532, 0.0 ], [ 110.914094786118795, -6.916338885946356, 0.0 ], [ 110.914317950796402, -6.916532788099204, 0.0 ], [ 110.9146471528246, -6.916607907993315, 0.0 ], [ 110.914647783921097, -6.916868285665171, 0.0 ], [ 110.914584442315899, -6.917234839473369, 0.0 ], [ 110.913604660171799, -6.917046584330897, 0.0 ], [ 110.913474232046596, -6.917651865550483, 0.0 ], [ 110.913119107119897, -6.917438902270301, 0.0 ], [ 110.913001194534203, -6.917218164681102, 0.0 ], [ 110.912971200522193, -6.917006718606162, 0.0 ], [ 110.912425097587501, -6.91691907721669, 0.0 ], [ 110.912423835618497, -6.916765861905109, 0.0 ], [ 110.912267030195295, -6.916747475601179, 0.0 ], [ 110.912063855403105, -6.917662951838355, 0.0 ], [ 110.911697339512003, -6.917662949863288, 0.0 ], [ 110.911693069462203, -6.91738383376839, 0.0 ], [ 110.911537613044203, -6.917344039115405, 0.0 ], [ 110.911754037901503, -6.916422603542621, 0.0 ], [ 110.911141061214295, -6.916290003496088, 0.0 ] ] ] ] } },
{ "type": "Feature", "properties": { "Name": "BOLOAGUNG", "VILLAGES": "Boloagung", "CC_4": "3318020016", "SUB_DIST": "Kayen", "DISTRICT": "Pati", "GID_4": "IDN.10.21.10.2_1", "AREA_HA": 322 }, "geometry": { "type": "MultiPolygon", "coordinates": [ [ [ [ 111.001510343624503, -6.845510486946051, 0.0 ], [ 111.001189721062403, -6.846302586694331, 0.0 ], [ 111.001112576106394, -6.846670704519492, 0.0 ], [ 111.000848149381198, -6.847363130705672, 0.0 ], [ 111.000828560319306, -6.847639325248748, 0.0 ], [ 111.000694287303602, -6.848229160153268, 0.0 ], [ 111.000501582551493, -6.849240006802839, 0.0 ], [ 111.000360270477103, -6.850115797169871, 0.0 ], [ 111.000327885701495, -6.850782686501833, 0.0 ], [ 111.000264798044896, -6.851479826791541, 0.0 ], [ 111.000171232646196, -6.851462084179665, 0.0 ], [ 110.999921478274402, -6.851449403969888, 0.0 ], [ 110.999499668518197, -6.851363582857145, 0.0 ], [ 110.998953927111998, -6.851154190132913, 0.0 ], [ 110.998606181859699, -6.850944557882868, 0.0 ], [ 110.998269387243894, -6.850777311720734, 0.0 ], [ 110.998038949719003, -6.850602099253145, 0.0 ], [ 110.997804372582095, -6.850407789077277, 0.0 ], [ 110.997439845177794, -6.85004759560472, 0.0 ], [ 110.9969016741193, -6.849692284967085, 0.0 ], [ 110.996764779475598, -6.849541493012202, 0.0 ], [ 110.996798323925503, -6.849166825793116, 0.0 ], [ 110.996404016577699, -6.849147005919523, 0.0 ], [ 110.996147132836398, -6.849103878212177, 0.0 ], [ 110.996233453018206, -6.848721141210509, 0.0 ], [ 110.996157697757496, -6.848705765460938, 0.0 ], [ 110.995165472261903, -6.848258809634101, 0.0 ], [ 110.995183627964906, -6.84808033378649, 0.0 ], [ 110.995316319169802, -6.847171598523199, 0.0 ], [ 110.9945867254728, -6.846918020781768, 0.0 ], [ 110.993799473403598, -6.846869237278459, 0.0 ], [ 110.993121247078903, -6.846773952830005, 0.0 ], [ 110.993014486923599, -6.847209011410895, 0.0 ], [ 110.992443122205003, -6.847051681346752, 0.0 ], [ 110.991865281654995, -6.846995002183762, 0.0 ], [ 110.991511236042797, -6.846997608127456, 0.0 ], [ 110.991263983484899, -6.847334796876573, 0.0 ], [ 110.991049903623505, -6.847815884129911, 0.0 ], [ 110.990758579184003, -6.848006690748321, 0.0 ], [ 110.990279296653597, -6.847965026402747, 0.0 ], [ 110.989652828826294, -6.847810605698538, 0.0 ], [ 110.989127796296302, -6.847808835542389, 0.0 ], [ 110.988137313789096, -6.847906192708139, 0.0 ], [ 110.987670195174005, -6.84790506941241, 0.0 ], [ 110.986860410063301, -6.847566343069749, 0.0 ], [ 110.985833110249203, -6.847274796110755, 0.0 ], [ 110.985000102630707, -6.846886601542391, 0.0 ], [ 110.984194563938502, -6.846654191220527, 0.0 ], [ 110.983515379200696, -6.846395872409032, 0.0 ], [ 110.983363690849799, -6.84600157459289, 0.0 ], [ 110.9834824915864, -6.845702174142999, 0.0 ], [ 110.983593483258701, -6.845328593757889, 0.0 ], [ 110.983779459607305, -6.844550115188841, 0.0 ], [ 110.983772093187497, -6.843889880680351, 0.0 ], [ 110.983738515137205, -6.843174591920264, 0.0 ], [ 110.9836998438862, -6.842607413870962, 0.0 ], [ 110.983206447389406, -6.842293822493156, 0.0 ], [ 110.982322998626003, -6.841953965623681, 0.0 ], [ 110.982380429607304, -6.842180492211311, 0.0 ], [ 110.982522359398303, -6.842261004667691, 0.0 ], [ 110.983142013, -6.842443752582117, 0.0 ], [ 110.9834744175336, -6.842792941732964, 0.0 ], [ 110.983503577571895, -6.843650204186053, 0.0 ], [ 110.983606118634995, -6.844302644015459, 0.0 ], [ 110.983445789472896, -6.844952994378004, 0.0 ], [ 110.983239575622093, -6.845305943447168, 0.0 ], [ 110.983128154798706, -6.84581266498019, 0.0 ], [ 110.98315390434, -6.846251166608177, 0.0 ], [ 110.983321130832493, -6.846563894470979, 0.0 ], [ 110.983647420539199, -6.846816956308825, 0.0 ], [ 110.984066208910804, -6.8469178467154, 0.0 ], [ 110.984567505650105, -6.847054309481432, 0.0 ], [ 110.985824628669505, -6.847456971835245, 0.0 ], [ 110.986163662365698, -6.847584552944205, 0.0 ], [ 110.986645242703602, -6.84779699719226, 0.0 ], [ 110.987159890795198, -6.847914159390723, 0.0 ], [ 110.987800288119999, -6.848093223645123, 0.0 ], [ 110.988421398365901, -6.848022118616758, 0.0 ], [ 110.988763784182694, -6.848030080626367, 0.0 ], [ 110.9891813074628, -6.848019528648568, 0.0 ], [ 110.989209872613799, -6.848019205911083, 0.0 ], [ 110.989388707670699, -6.847990236910229, 0.0 ], [ 110.989784755391995, -6.848052993251218, 0.0 ], [ 110.989821523591203, -6.84806197609822, 0.0 ], [ 110.990286125326307, -6.848213122342149, 0.0 ], [ 110.990307695394804, -6.848220924482056, 0.0 ], [ 110.990688069607202, -6.848212214140331, 0.0 ], [ 110.990695249486294, -6.848212327897427, 0.0 ], [ 110.990917895831103, -6.848215291855377, 0.0 ], [ 110.991128277856404, -6.84800853507576, 0.0 ], [ 110.991473375651907, -6.847278103207339, 0.0 ], [ 110.991664213646104, -6.847068926813955, 0.0 ], [ 110.991872380039595, -6.847278049240564, 0.0 ], [ 110.9920500671913, -6.847323438106898, 0.0 ], [ 110.992553934633705, -6.847402962507355, 0.0 ], [ 110.992999569115, -6.847557114970306, 0.0 ], [ 110.992966812435995, -6.847924453163919, 0.0 ], [ 110.993225547345503, -6.848002614592573, 0.0 ], [ 110.993767764028107, -6.848267001281433, 0.0 ], [ 110.9938723062821, -6.848418345052819, 0.0 ], [ 110.993843399712503, -6.848735754517588, 0.0 ], [ 110.9940568230422, -6.848739817815257, 0.0 ], [ 110.994309838550606, -6.848837384448863, 0.0 ], [ 110.994826201613407, -6.849203150647993, 0.0 ], [ 110.995108536102094, -6.849383226501171, 0.0 ], [ 110.995392617461803, -6.849495207860485, 0.0 ], [ 110.995948670875904, -6.849686793041395, 0.0 ], [ 110.996314792704695, -6.849684590484314, 0.0 ], [ 110.996793441094297, -6.849724899442435, 0.0 ], [ 110.996905548496699, -6.849944921836648, 0.0 ], [ 110.997469203317905, -6.850211913393907, 0.0 ], [ 110.997983820890198, -6.850802849136951, 0.0 ], [ 110.998624303956703, -6.851075635607649, 0.0 ], [ 110.999298342022797, -6.851372871904278, 0.0 ], [ 110.999705603545607, -6.85159551440503, 0.0 ], [ 111.000168448706404, -6.851580979644019, 0.0 ], [ 111.000245139298201, -6.851746738595713, 0.0 ], [ 111.000198866222505, -6.852259651832139, 0.0 ], [ 111.000053229125399, -6.85321813136112, 0.0 ], [ 110.999974138086202, -6.853553223673575, 0.0 ], [ 110.999838411737002, -6.853974207704717, 0.0 ], [ 110.999724424299202, -6.854348067172981, 0.0 ], [ 110.999600642541196, -6.854700472712498, 0.0 ], [ 110.999511963147398, -6.855014417361516, 0.0 ], [ 110.999379044842598, -6.855326143261615, 0.0 ], [ 110.999365647599603, -6.854863698537828, 0.0 ], [ 110.999461326681697, -6.854108480036672, 0.0 ], [ 110.999642237221593, -6.853416047556776, 0.0 ], [ 110.999757622265307, -6.85301111724592, 0.0 ], [ 110.999777592699303, -6.852545967590069, 0.0 ], [ 110.999464286405697, -6.852550516042342, 0.0 ], [ 110.999199467258094, -6.852550399475042, 0.0 ], [ 110.999217905129797, -6.852324396961991, 0.0 ], [ 110.998754753314003, -6.852340392504963, 0.0 ], [ 110.998688787637803, -6.852742950044368, 0.0 ], [ 110.998643884602998, -6.853003247795312, 0.0 ], [ 110.998602918274003, -6.853281348548523, 0.0 ], [ 110.998608158623398, -6.853742820307768, 0.0 ], [ 110.9987459350412, -6.853687497621828, 0.0 ], [ 110.998647712936602, -6.854024140252501, 0.0 ], [ 110.9986373980704, -6.854034561168551, 0.0 ], [ 110.998613505584899, -6.854196912354548, 0.0 ], [ 110.998562240063507, -6.854671203724129, 0.0 ], [ 110.998540852621701, -6.855233915279628, 0.0 ], [ 110.998437143380301, -6.855562114195336, 0.0 ], [ 110.998403230293306, -6.855720720912458, 0.0 ], [ 110.998250300258505, -6.855759023835961, 0.0 ], [ 110.998165552731905, -6.8557705175782, 0.0 ], [ 110.998003828731498, -6.855860920736666, 0.0 ], [ 110.997929256635899, -6.856003647960637, 0.0 ], [ 110.997737463948198, -6.855943830390601, 0.0 ], [ 110.997694733929805, -6.856396500038317, 0.0 ], [ 110.997748800628599, -6.856661674539623, 0.0 ], [ 110.997617929495107, -6.856775883237638, 0.0 ], [ 110.997323658786598, -6.856846392325759, 0.0 ], [ 110.997171417168005, -6.857283376151722, 0.0 ], [ 110.997070802684604, -6.857361290903349, 0.0 ], [ 110.996809209072296, -6.857326403794501, 0.0 ], [ 110.996652359942402, -6.857640587623147, 0.0 ], [ 110.996504647523196, -6.858027278371308, 0.0 ], [ 110.996377844702494, -6.858012269979818, 0.0 ], [ 110.996244288420897, -6.857908720184087, 0.0 ], [ 110.9962885199308, -6.857546958801608, 0.0 ], [ 110.996115768699298, -6.85754521790607, 0.0 ], [ 110.995633334120001, -6.857535653470921, 0.0 ], [ 110.9956413643269, -6.857915513554592, 0.0 ], [ 110.995423075473596, -6.857893520733008, 0.0 ], [ 110.995035230242394, -6.85786104313276, 0.0 ], [ 110.994242673822299, -6.857706089918425, 0.0 ], [ 110.994172487357105, -6.857704769211301, 0.0 ], [ 110.994082165447097, -6.857734251058843, 0.0 ], [ 110.994008490992201, -6.857813088653939, 0.0 ], [ 110.993418521455197, -6.857758486568589, 0.0 ], [ 110.993123931805897, -6.857761868126906, 0.0 ], [ 110.992611784812695, -6.857839930407073, 0.0 ], [ 110.992386853290199, -6.857981177758892, 0.0 ], [ 110.992424102637898, -6.858167370432868, 0.0 ], [ 110.992502494672394, -6.858759119850279, 0.0 ], [ 110.993131262125203, -6.858718384313013, 0.0 ], [ 110.993118254327001, -6.858561731425711, 0.0 ], [ 110.993453829207496, -6.858498747279206, 0.0 ], [ 110.993465697043902, -6.858407967140504, 0.0 ], [ 110.9936684721756, -6.858480114198854, 0.0 ], [ 110.993668315787801, -6.85867247562773, 0.0 ], [ 110.993706603782599, -6.858673349913209, 0.0 ], [ 110.993712177731993, -6.858809143902845, 0.0 ], [ 110.993899701582095, -6.858870341253876, 0.0 ], [ 110.994108401058995, -6.858886512279391, 0.0 ], [ 110.994346347341406, -6.858882941324434, 0.0 ], [ 110.994409679425502, -6.858884023367581, 0.0 ], [ 110.994736152206002, -6.858948410619376, 0.0 ], [ 110.994698368329097, -6.859088861369511, 0.0 ], [ 110.994718962685198, -6.859263761200926, 0.0 ], [ 110.994811630557805, -6.859298230084132, 0.0 ], [ 110.994924242954994, -6.859330429924055, 0.0 ], [ 110.995078027783407, -6.859432491526437, 0.0 ], [ 110.995136219086504, -6.859219121079001, 0.0 ], [ 110.995353441021194, -6.859250913096341, 0.0 ], [ 110.995516006178207, -6.85924820011003, 0.0 ], [ 110.99573540966, -6.859252250686296, 0.0 ], [ 110.995759803285694, -6.859688297414585, 0.0 ], [ 110.995873470386201, -6.859774707649768, 0.0 ], [ 110.995978682188905, -6.859737977575261, 0.0 ], [ 110.9962221829539, -6.859683634832542, 0.0 ], [ 110.996349028642101, -6.85962575299339, 0.0 ], [ 110.9966291382067, -6.859615093753951, 0.0 ], [ 110.996753950221702, -6.85974636836738, 0.0 ], [ 110.996835238448796, -6.859810952216266, 0.0 ], [ 110.9971062052322, -6.859840614443373, 0.0 ], [ 110.997120975891804, -6.860266568278607, 0.0 ], [ 110.997174042296905, -6.860294169408506, 0.0 ], [ 110.997667841891001, -6.860381898871166, 0.0 ], [ 110.997959493592901, -6.860449257664844, 0.0 ], [ 110.998135229476404, -6.860512716969209, 0.0 ], [ 110.998400271751194, -6.860601500635839, 0.0 ], [ 110.998525884255102, -6.86049421915417, 0.0 ], [ 110.998694356927302, -6.859845717749221, 0.0 ], [ 110.998765339646098, -6.859840348794565, 0.0 ], [ 110.998849923975897, -6.860052680599725, 0.0 ], [ 110.998865494001706, -6.860180287520901, 0.0 ], [ 110.999091381731205, -6.860583163427481, 0.0 ], [ 110.999493892521002, -6.861566718177821, 0.0 ], [ 110.999620341932001, -6.861840692173891, 0.0 ], [ 110.999790521479596, -6.86224234240165, 0.0 ], [ 110.999823943024893, -6.862159529017137, 0.0 ], [ 111.000079748728595, -6.861712195162307, 0.0 ], [ 111.0001385617295, -6.861712198473201, 0.0 ], [ 111.000384100116193, -6.861772632674533, 0.0 ], [ 111.000354105694996, -6.862117284687023, 0.0 ], [ 111.000405416819206, -6.862364201946305, 0.0 ], [ 111.000611486832895, -6.862413155146225, 0.0 ], [ 111.001179488566095, -6.862437918243753, 0.0 ], [ 111.001411143333996, -6.862469724822034, 0.0 ], [ 111.001491755919503, -6.862256178568705, 0.0 ], [ 111.001575835614901, -6.86203961243725, 0.0 ], [ 111.001899415282196, -6.862088139388854, 0.0 ], [ 111.002110278135206, -6.861801210601958, 0.0 ], [ 111.002396984244896, -6.861886024888828, 0.0 ], [ 111.002448644784494, -6.861808054268676, 0.0 ], [ 111.002522075002005, -6.861662949635543, 0.0 ], [ 111.002619758037497, -6.86143088812462, 0.0 ], [ 111.002784972811298, -6.861227975168758, 0.0 ], [ 111.002798150806896, -6.861049884418081, 0.0 ], [ 111.002467406374905, -6.860869891103718, 0.0 ], [ 111.002586487862601, -6.860576366529336, 0.0 ], [ 111.002766177044094, -6.860105395767193, 0.0 ], [ 111.002890893335803, -6.859796009878085, 0.0 ], [ 111.003104860591307, -6.859828099643152, 0.0 ], [ 111.003136434400304, -6.859702119500565, 0.0 ], [ 111.003195945502497, -6.859695428929782, 0.0 ], [ 111.003249199947703, -6.859416627229353, 0.0 ], [ 111.003272977647399, -6.859254196927681, 0.0 ], [ 111.003178433241999, -6.85923628423126, 0.0 ], [ 111.003449744766698, -6.858650109992741, 0.0 ], [ 111.003536330678799, -6.858504317841867, 0.0 ], [ 111.003919042392496, -6.858565721391217, 0.0 ], [ 111.004387190342399, -6.858618435272696, 0.0 ], [ 111.004981437286304, -6.858691938309057, 0.0 ], [ 111.005655178397902, -6.858749852594702, 0.0 ], [ 111.006164520154599, -6.858796823447843, 0.0 ], [ 111.006823342614894, -6.858860148086546, 0.0 ], [ 111.007200765254296, -6.858886130180526, 0.0 ], [ 111.007625676821405, -6.85890732838031, 0.0 ], [ 111.008445932859701, -6.858951541027939, 0.0 ], [ 111.008702478282899, -6.858977104948605, 0.0 ], [ 111.009022613873, -6.858990923511763, 0.0 ], [ 111.009607822725499, -6.859033848510934, 0.0 ], [ 111.010111894745904, -6.859060696957018, 0.0 ], [ 111.010276972504798, -6.859073380354686, 0.0 ], [ 111.010270183730896, -6.85928583958732, 0.0 ], [ 111.010243795212602, -6.859660403194107, 0.0 ], [ 111.010232085024896, -6.860029020112775, 0.0 ], [ 111.010243547826505, -6.860212703131328, 0.0 ], [ 111.010251745613502, -6.860597107559765, 0.0 ], [ 111.010256339236406, -6.860974339788603, 0.0 ], [ 111.010266541152106, -6.861298388189344, 0.0 ], [ 111.010524298563794, -6.861554126285016, 0.0 ], [ 111.010534970086695, -6.861637612774763, 0.0 ], [ 111.010705458685095, -6.862197818690908, 0.0 ], [ 111.010774506759603, -6.862386513950597, 0.0 ], [ 111.010884475258393, -6.862746453749245, 0.0 ], [ 111.010650302712705, -6.862710575824691, 0.0 ], [ 111.010297106434706, -6.862647796319811, 0.0 ], [ 111.009919199895293, -6.862616527347199, 0.0 ], [ 111.009610894114104, -6.862561897068548, 0.0 ], [ 111.009382003140999, -6.862502159544272, 0.0 ], [ 111.009038160028695, -6.862459412641222, 0.0 ], [ 111.008861076546793, -6.86241844917981, 0.0 ], [ 111.008908439609499, -6.862095027068559, 0.0 ], [ 111.008683831654096, -6.862050078137194, 0.0 ], [ 111.008616607635304, -6.862401783226193, 0.0 ], [ 111.008447493277501, -6.862377172375206, 0.0 ], [ 111.008064076866305, -6.86233910402498, 0.0 ], [ 111.008082190520099, -6.862202616501644, 0.0 ], [ 111.007915485719806, -6.862163128003683, 0.0 ], [ 111.007878507468604, -6.862327166863945, 0.0 ], [ 111.007267358853397, -6.862320420856432, 0.0 ], [ 111.006782317772704, -6.862290433711966, 0.0 ], [ 111.0059388778147, -6.862242658774551, 0.0 ], [ 111.005396801799805, -6.862302115763101, 0.0 ], [ 111.004662084448597, -6.862382987235921, 0.0 ], [ 111.004382191145993, -6.862707629301322, 0.0 ], [ 111.004006417206298, -6.863239063183937, 0.0 ], [ 111.003988248679804, -6.863532881673393, 0.0 ], [ 111.003864023033501, -6.864746443695688, 0.0 ], [ 111.003892777318498, -6.864861536739228, 0.0 ], [ 111.003935244718406, -6.865948117375805, 0.0 ], [ 111.003966880724903, -6.866590228592885, 0.0 ], [ 111.004002431263899, -6.867388725813171, 0.0 ], [ 111.003880999574406, -6.86800792524694, 0.0 ], [ 111.003787739647706, -6.867961339690134, 0.0 ], [ 111.003414401333998, -6.867817176203363, 0.0 ], [ 111.003268325916196, -6.867738198080219, 0.0 ], [ 111.003166055308299, -6.867466431880901, 0.0 ], [ 111.003088739315103, -6.867261505966438, 0.0 ], [ 111.003011008794999, -6.867004797464385, 0.0 ], [ 111.003101352180295, -6.866823926370478, 0.0 ], [ 111.003276813290498, -6.866532633488545, 0.0 ], [ 111.003394345507601, -6.866290792686294, 0.0 ], [ 111.003271635637404, -6.866093509930202, 0.0 ], [ 111.003162500328799, -6.86596407608914, 0.0 ], [ 111.003075723765804, -6.865780837009996, 0.0 ], [ 111.002982937679704, -6.865662233345909, 0.0 ], [ 111.002906383328593, -6.865486993453105, 0.0 ], [ 111.002817725524494, -6.865283654550316, 0.0 ], [ 111.002878951534399, -6.865087779824925, 0.0 ], [ 111.002929531051095, -6.864921715976304, 0.0 ], [ 111.003009912293606, -6.864696720858437, 0.0 ], [ 111.003082878814496, -6.864372278103173, 0.0 ], [ 111.002869079081293, -6.864150128187724, 0.0 ], [ 111.002708090663404, -6.864070924026239, 0.0 ], [ 111.002630987470496, -6.863941931634435, 0.0 ], [ 111.002395899958401, -6.863819173556612, 0.0 ], [ 111.002100340616096, -6.86366996944343, 0.0 ], [ 111.001884412360297, -6.863519487930818, 0.0 ], [ 111.001528460775006, -6.863513947834634, 0.0 ], [ 111.001361092638604, -6.863485861994024, 0.0 ], [ 111.001219248442197, -6.863425929876027, 0.0 ], [ 111.001063811402204, -6.863351672155929, 0.0 ], [ 111.000971484942994, -6.863359791710282, 0.0 ], [ 111.000856116492798, -6.863396048880214, 0.0 ], [ 111.000780593063695, -6.863375542756734, 0.0 ], [ 111.000321234308402, -6.863294842554481, 0.0 ], [ 111.000065559795601, -6.863167903811405, 0.0 ], [ 110.999883605193503, -6.86312006640202, 0.0 ], [ 110.999660662550596, -6.863122148562774, 0.0 ], [ 110.999538533435995, -6.86313003597848, 0.0 ], [ 110.999247952828696, -6.863094441338153, 0.0 ], [ 110.998929997770205, -6.862987661813599, 0.0 ], [ 110.998839825547194, -6.862673070955482, 0.0 ], [ 110.998309187616798, -6.862637309538758, 0.0 ], [ 110.997694131563094, -6.862583302817369, 0.0 ], [ 110.996886877921199, -6.862525623813491, 0.0 ], [ 110.996471348383295, -6.862468890738032, 0.0 ], [ 110.995745870091099, -6.862373721909397, 0.0 ], [ 110.994979757847801, -6.862326656693383, 0.0 ], [ 110.994120001512599, -6.862221284400567, 0.0 ], [ 110.993019677204202, -6.862149069382432, 0.0 ], [ 110.9925128668973, -6.862170304218471, 0.0 ], [ 110.992167465962794, -6.862272340205317, 0.0 ], [ 110.991944223899793, -6.862473936387497, 0.0 ], [ 110.991800350656106, -6.862687403102898, 0.0 ], [ 110.991636007036803, -6.863010762030646, 0.0 ], [ 110.991534155298098, -6.863066671175651, 0.0 ], [ 110.990802025545605, -6.862983829026243, 0.0 ], [ 110.990346539289703, -6.862836685173765, 0.0 ], [ 110.990213431352402, -6.862579761216598, 0.0 ], [ 110.990255413839904, -6.862100736042844, 0.0 ], [ 110.990342379016198, -6.861560010927826, 0.0 ], [ 110.990245704901994, -6.861488149406074, 0.0 ], [ 110.989975450750705, -6.861407874450189, 0.0 ], [ 110.989963508109994, -6.861217361227757, 0.0 ], [ 110.990009919602102, -6.860902060384889, 0.0 ], [ 110.990082469284701, -6.860171992498434, 0.0 ], [ 110.989724527421799, -6.860189379026044, 0.0 ], [ 110.989764212434196, -6.859981731761482, 0.0 ], [ 110.989766565502094, -6.85947617253242, 0.0 ], [ 110.989419601172898, -6.859384347792529, 0.0 ], [ 110.988745924921702, -6.859280962400066, 0.0 ], [ 110.9887661389062, -6.858793481806286, 0.0 ], [ 110.989018027588799, -6.8585282981987, 0.0 ], [ 110.989105598986995, -6.858040881810096, 0.0 ], [ 110.989279424396599, -6.857155018836635, 0.0 ], [ 110.989394885663103, -6.856515573784826, 0.0 ], [ 110.989267265671302, -6.856054462323237, 0.0 ], [ 110.9891293788355, -6.85531408534088, 0.0 ], [ 110.988827379422503, -6.854939171147819, 0.0 ], [ 110.988403668766495, -6.854796444302052, 0.0 ], [ 110.987539477028605, -6.854410235206337, 0.0 ], [ 110.9868236111774, -6.853983665899056, 0.0 ], [ 110.986557129928201, -6.853633152841549, 0.0 ], [ 110.986374125095296, -6.853276782149934, 0.0 ], [ 110.986223599038098, -6.852675501071834, 0.0 ], [ 110.986282503800794, -6.852338315419468, 0.0 ], [ 110.986205198170595, -6.852300341851988, 0.0 ], [ 110.985451449117306, -6.852140047463195, 0.0 ], [ 110.984585594792705, -6.851976577982489, 0.0 ], [ 110.982924456472205, -6.851760541554686, 0.0 ], [ 110.982771487458805, -6.851529770777256, 0.0 ], [ 110.982578642468894, -6.850941780623089, 0.0 ], [ 110.982418569581398, -6.850605653217992, 0.0 ], [ 110.982266303750706, -6.850166703437456, 0.0 ], [ 110.982043684414606, -6.849452114452374, 0.0 ], [ 110.981942946498506, -6.848360630094266, 0.0 ], [ 110.982110223341905, -6.847170555282952, 0.0 ], [ 110.982173102643102, -6.846696316161871, 0.0 ], [ 110.982077348518601, -6.846329241481911, 0.0 ], [ 110.982265096746403, -6.84590357538706, 0.0 ], [ 110.9825256471633, -6.845136310148511, 0.0 ], [ 110.982567666045099, -6.844632064910781, 0.0 ], [ 110.982371963435497, -6.843756062176698, 0.0 ], [ 110.982361231946498, -6.843363208373591, 0.0 ], [ 110.982212547418001, -6.841763963831669, 0.0 ], [ 110.982942770441397, -6.842085676404894, 0.0 ], [ 110.984051039209604, -6.842284709016241, 0.0 ], [ 110.985329620817396, -6.842434425337196, 0.0 ], [ 110.986319142385199, -6.842663608757058, 0.0 ], [ 110.987707345349506, -6.84300730654615, 0.0 ], [ 110.988215129977107, -6.843208884957221, 0.0 ], [ 110.988814506609302, -6.843396479755046, 0.0 ], [ 110.989513156562296, -6.843741698500458, 0.0 ], [ 110.990200124416106, -6.844041482389395, 0.0 ], [ 110.990856244780701, -6.844280325800931, 0.0 ], [ 110.991822097083798, -6.844772881292942, 0.0 ], [ 110.992395774797899, -6.845056112848619, 0.0 ], [ 110.993109685265395, -6.845404478235744, 0.0 ], [ 110.994268296794402, -6.845898643263135, 0.0 ], [ 110.995161101939502, -6.84615850782188, 0.0 ], [ 110.995598486300807, -6.846203336471801, 0.0 ], [ 110.996276842987797, -6.846113297774691, 0.0 ], [ 110.998026730817998, -6.845688692266896, 0.0 ], [ 110.998276694672896, -6.845719176816108, 0.0 ], [ 110.998390174151197, -6.845549496407467, 0.0 ], [ 110.998997111167597, -6.845533271044439, 0.0 ], [ 110.999513331207694, -6.84538264156265, 0.0 ], [ 110.9997054725266, -6.845047395215764, 0.0 ], [ 111.000268386304498, -6.845106013083222, 0.0 ], [ 111.000791507393402, -6.845206450864688, 0.0 ], [ 111.001510343624503, -6.845510486946051, 0.0 ] ] ] ] } },
{ "type": "Feature", "properties": { "Name": "CENGKALSEWU", "VILLAGES": "Cengkalsewu", "CC_4": "3318010016", "SUB_DIST": "Sukolilo", "DISTRICT": "Pati", "GID_4": "IDN.10.21_1", "AREA_HA": 140 }, "geometry": { "type": "MultiPolygon", "coordinates": [ [ [ [ 110.948500869420599, -6.912657624221541, 0.0 ], [ 110.9480390374828, -6.912905314734874, 0.0 ], [ 110.947462708129805, -6.912738091903393, 0.0 ], [ 110.947322614206399, -6.912704879918616, 0.0 ], [ 110.947044574257504, -6.912531990978932, 0.0 ], [ 110.946572458469305, -6.912227348848569, 0.0 ], [ 110.946370319463895, -6.912192754049771, 0.0 ], [ 110.946286125254602, -6.911834763059066, 0.0 ], [ 110.946526240641802, -6.911155906523295, 0.0 ], [ 110.947632179938495, -6.910028851401047, 0.0 ], [ 110.947748969845804, -6.909909740825967, 0.0 ], [ 110.948264600449306, -6.910060922670361, 0.0 ], [ 110.948565471095804, -6.908857731509937, 0.0 ], [ 110.9490062810994, -6.908992136837371, 0.0 ], [ 110.949127321300693, -6.908461235423148, 0.0 ], [ 110.948860132034497, -6.908417571000708, 0.0 ], [ 110.948882030259099, -6.908286757910854, 0.0 ], [ 110.949006014808404, -6.908308420517146, 0.0 ], [ 110.949091196494805, -6.908027177927063, 0.0 ], [ 110.948782707231302, -6.907940520018639, 0.0 ], [ 110.948845835746695, -6.907611265419304, 0.0 ], [ 110.949166117720793, -6.907676769720831, 0.0 ], [ 110.949299965360595, -6.907184236171423, 0.0 ], [ 110.949198898745493, -6.907111847245533, 0.0 ], [ 110.949240173188599, -6.906898694380236, 0.0 ], [ 110.950988742516003, -6.907281166472652, 0.0 ], [ 110.950945569567807, -6.907464620481398, 0.0 ], [ 110.951132887397094, -6.907505281721937, 0.0 ], [ 110.951247297430697, -6.907520393627122, 0.0 ], [ 110.951290461307394, -6.907340701930657, 0.0 ], [ 110.951421767347696, -6.907348177478195, 0.0 ], [ 110.951392353916404, -6.907656090687457, 0.0 ], [ 110.951750146292198, -6.907720663685444, 0.0 ], [ 110.951833574105393, -6.907677343708238, 0.0 ], [ 110.952082631566896, -6.907741291874255, 0.0 ], [ 110.952032820333201, -6.908093323960109, 0.0 ], [ 110.952442471313404, -6.908161187644837, 0.0 ], [ 110.9524838452583, -6.908016290192155, 0.0 ], [ 110.952874792941103, -6.908048353871147, 0.0 ], [ 110.952825860268504, -6.90822416699441, 0.0 ], [ 110.9539415473362, -6.908491197110036, 0.0 ], [ 110.953994468933899, -6.908823467443177, 0.0 ], [ 110.953770421798296, -6.909978940222574, 0.0 ], [ 110.954029659987199, -6.909970560225972, 0.0 ], [ 110.954125189232997, -6.910045614624057, 0.0 ], [ 110.954193585041097, -6.909598324375077, 0.0 ], [ 110.954461520844404, -6.909584730524366, 0.0 ], [ 110.954537719939793, -6.909554877898829, 0.0 ], [ 110.954440780735297, -6.908990546271758, 0.0 ], [ 110.954511664707496, -6.908658171201425, 0.0 ], [ 110.954782645860703, -6.908694323500158, 0.0 ], [ 110.954750853469506, -6.90859905351007, 0.0 ], [ 110.95454456265, -6.908389448062144, 0.0 ], [ 110.954555345762699, -6.9081093930673, 0.0 ], [ 110.954683911941501, -6.907040939382738, 0.0 ], [ 110.954133737309405, -6.906937910876701, 0.0 ], [ 110.953240860409394, -6.906730339262401, 0.0 ], [ 110.952627372355494, -6.90655591234696, 0.0 ], [ 110.951933829854298, -6.90605422859164, 0.0 ], [ 110.951596163883295, -6.905855409990179, 0.0 ], [ 110.951452672553003, -6.905281295067744, 0.0 ], [ 110.951680278282595, -6.905156125258639, 0.0 ], [ 110.951933339075495, -6.905441954053592, 0.0 ], [ 110.952023695143097, -6.905524224479378, 0.0 ], [ 110.952592424219901, -6.90553802684069, 0.0 ], [ 110.953132574864696, -6.905623780005036, 0.0 ], [ 110.953231857300807, -6.905224578636028, 0.0 ], [ 110.953064885267693, -6.904673015168633, 0.0 ], [ 110.953089437205904, -6.904266293677331, 0.0 ], [ 110.953217557574803, -6.903533336839352, 0.0 ], [ 110.951881518763699, -6.903066619186955, 0.0 ], [ 110.950318064327305, -6.902500355939232, 0.0 ], [ 110.950247722939807, -6.90264985753485, 0.0 ], [ 110.949931399379906, -6.902596076890889, 0.0 ], [ 110.949843415387406, -6.902720751637053, 0.0 ], [ 110.949743136523296, -6.902749419758398, 0.0 ], [ 110.949620892827895, -6.902749022607627, 0.0 ], [ 110.949116443879603, -6.90258195873344, 0.0 ], [ 110.949023188883402, -6.902879925149314, 0.0 ], [ 110.948898503408998, -6.90288366797988, 0.0 ], [ 110.948884670568503, -6.903103423340344, 0.0 ], [ 110.948959667801503, -6.903232599435534, 0.0 ], [ 110.949215130865696, -6.90352687630665, 0.0 ], [ 110.949639019513199, -6.90381801506215, 0.0 ], [ 110.949410215632597, -6.904754515925684, 0.0 ], [ 110.949199414426104, -6.904695106137876, 0.0 ], [ 110.949165946359599, -6.904543128387604, 0.0 ], [ 110.949119229808602, -6.90418611940786, 0.0 ], [ 110.949042768465901, -6.903892021756592, 0.0 ], [ 110.948934454198394, -6.903539969649253, 0.0 ], [ 110.948817137996699, -6.903158507865947, 0.0 ], [ 110.948567476924595, -6.90280928880938, 0.0 ], [ 110.948146564782803, -6.902321408646258, 0.0 ], [ 110.947907583206202, -6.902103386232286, 0.0 ], [ 110.947089889444896, -6.901742781687177, 0.0 ], [ 110.946738474556895, -6.901472529812026, 0.0 ], [ 110.946447309507505, -6.901424944153998, 0.0 ], [ 110.945969082897605, -6.901459387620433, 0.0 ], [ 110.945362814371094, -6.901164114755445, 0.0 ], [ 110.945171944540505, -6.900187018006864, 0.0 ], [ 110.945484427172602, -6.899340093005938, 0.0 ], [ 110.946435870308406, -6.899050591554135, 0.0 ], [ 110.947207754277798, -6.899293148444061, 0.0 ], [ 110.947680626655, -6.899519937629043, 0.0 ], [ 110.948132227915707, -6.899488414905352, 0.0 ], [ 110.948648921895298, -6.898977243123628, 0.0 ], [ 110.949441868555397, -6.898526178324397, 0.0 ], [ 110.950519006167596, -6.898204422752598, 0.0 ], [ 110.950786908432406, -6.897755298304467, 0.0 ], [ 110.9508408833197, -6.89733500960729, 0.0 ], [ 110.951625582394499, -6.896495509660168, 0.0 ], [ 110.951801458977101, -6.896102697248417, 0.0 ], [ 110.951650189175396, -6.895668930383849, 0.0 ], [ 110.951172039339795, -6.895124953965334, 0.0 ], [ 110.9511074603613, -6.894622240328771, 0.0 ], [ 110.951358983710307, -6.894148607335963, 0.0 ], [ 110.952158338633495, -6.893958952638176, 0.0 ], [ 110.952239748818698, -6.893971891316638, 0.0 ], [ 110.953029625125694, -6.894297395695049, 0.0 ], [ 110.953323102214, -6.894372120234234, 0.0 ], [ 110.953665294839894, -6.894439331436947, 0.0 ], [ 110.954164567625995, -6.894577344001518, 0.0 ], [ 110.954889359660399, -6.894891755604925, 0.0 ], [ 110.955277250907997, -6.896065011194088, 0.0 ], [ 110.955125341817094, -6.896711512738535, 0.0 ], [ 110.955496044594796, -6.897503143137841, 0.0 ], [ 110.9559193796389, -6.898245585750858, 0.0 ], [ 110.956082501381701, -6.899442689510178, 0.0 ], [ 110.956802950398895, -6.900899698052402, 0.0 ], [ 110.957549963645803, -6.901370112944176, 0.0 ], [ 110.957982359364394, -6.901383780420941, 0.0 ], [ 110.958664543761799, -6.901427798693409, 0.0 ], [ 110.959479740168405, -6.901468138868473, 0.0 ], [ 110.959456837751006, -6.902108791344253, 0.0 ], [ 110.959101856222006, -6.902133085075093, 0.0 ], [ 110.958983290393604, -6.902513183259571, 0.0 ], [ 110.958846115851799, -6.902557946575, 0.0 ], [ 110.958831877338895, -6.903066832964732, 0.0 ], [ 110.958848769528899, -6.903203844138465, 0.0 ], [ 110.959230125036598, -6.903250969215442, 0.0 ], [ 110.959589097233902, -6.903288379951633, 0.0 ], [ 110.959825942728301, -6.90333573088042, 0.0 ], [ 110.960146635396399, -6.903403006436836, 0.0 ], [ 110.960551874254705, -6.903480018815144, 0.0 ], [ 110.960908124283193, -6.90360126071544, 0.0 ], [ 110.960917841214297, -6.903698376491287, 0.0 ], [ 110.961056066814095, -6.90374038919143, 0.0 ], [ 110.961317506696801, -6.903772110302117, 0.0 ], [ 110.961810716691502, -6.903764557354188, 0.0 ], [ 110.961827318917699, -6.904039974112339, 0.0 ], [ 110.962085354634198, -6.904043681750591, 0.0 ], [ 110.962062461077906, -6.904465273232714, 0.0 ], [ 110.962295760187601, -6.904467170080252, 0.0 ], [ 110.962455436594198, -6.904538970858117, 0.0 ], [ 110.962423553232199, -6.904847871301929, 0.0 ], [ 110.962692352848507, -6.904844113843501, 0.0 ], [ 110.962759657621802, -6.905084478375103, 0.0 ], [ 110.962848074261601, -6.905524360068785, 0.0 ], [ 110.962782840409005, -6.905680695235975, 0.0 ], [ 110.962495203089802, -6.90566104093007, 0.0 ], [ 110.962320409710003, -6.905485964190151, 0.0 ], [ 110.962237168486695, -6.905472514361617, 0.0 ], [ 110.962044148798299, -6.905472357930255, 0.0 ], [ 110.961839653211996, -6.905465995001602, 0.0 ], [ 110.961754264780495, -6.905510540304271, 0.0 ], [ 110.961745562004296, -6.905586805763367, 0.0 ], [ 110.961563551719905, -6.90558719694996, 0.0 ], [ 110.961445693084599, -6.905565092032393, 0.0 ], [ 110.961401541067502, -6.905506072621152, 0.0 ], [ 110.961397088768095, -6.905390217089649, 0.0 ], [ 110.961113197050807, -6.905332426136283, 0.0 ], [ 110.960685006670303, -6.905322116307381, 0.0 ], [ 110.960486555176701, -6.905311013866505, 0.0 ], [ 110.960344572432902, -6.905276763953437, 0.0 ], [ 110.960045060244695, -6.905287914191687, 0.0 ], [ 110.960032278397406, -6.905215812953172, 0.0 ], [ 110.960102052062496, -6.904350969756236, 0.0 ], [ 110.960120253774306, -6.904108981690436, 0.0 ], [ 110.9599506212504, -6.903733846539657, 0.0 ], [ 110.959905900623895, -6.903647948931126, 0.0 ], [ 110.959878773479403, -6.903394131394993, 0.0 ], [ 110.959217712935001, -6.903289542012818, 0.0 ], [ 110.959139656315799, -6.903978470015133, 0.0 ], [ 110.959327363797698, -6.904203508986788, 0.0 ], [ 110.959287175966395, -6.904602803229719, 0.0 ], [ 110.959147015814295, -6.904639452651948, 0.0 ], [ 110.958885076590306, -6.904560902160513, 0.0 ], [ 110.958454688350002, -6.904487656045389, 0.0 ], [ 110.958205232767497, -6.904559241011267, 0.0 ], [ 110.958076596238001, -6.90450385828747, 0.0 ], [ 110.957937352427805, -6.904478401880841, 0.0 ], [ 110.9577933284734, -6.904536556249696, 0.0 ], [ 110.957631838813796, -6.904504668682386, 0.0 ], [ 110.957544625969504, -6.904504033476505, 0.0 ], [ 110.957516001766706, -6.904586677615677, 0.0 ], [ 110.957239802981803, -6.904554048325849, 0.0 ], [ 110.957195123102395, -6.904911917203147, 0.0 ], [ 110.956933374867404, -6.904882018509209, 0.0 ], [ 110.9567120108469, -6.904878689276385, 0.0 ], [ 110.956522149275003, -6.904878260899266, 0.0 ], [ 110.956512049680001, -6.904720624357339, 0.0 ], [ 110.956506594290801, -6.904672084989442, 0.0 ], [ 110.956346151002904, -6.904681128481851, 0.0 ], [ 110.956339117170302, -6.904782756124956, 0.0 ], [ 110.956291198623205, -6.904782501484665, 0.0 ], [ 110.956214344756404, -6.904782829985892, 0.0 ], [ 110.956194531540106, -6.904610829982929, 0.0 ], [ 110.955935615536305, -6.904611858898893, 0.0 ], [ 110.955877237036901, -6.904865401223355, 0.0 ], [ 110.955577984956605, -6.904864009982382, 0.0 ], [ 110.955523907153704, -6.905125593756261, 0.0 ], [ 110.955155741879494, -6.90511831600177, 0.0 ], [ 110.955168193785994, -6.904944202863219, 0.0 ], [ 110.954956491572204, -6.904946872405402, 0.0 ], [ 110.954946548216597, -6.905136509753254, 0.0 ], [ 110.954857590295802, -6.905231436654895, 0.0 ], [ 110.954784962810905, -6.90648482486862, 0.0 ], [ 110.955041338240093, -6.906557749706195, 0.0 ], [ 110.955173309274201, -6.906040199165379, 0.0 ], [ 110.955472155458295, -6.906070534866516, 0.0 ], [ 110.955725260588693, -6.906148662420526, 0.0 ], [ 110.955701118532104, -6.906388193766493, 0.0 ], [ 110.955922935435296, -6.906549487970099, 0.0 ], [ 110.956019689493303, -6.90660792851616, 0.0 ], [ 110.955977834974107, -6.906767298156948, 0.0 ], [ 110.955792020308607, -6.906774795776927, 0.0 ], [ 110.955706839328997, -6.907371982744505, 0.0 ], [ 110.955517993745104, -6.907337450551252, 0.0 ], [ 110.955585032232193, -6.90703780091413, 0.0 ], [ 110.955390654184498, -6.906960434333009, 0.0 ], [ 110.955332132113995, -6.906789586406709, 0.0 ], [ 110.9551014895073, -6.906735744656548, 0.0 ], [ 110.954772655423895, -6.906702385011271, 0.0 ], [ 110.954660300635098, -6.907693447248282, 0.0 ], [ 110.954602393702601, -6.908295888832678, 0.0 ], [ 110.954750294847003, -6.90852423697832, 0.0 ], [ 110.954839408782206, -6.908690975556221, 0.0 ], [ 110.955168756944403, -6.908993515604136, 0.0 ], [ 110.955364756372305, -6.90912357590861, 0.0 ], [ 110.955761417286595, -6.90932036750932, 0.0 ], [ 110.955858997265295, -6.909595286113971, 0.0 ], [ 110.955872594826104, -6.910269033710756, 0.0 ], [ 110.955868776922003, -6.910378094346705, 0.0 ], [ 110.955386670595601, -6.91017042463402, 0.0 ], [ 110.955267062450602, -6.910382015079651, 0.0 ], [ 110.955098605048207, -6.910363706134142, 0.0 ], [ 110.955004901617599, -6.910813931869415, 0.0 ], [ 110.955573211274299, -6.911004842427378, 0.0 ], [ 110.9556481470553, -6.911010523936993, 0.0 ], [ 110.955897493624306, -6.911341058913923, 0.0 ], [ 110.955881946408297, -6.911397493132727, 0.0 ], [ 110.955139199821602, -6.911309327043011, 0.0 ], [ 110.954833311905702, -6.911255526023941, 0.0 ], [ 110.954540854902902, -6.910788028829068, 0.0 ], [ 110.9541624201307, -6.910171759549517, 0.0 ], [ 110.954050635370393, -6.910021245651611, 0.0 ], [ 110.954010296415902, -6.910000544086468, 0.0 ], [ 110.953802621700106, -6.910002036662335, 0.0 ], [ 110.953605777776005, -6.910028892451066, 0.0 ], [ 110.953299837839694, -6.910050740493339, 0.0 ], [ 110.953118872110693, -6.91008234686883, 0.0 ], [ 110.953122432282001, -6.910201508449748, 0.0 ], [ 110.953165783287204, -6.910362309685757, 0.0 ], [ 110.953200751306397, -6.91053246005821, 0.0 ], [ 110.953142933122095, -6.910658420853691, 0.0 ], [ 110.953082524944406, -6.911092353787526, 0.0 ], [ 110.952998868888599, -6.911587240009646, 0.0 ], [ 110.952651681265394, -6.911619892338041, 0.0 ], [ 110.951716598842395, -6.911689189556339, 0.0 ], [ 110.951157596487505, -6.911725575615612, 0.0 ], [ 110.950783313175904, -6.911811756052728, 0.0 ], [ 110.950107290306505, -6.912268370641141, 0.0 ], [ 110.9499491589211, -6.912298014658703, 0.0 ], [ 110.949566785064107, -6.912339493902299, 0.0 ], [ 110.949185400037607, -6.91240987991422, 0.0 ], [ 110.9489159900034, -6.912450752479614, 0.0 ], [ 110.948500869420599, -6.912657624221541, 0.0 ] ] ] ] } },
{ "type": "Feature", "properties": { "Name": "GADUDERO", "VILLAGES": "Gadudero", "CC_4": "3318010009", "SUB_DIST": "Sukolilo", "DISTRICT": "Pati", "GID_4": "IDN.10.21.15.4_1", "AREA_HA": 572 }, "geometry": { "type": "MultiPolygon", "coordinates": [ [ [ [ 110.917098580860497, -6.870612164672769, 0.0 ], [ 110.9170430960868, -6.869171176843115, 0.0 ], [ 110.920758382446706, -6.867901644302175, 0.0 ], [ 110.920900409108498, -6.869657666908019, 0.0 ], [ 110.920932722863995, -6.869783732500407, 0.0 ], [ 110.920855525776801, -6.870260005726825, 0.0 ], [ 110.920954665064798, -6.870959098754438, 0.0 ], [ 110.921077581473398, -6.871110559012475, 0.0 ], [ 110.921834548790002, -6.871002768238453, 0.0 ], [ 110.923067486875894, -6.870833578904969, 0.0 ], [ 110.923204320842302, -6.87081862717883, 0.0 ], [ 110.9233053980645, -6.871230361360126, 0.0 ], [ 110.923453757136599, -6.871237327605199, 0.0 ], [ 110.924190235029201, -6.871103486367566, 0.0 ], [ 110.924313331467403, -6.871053376384562, 0.0 ], [ 110.924233824536003, -6.870287603365085, 0.0 ], [ 110.924182032998104, -6.869661819322378, 0.0 ], [ 110.926450418817893, -6.868945649175193, 0.0 ], [ 110.926860672105406, -6.870182323189826, 0.0 ], [ 110.927064585419103, -6.870756355126462, 0.0 ], [ 110.927311157644098, -6.872784247024336, 0.0 ], [ 110.927650965510495, -6.875232915485553, 0.0 ], [ 110.926763456852896, -6.87549313605301, 0.0 ], [ 110.926796370672804, -6.875608316110329, 0.0 ], [ 110.927710830529307, -6.875390419844643, 0.0 ], [ 110.927888106496496, -6.876976345385397, 0.0 ], [ 110.927714117782202, -6.878411888856062, 0.0 ], [ 110.927502871470907, -6.880221057401603, 0.0 ], [ 110.9273922820054, -6.881017235101316, 0.0 ], [ 110.927452217028403, -6.883525948042784, 0.0 ], [ 110.927478400036406, -6.884564966402348, 0.0 ], [ 110.927572965145998, -6.887344224567165, 0.0 ], [ 110.927805779047105, -6.88986083432555, 0.0 ], [ 110.927977890493594, -6.891904627456999, 0.0 ], [ 110.928050104411099, -6.892891575913645, 0.0 ], [ 110.928131658234193, -6.894527526935863, 0.0 ], [ 110.929152378460302, -6.894478387570554, 0.0 ], [ 110.929172222124393, -6.894624682440074, 0.0 ], [ 110.929407508864202, -6.895834079482624, 0.0 ], [ 110.9303992004794, -6.895778967961737, 0.0 ], [ 110.930448353121903, -6.896822389165159, 0.0 ], [ 110.930301415333503, -6.897023906742569, 0.0 ], [ 110.9299893925634, -6.897247251750591, 0.0 ], [ 110.929592234454603, -6.897433662027667, 0.0 ], [ 110.9293880191737, -6.897461320304284, 0.0 ], [ 110.928763539918606, -6.897908604792302, 0.0 ], [ 110.928150751776698, -6.898193302564336, 0.0 ], [ 110.927793181689097, -6.898324366525477, 0.0 ], [ 110.9273417622707, -6.89834122006535, 0.0 ], [ 110.926870710601506, -6.89847951032068, 0.0 ], [ 110.926580448707099, -6.898490410413212, 0.0 ], [ 110.926364777785196, -6.898533777545928, 0.0 ], [ 110.926050772284697, -6.898682654013585, 0.0 ], [ 110.925682394199697, -6.898910655848637, 0.0 ], [ 110.925177702050505, -6.899147444867355, 0.0 ], [ 110.924759044676605, -6.899306042538813, 0.0 ], [ 110.924529412557405, -6.899236826860569, 0.0 ], [ 110.924367558589296, -6.899030311333109, 0.0 ], [ 110.924170696228799, -6.898002073194509, 0.0 ], [ 110.9240795189598, -6.897415379136347, 0.0 ], [ 110.924233647535303, -6.89639318351583, 0.0 ], [ 110.924213245922303, -6.895984186389907, 0.0 ], [ 110.924395855655703, -6.895264008266025, 0.0 ], [ 110.924496186833295, -6.894961360888503, 0.0 ], [ 110.924427156385804, -6.894390097204769, 0.0 ], [ 110.924251112133007, -6.893864298666934, 0.0 ], [ 110.924140702758606, -6.893431542393773, 0.0 ], [ 110.924097227378496, -6.893079319375224, 0.0 ], [ 110.923914172532406, -6.892562693093135, 0.0 ], [ 110.923922563705503, -6.892294594024316, 0.0 ], [ 110.923921647044693, -6.891929339795008, 0.0 ], [ 110.923937695332299, -6.891586725312103, 0.0 ], [ 110.924337228901507, -6.890973232168078, 0.0 ], [ 110.924494647538694, -6.890636635676399, 0.0 ], [ 110.924641722728694, -6.890376346787446, 0.0 ], [ 110.924699235690895, -6.889896546620784, 0.0 ], [ 110.924709374052298, -6.889391035912584, 0.0 ], [ 110.9247923324737, -6.888720011941693, 0.0 ], [ 110.924913992756302, -6.888097532260217, 0.0 ], [ 110.9250215805435, -6.88764534385303, 0.0 ], [ 110.925156763987701, -6.887217765944009, 0.0 ], [ 110.925243832091198, -6.88698389732644, 0.0 ], [ 110.925444906581205, -6.886371912352334, 0.0 ], [ 110.925316535484896, -6.885096832563097, 0.0 ], [ 110.925215619854797, -6.884336181872328, 0.0 ], [ 110.925025273331698, -6.883220923442734, 0.0 ], [ 110.925067439582705, -6.882656812192403, 0.0 ], [ 110.925256375503096, -6.882135288765613, 0.0 ], [ 110.9253528317617, -6.881937642436917, 0.0 ], [ 110.925350547775494, -6.881379369259508, 0.0 ], [ 110.925290965770301, -6.8803727805712, 0.0 ], [ 110.925167855282993, -6.879184059993253, 0.0 ], [ 110.925107497830197, -6.877986136773685, 0.0 ], [ 110.925086996862404, -6.87765012033447, 0.0 ], [ 110.924997809613004, -6.877452443275155, 0.0 ], [ 110.924964381995494, -6.876920543561507, 0.0 ], [ 110.924957899419795, -6.876374152782887, 0.0 ], [ 110.924714859006599, -6.874793935346968, 0.0 ], [ 110.924535948515299, -6.872906996801969, 0.0 ], [ 110.9244544832287, -6.871942106705572, 0.0 ], [ 110.924334671081795, -6.871252167778326, 0.0 ], [ 110.924108408536, -6.871252163368307, 0.0 ], [ 110.9243620992779, -6.872887002972537, 0.0 ], [ 110.924546594964895, -6.874591881722918, 0.0 ], [ 110.924780779456299, -6.87625073070167, 0.0 ], [ 110.924883341020802, -6.877335054635199, 0.0 ], [ 110.924970465874694, -6.877698797401319, 0.0 ], [ 110.925019607261902, -6.878175540629063, 0.0 ], [ 110.925025476658405, -6.878874344811018, 0.0 ], [ 110.925083136569896, -6.879977922592026, 0.0 ], [ 110.925154311083801, -6.881141123688943, 0.0 ], [ 110.925175589667901, -6.881737310496338, 0.0 ], [ 110.925032842314906, -6.882249234118704, 0.0 ], [ 110.924897197060204, -6.882764595764884, 0.0 ], [ 110.9248829183406, -6.883313588353367, 0.0 ], [ 110.9249872394401, -6.884337169086702, 0.0 ], [ 110.9251541029587, -6.88521502958226, 0.0 ], [ 110.925253217990402, -6.886370461834453, 0.0 ], [ 110.925215198470497, -6.886587496617905, 0.0 ], [ 110.924943230766004, -6.887307604316739, 0.0 ], [ 110.924704957949601, -6.888149819809325, 0.0 ], [ 110.924624177052394, -6.888952306406874, 0.0 ], [ 110.924543847092806, -6.889825829087288, 0.0 ], [ 110.924579147824105, -6.890284993708664, 0.0 ], [ 110.924480957158195, -6.890463638661902, 0.0 ], [ 110.924049686269399, -6.891115505185287, 0.0 ], [ 110.923845302278394, -6.891415645771338, 0.0 ], [ 110.923767775362904, -6.891996157804635, 0.0 ], [ 110.923748270398804, -6.892435894411255, 0.0 ], [ 110.923793263267797, -6.892710314025921, 0.0 ], [ 110.923933135373105, -6.893033541267446, 0.0 ], [ 110.924038635475895, -6.893643673248765, 0.0 ], [ 110.924157447022694, -6.894102783752698, 0.0 ], [ 110.924283833292506, -6.89445216039918, 0.0 ], [ 110.924298670937603, -6.894642972240079, 0.0 ], [ 110.924293968338304, -6.895127547378681, 0.0 ], [ 110.924081105398898, -6.896064436588494, 0.0 ], [ 110.924052482225207, -6.896403425403453, 0.0 ], [ 110.924006485649699, -6.896551666445557, 0.0 ], [ 110.923919451383099, -6.897153329138907, 0.0 ], [ 110.923965351237101, -6.897723582794448, 0.0 ], [ 110.924089371620497, -6.898494432502077, 0.0 ], [ 110.924192509950402, -6.898937633551321, 0.0 ], [ 110.924180942425096, -6.899000811801298, 0.0 ], [ 110.9238235914992, -6.898802508215676, 0.0 ], [ 110.923275781949897, -6.898369110137909, 0.0 ], [ 110.922963227216997, -6.898131974011198, 0.0 ], [ 110.922786421186004, -6.898035824905305, 0.0 ], [ 110.922346710607201, -6.897975857051186, 0.0 ], [ 110.922033309521794, -6.897915273422596, 0.0 ], [ 110.921724217135704, -6.897869422747536, 0.0 ], [ 110.921486370136606, -6.897745416488109, 0.0 ], [ 110.921098717820996, -6.897340688032444, 0.0 ], [ 110.920367089637196, -6.896725088966437, 0.0 ], [ 110.919940949937597, -6.896360131907036, 0.0 ], [ 110.919497505860306, -6.896103866052613, 0.0 ], [ 110.919526344449096, -6.896312889940216, 0.0 ], [ 110.919911037158499, -6.89653780884353, 0.0 ], [ 110.9203620795397, -6.896877883045399, 0.0 ], [ 110.920879312508106, -6.897418526091705, 0.0 ], [ 110.921195986677503, -6.897673358439054, 0.0 ], [ 110.921572171455495, -6.897946258230885, 0.0 ], [ 110.921882068512303, -6.898086199690762, 0.0 ], [ 110.922195770194506, -6.89812060175774, 0.0 ], [ 110.922463226442403, -6.89816044746336, 0.0 ], [ 110.922751135288493, -6.898255957573279, 0.0 ], [ 110.923021558668495, -6.898436332183627, 0.0 ], [ 110.9234526928402, -6.898736253868962, 0.0 ], [ 110.923805654472403, -6.899009087335041, 0.0 ], [ 110.924094666870602, -6.899251727258609, 0.0 ], [ 110.924299348582295, -6.899371513213804, 0.0 ], [ 110.924654563943406, -6.899477972598139, 0.0 ], [ 110.925152190787699, -6.899376901567176, 0.0 ], [ 110.925445623379701, -6.899196336429485, 0.0 ], [ 110.925882255035305, -6.898980130821085, 0.0 ], [ 110.926382404709798, -6.898754504231672, 0.0 ], [ 110.926840371597905, -6.898637961333403, 0.0 ], [ 110.927208677314795, -6.898594371538179, 0.0 ], [ 110.927587079605104, -6.898563041535003, 0.0 ], [ 110.927921795669405, -6.898544143838202, 0.0 ], [ 110.928194985754601, -6.898429348028194, 0.0 ], [ 110.928427529517293, -6.898239173724985, 0.0 ], [ 110.928950373083197, -6.898042256314028, 0.0 ], [ 110.929447680188801, -6.897678452511474, 0.0 ], [ 110.9304357649564, -6.897203323997108, 0.0 ], [ 110.930482834641694, -6.898090416933797, 0.0 ], [ 110.930522636179006, -6.898212415380146, 0.0 ], [ 110.931011030314096, -6.898192257283251, 0.0 ], [ 110.932367940086607, -6.898219113214284, 0.0 ], [ 110.932343051239798, -6.898569316191745, 0.0 ], [ 110.931744778591593, -6.899651028726169, 0.0 ], [ 110.930887497683301, -6.901782934138825, 0.0 ], [ 110.930601656596096, -6.90262902134404, 0.0 ], [ 110.930167738881806, -6.903936293857563, 0.0 ], [ 110.929786274770294, -6.904800284556252, 0.0 ], [ 110.929378273105996, -6.906160206432676, 0.0 ], [ 110.929061436919, -6.907283710533191, 0.0 ], [ 110.928793176470904, -6.907620566747395, 0.0 ], [ 110.928287244436902, -6.907912898522572, 0.0 ], [ 110.926305018247007, -6.908419309484476, 0.0 ], [ 110.9253051930325, -6.908532959747697, 0.0 ], [ 110.923826290651604, -6.908704242137888, 0.0 ], [ 110.921892673503905, -6.909018728775561, 0.0 ], [ 110.921727098129594, -6.909018727199904, 0.0 ], [ 110.921809033118507, -6.909389190634805, 0.0 ], [ 110.922639085702102, -6.909244083867796, 0.0 ], [ 110.923619969201496, -6.909101221695752, 0.0 ], [ 110.9244762598167, -6.908960915816499, 0.0 ], [ 110.925388536399296, -6.908816925493412, 0.0 ], [ 110.925964995187698, -6.908803647637295, 0.0 ], [ 110.926817947816005, -6.908600547038289, 0.0 ], [ 110.927537230351703, -6.908389879867952, 0.0 ], [ 110.928378037833397, -6.908171179755121, 0.0 ], [ 110.928570936850605, -6.908109501893721, 0.0 ], [ 110.928409930206499, -6.910254891479145, 0.0 ], [ 110.928402090700601, -6.91169899532484, 0.0 ], [ 110.928368458186497, -6.911970892402433, 0.0 ], [ 110.929176941413601, -6.911934004739562, 0.0 ], [ 110.929173320865701, -6.912309948615061, 0.0 ], [ 110.929212086867096, -6.912315718295207, 0.0 ], [ 110.929772567923095, -6.912355938520006, 0.0 ], [ 110.930104530303197, -6.912251922123972, 0.0 ], [ 110.930143549502802, -6.912541696240584, 0.0 ], [ 110.931085284306107, -6.912709056185751, 0.0 ], [ 110.931193864540802, -6.912300250376264, 0.0 ], [ 110.932098491105094, -6.912511482682921, 0.0 ], [ 110.932229767181795, -6.912484636840027, 0.0 ], [ 110.932479841213393, -6.912471166346955, 0.0 ], [ 110.932719366492705, -6.912504778622004, 0.0 ], [ 110.9326572061576, -6.912643923052678, 0.0 ], [ 110.933425835922307, -6.912747783646742, 0.0 ], [ 110.933443850610601, -6.912862481949965, 0.0 ], [ 110.933704705724907, -6.912830842328042, 0.0 ], [ 110.933770996472603, -6.913024257363009, 0.0 ], [ 110.933910061732504, -6.913432575466326, 0.0 ], [ 110.933981550238101, -6.913650998893116, 0.0 ], [ 110.934069944672203, -6.913650997054289, 0.0 ], [ 110.934238771090506, -6.914273093489802, 0.0 ], [ 110.934424782583804, -6.914425862587299, 0.0 ], [ 110.934822465247294, -6.914641859253906, 0.0 ], [ 110.934995005580106, -6.914810109596029, 0.0 ], [ 110.935069312188205, -6.915894195896629, 0.0 ], [ 110.935138745545103, -6.917599756409107, 0.0 ], [ 110.935166404991307, -6.918088858238844, 0.0 ], [ 110.935322847176806, -6.918230775226668, 0.0 ], [ 110.935276141591402, -6.918515543451348, 0.0 ], [ 110.935066004239701, -6.919266385275883, 0.0 ], [ 110.934815330968306, -6.920157714798121, 0.0 ], [ 110.934500905907299, -6.921259724058274, 0.0 ], [ 110.934332001134393, -6.922162345999119, 0.0 ], [ 110.934167321242001, -6.923031754948916, 0.0 ], [ 110.934270103151306, -6.923340600661295, 0.0 ], [ 110.933245301844906, -6.923948378008146, 0.0 ], [ 110.932550853355195, -6.92435889074249, 0.0 ], [ 110.932448006383098, -6.924119072595482, 0.0 ], [ 110.932147735265104, -6.924138886173045, 0.0 ], [ 110.932061533975101, -6.924577036694719, 0.0 ], [ 110.931768196502802, -6.924583137170215, 0.0 ], [ 110.931657120031701, -6.924534051957205, 0.0 ], [ 110.931501938923304, -6.924546366224506, 0.0 ], [ 110.9313817693034, -6.924637869518854, 0.0 ], [ 110.931195248168706, -6.924643920799769, 0.0 ], [ 110.930527590349797, -6.924704060451529, 0.0 ], [ 110.930123671812794, -6.924739838605007, 0.0 ], [ 110.930027369983705, -6.924828297735863, 0.0 ], [ 110.929922098112201, -6.924839988028475, 0.0 ], [ 110.929866792099403, -6.924839988153287, 0.0 ], [ 110.929773157049596, -6.923971764256838, 0.0 ], [ 110.929336900677697, -6.923499798856258, 0.0 ], [ 110.928533271372203, -6.922018588857619, 0.0 ], [ 110.9282717760412, -6.921560514383119, 0.0 ], [ 110.927958699768098, -6.921140745325808, 0.0 ], [ 110.9275903595058, -6.920622507337866, 0.0 ], [ 110.9271844502466, -6.920018527420064, 0.0 ], [ 110.926931269435997, -6.919743827752835, 0.0 ], [ 110.926827898818303, -6.919545701224205, 0.0 ], [ 110.926391604360802, -6.918972298636124, 0.0 ], [ 110.926197989958695, -6.918579880019557, 0.0 ], [ 110.925603612562298, -6.917794989790518, 0.0 ], [ 110.925074899740594, -6.917049917351993, 0.0 ], [ 110.924777938591006, -6.916643012086607, 0.0 ], [ 110.924542645289193, -6.916124375379813, 0.0 ], [ 110.924347183974803, -6.915678653505737, 0.0 ], [ 110.924089654749906, -6.914782548214935, 0.0 ], [ 110.923977314683, -6.91435589036189, 0.0 ], [ 110.923725656137705, -6.913803068237129, 0.0 ], [ 110.923720038447101, -6.913614793643165, 0.0 ], [ 110.923393226489395, -6.912968262173539, 0.0 ], [ 110.923165679689006, -6.912504666606422, 0.0 ], [ 110.922959264033196, -6.912213571475725, 0.0 ], [ 110.922680029954293, -6.911844255894493, 0.0 ], [ 110.922472096534193, -6.911429052893053, 0.0 ], [ 110.922205212740394, -6.9108884328513, 0.0 ], [ 110.922056234801502, -6.910626276419037, 0.0 ], [ 110.9219832559764, -6.910232196906549, 0.0 ], [ 110.921891408331604, -6.909898018703124, 0.0 ], [ 110.921725505117195, -6.909216623604905, 0.0 ], [ 110.921678877134795, -6.909068219799824, 0.0 ], [ 110.921681012335895, -6.908847543468865, 0.0 ], [ 110.921556969161401, -6.90844670626992, 0.0 ], [ 110.921446004258499, -6.907753296351834, 0.0 ], [ 110.921104325139297, -6.90698965993502, 0.0 ], [ 110.920880810847095, -6.906514411437644, 0.0 ], [ 110.920565581544693, -6.906100083598871, 0.0 ], [ 110.920448051379296, -6.905785676770577, 0.0 ], [ 110.919984588026793, -6.905049058976593, 0.0 ], [ 110.919771119205606, -6.904665324945589, 0.0 ], [ 110.919704741467001, -6.904570414566092, 0.0 ], [ 110.919595798509206, -6.904296221096339, 0.0 ], [ 110.919477944652897, -6.904085455758517, 0.0 ], [ 110.919361851614994, -6.903707409611662, 0.0 ], [ 110.919268308496896, -6.903551050270344, 0.0 ], [ 110.919169429127606, -6.903008751095671, 0.0 ], [ 110.919427896522606, -6.902246224941283, 0.0 ], [ 110.919734745921701, -6.901830508299443, 0.0 ], [ 110.920086454628304, -6.901600897808299, 0.0 ], [ 110.920315640777204, -6.900967096318123, 0.0 ], [ 110.920355867494905, -6.900336506782974, 0.0 ], [ 110.920303148832105, -6.90018864351297, 0.0 ], [ 110.920014286715897, -6.89980635922212, 0.0 ], [ 110.919851993170596, -6.899314128692591, 0.0 ], [ 110.919899687299406, -6.898879829323662, 0.0 ], [ 110.919949536802307, -6.898389845587085, 0.0 ], [ 110.919902039593794, -6.898071688401838, 0.0 ], [ 110.919704297991203, -6.897128604279002, 0.0 ], [ 110.919654246198206, -6.896785852114007, 0.0 ], [ 110.919563919717604, -6.896753114198521, 0.0 ], [ 110.919444738308599, -6.896192320321693, 0.0 ], [ 110.9194178593782, -6.895832255886358, 0.0 ], [ 110.919412115651198, -6.895127038960065, 0.0 ], [ 110.919548172480802, -6.8948760853016, 0.0 ], [ 110.919629849709096, -6.894565047933182, 0.0 ], [ 110.9195689919964, -6.894204292252377, 0.0 ], [ 110.919469098953996, -6.893723944860729, 0.0 ], [ 110.919400102072103, -6.893325628484668, 0.0 ], [ 110.919344170337496, -6.893073401935604, 0.0 ], [ 110.919280397685498, -6.892290227564761, 0.0 ], [ 110.919334885781495, -6.891465601948389, 0.0 ], [ 110.919374873999402, -6.890457248429193, 0.0 ], [ 110.919396773898598, -6.889955508795659, 0.0 ], [ 110.919392133114499, -6.889306308141437, 0.0 ], [ 110.919498754125797, -6.888513334189237, 0.0 ], [ 110.919437913384499, -6.887374967875154, 0.0 ], [ 110.919410290840304, -6.886208361483527, 0.0 ], [ 110.919371081780596, -6.884867014764312, 0.0 ], [ 110.919374954103802, -6.884141525639275, 0.0 ], [ 110.919283294559094, -6.882642401865611, 0.0 ], [ 110.919265847742096, -6.881151214924218, 0.0 ], [ 110.919276212261707, -6.879908285319945, 0.0 ], [ 110.919368586495395, -6.878651860310732, 0.0 ], [ 110.919502522854501, -6.876787814760818, 0.0 ], [ 110.919564351048393, -6.875429871220183, 0.0 ], [ 110.919643249818094, -6.874696785032314, 0.0 ], [ 110.919509148650604, -6.874036119575716, 0.0 ], [ 110.919171834005098, -6.873174644070812, 0.0 ], [ 110.918799437285401, -6.872307257100913, 0.0 ], [ 110.918529596192897, -6.871744409508903, 0.0 ], [ 110.918319995443497, -6.87146265781607, 0.0 ], [ 110.917631293793406, -6.870896105004904, 0.0 ], [ 110.917098580860497, -6.870612164672769, 0.0 ] ] ] ] } },
{ "type": "Feature", "properties": { "Name": "JATIROTO", "VILLAGES": "Jatiroto", "CC_4": "3318020008", "SUB_DIST": "Kayen", "DISTRICT": "Pati", "GID_4": "IDN.10.21.10.5_1", "AREA_HA": 678 }, "geometry": { "type": "MultiPolygon", "coordinates": [ [ [ [ 110.999335884937807, -6.903043554550965, 0.0 ], [ 110.999567639260505, -6.903069174635196, 0.0 ], [ 110.999663402190095, -6.903157318977495, 0.0 ], [ 110.999702068402897, -6.903371304595358, 0.0 ], [ 110.999702189257704, -6.903657509971764, 0.0 ], [ 110.9997580191569, -6.903989138819268, 0.0 ], [ 110.999876556928299, -6.904259541211333, 0.0 ], [ 110.999977100049804, -6.904280058360774, 0.0 ], [ 111.000640878456906, -6.904382045768132, 0.0 ], [ 111.0009961896927, -6.904382046164994, 0.0 ], [ 111.000969422497704, -6.904523170980855, 0.0 ], [ 111.001058614774706, -6.9045431762911, 0.0 ], [ 111.001371830410704, -6.904583070841287, 0.0 ], [ 111.001433998109903, -6.904809524907293, 0.0 ], [ 111.001771053977706, -6.904741127895178, 0.0 ], [ 111.001913927895103, -6.905154199403015, 0.0 ], [ 111.002221105425605, -6.905126835375583, 0.0 ], [ 111.002356383880297, -6.905314730797167, 0.0 ], [ 111.002396794318102, -6.905465111082137, 0.0 ], [ 111.002419995739501, -6.90574870308296, 0.0 ], [ 111.002389931879506, -6.905837932757226, 0.0 ], [ 111.002194962556501, -6.905959449512523, 0.0 ], [ 111.002263976219297, -6.906176957344893, 0.0 ], [ 111.002100866852004, -6.906209211901491, 0.0 ], [ 111.002000103577203, -6.906619865871584, 0.0 ], [ 111.002080416782306, -6.906722646823699, 0.0 ], [ 111.002077958852894, -6.906905152771515, 0.0 ], [ 111.001987836962002, -6.907064737958027, 0.0 ], [ 111.001796897447903, -6.907084515853095, 0.0 ], [ 111.001741026904796, -6.907462719280351, 0.0 ], [ 111.0018427160242, -6.907585724070548, 0.0 ], [ 111.0018393835404, -6.907781300240732, 0.0 ], [ 111.001768366489998, -6.908045217901281, 0.0 ], [ 111.001802626782606, -6.908125708340392, 0.0 ], [ 111.0019475138931, -6.908275962403533, 0.0 ], [ 111.001920115262294, -6.908441190310177, 0.0 ], [ 111.001782913836493, -6.908389317722553, 0.0 ], [ 111.001511851702006, -6.908406640172417, 0.0 ], [ 111.001302961339405, -6.908389318178632, 0.0 ], [ 111.001055160446995, -6.908441190605821, 0.0 ], [ 111.000910256773906, -6.908475617621852, 0.0 ], [ 111.000823011190107, -6.908389316865287, 0.0 ], [ 111.000777750511602, -6.908293487926122, 0.0 ], [ 111.000827173675802, -6.908185936219362, 0.0 ], [ 111.000935968792305, -6.908087290467847, 0.0 ], [ 111.000984032193301, -6.907964388410266, 0.0 ], [ 111.001113786924606, -6.907721462472738, 0.0 ], [ 111.000988849065095, -6.907545103446383, 0.0 ], [ 111.000939348357093, -6.907431114121669, 0.0 ], [ 111.000934171496795, -6.907257497343864, 0.0 ], [ 111.001068834099001, -6.90710610971617, 0.0 ], [ 111.001260875391495, -6.906891794238246, 0.0 ], [ 111.001443258001601, -6.906734487076776, 0.0 ], [ 111.001458262818801, -6.906565638742794, 0.0 ], [ 111.001475152610197, -6.906375579908517, 0.0 ], [ 111.001446449011496, -6.906106993515683, 0.0 ], [ 111.001386182974898, -6.905772995334905, 0.0 ], [ 111.001327156555504, -6.905573717898418, 0.0 ], [ 111.001083454758202, -6.905175050322408, 0.0 ], [ 111.0009867775007, -6.904849189710086, 0.0 ], [ 111.000728424792996, -6.904713930518464, 0.0 ], [ 111.000530230097198, -6.90471392947976, 0.0 ], [ 111.000297566965997, -6.904713927830228, 0.0 ], [ 111.000100265036906, -6.904668425324396, 0.0 ], [ 110.999916657188194, -6.904500224708918, 0.0 ], [ 110.999665962141293, -6.904449268904099, 0.0 ], [ 110.999500496158703, -6.904500225243813, 0.0 ], [ 110.999178187988306, -6.904550910618084, 0.0 ], [ 110.998916098385905, -6.904517149064597, 0.0 ], [ 110.998636418393403, -6.904483267147825, 0.0 ], [ 110.998279421690697, -6.904466279092399, 0.0 ], [ 110.998163814368894, -6.90378859107854, 0.0 ], [ 110.998096551103103, -6.903464428385673, 0.0 ], [ 110.998104646259904, -6.903021905057707, 0.0 ], [ 110.997987846115905, -6.902853401857053, 0.0 ], [ 110.997709309183406, -6.902569770175528, 0.0 ], [ 110.997558045964297, -6.902321755501756, 0.0 ], [ 110.997720421360398, -6.901923857161569, 0.0 ], [ 110.997681756194098, -6.901548863816528, 0.0 ], [ 110.997761793209193, -6.900891900460314, 0.0 ], [ 110.997750171034596, -6.900477159513134, 0.0 ], [ 110.997427229915104, -6.900373868095487, 0.0 ], [ 110.997427465729601, -6.900364850993921, 0.0 ], [ 110.997423086845501, -6.900201120612717, 0.0 ], [ 110.997361687231901, -6.899846378350381, 0.0 ], [ 110.997280812139493, -6.899439270799689, 0.0 ], [ 110.997155935416799, -6.899220186095864, 0.0 ], [ 110.996874270999896, -6.898948291764951, 0.0 ], [ 110.996791804810897, -6.8987721618985, 0.0 ], [ 110.996671328968404, -6.898293410356397, 0.0 ], [ 110.996632768823105, -6.89807544965764, 0.0 ], [ 110.9966604873308, -6.897488622762575, 0.0 ], [ 110.996583100006006, -6.896811679511939, 0.0 ], [ 110.996511610710002, -6.896447473102615, 0.0 ], [ 110.996482275010393, -6.896231868696718, 0.0 ], [ 110.996437642323002, -6.895806178143685, 0.0 ], [ 110.996316591884806, -6.89527061961811, 0.0 ], [ 110.996254532004102, -6.89496651230134, 0.0 ], [ 110.996194752791396, -6.894606948555335, 0.0 ], [ 110.996100262404994, -6.894099972237701, 0.0 ], [ 110.996052008261003, -6.893826771048724, 0.0 ], [ 110.995957656727299, -6.893535978218571, 0.0 ], [ 110.995953243721303, -6.893247951432487, 0.0 ], [ 110.995899153361407, -6.892903251293674, 0.0 ], [ 110.995708552457202, -6.892519034847549, 0.0 ], [ 110.995376638402902, -6.892174623301104, 0.0 ], [ 110.994972105019201, -6.891912980048377, 0.0 ], [ 110.994855908653406, -6.891931893936909, 0.0 ], [ 110.994186622315695, -6.891508274828548, 0.0 ], [ 110.993899172987796, -6.891396128747345, 0.0 ], [ 110.993645839307504, -6.891185620694052, 0.0 ], [ 110.993500706614796, -6.890906838908958, 0.0 ], [ 110.993480712540801, -6.890694809761027, 0.0 ], [ 110.993401908779603, -6.89033438586328, 0.0 ], [ 110.993160661684399, -6.889656748668923, 0.0 ], [ 110.992489418929694, -6.889264410087792, 0.0 ], [ 110.992066133943794, -6.88916575609091, 0.0 ], [ 110.991957459096398, -6.889099412025159, 0.0 ], [ 110.9916258137239, -6.889015818891222, 0.0 ], [ 110.991341467388906, -6.888794996061265, 0.0 ], [ 110.992054883835394, -6.888445101500765, 0.0 ], [ 110.992051814234799, -6.888647838298832, 0.0 ], [ 110.992334520420897, -6.888612886381035, 0.0 ], [ 110.992299153132194, -6.888319611448141, 0.0 ], [ 110.992626678180699, -6.888174211040218, 0.0 ], [ 110.992720942489598, -6.888247181485374, 0.0 ], [ 110.992809617033402, -6.888228990317926, 0.0 ], [ 110.993174613452794, -6.888155889290198, 0.0 ], [ 110.993195526428096, -6.887905129114155, 0.0 ], [ 110.9933169900129, -6.887857996782672, 0.0 ], [ 110.993992337880499, -6.887492442728365, 0.0 ], [ 110.993957084159604, -6.887344473386604, 0.0 ], [ 110.993877735453395, -6.887184272378863, 0.0 ], [ 110.993686969625401, -6.887184273544185, 0.0 ], [ 110.993449091970703, -6.887364327710316, 0.0 ], [ 110.993412157402503, -6.887186641988572, 0.0 ], [ 110.992328604241706, -6.887256543137184, 0.0 ], [ 110.992372613641606, -6.886562008238706, 0.0 ], [ 110.992558575130403, -6.885714825049905, 0.0 ], [ 110.992592086803, -6.885426742499239, 0.0 ], [ 110.992278868589096, -6.886122808627987, 0.0 ], [ 110.992093156726298, -6.886103274230961, 0.0 ], [ 110.992114946523898, -6.885875951547717, 0.0 ], [ 110.992008304101901, -6.885755336462739, 0.0 ], [ 110.991957967288997, -6.885602582666927, 0.0 ], [ 110.991732372407299, -6.885437159275545, 0.0 ], [ 110.991952320233295, -6.884792511155402, 0.0 ], [ 110.991813539805506, -6.884859672436513, 0.0 ], [ 110.991698608578702, -6.884440695527449, 0.0 ], [ 110.991672870639306, -6.884011949460642, 0.0 ], [ 110.990841916728797, -6.883563814769956, 0.0 ], [ 110.990367635384899, -6.883322293981121, 0.0 ], [ 110.9898935461771, -6.883302709064725, 0.0 ], [ 110.990090112863399, -6.88311492985138, 0.0 ], [ 110.990770177064903, -6.881653014954946, 0.0 ], [ 110.991293591414404, -6.880589082398754, 0.0 ], [ 110.992725463357701, -6.877525228210495, 0.0 ], [ 110.993379435660401, -6.876263891174305, 0.0 ], [ 110.994124180301597, -6.87635203184211, 0.0 ], [ 110.994244983148604, -6.876263948100357, 0.0 ], [ 110.994260258334805, -6.876406830085647, 0.0 ], [ 110.993941105825598, -6.877083832998782, 0.0 ], [ 110.993774736925403, -6.877476046234007, 0.0 ], [ 110.994200344734793, -6.877535096034944, 0.0 ], [ 110.994141943056107, -6.877839552164671, 0.0 ], [ 110.994197025330706, -6.87798356380106, 0.0 ], [ 110.994150006336895, -6.878346528129745, 0.0 ], [ 110.993955711004801, -6.87837374303893, 0.0 ], [ 110.993794904788004, -6.878400859480971, 0.0 ], [ 110.993726928297505, -6.87864931340805, 0.0 ], [ 110.993427304726197, -6.878658033107687, 0.0 ], [ 110.993339684259695, -6.878596765186866, 0.0 ], [ 110.993266872896896, -6.878596764575833, 0.0 ], [ 110.993001644960998, -6.879203651764378, 0.0 ], [ 110.993158620592695, -6.879300004872123, 0.0 ], [ 110.993268228950896, -6.87933976825705, 0.0 ], [ 110.993157986323098, -6.87969335356138, 0.0 ], [ 110.992996530054, -6.879712180567498, 0.0 ], [ 110.992969707959105, -6.879934571284942, 0.0 ], [ 110.993178860339199, -6.880034361194632, 0.0 ], [ 110.993391856384306, -6.880034362835007, 0.0 ], [ 110.993476377464205, -6.880070323989116, 0.0 ], [ 110.993398942365403, -6.880203655166461, 0.0 ], [ 110.993159794515094, -6.880115030814521, 0.0 ], [ 110.993070384882003, -6.880238807322946, 0.0 ], [ 110.993059063913705, -6.880325970799818, 0.0 ], [ 110.993245071140706, -6.880429224271333, 0.0 ], [ 110.993213285880003, -6.880498069376263, 0.0 ], [ 110.993192735875198, -6.880637441556666, 0.0 ], [ 110.993164620616099, -6.880722497479299, 0.0 ], [ 110.993368762210295, -6.880750508826124, 0.0 ], [ 110.993347047963397, -6.880860884937885, 0.0 ], [ 110.993122763105106, -6.880806026130257, 0.0 ], [ 110.993082338542905, -6.880794975452991, 0.0 ], [ 110.993022687700503, -6.880877213369064, 0.0 ], [ 110.992929271446002, -6.881222311725237, 0.0 ], [ 110.992737919995804, -6.881202137003403, 0.0 ], [ 110.992679305461195, -6.881277309976347, 0.0 ], [ 110.992687101919998, -6.88138527686937, 0.0 ], [ 110.992787627098807, -6.881394961522799, 0.0 ], [ 110.992681983790504, -6.881577385144002, 0.0 ], [ 110.992658693984694, -6.881690725586497, 0.0 ], [ 110.992633889805504, -6.881784937915912, 0.0 ], [ 110.9926453118551, -6.881887998002639, 0.0 ], [ 110.992630771935794, -6.882087337855014, 0.0 ], [ 110.992598990443, -6.882223742663217, 0.0 ], [ 110.992389353003304, -6.882143416440992, 0.0 ], [ 110.992340358007894, -6.88236566123494, 0.0 ], [ 110.992393586724106, -6.882365662213464, 0.0 ], [ 110.992343145568896, -6.882503056253015, 0.0 ], [ 110.992294288442807, -6.882636135704065, 0.0 ], [ 110.992262804924394, -6.882834562137379, 0.0 ], [ 110.992222715420397, -6.883007307059168, 0.0 ], [ 110.992168942382307, -6.882978333300998, 0.0 ], [ 110.992111558624501, -6.883167937134072, 0.0 ], [ 110.992081247190399, -6.883367276058673, 0.0 ], [ 110.992169876800901, -6.883392857749305, 0.0 ], [ 110.992157089146104, -6.883503682526118, 0.0 ], [ 110.992100620993796, -6.883606914638656, 0.0 ], [ 110.991955028092306, -6.883543294354274, 0.0 ], [ 110.991911008478297, -6.883533422983515, 0.0 ], [ 110.991850033136899, -6.883674389250003, 0.0 ], [ 110.991978029439593, -6.883721951446297, 0.0 ], [ 110.991932843113204, -6.883829361873793, 0.0 ], [ 110.991850956111406, -6.88392509748451, 0.0 ], [ 110.991795163023795, -6.883925096109298, 0.0 ], [ 110.991792768119694, -6.884170076769742, 0.0 ], [ 110.991814872107099, -6.884303706537493, 0.0 ], [ 110.992137508465504, -6.884376958555173, 0.0 ], [ 110.992349980482899, -6.883856948162418, 0.0 ], [ 110.992433130871504, -6.883907042420405, 0.0 ], [ 110.992408797530999, -6.884009874739752, 0.0 ], [ 110.992552966901698, -6.884036288335378, 0.0 ], [ 110.992600941454199, -6.883856952780912, 0.0 ], [ 110.992531360706195, -6.883806254342432, 0.0 ], [ 110.992472631303499, -6.883707749032551, 0.0 ], [ 110.992481519047303, -6.883650423270351, 0.0 ], [ 110.992620408375601, -6.883693491739542, 0.0 ], [ 110.992622449290096, -6.883577678118241, 0.0 ], [ 110.992592802425307, -6.883513627927153, 0.0 ], [ 110.992645593044699, -6.883387761474149, 0.0 ], [ 110.992986058646096, -6.883463717223074, 0.0 ], [ 110.992987600468098, -6.88297627160812, 0.0 ], [ 110.993214775738707, -6.882965075442767, 0.0 ], [ 110.993259160978695, -6.883042895349241, 0.0 ], [ 110.993317604810201, -6.883367292489299, 0.0 ], [ 110.993249921568804, -6.883626320121518, 0.0 ], [ 110.993442532875903, -6.883679214953508, 0.0 ], [ 110.993600888884302, -6.883707785977355, 0.0 ], [ 110.993817013858504, -6.883611819105107, 0.0 ], [ 110.993903192679696, -6.883660074643244, 0.0 ], [ 110.993772860434802, -6.883987777042342, 0.0 ], [ 110.993766983533106, -6.884203957986416, 0.0 ], [ 110.993719869949004, -6.884261975942388, 0.0 ], [ 110.993730949478802, -6.884399170621569, 0.0 ], [ 110.993813624986103, -6.884353853169258, 0.0 ], [ 110.993855828608204, -6.884358404371335, 0.0 ], [ 110.993797537927605, -6.884501878821715, 0.0 ], [ 110.993963087519205, -6.884528331278827, 0.0 ], [ 110.993974878152201, -6.884417189832637, 0.0 ], [ 110.994038015060497, -6.884475293591206, 0.0 ], [ 110.994100425311501, -6.88453272852895, 0.0 ], [ 110.994148921649099, -6.884598183038438, 0.0 ], [ 110.994153727116, -6.884684123004399, 0.0 ], [ 110.994273352699196, -6.884839226021018, 0.0 ], [ 110.994267462980602, -6.884896636254989, 0.0 ], [ 110.994195427860504, -6.884977470442996, 0.0 ], [ 110.994140760942699, -6.885053006789151, 0.0 ], [ 110.994193954941807, -6.885115690610624, 0.0 ], [ 110.994148236575796, -6.885185216178191, 0.0 ], [ 110.9940900308208, -6.885227196052737, 0.0 ], [ 110.993973663460295, -6.885227193470762, 0.0 ], [ 110.993911147779301, -6.885392717028563, 0.0 ], [ 110.994002568837402, -6.88552095588094, 0.0 ], [ 110.994113940269301, -6.885687092407821, 0.0 ], [ 110.994143237676298, -6.885790444660183, 0.0 ], [ 110.994068756403394, -6.885830310991731, 0.0 ], [ 110.994106551854003, -6.885978092447659, 0.0 ], [ 110.994250447558798, -6.885896057799386, 0.0 ], [ 110.994294911969803, -6.885700697515311, 0.0 ], [ 110.994308792648397, -6.885604707106185, 0.0 ], [ 110.994259536385997, -6.885492737909892, 0.0 ], [ 110.994413011828797, -6.885392725710275, 0.0 ], [ 110.994522866387399, -6.884510987416069, 0.0 ], [ 110.994357019625397, -6.884413895755026, 0.0 ], [ 110.994305815814201, -6.884418408513883, 0.0 ], [ 110.994276186103093, -6.884243993507019, 0.0 ], [ 110.994237483588705, -6.884243992852067, 0.0 ], [ 110.994054768694397, -6.884271929835045, 0.0 ], [ 110.993991081844797, -6.884262632158506, 0.0 ], [ 110.993951741186393, -6.884140217292739, 0.0 ], [ 110.993951325409697, -6.884009949162518, 0.0 ], [ 110.993984722587896, -6.883836114028273, 0.0 ], [ 110.994304043398103, -6.883955936518451, 0.0 ], [ 110.994585183994701, -6.883970728023907, 0.0 ], [ 110.994660687747597, -6.883237026230073, 0.0 ], [ 110.995032150845702, -6.883295532432347, 0.0 ], [ 110.995091103586404, -6.883219291477078, 0.0 ], [ 110.995204596082004, -6.88224744523611, 0.0 ], [ 110.995376306438899, -6.882265925769865, 0.0 ], [ 110.995431487662799, -6.882018999980765, 0.0 ], [ 110.995219795719706, -6.882002076189448, 0.0 ], [ 110.995401756531805, -6.880694034961892, 0.0 ], [ 110.995493151841799, -6.880163669942972, 0.0 ], [ 110.995731931239504, -6.880150047136249, 0.0 ], [ 110.995757721577206, -6.879945877025939, 0.0 ], [ 110.995510531656606, -6.879950605504808, 0.0 ], [ 110.995656499862804, -6.879166713041952, 0.0 ], [ 110.995897259464101, -6.878051665065811, 0.0 ], [ 110.995994420657297, -6.877621557256758, 0.0 ], [ 110.996065715074494, -6.877586665168057, 0.0 ], [ 110.996182750482603, -6.876913533981974, 0.0 ], [ 110.995965764446694, -6.876833048812253, 0.0 ], [ 110.996057784257601, -6.876530737888302, 0.0 ], [ 110.997836692431903, -6.876699656535814, 0.0 ], [ 110.998856998864696, -6.876843215887012, 0.0 ], [ 111.000087698080705, -6.877002703841186, 0.0 ], [ 111.000711778691894, -6.877088289575128, 0.0 ], [ 111.0015168854964, -6.877201392060762, 0.0 ], [ 111.001752422335997, -6.87720605025055, 0.0 ], [ 111.001738591986907, -6.877316602200397, 0.0 ], [ 111.001728199329406, -6.877379992784091, 0.0 ], [ 111.001566460900804, -6.877388983993384, 0.0 ], [ 111.001494763800693, -6.877388984041315, 0.0 ], [ 111.001477272659599, -6.877513187345704, 0.0 ], [ 111.001536840752095, -6.877561144197847, 0.0 ], [ 111.001763637076607, -6.877543758967169, 0.0 ], [ 111.0019637790638, -6.877517565600324, 0.0 ], [ 111.002127605851797, -6.87753067872361, 0.0 ], [ 111.002244163267903, -6.877608650618944, 0.0 ], [ 111.002543853459898, -6.877625809248015, 0.0 ], [ 111.002594372773402, -6.877424800438583, 0.0 ], [ 111.002988110578599, -6.877565493705101, 0.0 ], [ 111.003151689878806, -6.877608651546839, 0.0 ], [ 111.0030976520585, -6.878096927936836, 0.0 ], [ 111.0029781919486, -6.878728197781192, 0.0 ], [ 111.002861506467895, -6.879259467807555, 0.0 ], [ 111.002775531774006, -6.879620169653673, 0.0 ], [ 111.002598007090697, -6.880241635251574, 0.0 ], [ 111.002494242155606, -6.880575098540725, 0.0 ], [ 111.002323395374404, -6.881149822940139, 0.0 ], [ 111.002215205128905, -6.881473634216402, 0.0 ], [ 111.001988847480803, -6.882211881217557, 0.0 ], [ 111.001849189682005, -6.882597419571707, 0.0 ], [ 111.001750115278796, -6.882515677205504, 0.0 ], [ 111.001663841041307, -6.882352010890029, 0.0 ], [ 111.001684963479804, -6.882182983814991, 0.0 ], [ 111.001648824432493, -6.882053791578365, 0.0 ], [ 111.001413869741398, -6.882108833532515, 0.0 ], [ 111.001422704296502, -6.881947094863348, 0.0 ], [ 111.001417638061199, -6.881764424549286, 0.0 ], [ 111.001497894155705, -6.881651805282106, 0.0 ], [ 111.001582959943804, -6.88178561740961, 0.0 ], [ 111.0016973807423, -6.881796183172175, 0.0 ], [ 111.001720241768396, -6.881408132593869, 0.0 ], [ 111.001624345653795, -6.881264817391946, 0.0 ], [ 111.001547136525105, -6.881397775808007, 0.0 ], [ 111.001459993121401, -6.881422867068236, 0.0 ], [ 111.001349090672505, -6.881417858203022, 0.0 ], [ 111.001369909387194, -6.881166488595649, 0.0 ], [ 111.001596984750293, -6.881087136874398, 0.0 ], [ 111.001657966586194, -6.880946808696829, 0.0 ], [ 111.001665835151798, -6.88074078158849, 0.0 ], [ 111.001454333719295, -6.880774711681687, 0.0 ], [ 111.001363020172604, -6.88085309144579, 0.0 ], [ 111.001201666954998, -6.880880819816571, 0.0 ], [ 111.001135150158504, -6.880897390708913, 0.0 ], [ 111.001098732611695, -6.881432869520623, 0.0 ], [ 111.000829594298906, -6.881442839854198, 0.0 ], [ 111.0005548781333, -6.881502354094795, 0.0 ], [ 111.000299727256902, -6.881570944917431, 0.0 ], [ 111.000092567872102, -6.881531859581556, 0.0 ], [ 111.000052744771494, -6.881223936461544, 0.0 ], [ 110.999646959027999, -6.881171720881502, 0.0 ], [ 110.9995822335122, -6.881407808807045, 0.0 ], [ 110.999394334354406, -6.881432850667452, 0.0 ], [ 110.999484398298307, -6.881124293551705, 0.0 ], [ 110.999654298488906, -6.881113699593785, 0.0 ], [ 110.999834586183198, -6.880643512340132, 0.0 ], [ 111.000216794847205, -6.880731534669008, 0.0 ], [ 111.000254958574004, -6.880600915231639, 0.0 ], [ 111.000386775548606, -6.880556599185064, 0.0 ], [ 111.000442438094893, -6.88038452954226, 0.0 ], [ 111.0006361717044, -6.880421246990893, 0.0 ], [ 111.000602568845196, -6.880649214970808, 0.0 ], [ 111.000729278464604, -6.880675362281966, 0.0 ], [ 111.000720618980296, -6.880480348639865, 0.0 ], [ 111.000841158391594, -6.880502897068525, 0.0 ], [ 111.000833415994293, -6.880671014663879, 0.0 ], [ 111.000866686463993, -6.880752980278426, 0.0 ], [ 111.001134266811306, -6.880816735957266, 0.0 ], [ 111.001134518612602, -6.880134394422637, 0.0 ], [ 111.001116859860701, -6.880061348770499, 0.0 ], [ 111.000739472540602, -6.880041695974422, 0.0 ], [ 111.000756706820496, -6.8797843273137, 0.0 ], [ 111.000810222114296, -6.879741245167335, 0.0 ], [ 111.000801013290996, -6.879524547959257, 0.0 ], [ 111.0006152355312, -6.879460870800502, 0.0 ], [ 111.000457708880006, -6.87946086976203, 0.0 ], [ 111.000447392068395, -6.879260155120281, 0.0 ], [ 111.000477363460405, -6.879036439156381, 0.0 ], [ 111.0004898137054, -6.879051324418212, 0.0 ], [ 111.000557538784093, -6.878961378382664, 0.0 ], [ 111.000632930450607, -6.87890565155789, 0.0 ], [ 111.000651996439203, -6.878634101089815, 0.0 ], [ 111.000885187089096, -6.878601877649379, 0.0 ], [ 111.000866784688199, -6.878703275175271, 0.0 ], [ 111.001054989296307, -6.878740161859097, 0.0 ], [ 111.0010194583176, -6.878986518299793, 0.0 ], [ 111.001333500476704, -6.878971448685423, 0.0 ], [ 111.001376276753206, -6.878487584068603, 0.0 ], [ 111.001357489100798, -6.878382108649208, 0.0 ], [ 111.001223498221094, -6.878240233541008, 0.0 ], [ 111.001143067540397, -6.878147532726866, 0.0 ], [ 111.001174877700393, -6.877917992731735, 0.0 ], [ 111.0009896151075, -6.877860338455384, 0.0 ], [ 111.000881853608703, -6.877889245444818, 0.0 ], [ 111.000864315850507, -6.877797150139079, 0.0 ], [ 111.000585761246398, -6.877816673180296, 0.0 ], [ 111.000574642281904, -6.877718317706664, 0.0 ], [ 111.000535567588003, -6.87748491755004, 0.0 ], [ 111.000518835479696, -6.87722465887786, 0.0 ], [ 111.000526445378199, -6.877092545672856, 0.0 ], [ 111.000099900410902, -6.877047799586711, 0.0 ], [ 111.000074885639094, -6.877396021795838, 0.0 ], [ 111.000039407788805, -6.877633243802265, 0.0 ], [ 111.000060086452905, -6.877989162265969, 0.0 ], [ 110.9999857511757, -6.878077923337099, 0.0 ], [ 110.999853084860803, -6.878110238142203, 0.0 ], [ 110.999720450643693, -6.878091794962041, 0.0 ], [ 110.999756950725896, -6.878273249327313, 0.0 ], [ 110.999559382571903, -6.87826878900186, 0.0 ], [ 110.999618420936699, -6.878584061157755, 0.0 ], [ 110.999955872425403, -6.878629856494838, 0.0 ], [ 110.999926486001897, -6.878852463551757, 0.0 ], [ 110.999668286840304, -6.878808765257897, 0.0 ], [ 110.999671760307507, -6.878961882694151, 0.0 ], [ 110.999765916775104, -6.878985001550267, 0.0 ], [ 110.999725156755005, -6.879110121928395, 0.0 ], [ 110.999857963173099, -6.879159359619614, 0.0 ], [ 110.999841863657096, -6.879293331089431, 0.0 ], [ 110.999731055267503, -6.879301848643998, 0.0 ], [ 110.999619637722006, -6.879280521533665, 0.0 ], [ 110.999549694583393, -6.879280520481168, 0.0 ], [ 110.999436615226301, -6.879415414849029, 0.0 ], [ 110.999398560543398, -6.8796228848615, 0.0 ], [ 110.999370843883398, -6.879880569212841, 0.0 ], [ 110.999277632553301, -6.880307894376174, 0.0 ], [ 110.9992073203248, -6.880665753187561, 0.0 ], [ 110.999194668188096, -6.881045683326036, 0.0 ], [ 110.999032223920693, -6.881033203340644, 0.0 ], [ 110.999007267049507, -6.881209020862991, 0.0 ], [ 110.998541816652605, -6.881152476081645, 0.0 ], [ 110.998343628384703, -6.881115771618917, 0.0 ], [ 110.998146334488794, -6.881115768953944, 0.0 ], [ 110.997880788604405, -6.881103468105378, 0.0 ], [ 110.997851962816398, -6.881447717130316, 0.0 ], [ 110.998058239900004, -6.881440084366115, 0.0 ], [ 110.998000735624004, -6.881838428773176, 0.0 ], [ 110.997989864383996, -6.882248678580009, 0.0 ], [ 110.997991537865204, -6.882492039001108, 0.0 ], [ 110.998005959913598, -6.882691882412194, 0.0 ], [ 110.998142997987401, -6.883086131557037, 0.0 ], [ 110.998138836982093, -6.883176917014852, 0.0 ], [ 110.997969349750306, -6.883158887199144, 0.0 ], [ 110.997966328526701, -6.883286141462926, 0.0 ], [ 110.9981744155223, -6.883312584210306, 0.0 ], [ 110.9982273605942, -6.88344232900364, 0.0 ], [ 110.998192294135194, -6.883816252171932, 0.0 ], [ 110.9982178560373, -6.883957231253313, 0.0 ], [ 110.998216478758295, -6.884633248458697, 0.0 ], [ 110.998203306876107, -6.884745593267443, 0.0 ], [ 110.998079403506395, -6.884749473849897, 0.0 ], [ 110.997938940540706, -6.884741705037485, 0.0 ], [ 110.997922646264698, -6.884856626210684, 0.0 ], [ 110.998040095370996, -6.884901661609337, 0.0 ], [ 110.998007690723796, -6.88502646285419, 0.0 ], [ 110.997785042249006, -6.885101544533628, 0.0 ], [ 110.997640795554801, -6.885161244825726, 0.0 ], [ 110.997597342164397, -6.885161244156091, 0.0 ], [ 110.997546166335894, -6.885090905772792, 0.0 ], [ 110.997366893544097, -6.885140277634403, 0.0 ], [ 110.997060630547196, -6.885101532225431, 0.0 ], [ 110.997099560932597, -6.885440549431202, 0.0 ], [ 110.996862966122094, -6.885573865458995, 0.0 ], [ 110.996570884552696, -6.885714375582143, 0.0 ], [ 110.996511504116697, -6.885733498776056, 0.0 ], [ 110.996538213899399, -6.885302666952888, 0.0 ], [ 110.996464386812804, -6.885302666430253, 0.0 ], [ 110.996075098632403, -6.885319623271329, 0.0 ], [ 110.996065892950995, -6.885225463886194, 0.0 ], [ 110.995858500695803, -6.885208108693797, 0.0 ], [ 110.995813709942198, -6.885629084621029, 0.0 ], [ 110.995685881070301, -6.885632998888594, 0.0 ], [ 110.995611645375007, -6.885706679299385, 0.0 ], [ 110.995606191958998, -6.885973841093984, 0.0 ], [ 110.995416344074201, -6.885973837291223, 0.0 ], [ 110.995418602045305, -6.886319256531604, 0.0 ], [ 110.995308986626199, -6.886355266580755, 0.0 ], [ 110.995265859002501, -6.886155077281394, 0.0 ], [ 110.995055764714394, -6.886129868012491, 0.0 ], [ 110.994905713206407, -6.886121428920144, 0.0 ], [ 110.994885353257601, -6.886286928357751, 0.0 ], [ 110.994880612490903, -6.886347281405362, 0.0 ], [ 110.994776572156098, -6.886351270843432, 0.0 ], [ 110.994666517339994, -6.886335279426699, 0.0 ], [ 110.994652997678699, -6.886246178559042, 0.0 ], [ 110.994337461955396, -6.886270668455023, 0.0 ], [ 110.994308013984195, -6.886351260894909, 0.0 ], [ 110.994349645123293, -6.886457537372897, 0.0 ], [ 110.994495692862102, -6.886852235985687, 0.0 ], [ 110.994518508554805, -6.886918000801363, 0.0 ], [ 110.994743391144496, -6.886812151281815, 0.0 ], [ 110.994851595609305, -6.887117811187769, 0.0 ], [ 110.995053023549204, -6.887028612488386, 0.0 ], [ 110.995202307500605, -6.886971799115981, 0.0 ], [ 110.995174448946898, -6.886532467072248, 0.0 ], [ 110.995252047359699, -6.886532468052701, 0.0 ], [ 110.995255890430698, -6.887017318859466, 0.0 ], [ 110.995441976552897, -6.887095713423522, 0.0 ], [ 110.995560611257204, -6.88706603899756, 0.0 ], [ 110.995558521870294, -6.886890845442485, 0.0 ], [ 110.995532401797803, -6.886855631653278, 0.0 ], [ 110.995561221054501, -6.886398331215822, 0.0 ], [ 110.9957293864354, -6.886273360872806, 0.0 ], [ 110.995690185180493, -6.886666502245023, 0.0 ], [ 110.9957701565192, -6.886666502829995, 0.0 ], [ 110.995816091375801, -6.886236966535328, 0.0 ], [ 110.995946537549102, -6.886177155493866, 0.0 ], [ 110.995938959233598, -6.886424635795816, 0.0 ], [ 110.995855484895898, -6.887077197465676, 0.0 ], [ 110.996023927921101, -6.887080152825641, 0.0 ], [ 110.996313213946095, -6.887094713108135, 0.0 ], [ 110.9963435758321, -6.887098343763324, 0.0 ], [ 110.996485263283901, -6.886229010159873, 0.0 ], [ 110.996577530858303, -6.886219989719281, 0.0 ], [ 110.996575819445198, -6.886300496015711, 0.0 ], [ 110.9968340743889, -6.886287186446669, 0.0 ], [ 110.996942615463894, -6.886340181105329, 0.0 ], [ 110.997006321068895, -6.886318181801005, 0.0 ], [ 110.997060711108404, -6.886016545410641, 0.0 ], [ 110.997098856735306, -6.885594533629751, 0.0 ], [ 110.997483145368193, -6.885370491834374, 0.0 ], [ 110.997432189714701, -6.885743047606963, 0.0 ], [ 110.997669478780196, -6.885814717677577, 0.0 ], [ 110.997987315883904, -6.885841217607046, 0.0 ], [ 110.998050976152797, -6.885770185302178, 0.0 ], [ 110.998083468118494, -6.885415629202534, 0.0 ], [ 110.998327154607907, -6.885454347698282, 0.0 ], [ 110.998367637330801, -6.885267338418098, 0.0 ], [ 110.998540478467007, -6.885292399555403, 0.0 ], [ 110.998434060574496, -6.885893715148259, 0.0 ], [ 110.998587944022304, -6.885911067861428, 0.0 ], [ 110.998721198869404, -6.885312347070634, 0.0 ], [ 110.998848486726999, -6.885272359905533, 0.0 ], [ 110.998777429657295, -6.885507030821507, 0.0 ], [ 110.998914186508898, -6.885507029992931, 0.0 ], [ 110.998950190479505, -6.885444698056982, 0.0 ], [ 110.999008385437904, -6.885410763244041, 0.0 ], [ 110.999094793938696, -6.885376564385258, 0.0 ], [ 110.999120185884394, -6.885221866071256, 0.0 ], [ 110.999197480304105, -6.885237072128456, 0.0 ], [ 110.999124897567796, -6.885574900795203, 0.0 ], [ 110.999273130305099, -6.885583886202165, 0.0 ], [ 110.999375449949895, -6.885556881400022, 0.0 ], [ 110.999515545102298, -6.885610724364862, 0.0 ], [ 110.999660577012705, -6.885565906124276, 0.0 ], [ 110.999785413003195, -6.885579403257004, 0.0 ], [ 110.999739900270896, -6.885857408676123, 0.0 ], [ 110.999654967702099, -6.88587417757024, 0.0 ], [ 110.999493798498506, -6.885874175690389, 0.0 ], [ 110.999463027822799, -6.886078140215848, 0.0 ], [ 110.999815285047006, -6.886127935421233, 0.0 ], [ 110.999742706226101, -6.886157204202097, 0.0 ], [ 110.999725406307405, -6.886308483853382, 0.0 ], [ 110.999557764394694, -6.886239681584383, 0.0 ], [ 110.999510490500796, -6.886450354459543, 0.0 ], [ 110.999636288174301, -6.886465808197814, 0.0 ], [ 110.999929665139803, -6.886545943811282, 0.0 ], [ 110.999918879154606, -6.886704996755495, 0.0 ], [ 110.999837579628903, -6.886723066456091, 0.0 ], [ 110.999781305231807, -6.886871517277511, 0.0 ], [ 110.999674244775306, -6.886906004982776, 0.0 ], [ 110.999422939258807, -6.886871512899465, 0.0 ], [ 110.999403998852799, -6.887229038883431, 0.0 ], [ 110.9992427853621, -6.88729265307918, 0.0 ], [ 110.998927266593697, -6.887292648023055, 0.0 ], [ 110.998739580899894, -6.887324123039406, 0.0 ], [ 110.9986331248911, -6.88749344201501, 0.0 ], [ 110.998581465542003, -6.887690407414132, 0.0 ], [ 110.998747750965805, -6.887790375962014, 0.0 ], [ 110.998832303069193, -6.887813842006722, 0.0 ], [ 110.998920352015901, -6.887837180626279, 0.0 ], [ 110.998971304278498, -6.887961044224318, 0.0 ], [ 110.998957592443801, -6.888023870961015, 0.0 ], [ 110.998801102343293, -6.888068175721611, 0.0 ], [ 110.998653263116594, -6.888215379642318, 0.0 ], [ 110.998648318552299, -6.888361587938974, 0.0 ], [ 110.998763593335099, -6.888430740075639, 0.0 ], [ 110.998753922923896, -6.888518484269623, 0.0 ], [ 110.998754608193494, -6.88858870036653, 0.0 ], [ 110.998671437516805, -6.888627026083441, 0.0 ], [ 110.998698432963096, -6.888797596624315, 0.0 ], [ 110.998698691211303, -6.888805862389315, 0.0 ], [ 110.9987412101692, -6.888827786964301, 0.0 ], [ 110.998850510814606, -6.888705046298733, 0.0 ], [ 110.998930667438202, -6.888705047471147, 0.0 ], [ 110.999019561942106, -6.888676399141598, 0.0 ], [ 110.999073660454002, -6.888741870223273, 0.0 ], [ 110.999167491053896, -6.888775442076733, 0.0 ], [ 110.999180479356397, -6.888921734959346, 0.0 ], [ 110.999296997542999, -6.889010026691398, 0.0 ], [ 110.999365760047297, -6.889004912323895, 0.0 ], [ 110.999371920820593, -6.888761504858865, 0.0 ], [ 110.999480431011193, -6.888736240863622, 0.0 ], [ 110.999585635049996, -6.888702202705574, 0.0 ], [ 110.999657928210596, -6.888661973193299, 0.0 ], [ 110.999725125644204, -6.888588711163168, 0.0 ], [ 110.999826437460896, -6.888635812375605, 0.0 ], [ 110.9998944478764, -6.888679285094971, 0.0 ], [ 110.999870122852499, -6.888883930212551, 0.0 ], [ 110.999835414025, -6.889204631020545, 0.0 ], [ 110.999857973988597, -6.889299573124395, 0.0 ], [ 110.9999960532394, -6.889314877111439, 0.0 ], [ 111.000084503365102, -6.889245488471266, 0.0 ], [ 111.000274760967699, -6.889237694769252, 0.0 ], [ 111.0004833085397, -6.889210283250478, 0.0 ], [ 111.000564768969994, -6.889379191129168, 0.0 ], [ 111.0004930502337, -6.889625236682312, 0.0 ], [ 111.000491143569107, -6.889659979728524, 0.0 ], [ 111.000534605360599, -6.889659542846849, 0.0 ], [ 111.000739545802205, -6.889806981690993, 0.0 ], [ 111.000798393143697, -6.889993612650466, 0.0 ], [ 111.000829115366102, -6.890120785500375, 0.0 ], [ 111.001147814250302, -6.890081519576948, 0.0 ], [ 111.001185709942405, -6.889981457751009, 0.0 ], [ 111.001236914580403, -6.889870236884118, 0.0 ], [ 111.001282839137204, -6.889819715806721, 0.0 ], [ 111.001450522141994, -6.889815486567844, 0.0 ], [ 111.001476469731202, -6.889506209828926, 0.0 ], [ 111.001747289715993, -6.889417813424487, 0.0 ], [ 111.001708787209097, -6.889632928335248, 0.0 ], [ 111.001801998867293, -6.889615076923733, 0.0 ], [ 111.001868263405001, -6.889445941564869, 0.0 ], [ 111.002327305841405, -6.889551953470116, 0.0 ], [ 111.002319293254203, -6.889104779870834, 0.0 ], [ 111.002472213986593, -6.889114936515246, 0.0 ], [ 111.002479194810903, -6.888986132697774, 0.0 ], [ 111.002687764035301, -6.888975651282119, 0.0 ], [ 111.002670740339795, -6.88923489572877, 0.0 ], [ 111.002951616581299, -6.889254545468566, 0.0 ], [ 111.002970144052597, -6.889160345770788, 0.0 ], [ 111.003103933783294, -6.889220103327681, 0.0 ], [ 111.003210280886194, -6.889220102992369, 0.0 ], [ 111.003356963818206, -6.889234905147492, 0.0 ], [ 111.003429237540502, -6.8893032757368, 0.0 ], [ 111.003536328704996, -6.889225041073932, 0.0 ], [ 111.003738935016401, -6.88921515202786, 0.0 ], [ 111.003799077243002, -6.889269231327139, 0.0 ], [ 111.003747226253594, -6.889389497637863, 0.0 ], [ 111.003722404699005, -6.889556501320587, 0.0 ], [ 111.003686908358503, -6.889699153362824, 0.0 ], [ 111.003861916439405, -6.889823976208766, 0.0 ], [ 111.004005490146895, -6.889845083927031, 0.0 ], [ 111.004114869527399, -6.889720965251928, 0.0 ], [ 111.004256439924205, -6.889742671366258, 0.0 ], [ 111.004382390248907, -6.889764239930279, 0.0 ], [ 111.004347730190801, -6.889836665450647, 0.0 ], [ 111.004490546772303, -6.889911852376568, 0.0 ], [ 111.004799716222607, -6.889911849868094, 0.0 ], [ 111.004834299086397, -6.8897513094146, 0.0 ], [ 111.004875665695806, -6.889690394668583, 0.0 ], [ 111.005045840449796, -6.889699154295229, 0.0 ], [ 111.005137807600207, -6.889510820523398, 0.0 ], [ 111.005200759738301, -6.889022604503563, 0.0 ], [ 111.005031836047394, -6.888872539516622, 0.0 ], [ 111.005109060002098, -6.88869782319414, 0.0 ], [ 111.005192602602094, -6.888705769761812, 0.0 ], [ 111.005303379414002, -6.888308000591355, 0.0 ], [ 111.005489684516803, -6.887990629709864, 0.0 ], [ 111.005613357051303, -6.888057152426281, 0.0 ], [ 111.005674476430698, -6.888038264556985, 0.0 ], [ 111.005711201813099, -6.888294741322238, 0.0 ], [ 111.006048930571495, -6.888321235929063, 0.0 ], [ 111.006298643487497, -6.888386684521987, 0.0 ], [ 111.006287947076899, -6.888560000334664, 0.0 ], [ 111.006258567944997, -6.888737390473901, 0.0 ], [ 111.006178023969596, -6.888802551654871, 0.0 ], [ 111.006161536559503, -6.889010483305078, 0.0 ], [ 111.006068338263702, -6.88932925917852, 0.0 ], [ 111.005940085416498, -6.889286512204597, 0.0 ], [ 111.005892693344606, -6.889211459991192, 0.0 ], [ 111.0056499804721, -6.889215451207414, 0.0 ], [ 111.005651203237704, -6.889336980997077, 0.0 ], [ 111.005622478648803, -6.889356203532283, 0.0 ], [ 111.005606951768897, -6.889480525428096, 0.0 ], [ 111.005494647990005, -6.889447051787799, 0.0 ], [ 111.005465239787597, -6.889650291717868, 0.0 ], [ 111.005388510592795, -6.889646765572431, 0.0 ], [ 111.005370461113401, -6.889579066798328, 0.0 ], [ 111.005297304598599, -6.889553786441609, 0.0 ], [ 111.005277124505895, -6.889629079234323, 0.0 ], [ 111.005196555389006, -6.889632623946902, 0.0 ], [ 111.005174842778203, -6.889712606733705, 0.0 ], [ 111.005343615476605, -6.889715970826402, 0.0 ], [ 111.005276545220298, -6.889927657025854, 0.0 ], [ 111.005520282154194, -6.889955913697838, 0.0 ], [ 111.005496116087002, -6.890108514340486, 0.0 ], [ 111.005773308660693, -6.890108512723102, 0.0 ], [ 111.005808908622498, -6.890081580132786, 0.0 ], [ 111.005897111604995, -6.8900961125631, 0.0 ], [ 111.005886179223097, -6.890195765020968, 0.0 ], [ 111.005863793858396, -6.890292398885388, 0.0 ], [ 111.005399616468395, -6.890240779046139, 0.0 ], [ 111.005416401645903, -6.890328323615204, 0.0 ], [ 111.005736411443294, -6.890420725765726, 0.0 ], [ 111.005680403957498, -6.890486704667665, 0.0 ], [ 111.005724667267103, -6.890604962347252, 0.0 ], [ 111.005685519049095, -6.890866452700149, 0.0 ], [ 111.005678104050304, -6.891108124368131, 0.0 ], [ 111.005924615366695, -6.891139156915898, 0.0 ], [ 111.005954647907899, -6.890890864435192, 0.0 ], [ 111.006088679121703, -6.890890863801348, 0.0 ], [ 111.006056198200994, -6.891248883771821, 0.0 ], [ 111.006257749273601, -6.891245500279341, 0.0 ], [ 111.006445583613996, -6.891282513202321, 0.0 ], [ 111.006571264418994, -6.891338919172273, 0.0 ], [ 111.0065491482233, -6.891530594261202, 0.0 ], [ 111.006493239226401, -6.891696363007971, 0.0 ], [ 111.005630618028505, -6.891577628641929, 0.0 ], [ 111.005623551017095, -6.89163751648379, 0.0 ], [ 111.006485970052694, -6.89173390520153, 0.0 ], [ 111.006979130863002, -6.891797779104843, 0.0 ], [ 111.0075642116919, -6.891873482858695, 0.0 ], [ 111.007844083098206, -6.891947493339575, 0.0 ], [ 111.007996432547998, -6.891947492316643, 0.0 ], [ 111.008424129216195, -6.891982296207561, 0.0 ], [ 111.008366386137794, -6.892406806109578, 0.0 ], [ 111.008348210327796, -6.892684134818811, 0.0 ], [ 111.008324668210605, -6.892921208255997, 0.0 ], [ 111.008336881690994, -6.892969187503912, 0.0 ], [ 111.008797787703898, -6.893038292160079, 0.0 ], [ 111.008803017919604, -6.893289720294308, 0.0 ], [ 111.008851441475102, -6.893554534818122, 0.0 ], [ 111.008905256554698, -6.894038671365383, 0.0 ], [ 111.009025374860897, -6.894042510059438, 0.0 ], [ 111.009275305335905, -6.894027119929375, 0.0 ], [ 111.009245789467002, -6.894358008356305, 0.0 ], [ 111.0092426926538, -6.894604725424873, 0.0 ], [ 111.009337181214207, -6.894648467866453, 0.0 ], [ 111.009520807883703, -6.894707630104468, 0.0 ], [ 111.009597227120906, -6.894783790022575, 0.0 ], [ 111.009590777880902, -6.894958603905953, 0.0 ], [ 111.0095938226779, -6.895095476779313, 0.0 ], [ 111.009699488731201, -6.895147389635393, 0.0 ], [ 111.010075650452094, -6.895153823076049, 0.0 ], [ 111.010088722847996, -6.895279853432102, 0.0 ], [ 111.010077873718899, -6.895653375342971, 0.0 ], [ 111.010193061009602, -6.895671133728438, 0.0 ], [ 111.0101851718467, -6.89575648855475, 0.0 ], [ 111.010177192043002, -6.896169853287396, 0.0 ], [ 111.010267228931198, -6.896172267791522, 0.0 ], [ 111.010690074957296, -6.896149298342522, 0.0 ], [ 111.010716821583202, -6.896369413450385, 0.0 ], [ 111.010697711366603, -6.896916265422194, 0.0 ], [ 111.010923988136994, -6.896912402721432, 0.0 ], [ 111.010997589450994, -6.896790964761049, 0.0 ], [ 111.010963788286404, -6.89642602194166, 0.0 ], [ 111.010945932251005, -6.896093704776659, 0.0 ], [ 111.010832814230398, -6.896051566219524, 0.0 ], [ 111.010807336901493, -6.895820063609963, 0.0 ], [ 111.011127741290693, -6.89584963211935, 0.0 ], [ 111.011296947173904, -6.895859444935448, 0.0 ], [ 111.011521204607803, -6.89600901584667, 0.0 ], [ 111.0117103202344, -6.896288408581458, 0.0 ], [ 111.011556969408502, -6.896568403263883, 0.0 ], [ 111.011711968565905, -6.896695014509306, 0.0 ], [ 111.011860101203098, -6.896674979048466, 0.0 ], [ 111.011948824924502, -6.896674977110292, 0.0 ], [ 111.011866859717699, -6.896905117563299, 0.0 ], [ 111.011913808967407, -6.897064736137084, 0.0 ], [ 111.012006273768606, -6.897276500483519, 0.0 ], [ 111.012084014810895, -6.897285290946026, 0.0 ], [ 111.012103334429895, -6.897415106495074, 0.0 ], [ 111.011992930162705, -6.897574171005355, 0.0 ], [ 111.012131937216694, -6.897639417951143, 0.0 ], [ 111.012076865358793, -6.897747299309311, 0.0 ], [ 111.012282092044799, -6.897860154256894, 0.0 ], [ 111.012408001895395, -6.897829322948108, 0.0 ], [ 111.012486625752004, -6.897886942795917, 0.0 ], [ 111.012708664900899, -6.897871652947077, 0.0 ], [ 111.012842751045994, -6.898032582027161, 0.0 ], [ 111.012863600367993, -6.898073829447924, 0.0 ], [ 111.012594867901996, -6.898101125433509, 0.0 ], [ 111.012599604316094, -6.89825899905649, 0.0 ], [ 111.012790839469403, -6.898575937603414, 0.0 ], [ 111.012794006884704, -6.898717182987009, 0.0 ], [ 111.012791910770702, -6.898821530434853, 0.0 ], [ 111.012619074315097, -6.898937286915666, 0.0 ], [ 111.012613236272799, -6.899054599735988, 0.0 ], [ 111.013016744820504, -6.899036742026247, 0.0 ], [ 111.013163153094695, -6.899073234161899, 0.0 ], [ 111.013226038235302, -6.898891272500817, 0.0 ], [ 111.013669093244502, -6.898868747123512, 0.0 ], [ 111.013650266163694, -6.899058779990875, 0.0 ], [ 111.013672549351298, -6.899458162741809, 0.0 ], [ 111.013841132969006, -6.899480325881072, 0.0 ], [ 111.013874618652295, -6.899408998712254, 0.0 ], [ 111.013981477599302, -6.899458155465078, 0.0 ], [ 111.013949207467206, -6.899546166451849, 0.0 ], [ 111.014116090913305, -6.899563555791065, 0.0 ], [ 111.014079772386793, -6.900289016884371, 0.0 ], [ 111.014097452947098, -6.900403598016689, 0.0 ], [ 111.014473059846395, -6.900190471887075, 0.0 ], [ 111.014508003248594, -6.900325987594478, 0.0 ], [ 111.014503885690701, -6.900589717201604, 0.0 ], [ 111.014617026150802, -6.90073902721439, 0.0 ], [ 111.014701933414798, -6.90090357648075, 0.0 ], [ 111.014877242486705, -6.901015078262244, 0.0 ], [ 111.015006852928295, -6.901042503298738, 0.0 ], [ 111.015212166356406, -6.900951722508027, 0.0 ], [ 111.014976573466598, -6.900838515567033, 0.0 ], [ 111.014853175428996, -6.900830315420084, 0.0 ], [ 111.014848061448802, -6.900645775239301, 0.0 ], [ 111.0151602297815, -6.90061135532106, 0.0 ], [ 111.015036152732307, -6.900050833903268, 0.0 ], [ 111.014997560267602, -6.899735095642986, 0.0 ], [ 111.014800713922, -6.899766837688802, 0.0 ], [ 111.0148648197911, -6.899378113405339, 0.0 ], [ 111.014812378432197, -6.899281878012539, 0.0 ], [ 111.014449902486206, -6.899210560024114, 0.0 ], [ 111.014456502345894, -6.898937332670651, 0.0 ], [ 111.014790470966403, -6.898927770034676, 0.0 ], [ 111.0154546789432, -6.898970591987533, 0.0 ], [ 111.015749256003005, -6.89905042860671, 0.0 ], [ 111.015870655086005, -6.898669476580228, 0.0 ], [ 111.0158915130026, -6.898463784696713, 0.0 ], [ 111.015886649713195, -6.898173783675968, 0.0 ], [ 111.015627974151798, -6.898064870186129, 0.0 ], [ 111.0155811355027, -6.897859113641724, 0.0 ], [ 111.015341823700297, -6.897798639498071, 0.0 ], [ 111.015138592391693, -6.897818892560707, 0.0 ], [ 111.015133430738999, -6.897752773582658, 0.0 ], [ 111.015195410532598, -6.897654460487642, 0.0 ], [ 111.015152805038198, -6.897559439436392, 0.0 ], [ 111.015085527002597, -6.897223021093019, 0.0 ], [ 111.014827363723995, -6.897200155170089, 0.0 ], [ 111.014870649749, -6.896837174132006, 0.0 ], [ 111.015473514115698, -6.896866732248395, 0.0 ], [ 111.015444704550106, -6.89668642459131, 0.0 ], [ 111.015061994613205, -6.896629947980289, 0.0 ], [ 111.014778450928802, -6.896629956000974, 0.0 ], [ 111.014744563418802, -6.896493739318057, 0.0 ], [ 111.014624263534202, -6.896451047490222, 0.0 ], [ 111.014519441371405, -6.89644031770086, 0.0 ], [ 111.014498091309704, -6.896243402844017, 0.0 ], [ 111.014438725947997, -6.896114185274982, 0.0 ], [ 111.0145959695312, -6.89553163307351, 0.0 ], [ 111.014372460789204, -6.895516232309093, 0.0 ], [ 111.014378674104606, -6.895375310638865, 0.0 ], [ 111.014367504412405, -6.895316701419335, 0.0 ], [ 111.014046793220402, -6.895295219477836, 0.0 ], [ 111.013862327178401, -6.895219263290202, 0.0 ], [ 111.013709982285604, -6.895159166558131, 0.0 ], [ 111.013383330070596, -6.895057003730022, 0.0 ], [ 111.013216221028401, -6.894927341699603, 0.0 ], [ 111.013110289343601, -6.894866278708894, 0.0 ], [ 111.012944842162995, -6.894861158084695, 0.0 ], [ 111.012873762786, -6.894482722644666, 0.0 ], [ 111.012591009093796, -6.89451034690522, 0.0 ], [ 111.012376534064003, -6.894515860231474, 0.0 ], [ 111.012179256091301, -6.894537833555694, 0.0 ], [ 111.012141050870099, -6.894972645928697, 0.0 ], [ 111.011841720249507, -6.894942507365115, 0.0 ], [ 111.011522135205894, -6.894927368061908, 0.0 ], [ 111.011495419081797, -6.894927368445528, 0.0 ], [ 111.011291544825198, -6.894814814244608, 0.0 ], [ 111.011237787163196, -6.894704854678796, 0.0 ], [ 111.011392973179795, -6.893823359686404, 0.0 ], [ 111.011365779649097, -6.893626578273886, 0.0 ], [ 111.011356336792005, -6.893282929935197, 0.0 ], [ 111.011303970031193, -6.892988360853863, 0.0 ], [ 111.010983845772799, -6.892849075031044, 0.0 ], [ 111.0108973855355, -6.892849077185963, 0.0 ], [ 111.010830117149695, -6.892754060788947, 0.0 ], [ 111.010939772621995, -6.892638907246492, 0.0 ], [ 111.010990447561596, -6.892411355628105, 0.0 ], [ 111.010998749633202, -6.892279714261195, 0.0 ], [ 111.011230769723298, -6.892259887282356, 0.0 ], [ 111.011433553173006, -6.892184798966488, 0.0 ], [ 111.011262700413596, -6.891962764441833, 0.0 ], [ 111.011203890497995, -6.891468465382934, 0.0 ], [ 111.011004383546506, -6.891124540800093, 0.0 ], [ 111.010765357083002, -6.890756600653796, 0.0 ], [ 111.010625167847607, -6.890440387039149, 0.0 ], [ 111.010523438614001, -6.89012383054379, 0.0 ], [ 111.010406534970798, -6.889559972702329, 0.0 ], [ 111.009969378002396, -6.889477733036886, 0.0 ], [ 111.009932749313805, -6.889746683063156, 0.0 ], [ 111.009669824454093, -6.889730960038788, 0.0 ], [ 111.009638944046301, -6.890070379095133, 0.0 ], [ 111.009510529221998, -6.890021241138612, 0.0 ], [ 111.009504637796496, -6.889667544644822, 0.0 ], [ 111.0095084265471, -6.889477736388462, 0.0 ], [ 111.009146333751403, -6.889422138571255, 0.0 ], [ 111.009082703290602, -6.889201929108352, 0.0 ], [ 111.009073615632502, -6.888937158304098, 0.0 ], [ 111.0092154217364, -6.888951481284832, 0.0 ], [ 111.009210144576002, -6.888548422988395, 0.0 ], [ 111.009337795366903, -6.888480425571347, 0.0 ], [ 111.008911060504502, -6.888357746093878, 0.0 ], [ 111.008937598054501, -6.888276045278495, 0.0 ], [ 111.009187304871404, -6.888220814655017, 0.0 ], [ 111.009169091138702, -6.887923390692189, 0.0 ], [ 111.009211312053594, -6.88750012851474, 0.0 ], [ 111.009552853935602, -6.887383889028109, 0.0 ], [ 111.009944447902498, -6.887291708618766, 0.0 ], [ 111.009976678922499, -6.888119818944913, 0.0 ], [ 111.009995188374901, -6.888721810955715, 0.0 ], [ 111.010572546232197, -6.888776566198747, 0.0 ], [ 111.0113040650633, -6.888656246573465, 0.0 ], [ 111.012442797801995, -6.887761770404755, 0.0 ], [ 111.0128390933845, -6.887940993434333, 0.0 ], [ 111.013241723408598, -6.887858129703533, 0.0 ], [ 111.013231023575202, -6.888039816851768, 0.0 ], [ 111.013194392991394, -6.888114116836735, 0.0 ], [ 111.012660150819599, -6.888136772099949, 0.0 ], [ 111.012532713985607, -6.888558766860324, 0.0 ], [ 111.0123625669153, -6.888517130057064, 0.0 ], [ 111.0122798752639, -6.888579456384107, 0.0 ], [ 111.012236746898793, -6.889041153625656, 0.0 ], [ 111.013258212631101, -6.88921989133865, 0.0 ], [ 111.013748697326406, -6.889313262122576, 0.0 ], [ 111.013825215386504, -6.888903494658041, 0.0 ], [ 111.014409704543496, -6.888731765474249, 0.0 ], [ 111.014467668951596, -6.888384609778005, 0.0 ], [ 111.014834995245707, -6.888480349439163, 0.0 ], [ 111.014875048013593, -6.888517080234117, 0.0 ], [ 111.014895547129001, -6.888651107625435, 0.0 ], [ 111.015193477546603, -6.888825747885477, 0.0 ], [ 111.0153559848344, -6.888398611049227, 0.0 ], [ 111.016070343212903, -6.888765200884628, 0.0 ], [ 111.016203562306401, -6.8886807913663, 0.0 ], [ 111.017450282193906, -6.889083343927967, 0.0 ], [ 111.017410423095299, -6.889517431187784, 0.0 ], [ 111.018047884138397, -6.889849282137269, 0.0 ], [ 111.0185309014891, -6.889684020338263, 0.0 ], [ 111.019773693180895, -6.889679292996571, 0.0 ], [ 111.020233201321901, -6.889959051364206, 0.0 ], [ 111.020398899172704, -6.890088548629765, 0.0 ], [ 111.020238774733798, -6.892013687028013, 0.0 ], [ 111.020065222428698, -6.893370411139834, 0.0 ], [ 111.019984739349795, -6.893884914104886, 0.0 ], [ 111.020030818647797, -6.894276458699259, 0.0 ], [ 111.019917683439701, -6.894222024182076, 0.0 ], [ 111.019804384524505, -6.895032733247632, 0.0 ], [ 111.019743346937204, -6.895355100893729, 0.0 ], [ 111.019892584079301, -6.895705491828019, 0.0 ], [ 111.020566994148297, -6.896965541572039, 0.0 ], [ 111.021355042752901, -6.89835513312969, 0.0 ], [ 111.021483850905, -6.898597798022482, 0.0 ], [ 111.021621230793002, -6.898880731604283, 0.0 ], [ 111.021795297617103, -6.899232475322679, 0.0 ], [ 111.021955533534197, -6.899504944358172, 0.0 ], [ 111.022023529800705, -6.899936941463794, 0.0 ], [ 111.022011164838204, -6.9008552656007, 0.0 ], [ 111.021941647152502, -6.901630061257641, 0.0 ], [ 111.021892130488894, -6.902547415497396, 0.0 ], [ 111.021852267609802, -6.903442132469889, 0.0 ], [ 111.021880177028294, -6.903886275946211, 0.0 ], [ 111.021289312326203, -6.904498175844535, 0.0 ], [ 111.020269090933198, -6.905536453620176, 0.0 ], [ 111.019862422024701, -6.90599605123264, 0.0 ], [ 111.019459542483602, -6.906406293163955, 0.0 ], [ 111.019287987424903, -6.906536981522708, 0.0 ], [ 111.019313653918402, -6.906659415617194, 0.0 ], [ 111.0190524557527, -6.907126654902345, 0.0 ], [ 111.018888163179497, -6.907710940156361, 0.0 ], [ 111.018710716334994, -6.908389107952545, 0.0 ], [ 111.018605586881705, -6.908854984512043, 0.0 ], [ 111.018402396062598, -6.90970107217622, 0.0 ], [ 111.017992993564903, -6.911512772543218, 0.0 ], [ 111.017927898383704, -6.911393749927286, 0.0 ], [ 111.017714423972706, -6.911271430065859, 0.0 ], [ 111.017357316969907, -6.910932964339454, 0.0 ], [ 111.017091067595999, -6.910913136600552, 0.0 ], [ 111.016958952741106, -6.910615730470783, 0.0 ], [ 111.016627181135703, -6.910599839134441, 0.0 ], [ 111.016508449378705, -6.91053032370826, 0.0 ], [ 111.016456579275101, -6.910190224829169, 0.0 ], [ 111.016251702189194, -6.910067551031781, 0.0 ], [ 111.015973657255699, -6.909886999829292, 0.0 ], [ 111.015903118352796, -6.909984090329097, 0.0 ], [ 111.015702851758604, -6.909861347423051, 0.0 ], [ 111.015460893507907, -6.909670920988531, 0.0 ], [ 111.015083653932507, -6.909630881167215, 0.0 ], [ 111.014549202804602, -6.909472392181846, 0.0 ], [ 111.014249551574906, -6.909435860510913, 0.0 ], [ 111.014245243293502, -6.909441097232183, 0.0 ], [ 111.014155002902498, -6.909529251254827, 0.0 ], [ 111.013731502856601, -6.909356622007214, 0.0 ], [ 111.013490382501004, -6.909303062713426, 0.0 ], [ 111.013419366379196, -6.909138734580145, 0.0 ], [ 111.013347074398595, -6.908928217960177, 0.0 ], [ 111.013374398484999, -6.908653599536422, 0.0 ], [ 111.013665822541597, -6.908635161401715, 0.0 ], [ 111.013834561372803, -6.90864745209177, 0.0 ], [ 111.013928627958805, -6.908447155447543, 0.0 ], [ 111.014279818388601, -6.908311429188023, 0.0 ], [ 111.014348462915805, -6.90836353766038, 0.0 ], [ 111.014503665192805, -6.908245558404057, 0.0 ], [ 111.014292124315006, -6.907957415593538, 0.0 ], [ 111.014230396347699, -6.907898234079868, 0.0 ], [ 111.0143307188373, -6.907499652641232, 0.0 ], [ 111.014493885691607, -6.907346101571625, 0.0 ], [ 111.014335950581795, -6.907100599012772, 0.0 ], [ 111.014571391443198, -6.906848680092939, 0.0 ], [ 111.014913530639603, -6.906909800752353, 0.0 ], [ 111.016640853630804, -6.906940020018058, 0.0 ], [ 111.016598836866805, -6.906818486853045, 0.0 ], [ 111.016326265897604, -6.9067408012414, 0.0 ], [ 111.016312534067197, -6.906532684374301, 0.0 ], [ 111.016125865933901, -6.906450207790852, 0.0 ], [ 111.014770837944099, -6.906377626629421, 0.0 ], [ 111.014762049314299, -6.906645912910221, 0.0 ], [ 111.014586324395097, -6.906635251059105, 0.0 ], [ 111.014562024354603, -6.90677727150901, 0.0 ], [ 111.014325453153006, -6.907054010527087, 0.0 ], [ 111.014134274732697, -6.907019691384703, 0.0 ], [ 111.014055834262606, -6.907009839173901, 0.0 ], [ 111.014080165538104, -6.906854385997635, 0.0 ], [ 111.014227090489896, -6.906719925293632, 0.0 ], [ 111.014066579843004, -6.906263789152013, 0.0 ], [ 111.014257619982999, -6.906200045925798, 0.0 ], [ 111.014302470672803, -6.906034073874371, 0.0 ], [ 111.014338228262105, -6.905780935293154, 0.0 ], [ 111.014291376788805, -6.905600747089177, 0.0 ], [ 111.014333952854599, -6.905366618676505, 0.0 ], [ 111.014492410286493, -6.905346069120294, 0.0 ], [ 111.014393451069907, -6.905017358688775, 0.0 ], [ 111.014560528443894, -6.904674612126938, 0.0 ], [ 111.014304443842406, -6.904329456066728, 0.0 ], [ 111.014626000908294, -6.904058747575743, 0.0 ], [ 111.014636232811597, -6.903969170715848, 0.0 ], [ 111.014599823650897, -6.903615253910785, 0.0 ], [ 111.014508620379303, -6.903477209395056, 0.0 ], [ 111.014285562210503, -6.903445981813813, 0.0 ], [ 111.014058683986505, -6.903466828668541, 0.0 ], [ 111.013715521302103, -6.903232417098596, 0.0 ], [ 111.013635464383299, -6.903043215026432, 0.0 ], [ 111.013667297131505, -6.90298041904458, 0.0 ], [ 111.013489622600204, -6.902666477507555, 0.0 ], [ 111.013458634139198, -6.902409840180148, 0.0 ], [ 111.013602874280096, -6.902180236108923, 0.0 ], [ 111.013383556725202, -6.901799679526837, 0.0 ], [ 111.013317172972705, -6.901129777022282, 0.0 ], [ 111.013052524712805, -6.900955052899985, 0.0 ], [ 111.012771524661005, -6.90093771336914, 0.0 ], [ 111.012741179630396, -6.900764912559874, 0.0 ], [ 111.0127873549485, -6.900636554040204, 0.0 ], [ 111.012974398670806, -6.900293786069868, 0.0 ], [ 111.012745586023996, -6.89996701546678, 0.0 ], [ 111.012882510862397, -6.899758620518919, 0.0 ], [ 111.013039341752901, -6.899464379198441, 0.0 ], [ 111.012891310167902, -6.89942861241559, 0.0 ], [ 111.0126873419524, -6.899775395012726, 0.0 ], [ 111.012244510038002, -6.899918463089277, 0.0 ], [ 111.012205615887297, -6.900115033391814, 0.0 ], [ 111.012264345223798, -6.900238339383868, 0.0 ], [ 111.012598196427902, -6.900156485407635, 0.0 ], [ 111.012619557645394, -6.900333707697112, 0.0 ], [ 111.012606939961699, -6.900494839186115, 0.0 ], [ 111.012369897958195, -6.900673609040438, 0.0 ], [ 111.012436129527501, -6.900959384348058, 0.0 ], [ 111.012556584231703, -6.901049222411358, 0.0 ], [ 111.012689987182696, -6.900976636360952, 0.0 ], [ 111.012719748849406, -6.900998110836581, 0.0 ], [ 111.012666101991897, -6.901174383260749, 0.0 ], [ 111.012657793188097, -6.901339653855477, 0.0 ], [ 111.012901645328597, -6.90167428889637, 0.0 ], [ 111.012912901331703, -6.90245676189286, 0.0 ], [ 111.012992162775106, -6.90258494864953, 0.0 ], [ 111.013146390242795, -6.902735986694095, 0.0 ], [ 111.013098650193996, -6.903009963301202, 0.0 ], [ 111.013310808658005, -6.903042262253351, 0.0 ], [ 111.013412179178204, -6.903182566972169, 0.0 ], [ 111.013465059112605, -6.903500346016771, 0.0 ], [ 111.013692196884904, -6.90378440531655, 0.0 ], [ 111.014209929817596, -6.903830537165933, 0.0 ], [ 111.013843549569998, -6.904186040267281, 0.0 ], [ 111.0138582148263, -6.904326490162139, 0.0 ], [ 111.013846938253906, -6.90441041543827, 0.0 ], [ 111.013445971874603, -6.904322037975825, 0.0 ], [ 111.013474661769493, -6.904673500613139, 0.0 ], [ 111.013761119769896, -6.904787175116854, 0.0 ], [ 111.013908052570002, -6.904718518386815, 0.0 ], [ 111.0140270085748, -6.90473882455805, 0.0 ], [ 111.013908232930007, -6.904945311389181, 0.0 ], [ 111.013928381540794, -6.905288831776958, 0.0 ], [ 111.013977003320804, -6.905488851873375, 0.0 ], [ 111.013915831731495, -6.905710043999654, 0.0 ], [ 111.013872183912099, -6.905898228744541, 0.0 ], [ 111.013730305242106, -6.90591877949255, 0.0 ], [ 111.013505728907504, -6.906007468053919, 0.0 ], [ 111.013490566067205, -6.906345493643073, 0.0 ], [ 111.013489353609899, -6.906358314955876, 0.0 ], [ 111.013545193562294, -6.906521590700643, 0.0 ], [ 111.013822673678504, -6.90666293732849, 0.0 ], [ 111.013804209687393, -6.90676879387485, 0.0 ], [ 111.013694622606295, -6.906935645667136, 0.0 ], [ 111.013650893583403, -6.907127705325521, 0.0 ], [ 111.013640173739901, -6.907306842855877, 0.0 ], [ 111.013782469752101, -6.907411897070896, 0.0 ], [ 111.013857734114893, -6.907438898113191, 0.0 ], [ 111.013931862817998, -6.907584520753454, 0.0 ], [ 111.013936823221698, -6.90795436272417, 0.0 ], [ 111.013795389017005, -6.908160029328926, 0.0 ], [ 111.013761430536107, -6.90824244529804, 0.0 ], [ 111.013528374429896, -6.908305501645688, 0.0 ], [ 111.013374622371302, -6.908483069214462, 0.0 ], [ 111.013270420910601, -6.908564599208431, 0.0 ], [ 111.013083376414698, -6.908741706648847, 0.0 ], [ 111.013076678170094, -6.909063283526168, 0.0 ], [ 111.013030801543493, -6.909101332493606, 0.0 ], [ 111.012755359274095, -6.90897751429427, 0.0 ], [ 111.012627501172403, -6.908630671035918, 0.0 ], [ 111.012589483432606, -6.908635353458158, 0.0 ], [ 111.012555560104403, -6.908938357783026, 0.0 ], [ 111.012706175874101, -6.909080241342807, 0.0 ], [ 111.012861423562995, -6.909147383730259, 0.0 ], [ 111.012855485779497, -6.909238010616074, 0.0 ], [ 111.012958689256095, -6.9093346997485, 0.0 ], [ 111.013077156567107, -6.909540554981534, 0.0 ], [ 111.013273088357806, -6.909765233069942, 0.0 ], [ 111.013349901333996, -6.909923367184941, 0.0 ], [ 111.013556677797894, -6.910025462806603, 0.0 ], [ 111.013801952514498, -6.909981976545651, 0.0 ], [ 111.013777039182202, -6.91011591142008, 0.0 ], [ 111.013739032975195, -6.910186070050126, 0.0 ], [ 111.013630673815797, -6.91048228320301, 0.0 ], [ 111.013647164323999, -6.91079604674105, 0.0 ], [ 111.014185173640399, -6.910771768681028, 0.0 ], [ 111.014367654351702, -6.910778312828539, 0.0 ], [ 111.014480795933196, -6.910885560237892, 0.0 ], [ 111.014457602483404, -6.911026649302365, 0.0 ], [ 111.014399963093993, -6.911026651051391, 0.0 ], [ 111.014335307424901, -6.911193567135684, 0.0 ], [ 111.014228690562305, -6.911052330037732, 0.0 ], [ 111.014104881278996, -6.91105233337489, 0.0 ], [ 111.014130774709201, -6.911320992723553, 0.0 ], [ 111.014380561228705, -6.911316149839105, 0.0 ], [ 111.0144591131873, -6.911242994614625, 0.0 ], [ 111.014578112354201, -6.911282154826281, 0.0 ], [ 111.014585915862398, -6.911574782847986, 0.0 ], [ 111.014684170407094, -6.911602115970135, 0.0 ], [ 111.014784114056397, -6.911602113595367, 0.0 ], [ 111.014824144607999, -6.911620243338215, 0.0 ], [ 111.014882106226906, -6.911793217769739, 0.0 ], [ 111.015000279483402, -6.912111633228233, 0.0 ], [ 111.015292328860795, -6.912021873868508, 0.0 ], [ 111.015180649269197, -6.911753893602237, 0.0 ], [ 111.015050630856294, -6.911602106770454, 0.0 ], [ 111.015048377068098, -6.911320975561257, 0.0 ], [ 111.0152166053401, -6.911282137851829, 0.0 ], [ 111.0158993507752, -6.911340241526384, 0.0 ], [ 111.015916172438196, -6.911444923894918, 0.0 ], [ 111.016068805439801, -6.911574738523034, 0.0 ], [ 111.016055707183398, -6.911810543340942, 0.0 ], [ 111.0160329183459, -6.912143771528296, 0.0 ], [ 111.016110699902498, -6.912208784517322, 0.0 ], [ 111.0162788194081, -6.912238215086958, 0.0 ], [ 111.016337771116895, -6.9120485690182, 0.0 ], [ 111.016511175207398, -6.912023029346122, 0.0 ], [ 111.016585729576406, -6.91167250347094, 0.0 ], [ 111.016764579039105, -6.911672498036014, 0.0 ], [ 111.016790673159207, -6.91206381128131, 0.0 ], [ 111.016900245680503, -6.912068881845447, 0.0 ], [ 111.016948726335997, -6.911893234640467, 0.0 ], [ 111.017083202543503, -6.911893230046527, 0.0 ], [ 111.017197265173493, -6.911877412028396, 0.0 ], [ 111.017296703923705, -6.911705416848526, 0.0 ], [ 111.017376505324904, -6.911527139165061, 0.0 ], [ 111.017591575311698, -6.911549769703517, 0.0 ], [ 111.017580175927506, -6.911732684594329, 0.0 ], [ 111.017595041980599, -6.911861530126877, 0.0 ], [ 111.017602440319706, -6.912002464002554, 0.0 ], [ 111.017764784458095, -6.911990374122915, 0.0 ], [ 111.017862814782106, -6.911907871667058, 0.0 ], [ 111.017778910024006, -6.912272208527068, 0.0 ], [ 111.017714861286606, -6.912476691037949, 0.0 ], [ 111.017605735133202, -6.912738710166109, 0.0 ], [ 111.017455791925002, -6.912971841471878, 0.0 ], [ 111.017333716438102, -6.913079213632844, 0.0 ], [ 111.017249753478097, -6.913517711753736, 0.0 ], [ 111.017223161413895, -6.913763409928556, 0.0 ], [ 111.017181398309205, -6.913887602894337, 0.0 ], [ 111.017194767472503, -6.913962918795837, 0.0 ], [ 111.017280605030095, -6.914000080275237, 0.0 ], [ 111.017308855900794, -6.914121646201802, 0.0 ], [ 111.017281185739705, -6.914247526139525, 0.0 ], [ 111.0173548791917, -6.914266850086623, 0.0 ], [ 111.017569094857606, -6.914149502569031, 0.0 ], [ 111.017659105899398, -6.91418976464646, 0.0 ], [ 111.017742247934095, -6.914514406538359, 0.0 ], [ 111.0176410074762, -6.914544192084855, 0.0 ], [ 111.017190266398899, -6.914534303104366, 0.0 ], [ 111.017106236749996, -6.91450944847712, 0.0 ], [ 111.017344028488793, -6.915315423705991, 0.0 ], [ 111.017289308481807, -6.915401185742908, 0.0 ], [ 111.017207687652302, -6.915482947029635, 0.0 ], [ 111.017057000844204, -6.915493072934201, 0.0 ], [ 111.016766020922603, -6.915452468214877, 0.0 ], [ 111.016599020888805, -6.915442264609999, 0.0 ], [ 111.016476304243596, -6.915508230657521, 0.0 ], [ 111.016463927437101, -6.915578243670438, 0.0 ], [ 111.0164800104031, -6.915763106673356, 0.0 ], [ 111.016587480018501, -6.915815252650308, 0.0 ], [ 111.016802125153902, -6.915926979561668, 0.0 ], [ 111.017055518209204, -6.91594532663233, 0.0 ], [ 111.017317584104305, -6.915954467168953, 0.0 ], [ 111.017571466303906, -6.915936140890474, 0.0 ], [ 111.017736510097805, -6.915926947769958, 0.0 ], [ 111.018034836626796, -6.916102740786977, 0.0 ], [ 111.018047956779697, -6.91618591006554, 0.0 ], [ 111.018002659050097, -6.916376740543997, 0.0 ], [ 111.018175977094003, -6.916475121902758, 0.0 ], [ 111.018192437318405, -6.916628986248297, 0.0 ], [ 111.018219258898498, -6.91678157619627, 0.0 ], [ 111.018266336900098, -6.916878987625543, 0.0 ], [ 111.018393354514799, -6.916971197750402, 0.0 ], [ 111.0184864917195, -6.917043434764871, 0.0 ], [ 111.018436234459202, -6.917099432909589, 0.0 ], [ 111.018506507674999, -6.917144753101516, 0.0 ], [ 111.018379847481697, -6.917239018208004, 0.0 ], [ 111.018211507550205, -6.917209465097703, 0.0 ], [ 111.018037743111194, -6.917209471898116, 0.0 ], [ 111.0178355470334, -6.917297597628118, 0.0 ], [ 111.017769008293399, -6.917421966502263, 0.0 ], [ 111.017764033059905, -6.917602329968603, 0.0 ], [ 111.017619719983998, -6.917629447712817, 0.0 ], [ 111.017162522399303, -6.91779740682758, 0.0 ], [ 111.016782727126596, -6.917917146466927, 0.0 ], [ 111.0166417187815, -6.917797419460731, 0.0 ], [ 111.016428743354695, -6.917933979608401, 0.0 ], [ 111.016304537970797, -6.917975784606734, 0.0 ], [ 111.016177007631796, -6.917975788604601, 0.0 ], [ 111.016140390564502, -6.91793398883795, 0.0 ], [ 111.016134430436395, -6.917827667965762, 0.0 ], [ 111.016056418468693, -6.917731897157055, 0.0 ], [ 111.015942919432703, -6.917723088825792, 0.0 ], [ 111.015885672936193, -6.91769210900892, 0.0 ], [ 111.015838909112802, -6.917450232421947, 0.0 ], [ 111.015659123212401, -6.917468955869515, 0.0 ], [ 111.015597993330999, -6.917365037151764, 0.0 ], [ 111.015560850866905, -6.917219406813772, 0.0 ], [ 111.015541831363805, -6.917144833786968, 0.0 ], [ 111.015639983939494, -6.917084302288082, 0.0 ], [ 111.015673494634001, -6.917017837154588, 0.0 ], [ 111.015695783425798, -6.916934733152857, 0.0 ], [ 111.015694762909902, -6.916860811874513, 0.0 ], [ 111.015500264695604, -6.916764078026725, 0.0 ], [ 111.015404662851793, -6.916703998843512, 0.0 ], [ 111.015228052759099, -6.916747772876189, 0.0 ], [ 111.014944684961407, -6.916769517685942, 0.0 ], [ 111.014652324827097, -6.916801936254647, 0.0 ], [ 111.014484531034, -6.916801941966574, 0.0 ], [ 111.014328028886993, -6.916670927605593, 0.0 ], [ 111.014114870797897, -6.916547679575012, 0.0 ], [ 111.013961289026895, -6.91654768385621, 0.0 ], [ 111.013899156860305, -6.916507816432104, 0.0 ], [ 111.013791810618201, -6.916285681377111, 0.0 ], [ 111.013712510858099, -6.916164748938974, 0.0 ], [ 111.013457092888501, -6.916140222748863, 0.0 ], [ 111.013213066934796, -6.916005396714505, 0.0 ], [ 111.013092565543801, -6.915882162689263, 0.0 ], [ 111.013084884409906, -6.915872161188018, 0.0 ], [ 111.013063540238306, -6.915867152814482, 0.0 ], [ 111.012928634459001, -6.915657060049488, 0.0 ], [ 111.012822630647094, -6.915518863434123, 0.0 ], [ 111.012819692231503, -6.915497246357817, 0.0 ], [ 111.012751080915507, -6.915365492056038, 0.0 ], [ 111.012156209614105, -6.915415327798023, 0.0 ], [ 111.012133280086402, -6.915415328102484, 0.0 ], [ 111.012096560829207, -6.915348782063596, 0.0 ], [ 111.012115194247599, -6.915230123021911, 0.0 ], [ 111.012172159018604, -6.915102710650465, 0.0 ], [ 111.012081827339699, -6.914880929556953, 0.0 ], [ 111.012047269324995, -6.914744383373625, 0.0 ], [ 111.012195404086498, -6.91452120041699, 0.0 ], [ 111.012321295375102, -6.9145106385513, 0.0 ], [ 111.012740084596501, -6.914822581943882, 0.0 ], [ 111.012765414835599, -6.914584065497052, 0.0 ], [ 111.012620944118098, -6.914452134662339, 0.0 ], [ 111.012544903469902, -6.914233263580514, 0.0 ], [ 111.012509316542094, -6.914085594393372, 0.0 ], [ 111.012458152334304, -6.913939377454381, 0.0 ], [ 111.012446082701302, -6.913668480830737, 0.0 ], [ 111.012493270355094, -6.913497809814761, 0.0 ], [ 111.012293101185904, -6.913413061127648, 0.0 ], [ 111.012215486460704, -6.913564591399276, 0.0 ], [ 111.012083083645095, -6.913732983977144, 0.0 ], [ 111.012065024359003, -6.913732984459486, 0.0 ], [ 111.011887284082903, -6.913828136368238, 0.0 ], [ 111.011976720613603, -6.913936793033529, 0.0 ], [ 111.012067184326796, -6.91411741851269, 0.0 ], [ 111.012159250627406, -6.914314889808583, 0.0 ], [ 111.011860858790897, -6.914435816577771, 0.0 ], [ 111.011773207307101, -6.914472377739063, 0.0 ], [ 111.011598688991398, -6.91427227918139, 0.0 ], [ 111.011463265815607, -6.914137075037765, 0.0 ], [ 111.011408126893002, -6.914253210143316, 0.0 ], [ 111.011466396779795, -6.914449568857399, 0.0 ], [ 111.011565436691299, -6.914562484978319, 0.0 ], [ 111.011396283605194, -6.914921816829541, 0.0 ], [ 111.011480852708999, -6.915003092582163, 0.0 ], [ 111.011495035198706, -6.915112699539817, 0.0 ], [ 111.011519676838404, -6.915378172930173, 0.0 ], [ 111.011470149756605, -6.915582069865818, 0.0 ], [ 111.011730554517101, -6.915822444255954, 0.0 ], [ 111.011932892394299, -6.916114040069612, 0.0 ], [ 111.012041129697494, -6.91611403788954, 0.0 ], [ 111.012030328552399, -6.915902712191249, 0.0 ], [ 111.012011598876498, -6.915889434830967, 0.0 ], [ 111.011851048623299, -6.915676045047371, 0.0 ], [ 111.011884354216505, -6.915461786596539, 0.0 ], [ 111.0120306574766, -6.915529526520047, 0.0 ], [ 111.0121479277351, -6.915605734954161, 0.0 ], [ 111.012207266851405, -6.915822434043596, 0.0 ], [ 111.012295508960193, -6.91612664043679, 0.0 ], [ 111.012435610771803, -6.916126637167287, 0.0 ], [ 111.012612369618196, -6.915968489528566, 0.0 ], [ 111.012745944632101, -6.915972836923061, 0.0 ], [ 111.012900728462895, -6.916229810326461, 0.0 ], [ 111.013154477689895, -6.916389860592184, 0.0 ], [ 111.013246087959203, -6.916515086168588, 0.0 ], [ 111.013244541914602, -6.916793155009729, 0.0 ], [ 111.013270735495098, -6.91700654869241, 0.0 ], [ 111.013169407622001, -6.917235363356903, 0.0 ], [ 111.013054247147394, -6.91715472307026, 0.0 ], [ 111.012840476232498, -6.917041879428552, 0.0 ], [ 111.012634856294298, -6.917171837296202, 0.0 ], [ 111.012545039830997, -6.917098677436761, 0.0 ], [ 111.012386208303397, -6.916975433615015, 0.0 ], [ 111.012248461781098, -6.916844048734207, 0.0 ], [ 111.012123602572998, -6.916751133829175, 0.0 ], [ 111.011908792760593, -6.916622594884151, 0.0 ], [ 111.011723163651794, -6.916480398887424, 0.0 ], [ 111.011625438329403, -6.916420260984043, 0.0 ], [ 111.011549128903695, -6.916143896987394, 0.0 ], [ 111.011394077318798, -6.916126346197555, 0.0 ], [ 111.011365255871695, -6.916135131751797, 0.0 ], [ 111.011213909553007, -6.91620910191295, 0.0 ], [ 111.011181418177102, -6.916204785841632, 0.0 ], [ 111.011029311160101, -6.916121950852661, 0.0 ], [ 111.010991116252697, -6.916073265852818, 0.0 ], [ 111.010959564951193, -6.915983345889693, 0.0 ], [ 111.0108046978511, -6.91587764086543, 0.0 ], [ 111.010714318929203, -6.91569253932987, 0.0 ], [ 111.010950581900303, -6.915387241779066, 0.0 ], [ 111.010740730871603, -6.915005307594489, 0.0 ], [ 111.010740897380302, -6.914817122454074, 0.0 ], [ 111.010828557763702, -6.914770415811287, 0.0 ], [ 111.011054008763907, -6.914669709022453, 0.0 ], [ 111.011002009650795, -6.914474597439148, 0.0 ], [ 111.010945763680596, -6.91418725115498, 0.0 ], [ 111.011169978415694, -6.914105681476815, 0.0 ], [ 111.011256615783793, -6.913997175578968, 0.0 ], [ 111.011181842196606, -6.913875854516238, 0.0 ], [ 111.011105229561196, -6.913761835769633, 0.0 ], [ 111.010968143004206, -6.913655766873253, 0.0 ], [ 111.010750737494106, -6.91358211633308, 0.0 ], [ 111.010557883167095, -6.913522196821846, 0.0 ], [ 111.010402923033396, -6.913465804455733, 0.0 ], [ 111.010197439552101, -6.913260223122755, 0.0 ], [ 111.010078241872506, -6.913158435749808, 0.0 ], [ 111.009909226322506, -6.913092445062056, 0.0 ], [ 111.009764032011603, -6.913063867452292, 0.0 ], [ 111.009689093017599, -6.912962412053637, 0.0 ], [ 111.009675198635705, -6.91274234486785, 0.0 ], [ 111.009648437315093, -6.912564964742754, 0.0 ], [ 111.009493710970204, -6.912415355624641, 0.0 ], [ 111.009368533836493, -6.912260919678248, 0.0 ], [ 111.009228048089597, -6.91190534908622, 0.0 ], [ 111.009121275774703, -6.911742707243278, 0.0 ], [ 111.009039069390596, -6.911675002461538, 0.0 ], [ 111.008876476922694, -6.911768495344682, 0.0 ], [ 111.008782525574802, -6.911915333343259, 0.0 ], [ 111.008621053399693, -6.911910346745464, 0.0 ], [ 111.008384066207498, -6.911875285138927, 0.0 ], [ 111.008160307522701, -6.911855126714274, 0.0 ], [ 111.008024986995494, -6.911758197664081, 0.0 ], [ 111.007961919469807, -6.911622261999869, 0.0 ], [ 111.007785497904806, -6.91150958807369, 0.0 ], [ 111.007527960984405, -6.911465968240026, 0.0 ], [ 111.0073829435524, -6.911421953714312, 0.0 ], [ 111.007172722245002, -6.911293170698405, 0.0 ], [ 111.007051049340504, -6.911114145969728, 0.0 ], [ 111.0071278935023, -6.910836283035612, 0.0 ], [ 111.006810485488401, -6.910798910849638, 0.0 ], [ 111.006690737637697, -6.910861049152343, 0.0 ], [ 111.006635969733594, -6.910830072339079, 0.0 ], [ 111.0066613805716, -6.910614422383289, 0.0 ], [ 111.006788446919899, -6.910536160360552, 0.0 ], [ 111.006598785993305, -6.910341625991507, 0.0 ], [ 111.0064565883293, -6.910288652101353, 0.0 ], [ 111.006355272109005, -6.910249737776942, 0.0 ], [ 111.006427045354798, -6.910045007693711, 0.0 ], [ 111.006370775872497, -6.909931360792728, 0.0 ], [ 111.006205428833994, -6.909788084340798, 0.0 ], [ 111.006173764306197, -6.909618181163865, 0.0 ], [ 111.006186322953397, -6.909499657374064, 0.0 ], [ 111.006195635428995, -6.90933711823653, 0.0 ], [ 111.006104290989697, -6.909150870618172, 0.0 ], [ 111.005975102673005, -6.908951295851247, 0.0 ], [ 111.006075996560298, -6.908803016497364, 0.0 ], [ 111.006083495601203, -6.908331992664772, 0.0 ], [ 111.005874112831705, -6.90807680367296, 0.0 ], [ 111.005541934337998, -6.907864075250159, 0.0 ], [ 111.005316518854102, -6.908128768940134, 0.0 ], [ 111.005139755760794, -6.909114024403188, 0.0 ], [ 111.005100246230597, -6.909348899072932, 0.0 ], [ 111.005341863789994, -6.909430638585352, 0.0 ], [ 111.005424323242494, -6.909578986189196, 0.0 ], [ 111.005468838693801, -6.90974480084253, 0.0 ], [ 111.005621326017803, -6.909662595140106, 0.0 ], [ 111.0056924157509, -6.909550800713896, 0.0 ], [ 111.005689577904306, -6.909419044916865, 0.0 ], [ 111.005616822731398, -6.909175285880036, 0.0 ], [ 111.005601412980795, -6.908976662965748, 0.0 ], [ 111.005714279663096, -6.908690704090664, 0.0 ], [ 111.005860803648105, -6.908717342947102, 0.0 ], [ 111.005846722391993, -6.90890019022985, 0.0 ], [ 111.005925694208202, -6.9090270344823, 0.0 ], [ 111.005925439339407, -6.909163093214341, 0.0 ], [ 111.005710174665793, -6.909265825453881, 0.0 ], [ 111.005826786555104, -6.909505366417087, 0.0 ], [ 111.006031142466796, -6.909584606063084, 0.0 ], [ 111.005915264985603, -6.909717553606664, 0.0 ], [ 111.005951326825695, -6.909820294864693, 0.0 ], [ 111.006068211689794, -6.909857603346957, 0.0 ], [ 111.006161350598902, -6.909910403564481, 0.0 ], [ 111.006207132839293, -6.910019418229083, 0.0 ], [ 111.006016612327997, -6.910034789624611, 0.0 ], [ 111.006019495593804, -6.910160962988703, 0.0 ], [ 111.006179800443903, -6.910195688907491, 0.0 ], [ 111.006234871265093, -6.910235060059589, 0.0 ], [ 111.006244807502696, -6.910431704639978, 0.0 ], [ 111.006066087767493, -6.910483047042995, 0.0 ], [ 111.005931255971106, -6.910529218267229, 0.0 ], [ 111.005926961151502, -6.910574917521043, 0.0 ], [ 111.005992607626197, -6.910678274086344, 0.0 ], [ 111.005991700105994, -6.910770568067841, 0.0 ], [ 111.005808964595403, -6.910826737912644, 0.0 ], [ 111.006035865232107, -6.911076859096599, 0.0 ], [ 111.006264058419006, -6.910977180276598, 0.0 ], [ 111.006405180610699, -6.910940198876437, 0.0 ], [ 111.006358140012196, -6.911060647196702, 0.0 ], [ 111.006343252335895, -6.911173066526957, 0.0 ], [ 111.006520343513301, -6.91115282401118, 0.0 ], [ 111.006532629751305, -6.910982438158386, 0.0 ], [ 111.006633932108301, -6.911003418406469, 0.0 ], [ 111.006657186457005, -6.911096705884317, 0.0 ], [ 111.006789983133302, -6.911096704476507, 0.0 ], [ 111.006845278943899, -6.911076131111317, 0.0 ], [ 111.006899106253101, -6.911341655499195, 0.0 ], [ 111.006989721806093, -6.911375615130267, 0.0 ], [ 111.006918481094999, -6.9114332552614, 0.0 ], [ 111.0069340167734, -6.911688427542456, 0.0 ], [ 111.006962812492901, -6.911755559462463, 0.0 ], [ 111.007172921888895, -6.911782126041692, 0.0 ], [ 111.007250244012496, -6.911656743319005, 0.0 ], [ 111.0077186861418, -6.911821671833112, 0.0 ], [ 111.007502223929293, -6.912250183279585, 0.0 ], [ 111.007458877622994, -6.912351781585952, 0.0 ], [ 111.007303087060606, -6.91242825869151, 0.0 ], [ 111.007059801432703, -6.912324677723317, 0.0 ], [ 111.006907923464496, -6.912277789228234, 0.0 ], [ 111.006807042662004, -6.912178365342365, 0.0 ], [ 111.006705851819504, -6.911976394063039, 0.0 ], [ 111.006664586521893, -6.911860883240119, 0.0 ], [ 111.006532037829601, -6.911839150760453, 0.0 ], [ 111.006293184858194, -6.911804151552569, 0.0 ], [ 111.006184155333003, -6.911764438828432, 0.0 ], [ 111.006025652082698, -6.911670357622886, 0.0 ], [ 111.005867920598803, -6.911574239449384, 0.0 ], [ 111.005715301468101, -6.911480743342616, 0.0 ], [ 111.005773346884695, -6.91129270774006, 0.0 ], [ 111.005658190978806, -6.911168015432583, 0.0 ], [ 111.005545251156406, -6.911208280441375, 0.0 ], [ 111.005433294601303, -6.91134652726319, 0.0 ], [ 111.00534999365, -6.911238252396798, 0.0 ], [ 111.005311518804504, -6.911096707744884, 0.0 ], [ 111.0053654366355, -6.911024309838547, 0.0 ], [ 111.005415518537902, -6.910633740823231, 0.0 ], [ 111.0052014569318, -6.910554045627854, 0.0 ], [ 111.005219887870197, -6.910396676848086, 0.0 ], [ 111.005108972073202, -6.910172796129431, 0.0 ], [ 111.005012010244798, -6.909990297904787, 0.0 ], [ 111.004935170751807, -6.909881729979015, 0.0 ], [ 111.004868400176093, -6.909446460724218, 0.0 ], [ 111.004801316109805, -6.909147947196149, 0.0 ], [ 111.004741453341595, -6.908663913062169, 0.0 ], [ 111.004508660577798, -6.908393932946859, 0.0 ], [ 111.0043172362452, -6.908367489612359, 0.0 ], [ 111.004168304394796, -6.908413676480296, 0.0 ], [ 111.003930026134498, -6.908581495055368, 0.0 ], [ 111.003764100433102, -6.908658462738027, 0.0 ], [ 111.003697076973907, -6.90881654307889, 0.0 ], [ 111.003464649661595, -6.908808367998893, 0.0 ], [ 111.003353983809106, -6.908808367728871, 0.0 ], [ 111.003324217109807, -6.908688026157915, 0.0 ], [ 111.003368029365205, -6.908300897365375, 0.0 ], [ 111.003385175754104, -6.908132245052157, 0.0 ], [ 111.003210900642003, -6.907976903428396, 0.0 ], [ 111.002863312873401, -6.907927266094211, 0.0 ], [ 111.002692143567003, -6.907887171960701, 0.0 ], [ 111.002443134589697, -6.907816170795079, 0.0 ], [ 111.002411692483605, -6.908015605077492, 0.0 ], [ 111.002346323897498, -6.908015604909761, 0.0 ], [ 111.002033468644996, -6.907965594713602, 0.0 ], [ 111.002064199620904, -6.907754813732463, 0.0 ], [ 111.002198177114593, -6.907637749281657, 0.0 ], [ 111.002207777980601, -6.907360732936598, 0.0 ], [ 111.002042532358104, -6.907210325896253, 0.0 ], [ 111.002188751341393, -6.906769077130622, 0.0 ], [ 111.002338232393299, -6.906957528094973, 0.0 ], [ 111.002474379137098, -6.906613309464352, 0.0 ], [ 111.002569242970907, -6.906557111294345, 0.0 ], [ 111.002673386656895, -6.90629073495044, 0.0 ], [ 111.002639017352095, -6.906002968729811, 0.0 ], [ 111.002719337799505, -6.905765417254754, 0.0 ], [ 111.002734575332397, -6.905413795086143, 0.0 ], [ 111.002724280899201, -6.90520957419769, 0.0 ], [ 111.002650452680896, -6.904877492134464, 0.0 ], [ 111.002247306587805, -6.904782619102962, 0.0 ], [ 111.002070292887794, -6.904400540657323, 0.0 ], [ 111.001841556120993, -6.90431196922836, 0.0 ], [ 111.001570355025805, -6.904326823125435, 0.0 ], [ 111.001250022656095, -6.904311958507384, 0.0 ], [ 111.001220205917306, -6.904236298828727, 0.0 ], [ 111.001146882185594, -6.904097061455865, 0.0 ], [ 111.000674901468003, -6.904134615804422, 0.0 ], [ 111.000249094039305, -6.904125255713907, 0.0 ], [ 111.000168685371193, -6.903924129923333, 0.0 ], [ 111.000171155371206, -6.903894664158121, 0.0 ], [ 111.000144226827601, -6.903573524334713, 0.0 ], [ 110.999980126912703, -6.903541773460485, 0.0 ], [ 110.999869668035203, -6.902913970768692, 0.0 ], [ 110.999394846786998, -6.902810503224146, 0.0 ], [ 110.999205925903496, -6.902726141118496, 0.0 ], [ 110.998796066928406, -6.902588751964483, 0.0 ], [ 110.998406520108304, -6.902466187142212, 0.0 ], [ 110.998231713165794, -6.902330407063899, 0.0 ], [ 110.997781122988201, -6.902046345150699, 0.0 ], [ 110.997644099615897, -6.902393936248467, 0.0 ], [ 110.998216635972099, -6.902653385754204, 0.0 ], [ 110.998699231606693, -6.90291589973294, 0.0 ], [ 110.998829604345801, -6.902950312417076, 0.0 ], [ 110.999335884937807, -6.903043554550965, 0.0 ] ] ] ] } },
{ "type": "Feature", "properties": { "Name": "JIMBARAN", "VILLAGES": "Jimbaran", "CC_4": "3318020001", "SUB_DIST": "Kayen", "DISTRICT": "Pati", "GID_4": "IDN.10.21.10.6_1", "AREA_HA": 482 }, "geometry": { "type": "MultiPolygon", "coordinates": [ [ [ [ 110.962865730596405, -6.903744724453429, 0.0 ], [ 110.962689599211998, -6.903657777794992, 0.0 ], [ 110.962482047620597, -6.903361894650291, 0.0 ], [ 110.9622836921789, -6.903171359003059, 0.0 ], [ 110.962253861907101, -6.903090706365622, 0.0 ], [ 110.962340260769807, -6.903000524634118, 0.0 ], [ 110.962416904216795, -6.903062601569942, 0.0 ], [ 110.962540383875606, -6.902853961511782, 0.0 ], [ 110.9625412701713, -6.902760095228269, 0.0 ], [ 110.962779378606001, -6.902386534319608, 0.0 ], [ 110.963148185696795, -6.901878469394405, 0.0 ], [ 110.963594056179005, -6.901754514198293, 0.0 ], [ 110.964830710512501, -6.901436822267588, 0.0 ], [ 110.965275702195797, -6.901286029613588, 0.0 ], [ 110.965871586372899, -6.902147045762758, 0.0 ], [ 110.966094259367594, -6.902396448739808, 0.0 ], [ 110.966794541745699, -6.902872484117415, 0.0 ], [ 110.9675055089088, -6.903037037467872, 0.0 ], [ 110.968372084959199, -6.903312473395835, 0.0 ], [ 110.9686605891835, -6.903411274606646, 0.0 ], [ 110.969088413723, -6.903653506679322, 0.0 ], [ 110.969000983931096, -6.903713565143688, 0.0 ], [ 110.968874702886893, -6.903703151040253, 0.0 ], [ 110.968697621926097, -6.903633457246983, 0.0 ], [ 110.968527148647894, -6.903581863440837, 0.0 ], [ 110.968451783167396, -6.9036828261049, 0.0 ], [ 110.968396090158805, -6.903796483093661, 0.0 ], [ 110.968335872941296, -6.903955134359561, 0.0 ], [ 110.9683274604769, -6.904042773926815, 0.0 ], [ 110.968353119947196, -6.904046830747131, 0.0 ], [ 110.9683891967438, -6.904066183940889, 0.0 ], [ 110.968331727529801, -6.904216838818323, 0.0 ], [ 110.968407038988104, -6.904275608077239, 0.0 ], [ 110.968444002060707, -6.904297874309865, 0.0 ], [ 110.968493301141805, -6.904299480035085, 0.0 ], [ 110.968536287200706, -6.904318979190482, 0.0 ], [ 110.968475052148193, -6.904463119620902, 0.0 ], [ 110.968603490067494, -6.904565702079845, 0.0 ], [ 110.968650003159098, -6.904556288554613, 0.0 ], [ 110.968727054115007, -6.904592589551944, 0.0 ], [ 110.968920487970294, -6.904531956302489, 0.0 ], [ 110.968921474193095, -6.904660452107707, 0.0 ], [ 110.969022547279593, -6.904681629623054, 0.0 ], [ 110.969022232076895, -6.904493933124916, 0.0 ], [ 110.969120823711194, -6.904480625759171, 0.0 ], [ 110.969105291948694, -6.9046660094084, 0.0 ], [ 110.969165133580901, -6.904654589155365, 0.0 ], [ 110.969231748509898, -6.904275984012967, 0.0 ], [ 110.969299960982198, -6.904247671391427, 0.0 ], [ 110.969545657965, -6.904451910332331, 0.0 ], [ 110.969584725807195, -6.904570127514026, 0.0 ], [ 110.969492108835993, -6.904766967575484, 0.0 ], [ 110.969312411668795, -6.904930480481574, 0.0 ], [ 110.969202871513104, -6.905090435993845, 0.0 ], [ 110.969200048889505, -6.905097340491467, 0.0 ], [ 110.969087593634598, -6.905250713496387, 0.0 ], [ 110.968914287709097, -6.9052020456116, 0.0 ], [ 110.968744909168194, -6.905160190845356, 0.0 ], [ 110.968542281639401, -6.905149756855626, 0.0 ], [ 110.968484506732295, -6.905132747868342, 0.0 ], [ 110.968459774875598, -6.904950848682558, 0.0 ], [ 110.968456101777093, -6.904874535128826, 0.0 ], [ 110.968341431208103, -6.904892653303989, 0.0 ], [ 110.968372749459306, -6.905125267183861, 0.0 ], [ 110.968369085948495, -6.905165974704675, 0.0 ], [ 110.968207791764002, -6.905199035028853, 0.0 ], [ 110.968241542006197, -6.905434904654859, 0.0 ], [ 110.968560072283594, -6.905472445138934, 0.0 ], [ 110.968482761374801, -6.905933004564685, 0.0 ], [ 110.968238211279797, -6.906308394483153, 0.0 ], [ 110.968032565781002, -6.906589887421463, 0.0 ], [ 110.967443040880895, -6.907307082064284, 0.0 ], [ 110.967001580110093, -6.907775761297503, 0.0 ], [ 110.966596149892396, -6.908286049613241, 0.0 ], [ 110.966039776805601, -6.908941073533565, 0.0 ], [ 110.965691050962903, -6.909385227797058, 0.0 ], [ 110.965335998281205, -6.909911314733691, 0.0 ], [ 110.965003389729702, -6.910206504685899, 0.0 ], [ 110.964441976877296, -6.910842681031772, 0.0 ], [ 110.963639303302998, -6.911230115977567, 0.0 ], [ 110.962759295522403, -6.911400493700728, 0.0 ], [ 110.961580511016507, -6.911644620317003, 0.0 ], [ 110.960779858668701, -6.91181311287217, 0.0 ], [ 110.960414164781, -6.911894379754089, 0.0 ], [ 110.960342204274895, -6.911925640471509, 0.0 ], [ 110.960350755778606, -6.912047933293302, 0.0 ], [ 110.961445943766293, -6.911825301185734, 0.0 ], [ 110.962909927897599, -6.911516319430087, 0.0 ], [ 110.963455255283094, -6.911437528446895, 0.0 ], [ 110.963846828742803, -6.911331591257833, 0.0 ], [ 110.964195382263199, -6.911171880262562, 0.0 ], [ 110.964546662972694, -6.910992627601229, 0.0 ], [ 110.964946055702697, -6.910556441420693, 0.0 ], [ 110.965072200441298, -6.91040251403228, 0.0 ], [ 110.965382119178798, -6.910046397431276, 0.0 ], [ 110.965679454222098, -6.909665280414889, 0.0 ], [ 110.966325763221505, -6.90886809672979, 0.0 ], [ 110.966720160960605, -6.908392463868075, 0.0 ], [ 110.967340618690798, -6.907621774525428, 0.0 ], [ 110.967821471488705, -6.907075298932719, 0.0 ], [ 110.968447339906803, -6.906315148054458, 0.0 ], [ 110.968964443875805, -6.905679208083138, 0.0 ], [ 110.969447118726194, -6.905084060247416, 0.0 ], [ 110.969724574127099, -6.904744838189084, 0.0 ], [ 110.969808634225501, -6.904527079745607, 0.0 ], [ 110.969878067154198, -6.904556402926687, 0.0 ], [ 110.969797443241902, -6.904919297138414, 0.0 ], [ 110.970037356808803, -6.904965179909954, 0.0 ], [ 110.970122772897994, -6.904592451960274, 0.0 ], [ 110.970276256105805, -6.904596163279288, 0.0 ], [ 110.970337935012694, -6.904418906911221, 0.0 ], [ 110.970555358703905, -6.90447907803569, 0.0 ], [ 110.970625543377096, -6.904487798783739, 0.0 ], [ 110.970749900307695, -6.904486317640709, 0.0 ], [ 110.970849081374297, -6.904458667561677, 0.0 ], [ 110.970818985687004, -6.90471132757196, 0.0 ], [ 110.971253562574901, -6.904813244014258, 0.0 ], [ 110.971327794015707, -6.905110866060103, 0.0 ], [ 110.971247646721807, -6.905140791963227, 0.0 ], [ 110.970918852408005, -6.905147673071707, 0.0 ], [ 110.970866247781402, -6.90514215374685, 0.0 ], [ 110.970864002310194, -6.905253891511938, 0.0 ], [ 110.971245724268101, -6.905297138188289, 0.0 ], [ 110.971359639532096, -6.905321757468714, 0.0 ], [ 110.971379508648596, -6.90563027194781, 0.0 ], [ 110.971380305154199, -6.905862567493903, 0.0 ], [ 110.971338504975506, -6.906246028424564, 0.0 ], [ 110.971337623067001, -6.906501440896607, 0.0 ], [ 110.971353297307004, -6.906710538041996, 0.0 ], [ 110.971451715282797, -6.906896209573502, 0.0 ], [ 110.971569306312006, -6.906920171815123, 0.0 ], [ 110.971751288973906, -6.906944068631122, 0.0 ], [ 110.971882121628795, -6.907003420685233, 0.0 ], [ 110.972064993826393, -6.907037083113067, 0.0 ], [ 110.972226112962502, -6.907132027852096, 0.0 ], [ 110.972420901658595, -6.907287207472211, 0.0 ], [ 110.972652812332697, -6.907427162271099, 0.0 ], [ 110.972973612445799, -6.907580194146498, 0.0 ], [ 110.973058135190698, -6.907643772843231, 0.0 ], [ 110.973475457768103, -6.90764779144907, 0.0 ], [ 110.9735697843835, -6.907646969024248, 0.0 ], [ 110.973789424150695, -6.907550034254597, 0.0 ], [ 110.974264681295793, -6.907169704117795, 0.0 ], [ 110.974702705901805, -6.906802711231996, 0.0 ], [ 110.975098068396207, -6.906524906579844, 0.0 ], [ 110.975225470188505, -6.906449477586174, 0.0 ], [ 110.975485936495204, -6.906412440919032, 0.0 ], [ 110.975819359639104, -6.906459776958701, 0.0 ], [ 110.976298592223102, -6.906499390083147, 0.0 ], [ 110.976734846915804, -6.906560664937608, 0.0 ], [ 110.976885245687498, -6.906652304038644, 0.0 ], [ 110.976900244896299, -6.906723744151638, 0.0 ], [ 110.976853789784002, -6.906951874147163, 0.0 ], [ 110.977101946318598, -6.907055240209077, 0.0 ], [ 110.977121490784398, -6.907174971166892, 0.0 ], [ 110.977091469241202, -6.907422426594521, 0.0 ], [ 110.976998483490505, -6.908200044620105, 0.0 ], [ 110.976850742443503, -6.909253400993511, 0.0 ], [ 110.976721126264096, -6.91014118097203, 0.0 ], [ 110.976648565099296, -6.91032763203148, 0.0 ], [ 110.976414455937004, -6.910556910493631, 0.0 ], [ 110.976270423083307, -6.910629993819524, 0.0 ], [ 110.976091580211303, -6.910679935147199, 0.0 ], [ 110.975769768905195, -6.910929553895793, 0.0 ], [ 110.975650501481596, -6.911195809371669, 0.0 ], [ 110.975513462413602, -6.911631002661962, 0.0 ], [ 110.975510520922597, -6.911749987787233, 0.0 ], [ 110.975358948195293, -6.912711216948416, 0.0 ], [ 110.975348580723903, -6.91280265094752, 0.0 ], [ 110.975456742605203, -6.912802330651585, 0.0 ], [ 110.975530952093294, -6.912301395220886, 0.0 ], [ 110.975639954162901, -6.911775129861073, 0.0 ], [ 110.975703430874404, -6.911415046008975, 0.0 ], [ 110.975809395055194, -6.911085581078012, 0.0 ], [ 110.975908622155998, -6.910909767784569, 0.0 ], [ 110.976143511706198, -6.910811146094724, 0.0 ], [ 110.976388660516307, -6.910706171526603, 0.0 ], [ 110.9766445464155, -6.910598183842364, 0.0 ], [ 110.976783599699502, -6.910388636323087, 0.0 ], [ 110.9768524650611, -6.910074022561967, 0.0 ], [ 110.976927160639605, -6.909639413380948, 0.0 ], [ 110.976989093363102, -6.909539696860644, 0.0 ], [ 110.976998160351698, -6.909416528147199, 0.0 ], [ 110.977059810174893, -6.909456721134313, 0.0 ], [ 110.977050583383104, -6.9095226534387, 0.0 ], [ 110.977137668363099, -6.909566582437178, 0.0 ], [ 110.977162291924103, -6.909521867625121, 0.0 ], [ 110.977158316131096, -6.909630246790956, 0.0 ], [ 110.977182145504202, -6.909700287634788, 0.0 ], [ 110.977226520805104, -6.909715857213304, 0.0 ], [ 110.977305879474798, -6.909637966229754, 0.0 ], [ 110.977396525652296, -6.90958643099972, 0.0 ], [ 110.977606076896905, -6.909587077252129, 0.0 ], [ 110.977694168805897, -6.909547119656894, 0.0 ], [ 110.977778220315798, -6.909422684358702, 0.0 ], [ 110.9779117251299, -6.909526715810694, 0.0 ], [ 110.978017014318496, -6.909493455263977, 0.0 ], [ 110.978037603610105, -6.909617020355215, 0.0 ], [ 110.978104631069996, -6.909741523051693, 0.0 ], [ 110.9782266778099, -6.909845364786031, 0.0 ], [ 110.978359958681395, -6.909997829955736, 0.0 ], [ 110.978536472645501, -6.910058393445196, 0.0 ], [ 110.978440217899504, -6.910080238320131, 0.0 ], [ 110.978120198376004, -6.909975268114906, 0.0 ], [ 110.977978824345001, -6.909903257220546, 0.0 ], [ 110.977876428350598, -6.909857936818372, 0.0 ], [ 110.977827561154001, -6.909857846042383, 0.0 ], [ 110.977799866817804, -6.909880394105215, 0.0 ], [ 110.977824128769001, -6.910000301441952, 0.0 ], [ 110.977836440777196, -6.910133871204477, 0.0 ], [ 110.977971729726903, -6.910231776299002, 0.0 ], [ 110.977950166147593, -6.910325692605785, 0.0 ], [ 110.977912719493204, -6.910431196611242, 0.0 ], [ 110.977809232381802, -6.91040625883892, 0.0 ], [ 110.977832664681102, -6.910458794755908, 0.0 ], [ 110.977836621881707, -6.910599151941424, 0.0 ], [ 110.977781815284004, -6.910734372115332, 0.0 ], [ 110.977769154574403, -6.910877966495466, 0.0 ], [ 110.977727432016707, -6.910941524650593, 0.0 ], [ 110.977700040399299, -6.910919840684786, 0.0 ], [ 110.977705984035794, -6.911051660482019, 0.0 ], [ 110.977680421726802, -6.911231895205162, 0.0 ], [ 110.977635681778096, -6.91134464568395, 0.0 ], [ 110.9776452080974, -6.91151901536339, 0.0 ], [ 110.977836322740998, -6.911586391562158, 0.0 ], [ 110.977841394821198, -6.911618216116315, 0.0 ], [ 110.977822133615803, -6.911761052741572, 0.0 ], [ 110.977767537078194, -6.911972409482321, 0.0 ], [ 110.977784050346301, -6.912093673288144, 0.0 ], [ 110.977960187740194, -6.912164966145816, 0.0 ], [ 110.978034396305702, -6.912134841993057, 0.0 ], [ 110.978074893028506, -6.912087741837944, 0.0 ], [ 110.978103417264094, -6.911912286875819, 0.0 ], [ 110.978341117140005, -6.91198285162197, 0.0 ], [ 110.978412615039502, -6.911914191737586, 0.0 ], [ 110.978425052423304, -6.911757326925271, 0.0 ], [ 110.978286981590898, -6.911694755972477, 0.0 ], [ 110.978227625696107, -6.911599836873966, 0.0 ], [ 110.978347924633297, -6.911179844011699, 0.0 ], [ 110.978502649379294, -6.910589323646745, 0.0 ], [ 110.978545071676606, -6.910253278653573, 0.0 ], [ 110.978567693989802, -6.910143618717218, 0.0 ], [ 110.9786167450238, -6.910133033836009, 0.0 ], [ 110.979018032698093, -6.91030461063281, 0.0 ], [ 110.979269376028398, -6.910396250196113, 0.0 ], [ 110.979282238517101, -6.910401225400157, 0.0 ], [ 110.9798080185396, -6.910679543145474, 0.0 ], [ 110.979906235655704, -6.91076713720836, 0.0 ], [ 110.980043880470205, -6.910728760408426, 0.0 ], [ 110.980126635718605, -6.9106989733011, 0.0 ], [ 110.980314668644894, -6.9107001449573, 0.0 ], [ 110.980301254142304, -6.910754041970586, 0.0 ], [ 110.980305341782397, -6.910852021613992, 0.0 ], [ 110.980396026814603, -6.910896913113909, 0.0 ], [ 110.980637125053093, -6.910926538733639, 0.0 ], [ 110.980704540262295, -6.910928909049717, 0.0 ], [ 110.980719495816999, -6.910816039356424, 0.0 ], [ 110.980722599054801, -6.910738372975064, 0.0 ], [ 110.980991734355499, -6.910800465328957, 0.0 ], [ 110.981164951461494, -6.910957779309077, 0.0 ], [ 110.9813226630597, -6.911062986636996, 0.0 ], [ 110.981390526545098, -6.911233782318107, 0.0 ], [ 110.981473554347104, -6.911403267745738, 0.0 ], [ 110.981683297622297, -6.911895112383058, 0.0 ], [ 110.981750896788398, -6.912268413520433, 0.0 ], [ 110.981888290118803, -6.912688522891912, 0.0 ], [ 110.982274408290493, -6.912921603010569, 0.0 ], [ 110.982470401245806, -6.913192236488364, 0.0 ], [ 110.982578079383998, -6.91363912601595, 0.0 ], [ 110.982569423982497, -6.913817324038956, 0.0 ], [ 110.982464200644898, -6.914027867263555, 0.0 ], [ 110.982403366866293, -6.914259653648627, 0.0 ], [ 110.982349753328805, -6.914499556042292, 0.0 ], [ 110.982327642100699, -6.914659075920377, 0.0 ], [ 110.982229763525396, -6.915016623185527, 0.0 ], [ 110.982181137238499, -6.915239354643431, 0.0 ], [ 110.982160447115604, -6.915502234713847, 0.0 ], [ 110.982180407334297, -6.915985692018388, 0.0 ], [ 110.9823038730256, -6.916149317071494, 0.0 ], [ 110.982521816441107, -6.916399229336887, 0.0 ], [ 110.982685995889995, -6.916630658319363, 0.0 ], [ 110.982827259810094, -6.916814325062806, 0.0 ], [ 110.983001271936203, -6.916965044873312, 0.0 ], [ 110.983163632733906, -6.91716338141654, 0.0 ], [ 110.983294650970095, -6.917309142700513, 0.0 ], [ 110.9833993993078, -6.917540252145767, 0.0 ], [ 110.9835817485923, -6.917778893665569, 0.0 ], [ 110.9836295885449, -6.917928175435911, 0.0 ], [ 110.983455362082694, -6.917930583926653, 0.0 ], [ 110.983427776762994, -6.917896539301722, 0.0 ], [ 110.983326099609002, -6.918419181392807, 0.0 ], [ 110.982779821337701, -6.918243237730333, 0.0 ], [ 110.982645585465093, -6.918654637092412, 0.0 ], [ 110.982634290543999, -6.918741303517716, 0.0 ], [ 110.982819464830399, -6.918765118053511, 0.0 ], [ 110.983021465293206, -6.918825955260641, 0.0 ], [ 110.983103012282598, -6.918968589574432, 0.0 ], [ 110.983185844717795, -6.919045622329725, 0.0 ], [ 110.983251287751997, -6.919032994607515, 0.0 ], [ 110.983503175414995, -6.919089048206121, 0.0 ], [ 110.983399822134501, -6.919470177429243, 0.0 ], [ 110.9835062110716, -6.919558297046855, 0.0 ], [ 110.983479666570602, -6.919688544201923, 0.0 ], [ 110.983386480614499, -6.91994943199942, 0.0 ], [ 110.983721181421799, -6.92015652466428, 0.0 ], [ 110.983649158326898, -6.920410620020126, 0.0 ], [ 110.983618092684793, -6.920520104946434, 0.0 ], [ 110.983552745237205, -6.920818103157895, 0.0 ], [ 110.983535480258197, -6.921027033151169, 0.0 ], [ 110.983663426226599, -6.921266984629066, 0.0 ], [ 110.983798614605604, -6.921498906338976, 0.0 ], [ 110.983925950611905, -6.921589821994125, 0.0 ], [ 110.984095059675397, -6.921749085959238, 0.0 ], [ 110.984348345100699, -6.922022721967215, 0.0 ], [ 110.984636430817901, -6.922294594462315, 0.0 ], [ 110.984910146163102, -6.922564157344423, 0.0 ], [ 110.985236709162706, -6.922796073999187, 0.0 ], [ 110.985573232888299, -6.923035489329604, 0.0 ], [ 110.985731837164394, -6.923142001158099, 0.0 ], [ 110.985901796391104, -6.923254276145893, 0.0 ], [ 110.985821043250297, -6.923389626626498, 0.0 ], [ 110.985897215762193, -6.9236397395298, 0.0 ], [ 110.986043237099594, -6.923862508805779, 0.0 ], [ 110.986057120549503, -6.923982085052699, 0.0 ], [ 110.986106099911098, -6.924195912393344, 0.0 ], [ 110.986138578005907, -6.9242201095075, 0.0 ], [ 110.986103764041204, -6.92429870579687, 0.0 ], [ 110.9861976647761, -6.924404833165461, 0.0 ], [ 110.986134226326101, -6.924577005783799, 0.0 ], [ 110.986283466956394, -6.924631444260538, 0.0 ], [ 110.986184845925393, -6.924882517535634, 0.0 ], [ 110.986168422620494, -6.924938704092546, 0.0 ], [ 110.986179235823201, -6.925065333925363, 0.0 ], [ 110.986221357516499, -6.925169505408125, 0.0 ], [ 110.986201781968802, -6.925255000022206, 0.0 ], [ 110.986612608784796, -6.925606268393331, 0.0 ], [ 110.986703317783594, -6.925497644352598, 0.0 ], [ 110.986713259968397, -6.925453126833467, 0.0 ], [ 110.986821337687402, -6.92544025607856, 0.0 ], [ 110.986984853314297, -6.925384434488477, 0.0 ], [ 110.987033444822899, -6.92536945690877, 0.0 ], [ 110.987116309612503, -6.925391394598642, 0.0 ], [ 110.987133971376295, -6.925462867423874, 0.0 ], [ 110.987057048446502, -6.925670016723177, 0.0 ], [ 110.987001724133805, -6.92580132940061, 0.0 ], [ 110.986982857701804, -6.925892356928788, 0.0 ], [ 110.986955896658102, -6.925963587509803, 0.0 ], [ 110.986960051432504, -6.92614931441125, 0.0 ], [ 110.986948313891403, -6.926278118088868, 0.0 ], [ 110.986880504990594, -6.926390609000155, 0.0 ], [ 110.986830305868494, -6.926533697914905, 0.0 ], [ 110.986806725255505, -6.926618152650114, 0.0 ], [ 110.986786602750499, -6.926681160457473, 0.0 ], [ 110.9867655155563, -6.926885269639663, 0.0 ], [ 110.986511734660994, -6.926734158935359, 0.0 ], [ 110.986231304429296, -6.92667353123706, 0.0 ], [ 110.9860399305078, -6.926691038263505, 0.0 ], [ 110.986010011093796, -6.926685386033225, 0.0 ], [ 110.985991396234795, -6.92667623907769, 0.0 ], [ 110.985549900547795, -6.926481370653919, 0.0 ], [ 110.985155987442596, -6.926263353154877, 0.0 ], [ 110.984932361055598, -6.926218392754719, 0.0 ], [ 110.984685353511793, -6.926289469479911, 0.0 ], [ 110.9842837389767, -6.926544741980873, 0.0 ], [ 110.984272079098801, -6.926554064091589, 0.0 ], [ 110.984268214605905, -6.926563752138353, 0.0 ], [ 110.9841411563999, -6.926612800179801, 0.0 ], [ 110.983966116862206, -6.926494028866929, 0.0 ], [ 110.984113515948295, -6.926066798509211, 0.0 ], [ 110.984287600443096, -6.926046662261901, 0.0 ], [ 110.984324173091395, -6.925723217350711, 0.0 ], [ 110.9842919689371, -6.925552923003792, 0.0 ], [ 110.984011090023003, -6.925461478096208, 0.0 ], [ 110.983949136693795, -6.925663515131428, 0.0 ], [ 110.983885686654801, -6.926000743165849, 0.0 ], [ 110.983804490549304, -6.926132216115884, 0.0 ], [ 110.9836682402332, -6.92632963141784, 0.0 ], [ 110.983490954886605, -6.926410645302697, 0.0 ], [ 110.983219694612401, -6.926215906131811, 0.0 ], [ 110.983356252613206, -6.926057660993821, 0.0 ], [ 110.983455412021101, -6.925805652250676, 0.0 ], [ 110.983439946762203, -6.925396650109104, 0.0 ], [ 110.983133860692902, -6.925305220558683, 0.0 ], [ 110.982945487937798, -6.925937846380705, 0.0 ], [ 110.982779977367301, -6.926520168050689, 0.0 ], [ 110.982484790725806, -6.926361569863389, 0.0 ], [ 110.982319266927703, -6.926284178518014, 0.0 ], [ 110.982073664677401, -6.926296183807529, 0.0 ], [ 110.981864621795296, -6.926353865452251, 0.0 ], [ 110.981372822108497, -6.926327703068968, 0.0 ], [ 110.980991564971006, -6.926195922646103, 0.0 ], [ 110.980787520170097, -6.926043016691954, 0.0 ], [ 110.980602092975303, -6.92590950441572, 0.0 ], [ 110.980568228263394, -6.925651657604853, 0.0 ], [ 110.980371142185803, -6.925497726401439, 0.0 ], [ 110.980154797897697, -6.925483732100385, 0.0 ], [ 110.979614123931597, -6.925237605435048, 0.0 ], [ 110.979352685427401, -6.925143258345279, 0.0 ], [ 110.979122572653594, -6.92500874657115, 0.0 ], [ 110.978823068689195, -6.924963354753046, 0.0 ], [ 110.978752239270904, -6.925148247087587, 0.0 ], [ 110.978746189513203, -6.925594856643808, 0.0 ], [ 110.978812950109102, -6.925833905413497, 0.0 ], [ 110.978708866252603, -6.925894328481281, 0.0 ], [ 110.978416370317703, -6.925907188434435, 0.0 ], [ 110.977702770239105, -6.925793205031914, 0.0 ], [ 110.977444008942797, -6.925742555513829, 0.0 ], [ 110.977123106816506, -6.925753332735407, 0.0 ], [ 110.976808101347999, -6.925930343773536, 0.0 ], [ 110.976367412537201, -6.926116227556433, 0.0 ], [ 110.976076983516506, -6.926198911463634, 0.0 ], [ 110.975968002255001, -6.926230063838679, 0.0 ], [ 110.975798578669199, -6.926123101220245, 0.0 ], [ 110.975684737522997, -6.92600909428286, 0.0 ], [ 110.975639729030107, -6.925917892231109, 0.0 ], [ 110.975678959358703, -6.925818004823613, 0.0 ], [ 110.975696370389997, -6.925765142080571, 0.0 ], [ 110.975704193064701, -6.925705071568786, 0.0 ], [ 110.975538286242994, -6.925746020451384, 0.0 ], [ 110.975491648529797, -6.925945363760047, 0.0 ], [ 110.975470742357601, -6.926069521102265, 0.0 ], [ 110.975422400218505, -6.926029086410219, 0.0 ], [ 110.975360868794297, -6.926006117089647, 0.0 ], [ 110.975259878282699, -6.926074194977945, 0.0 ], [ 110.975179728177906, -6.926348940246418, 0.0 ], [ 110.975120561464095, -6.926422553137477, 0.0 ], [ 110.975060766361693, -6.926478798899924, 0.0 ], [ 110.975006368382097, -6.926534802098917, 0.0 ], [ 110.974932247167899, -6.926600002413284, 0.0 ], [ 110.974859771771094, -6.926727211784779, 0.0 ], [ 110.974795927784598, -6.926835766138933, 0.0 ], [ 110.974719500346097, -6.927032055104999, 0.0 ], [ 110.974647806634707, -6.927219971314885, 0.0 ], [ 110.974544901367693, -6.927493713125841, 0.0 ], [ 110.974465552333996, -6.927549249735669, 0.0 ], [ 110.974387542264694, -6.927676509025916, 0.0 ], [ 110.974289919436799, -6.927838878579839, 0.0 ], [ 110.974225030274795, -6.928000244355259, 0.0 ], [ 110.974042269730603, -6.927911060290054, 0.0 ], [ 110.973842902575399, -6.92791589890662, 0.0 ], [ 110.973542312640504, -6.927925423497536, 0.0 ], [ 110.973502490499897, -6.927997986622353, 0.0 ], [ 110.9732914508687, -6.92808575465496, 0.0 ], [ 110.973146965676804, -6.928107347350232, 0.0 ], [ 110.972768076376099, -6.928084083045704, 0.0 ], [ 110.972438087238103, -6.928086194349957, 0.0 ], [ 110.972154743180198, -6.928058548898276, 0.0 ], [ 110.971986140217993, -6.927945129792421, 0.0 ], [ 110.971981933297798, -6.927940889001238, 0.0 ], [ 110.971965054983698, -6.927923909266204, 0.0 ], [ 110.971940028233803, -6.92790265600561, 0.0 ], [ 110.971767961739701, -6.927716912417457, 0.0 ], [ 110.971620114977497, -6.92758447410324, 0.0 ], [ 110.971612193121999, -6.927584739373842, 0.0 ], [ 110.971515495232296, -6.927553158455553, 0.0 ], [ 110.971335524672696, -6.927512059722886, 0.0 ], [ 110.971246662407594, -6.927428319604394, 0.0 ], [ 110.971012996829799, -6.927307252129882, 0.0 ], [ 110.970907880656497, -6.927306374507066, 0.0 ], [ 110.970696478389499, -6.927337158221018, 0.0 ], [ 110.970567727139098, -6.927372093256227, 0.0 ], [ 110.970366194666497, -6.927382103936865, 0.0 ], [ 110.9700851760239, -6.927399663139756, 0.0 ], [ 110.969987148499797, -6.927384734117632, 0.0 ], [ 110.970013550418898, -6.927151071133568, 0.0 ], [ 110.969805648104398, -6.927118277605299, 0.0 ], [ 110.969541431488494, -6.927127543661042, 0.0 ], [ 110.969460838971699, -6.927230628773656, 0.0 ], [ 110.969427731502904, -6.927344365162271, 0.0 ], [ 110.969201250328595, -6.927405716775672, 0.0 ], [ 110.969030475749705, -6.927450354694257, 0.0 ], [ 110.968788923718705, -6.927382103978256, 0.0 ], [ 110.968565351334405, -6.927205620886215, 0.0 ], [ 110.968494502367193, -6.926961666400079, 0.0 ], [ 110.968499023352393, -6.926664659010506, 0.0 ], [ 110.9686066893629, -6.926464719328449, 0.0 ], [ 110.968622551571798, -6.9263905399784, 0.0 ], [ 110.968496386901705, -6.926218529032512, 0.0 ], [ 110.968478580527403, -6.92613381595817, 0.0 ], [ 110.968494166446405, -6.926036766856799, 0.0 ], [ 110.968481754503898, -6.925871650714765, 0.0 ], [ 110.968439115456405, -6.925641837534696, 0.0 ], [ 110.968567719152006, -6.925508212810358, 0.0 ], [ 110.968753496083096, -6.925456553418108, 0.0 ], [ 110.968882906916804, -6.925341987649667, 0.0 ], [ 110.968943732066293, -6.925112704529024, 0.0 ], [ 110.969002106416596, -6.92485100004636, 0.0 ], [ 110.969179503794905, -6.924991073372879, 0.0 ], [ 110.969196855160703, -6.924986311772474, 0.0 ], [ 110.969770847908094, -6.92513996657194, 0.0 ], [ 110.969800178706606, -6.925035144708488, 0.0 ], [ 110.9695451952051, -6.924888006637427, 0.0 ], [ 110.969596875475702, -6.924706226909733, 0.0 ], [ 110.969163136665301, -6.924618117291573, 0.0 ], [ 110.969089864461395, -6.924872637974902, 0.0 ], [ 110.968984737146997, -6.924800267859626, 0.0 ], [ 110.968883382552903, -6.924700893903347, 0.0 ], [ 110.968925010918994, -6.924476375823756, 0.0 ], [ 110.969047201211097, -6.924415997131286, 0.0 ], [ 110.969188887343293, -6.924318750832271, 0.0 ], [ 110.969296603215199, -6.924177445390963, 0.0 ], [ 110.9694214222325, -6.924050181922681, 0.0 ], [ 110.969335438572898, -6.923823782460335, 0.0 ], [ 110.969126960998096, -6.923739516529761, 0.0 ], [ 110.968900947266306, -6.923637250846435, 0.0 ], [ 110.9688963464083, -6.923637158784514, 0.0 ], [ 110.968725439066702, -6.923530415877414, 0.0 ], [ 110.968538307387007, -6.923276112067062, 0.0 ], [ 110.9685924187322, -6.923035727955858, 0.0 ], [ 110.968669566876599, -6.922951102630154, 0.0 ], [ 110.968716113516393, -6.922786497260343, 0.0 ], [ 110.968553844922994, -6.92271909380379, 0.0 ], [ 110.968451359213205, -6.922629500026988, 0.0 ], [ 110.968516460104695, -6.92236340704534, 0.0 ], [ 110.968609531733605, -6.922142280116082, 0.0 ], [ 110.968822975804301, -6.921964050969827, 0.0 ], [ 110.969128926742698, -6.921743714214808, 0.0 ], [ 110.969266382639702, -6.921689348056374, 0.0 ], [ 110.969312893974106, -6.921570972698345, 0.0 ], [ 110.969334380725201, -6.921254218522981, 0.0 ], [ 110.969319740700001, -6.92106729503594, 0.0 ], [ 110.969242013602397, -6.920926190443027, 0.0 ], [ 110.969190591621199, -6.920798310359134, 0.0 ], [ 110.969223087699405, -6.920655705030027, 0.0 ], [ 110.9692582947673, -6.920451711920695, 0.0 ], [ 110.969293032208796, -6.920364307879047, 0.0 ], [ 110.969461680872797, -6.920302322450342, 0.0 ], [ 110.969597322411602, -6.920343549579659, 0.0 ], [ 110.9699401618183, -6.920466807353961, 0.0 ], [ 110.969962837677201, -6.9203451365048, 0.0 ], [ 110.969851898011697, -6.920069217920418, 0.0 ], [ 110.969870401676204, -6.919942809037918, 0.0 ], [ 110.970045548292305, -6.919938968384922, 0.0 ], [ 110.970054136610599, -6.919790637541857, 0.0 ], [ 110.969982848325401, -6.919544545748479, 0.0 ], [ 110.969732816211305, -6.919551210323699, 0.0 ], [ 110.969548348419394, -6.919480243534721, 0.0 ], [ 110.969565030473603, -6.919282633546912, 0.0 ], [ 110.969502093898896, -6.919193723722, 0.0 ], [ 110.969461478245805, -6.919064236315919, 0.0 ], [ 110.969484888132101, -6.918913469982233, 0.0 ], [ 110.969390983321603, -6.918534608988245, 0.0 ], [ 110.969349037550501, -6.918379258230511, 0.0 ], [ 110.969259671975607, -6.918202572253301, 0.0 ], [ 110.968996675821799, -6.918143616504736, 0.0 ], [ 110.968866525971606, -6.917981702507715, 0.0 ], [ 110.968751225496703, -6.917790072409017, 0.0 ], [ 110.968732980521096, -6.917541037772673, 0.0 ], [ 110.968592811843607, -6.9173219262437, 0.0 ], [ 110.968491223334198, -6.917224189911487, 0.0 ], [ 110.968603945234904, -6.916664390676186, 0.0 ], [ 110.968345107449693, -6.916663782071232, 0.0 ], [ 110.968300778870997, -6.91696722320549, 0.0 ], [ 110.968268633930606, -6.91710712083816, 0.0 ], [ 110.967996024760097, -6.916900827791423, 0.0 ], [ 110.967724302668998, -6.916766564600067, 0.0 ], [ 110.967830618438796, -6.916622822612277, 0.0 ], [ 110.967646561254, -6.916381247450831, 0.0 ], [ 110.967479274255993, -6.916099457872978, 0.0 ], [ 110.967466704904396, -6.915971296707894, 0.0 ], [ 110.967554344008803, -6.915839307309089, 0.0 ], [ 110.967682963130002, -6.915777850375932, 0.0 ], [ 110.968366542983006, -6.915423855699489, 0.0 ], [ 110.969049959939994, -6.915140700030225, 0.0 ], [ 110.969606852665805, -6.914934315548796, 0.0 ], [ 110.969950834597498, -6.914938120943533, 0.0 ], [ 110.970481145018297, -6.914968733545005, 0.0 ], [ 110.971259352536805, -6.915079205578833, 0.0 ], [ 110.971909451297094, -6.915102437164972, 0.0 ], [ 110.972518681570406, -6.915202031138579, 0.0 ], [ 110.972922207703306, -6.91522304503098, 0.0 ], [ 110.972940321372903, -6.915386490662825, 0.0 ], [ 110.973028286641195, -6.915413002694034, 0.0 ], [ 110.973154542427196, -6.91539462791806, 0.0 ], [ 110.973163273395102, -6.915536845493832, 0.0 ], [ 110.973133987574002, -6.915706673001847, 0.0 ], [ 110.973126399546601, -6.915862787456868, 0.0 ], [ 110.973048701688001, -6.915878640621017, 0.0 ], [ 110.972885994687999, -6.915948637946058, 0.0 ], [ 110.972907637765005, -6.916100454622356, 0.0 ], [ 110.973082586676696, -6.915988995255889, 0.0 ], [ 110.973228257608298, -6.915971957547535, 0.0 ], [ 110.9733193464468, -6.916017306660947, 0.0 ], [ 110.973509572331594, -6.916077510473384, 0.0 ], [ 110.973521849865804, -6.916493748718931, 0.0 ], [ 110.973537395644897, -6.917182946422983, 0.0 ], [ 110.973617035290204, -6.917249387651852, 0.0 ], [ 110.973708558664796, -6.917216602459073, 0.0 ], [ 110.9737946283268, -6.917378780417431, 0.0 ], [ 110.973808795870298, -6.917567710058112, 0.0 ], [ 110.973825451710297, -6.917804519387666, 0.0 ], [ 110.973850999871402, -6.918155207005466, 0.0 ], [ 110.973832120953901, -6.918402511061219, 0.0 ], [ 110.973806035267998, -6.918599691521495, 0.0 ], [ 110.973658287067394, -6.91885759040691, 0.0 ], [ 110.973773672381199, -6.919105837655143, 0.0 ], [ 110.973963469715201, -6.919160889328245, 0.0 ], [ 110.973955566175704, -6.919271731265786, 0.0 ], [ 110.973983460693105, -6.919428007195815, 0.0 ], [ 110.973950819150105, -6.919524881312562, 0.0 ], [ 110.973864424853502, -6.919544924371314, 0.0 ], [ 110.9738068060784, -6.91959250015379, 0.0 ], [ 110.973792560344506, -6.919711456743044, 0.0 ], [ 110.973808247204801, -6.919805883372718, 0.0 ], [ 110.973873928498193, -6.919808503404936, 0.0 ], [ 110.974044145066301, -6.91978172919088, 0.0 ], [ 110.974227259228599, -6.919930092964637, 0.0 ], [ 110.974083043302201, -6.920059124693247, 0.0 ], [ 110.974132915501897, -6.92018041355304, 0.0 ], [ 110.974087029960799, -6.920259117190989, 0.0 ], [ 110.974035974554596, -6.920356304924714, 0.0 ], [ 110.974074437512897, -6.920540284010637, 0.0 ], [ 110.974153887438703, -6.920732151638355, 0.0 ], [ 110.974194135451896, -6.920879884964466, 0.0 ], [ 110.974300711568503, -6.921002398432795, 0.0 ], [ 110.974431719399007, -6.920976035376579, 0.0 ], [ 110.974487250761598, -6.92102303126643, 0.0 ], [ 110.974624689597405, -6.921011152336807, 0.0 ], [ 110.974639362500099, -6.920944281352755, 0.0 ], [ 110.974829207564198, -6.92086393497343, 0.0 ], [ 110.974914039336198, -6.920800734036396, 0.0 ], [ 110.974936826069197, -6.920689886435928, 0.0 ], [ 110.974842498034604, -6.920575413211535, 0.0 ], [ 110.974865137147404, -6.920355788677456, 0.0 ], [ 110.974906918900899, -6.920229158735473, 0.0 ], [ 110.974975986775306, -6.920188506817572, 0.0 ], [ 110.975103674752006, -6.920166033951915, 0.0 ], [ 110.975306748811093, -6.920199473497631, 0.0 ], [ 110.975413993413397, -6.920218744405914, 0.0 ], [ 110.975582556952602, -6.920279031235703, 0.0 ], [ 110.975601409467203, -6.92035254512197, 0.0 ], [ 110.975587395222604, -6.920503682134753, 0.0 ], [ 110.975678306137695, -6.920512387653966, 0.0 ], [ 110.975693323551397, -6.920603621494084, 0.0 ], [ 110.975679629687804, -6.920653191148405, 0.0 ], [ 110.975462100329494, -6.920667204750638, 0.0 ], [ 110.975443000559395, -6.920810346047808, 0.0 ], [ 110.975355464638398, -6.920809583512639, 0.0 ], [ 110.975355328928401, -6.920995219191513, 0.0 ], [ 110.975480032165095, -6.921196934325849, 0.0 ], [ 110.975563229094206, -6.921217280786289, 0.0 ], [ 110.975736220590804, -6.921270058541527, 0.0 ], [ 110.975749598299302, -6.92134418118134, 0.0 ], [ 110.975781318587906, -6.921503561925276, 0.0 ], [ 110.975758755808599, -6.921715088473279, 0.0 ], [ 110.975667679329504, -6.921938119402316, 0.0 ], [ 110.975621107649303, -6.922081441704205, 0.0 ], [ 110.975602470757195, -6.922261223301146, 0.0 ], [ 110.975588202166094, -6.922486737948478, 0.0 ], [ 110.975559002507197, -6.922711097276594, 0.0 ], [ 110.975558181202899, -6.922898362237319, 0.0 ], [ 110.975524101880097, -6.923054528389263, 0.0 ], [ 110.975445635485599, -6.923252651443169, 0.0 ], [ 110.975371458629198, -6.923558298246021, 0.0 ], [ 110.975298019215799, -6.923838128178127, 0.0 ], [ 110.975199974006202, -6.924027397091908, 0.0 ], [ 110.975081464837899, -6.924328837211516, 0.0 ], [ 110.974915296136601, -6.92428161752925, 0.0 ], [ 110.974888818119496, -6.924353310138263, 0.0 ], [ 110.974898552201793, -6.9243985731659, 0.0 ], [ 110.974928651731801, -6.924464724183702, 0.0 ], [ 110.975088983063102, -6.924490956176732, 0.0 ], [ 110.975081978917999, -6.924934228125601, 0.0 ], [ 110.9750376705896, -6.925156747226647, 0.0 ], [ 110.974978555772594, -6.925303607773082, 0.0 ], [ 110.974909374317804, -6.92560701824288, 0.0 ], [ 110.974900116393798, -6.925782713421867, 0.0 ], [ 110.974881445736202, -6.925972380178002, 0.0 ], [ 110.974877819118404, -6.926105443835769, 0.0 ], [ 110.974924913106307, -6.926278136042798, 0.0 ], [ 110.974873196560594, -6.926305030945992, 0.0 ], [ 110.974803754629207, -6.92631663205437, 0.0 ], [ 110.974688063830996, -6.926342142037488, 0.0 ], [ 110.9746903207201, -6.926443217093789, 0.0 ], [ 110.974937628025202, -6.926442794206884, 0.0 ], [ 110.974980813211701, -6.926434780901692, 0.0 ], [ 110.975008861213198, -6.92648673137941, 0.0 ], [ 110.975052681501793, -6.926433068824027, 0.0 ], [ 110.975026898796401, -6.926302822735962, 0.0 ], [ 110.974985347686996, -6.926145728738645, 0.0 ], [ 110.974940095069201, -6.925907652608531, 0.0 ], [ 110.974939249441604, -6.925894758797461, 0.0 ], [ 110.974937271834804, -6.925864486266883, 0.0 ], [ 110.974947815284693, -6.925636879778539, 0.0 ], [ 110.9749511476207, -6.925632338570917, 0.0 ], [ 110.975008387090497, -6.925409660273802, 0.0 ], [ 110.975110922042106, -6.925124599683528, 0.0 ], [ 110.975114486752503, -6.925114059868016, 0.0 ], [ 110.975162991599106, -6.924858527087136, 0.0 ], [ 110.975156359921201, -6.924568941777837, 0.0 ], [ 110.975137045711705, -6.924435142476853, 0.0 ], [ 110.975175706089701, -6.924275066283757, 0.0 ], [ 110.975269179542295, -6.924098791934029, 0.0 ], [ 110.975346890811196, -6.92383941037673, 0.0 ], [ 110.975465800005097, -6.923548433220971, 0.0 ], [ 110.975544065800605, -6.923221285591271, 0.0 ], [ 110.975607656188799, -6.922941795254321, 0.0 ], [ 110.975633110117798, -6.922831837801455, 0.0 ], [ 110.975636687614298, -6.922691607645629, 0.0 ], [ 110.975818265964406, -6.922681976586292, 0.0 ], [ 110.975827842995699, -6.922560403567921, 0.0 ], [ 110.975654463745002, -6.922538749807383, 0.0 ], [ 110.975654642209506, -6.922402852119693, 0.0 ], [ 110.975688229385796, -6.922181290541634, 0.0 ], [ 110.975722807965397, -6.922035669042578, 0.0 ], [ 110.975822474392402, -6.921743137238393, 0.0 ], [ 110.975828555096399, -6.921654680905999, 0.0 ], [ 110.975845401298798, -6.921414249179933, 0.0 ], [ 110.975807748444097, -6.921105638201769, 0.0 ], [ 110.975812908690401, -6.921034688060278, 0.0 ], [ 110.975975994958603, -6.921030183851729, 0.0 ], [ 110.976135405354299, -6.921029254738418, 0.0 ], [ 110.976219480216002, -6.921035146480847, 0.0 ], [ 110.976212696615207, -6.921083687451918, 0.0 ], [ 110.976293925818496, -6.9210824336729, 0.0 ], [ 110.976304636590797, -6.921034836565909, 0.0 ], [ 110.976399537607804, -6.921090333701287, 0.0 ], [ 110.976494869407404, -6.921090391396218, 0.0 ], [ 110.976565569634005, -6.921109811431706, 0.0 ], [ 110.976622345644302, -6.920869797716644, 0.0 ], [ 110.976620595052907, -6.920789410489443, 0.0 ], [ 110.976617643214695, -6.920652738354526, 0.0 ], [ 110.976587827422705, -6.920592169229929, 0.0 ], [ 110.976602194139602, -6.920455256550257, 0.0 ], [ 110.976534552774794, -6.920399766793897, 0.0 ], [ 110.976487478288306, -6.920245168142949, 0.0 ], [ 110.976483322299302, -6.920144333118637, 0.0 ], [ 110.976440276615804, -6.920043947953658, 0.0 ], [ 110.976354900809497, -6.919982104902321, 0.0 ], [ 110.976369106975397, -6.919812876738909, 0.0 ], [ 110.976538940584803, -6.919850582559318, 0.0 ], [ 110.976588109117401, -6.919735835150317, 0.0 ], [ 110.976646450580006, -6.919581008142731, 0.0 ], [ 110.976687172721995, -6.919049106652878, 0.0 ], [ 110.976694548704202, -6.918923807228273, 0.0 ], [ 110.976743621771504, -6.918657608868116, 0.0 ], [ 110.976792644722195, -6.918444192189301, 0.0 ], [ 110.976707751672194, -6.918318679861066, 0.0 ], [ 110.976722290229901, -6.918150680328163, 0.0 ], [ 110.976734010953507, -6.918098185475581, 0.0 ], [ 110.976861875009803, -6.91813721646119, 0.0 ], [ 110.976937457864807, -6.917985950276268, 0.0 ], [ 110.976836531634405, -6.917884968197634, 0.0 ], [ 110.976837529343101, -6.917786746846738, 0.0 ], [ 110.976643559027593, -6.917750357469949, 0.0 ], [ 110.976543831661004, -6.917709576358867, 0.0 ], [ 110.976296844708102, -6.917692576084772, 0.0 ], [ 110.976042135340904, -6.91762493668572, 0.0 ], [ 110.975845294374494, -6.917538388593948, 0.0 ], [ 110.975711797886305, -6.917476954723583, 0.0 ], [ 110.975724437025207, -6.917427028047872, 0.0 ], [ 110.9756082633738, -6.917346331696793, 0.0 ], [ 110.975559978659504, -6.917294592412797, 0.0 ], [ 110.9755911569913, -6.917132641784851, 0.0 ], [ 110.975590908595393, -6.916999789415446, 0.0 ], [ 110.975595339498497, -6.916844791755233, 0.0 ], [ 110.975497396012599, -6.916725967783479, 0.0 ], [ 110.975492352212001, -6.916683645265337, 0.0 ], [ 110.975518420369895, -6.916527237121527, 0.0 ], [ 110.975499383361296, -6.916362410740597, 0.0 ], [ 110.975478299593107, -6.916182744873413, 0.0 ], [ 110.975391953680401, -6.915992811998774, 0.0 ], [ 110.975246608772395, -6.915899544034092, 0.0 ], [ 110.9750441908228, -6.915840100457574, 0.0 ], [ 110.974836170590095, -6.915840632699473, 0.0 ], [ 110.974832498607498, -6.915629174611746, 0.0 ], [ 110.974851720483002, -6.91549866534011, 0.0 ], [ 110.975320495101798, -6.915562426739347, 0.0 ], [ 110.975652360672896, -6.915586060792176, 0.0 ], [ 110.975820405396206, -6.915653696990017, 0.0 ], [ 110.975904105129601, -6.915832801228692, 0.0 ], [ 110.976044299802695, -6.915992793401404, 0.0 ], [ 110.976236488140202, -6.916083427051465, 0.0 ], [ 110.976389080757301, -6.916069408754157, 0.0 ], [ 110.976614951681597, -6.915949510438714, 0.0 ], [ 110.976651712395196, -6.915482497076997, 0.0 ], [ 110.976677159793795, -6.915089491956824, 0.0 ], [ 110.976707989952104, -6.91492474655203, 0.0 ], [ 110.9767460014303, -6.914750562425119, 0.0 ], [ 110.976884015290693, -6.914510382402973, 0.0 ], [ 110.977060157509797, -6.914186871999538, 0.0 ], [ 110.977321698556693, -6.913697368809881, 0.0 ], [ 110.977396481499596, -6.913657578507761, 0.0 ], [ 110.977566013972407, -6.91379152454293, 0.0 ], [ 110.977709784954399, -6.913579173029294, 0.0 ], [ 110.977540350240702, -6.913495238843097, 0.0 ], [ 110.977546799781905, -6.913311593880922, 0.0 ], [ 110.977682632561795, -6.913054977375263, 0.0 ], [ 110.977764295774193, -6.912871855759553, 0.0 ], [ 110.977786720759596, -6.912787632642589, 0.0 ], [ 110.977346769159197, -6.912680000564166, 0.0 ], [ 110.977171040481807, -6.912660698366834, 0.0 ], [ 110.977112639645696, -6.912918771900374, 0.0 ], [ 110.977111724267203, -6.913064027703104, 0.0 ], [ 110.976957580710703, -6.913326031118018, 0.0 ], [ 110.976957379247693, -6.913351357496373, 0.0 ], [ 110.976935565492198, -6.913579428666372, 0.0 ], [ 110.976875620616198, -6.913611651150838, 0.0 ], [ 110.976688179496506, -6.913579610118629, 0.0 ], [ 110.976428404988098, -6.913465679027535, 0.0 ], [ 110.976237261259101, -6.913307934343488, 0.0 ], [ 110.975918198938004, -6.913163398184525, 0.0 ], [ 110.975588179208202, -6.912965912744959, 0.0 ], [ 110.975382256438607, -6.912874296888454, 0.0 ], [ 110.975344656257207, -6.91284073818148, 0.0 ], [ 110.975285187474, -6.912720738704015, 0.0 ], [ 110.974996784234904, -6.912738279046424, 0.0 ], [ 110.974832927914306, -6.912726313592865, 0.0 ], [ 110.974817520067504, -6.912346243874342, 0.0 ], [ 110.974636543623603, -6.912341138018282, 0.0 ], [ 110.974590021459505, -6.912655192357713, 0.0 ], [ 110.974530000891505, -6.912680698834857, 0.0 ], [ 110.974479503665293, -6.912679745201226, 0.0 ], [ 110.974437919314397, -6.91275717378401, 0.0 ], [ 110.974390672095396, -6.912965995711652, 0.0 ], [ 110.974275692867707, -6.912940231053, 0.0 ], [ 110.974276432785601, -6.912719950368845, 0.0 ], [ 110.974321502905696, -6.91249101898145, 0.0 ], [ 110.974382441319406, -6.912353099267905, 0.0 ], [ 110.974201602291799, -6.912310184245288, 0.0 ], [ 110.973971889341598, -6.912260895532376, 0.0 ], [ 110.973846240854897, -6.912214833445161, 0.0 ], [ 110.973812984434304, -6.912048603129194, 0.0 ], [ 110.973543058618404, -6.912009071463262, 0.0 ], [ 110.973522037351799, -6.911944639050216, 0.0 ], [ 110.973324017773606, -6.91186854968222, 0.0 ], [ 110.973160861090307, -6.911900550091364, 0.0 ], [ 110.972843890604395, -6.911801484678097, 0.0 ], [ 110.972671777980096, -6.911720585922439, 0.0 ], [ 110.972502945251804, -6.911715927168123, 0.0 ], [ 110.972272101201099, -6.91165889649433, 0.0 ], [ 110.972053296016895, -6.911640953291751, 0.0 ], [ 110.972002817632898, -6.911594187339168, 0.0 ], [ 110.972034770163404, -6.911248155142838, 0.0 ], [ 110.971857257722405, -6.911165019474316, 0.0 ], [ 110.971688688535806, -6.911147809983824, 0.0 ], [ 110.971730543056296, -6.910720695381719, 0.0 ], [ 110.972041025183003, -6.910699282998324, 0.0 ], [ 110.972039948138104, -6.910402526840082, 0.0 ], [ 110.972025264435501, -6.910329393704322, 0.0 ], [ 110.971780748788504, -6.910311244573379, 0.0 ], [ 110.971672878536594, -6.910308188330343, 0.0 ], [ 110.971579784806096, -6.911136096301697, 0.0 ], [ 110.971545499546593, -6.911242041773348, 0.0 ], [ 110.971561535510304, -6.911342488845414, 0.0 ], [ 110.971192614472301, -6.91126598017112, 0.0 ], [ 110.971120398470404, -6.911516847595504, 0.0 ], [ 110.971113104599397, -6.911660552480572, 0.0 ], [ 110.9710177715979, -6.911813376728301, 0.0 ], [ 110.971003147338607, -6.91195777379631, 0.0 ], [ 110.971000736935494, -6.912056330117391, 0.0 ], [ 110.971419680973696, -6.912081915984547, 0.0 ], [ 110.971391967059205, -6.91224681919095, 0.0 ], [ 110.971346282106893, -6.912574299504587, 0.0 ], [ 110.971293186123305, -6.912764636357176, 0.0 ], [ 110.9711159368766, -6.912761937578582, 0.0 ], [ 110.970974706449795, -6.912714549978299, 0.0 ], [ 110.970927602756703, -6.91290105080644, 0.0 ], [ 110.970879881623205, -6.913001493467816, 0.0 ], [ 110.970853247368396, -6.913178690191907, 0.0 ], [ 110.970883834766099, -6.913355610932324, 0.0 ], [ 110.970942921143504, -6.913581428498353, 0.0 ], [ 110.971056732229201, -6.913577007439534, 0.0 ], [ 110.971214943887603, -6.913577035769875, 0.0 ], [ 110.971378427072494, -6.913631614400327, 0.0 ], [ 110.971508207345593, -6.913532261997394, 0.0 ], [ 110.971528587405103, -6.913509108201284, 0.0 ], [ 110.971670657121194, -6.913488919776023, 0.0 ], [ 110.971741962584701, -6.913535681393253, 0.0 ], [ 110.971687653120298, -6.913978836738142, 0.0 ], [ 110.971780146055195, -6.914002373889331, 0.0 ], [ 110.972037222275603, -6.91400917393592, 0.0 ], [ 110.972188028702107, -6.914075310484917, 0.0 ], [ 110.972241394994896, -6.914105104773693, 0.0 ], [ 110.972222813386196, -6.914172236570418, 0.0 ], [ 110.972549876074197, -6.914249965637969, 0.0 ], [ 110.972621985561901, -6.914300228142755, 0.0 ], [ 110.972646218752502, -6.914407222041189, 0.0 ], [ 110.972776267834902, -6.91439112573222, 0.0 ], [ 110.972838569844896, -6.914392843784532, 0.0 ], [ 110.972931015787395, -6.914474576779104, 0.0 ], [ 110.973014403947104, -6.914578473590846, 0.0 ], [ 110.972971831280702, -6.914840028879295, 0.0 ], [ 110.9729340123112, -6.915098561136042, 0.0 ], [ 110.972909763895402, -6.915166150537577, 0.0 ], [ 110.972630916107406, -6.915138772081861, 0.0 ], [ 110.972433446389999, -6.91514635153026, 0.0 ], [ 110.972055852977903, -6.915107339579488, 0.0 ], [ 110.971483135149498, -6.914974946798822, 0.0 ], [ 110.971462303978399, -6.914968760255968, 0.0 ], [ 110.971426403384399, -6.914968927322446, 0.0 ], [ 110.970859881232599, -6.914946523763134, 0.0 ], [ 110.9704168921442, -6.914805241440535, 0.0 ], [ 110.970080022450006, -6.91482183191705, 0.0 ], [ 110.969632466465995, -6.914791456938832, 0.0 ], [ 110.969454127391998, -6.914805968122367, 0.0 ], [ 110.968697802011505, -6.915140277416651, 0.0 ], [ 110.968478919415602, -6.915281236369445, 0.0 ], [ 110.967907572717493, -6.915478785205009, 0.0 ], [ 110.967652688329693, -6.915668571068895, 0.0 ], [ 110.967374980981205, -6.915682957244787, 0.0 ], [ 110.967110476856206, -6.915787333357181, 0.0 ], [ 110.966929860389698, -6.915821855559629, 0.0 ], [ 110.966805854284601, -6.915845532612633, 0.0 ], [ 110.966690913213995, -6.915803104164861, 0.0 ], [ 110.966524062749002, -6.915731751144518, 0.0 ], [ 110.966357774870403, -6.915612542595669, 0.0 ], [ 110.965898827454396, -6.91544899481225, 0.0 ], [ 110.965729383509498, -6.915342349467024, 0.0 ], [ 110.965571081913097, -6.915248373264173, 0.0 ], [ 110.965311030097297, -6.915251131770144, 0.0 ], [ 110.964933792308997, -6.915254833392449, 0.0 ], [ 110.964527695461499, -6.915372116696818, 0.0 ], [ 110.964153132774896, -6.915423392269738, 0.0 ], [ 110.963752959870703, -6.915505642019045, 0.0 ], [ 110.963645517148805, -6.91562496210482, 0.0 ], [ 110.962425971006496, -6.916591320220949, 0.0 ], [ 110.961903475365204, -6.91698952165288, 0.0 ], [ 110.961604527031298, -6.917185829100292, 0.0 ], [ 110.961295314131604, -6.917368838139341, 0.0 ], [ 110.960917110585896, -6.917762669155844, 0.0 ], [ 110.960601885478596, -6.917972406226907, 0.0 ], [ 110.960580643592607, -6.918042349266481, 0.0 ], [ 110.960665594565498, -6.918089135182602, 0.0 ], [ 110.961011140093902, -6.917844195516881, 0.0 ], [ 110.961678304568395, -6.917315934081955, 0.0 ], [ 110.962370672478698, -6.916746225246133, 0.0 ], [ 110.962874058631698, -6.916321797071575, 0.0 ], [ 110.963592445820098, -6.915851987229692, 0.0 ], [ 110.9637964540252, -6.915631274045436, 0.0 ], [ 110.9643642854831, -6.915540465714427, 0.0 ], [ 110.964386936886399, -6.915540444818041, 0.0 ], [ 110.965137789084395, -6.915369236687286, 0.0 ], [ 110.965152974235494, -6.915369490563167, 0.0 ], [ 110.9651909297625, -6.915370125792236, 0.0 ], [ 110.965465299890397, -6.915371275635986, 0.0 ], [ 110.965909838738099, -6.915544104004395, 0.0 ], [ 110.966801500390801, -6.915965495270564, 0.0 ], [ 110.966887171231093, -6.916000995111866, 0.0 ], [ 110.966854840153601, -6.916161881696423, 0.0 ], [ 110.966766720175897, -6.916436180880848, 0.0 ], [ 110.966757596344607, -6.916599777531172, 0.0 ], [ 110.966753837747703, -6.916664898996469, 0.0 ], [ 110.967192698831596, -6.916743121438685, 0.0 ], [ 110.967368456862602, -6.916777227845879, 0.0 ], [ 110.967617144798794, -6.916881455920156, 0.0 ], [ 110.967655273899894, -6.916964715994022, 0.0 ], [ 110.968014906719901, -6.917316674226972, 0.0 ], [ 110.968195703506296, -6.917370743414454, 0.0 ], [ 110.968072625288997, -6.91760306411368, 0.0 ], [ 110.968149561020894, -6.917823516510654, 0.0 ], [ 110.968164693508101, -6.917844071130637, 0.0 ], [ 110.968309752742996, -6.917977608549601, 0.0 ], [ 110.9684349185098, -6.918018591459379, 0.0 ], [ 110.968429549300694, -6.918234772966957, 0.0 ], [ 110.968476027829396, -6.918299998422214, 0.0 ], [ 110.968619695409302, -6.918316215244888, 0.0 ], [ 110.968776154246697, -6.918480020357651, 0.0 ], [ 110.968829217030006, -6.918624523515673, 0.0 ], [ 110.96883511563, -6.918639423886046, 0.0 ], [ 110.968903525928496, -6.918843181508067, 0.0 ], [ 110.968972878092998, -6.918797742706604, 0.0 ], [ 110.969104857834296, -6.918971551502588, 0.0 ], [ 110.968903343901601, -6.919431820983652, 0.0 ], [ 110.969225322046597, -6.919549643374464, 0.0 ], [ 110.969209253241104, -6.91965725105907, 0.0 ], [ 110.968987422559707, -6.919736915181708, 0.0 ], [ 110.968926602017802, -6.919831502874873, 0.0 ], [ 110.968915823577007, -6.920015502071425, 0.0 ], [ 110.968955900868906, -6.920134604777876, 0.0 ], [ 110.969324392591105, -6.920168563500448, 0.0 ], [ 110.969280697776398, -6.920291722404529, 0.0 ], [ 110.969138584771798, -6.920316422552952, 0.0 ], [ 110.969077126339002, -6.920426209213339, 0.0 ], [ 110.968992218052193, -6.920604769154061, 0.0 ], [ 110.968931955497297, -6.920638902887331, 0.0 ], [ 110.9688135419416, -6.920796269452238, 0.0 ], [ 110.968812291701298, -6.920935995454529, 0.0 ], [ 110.968872726851103, -6.921074802539116, 0.0 ], [ 110.968737475927497, -6.921036259905938, 0.0 ], [ 110.968584329185106, -6.920940787320841, 0.0 ], [ 110.9685055045952, -6.920836247938813, 0.0 ], [ 110.968497172113899, -6.920687676128512, 0.0 ], [ 110.968437827305806, -6.920744104920784, 0.0 ], [ 110.9683769624408, -6.920900537121349, 0.0 ], [ 110.968323657411602, -6.921065964937462, 0.0 ], [ 110.968352113433298, -6.921194973110652, 0.0 ], [ 110.968474977951004, -6.921443777775207, 0.0 ], [ 110.968610041260703, -6.921596351429293, 0.0 ], [ 110.968608372668797, -6.921634906537884, 0.0 ], [ 110.9686027677227, -6.921775293599189, 0.0 ], [ 110.968578470098706, -6.92190351955565, 0.0 ], [ 110.968513520394197, -6.921910339622262, 0.0 ], [ 110.968466160979304, -6.921981106207229, 0.0 ], [ 110.968452897673501, -6.921995218338163, 0.0 ], [ 110.968426455903398, -6.922023362471283, 0.0 ], [ 110.968353578200507, -6.92214675196787, 0.0 ], [ 110.968339422379799, -6.922227656353238, 0.0 ], [ 110.968269212853301, -6.922289038060257, 0.0 ], [ 110.968106242585606, -6.922395460710126, 0.0 ], [ 110.967893163230698, -6.922620652074484, 0.0 ], [ 110.967772994304795, -6.922677237462419, 0.0 ], [ 110.967866516015903, -6.922969174419612, 0.0 ], [ 110.967902901686998, -6.923114561162374, 0.0 ], [ 110.968186750843103, -6.923008022343073, 0.0 ], [ 110.968412842655198, -6.922944544795927, 0.0 ], [ 110.968474426057099, -6.922944393963794, 0.0 ], [ 110.968462875560704, -6.923123238101441, 0.0 ], [ 110.968419448194993, -6.923251723337368, 0.0 ], [ 110.968412254505296, -6.923274235930383, 0.0 ], [ 110.968396967573995, -6.923363632886264, 0.0 ], [ 110.968231287403697, -6.923364823138789, 0.0 ], [ 110.968218027907994, -6.923365172782837, 0.0 ], [ 110.968184894695796, -6.923366045823471, 0.0 ], [ 110.968145158324205, -6.923367093642327, 0.0 ], [ 110.967939037751904, -6.923288680662353, 0.0 ], [ 110.9678379307814, -6.92322280991634, 0.0 ], [ 110.967797742512303, -6.923216318941266, 0.0 ], [ 110.967786879015307, -6.92331371324028, 0.0 ], [ 110.968026691592499, -6.923461492881783, 0.0 ], [ 110.968046472969803, -6.923475449274814, 0.0 ], [ 110.9681252371375, -6.923508882800961, 0.0 ], [ 110.968203706228806, -6.923536329368108, 0.0 ], [ 110.968138076072293, -6.923674249409833, 0.0 ], [ 110.968131596703003, -6.923688357204927, 0.0 ], [ 110.968131507677697, -6.923773759470191, 0.0 ], [ 110.967939225945997, -6.92377939176991, 0.0 ], [ 110.967778670907407, -6.923766031632511, 0.0 ], [ 110.967689665407306, -6.923770994963379, 0.0 ], [ 110.967661374899606, -6.923867974421134, 0.0 ], [ 110.967664355757094, -6.923948968579124, 0.0 ], [ 110.967665337240703, -6.923975708535828, 0.0 ], [ 110.967682692295099, -6.924097376051032, 0.0 ], [ 110.967683222018806, -6.924110770277883, 0.0 ], [ 110.967697779410997, -6.924169682145632, 0.0 ], [ 110.967737811523506, -6.924259725252149, 0.0 ], [ 110.967808254581897, -6.9243622593126, 0.0 ], [ 110.967767135321694, -6.924548584475456, 0.0 ], [ 110.967683137677895, -6.924778257719854, 0.0 ], [ 110.967894319698999, -6.924994863401618, 0.0 ], [ 110.9679829193215, -6.925011664228157, 0.0 ], [ 110.968044166244894, -6.925035538713637, 0.0 ], [ 110.968051842784803, -6.925217304100542, 0.0 ], [ 110.968265272028106, -6.925268424796529, 0.0 ], [ 110.968298516353201, -6.925275374214898, 0.0 ], [ 110.968477277305695, -6.925318356942479, 0.0 ], [ 110.968355758159305, -6.925422828391027, 0.0 ], [ 110.968345087620307, -6.925646821877821, 0.0 ], [ 110.968343133118395, -6.925752729507491, 0.0 ], [ 110.968372266157701, -6.925891212780378, 0.0 ], [ 110.968371975088402, -6.925904904288198, 0.0 ], [ 110.968332238269198, -6.926000252629986, 0.0 ], [ 110.968287488599799, -6.926054162242191, 0.0 ], [ 110.968287381338399, -6.926060991110171, 0.0 ], [ 110.968261700991903, -6.926114638953893, 0.0 ], [ 110.9682554061243, -6.926121247030789, 0.0 ], [ 110.968192350448405, -6.926270060554788, 0.0 ], [ 110.968185963409397, -6.926314684058688, 0.0 ], [ 110.968173443240403, -6.926377540204433, 0.0 ], [ 110.9682535121283, -6.926479107066713, 0.0 ], [ 110.968405651229602, -6.926664842936919, 0.0 ], [ 110.968477465276294, -6.926848729073106, 0.0 ], [ 110.968454442248202, -6.927203972090754, 0.0 ], [ 110.968386223424105, -6.927251446241577, 0.0 ], [ 110.968322889494601, -6.927429929483981, 0.0 ], [ 110.968131969790306, -6.927369207852752, 0.0 ], [ 110.968065770504595, -6.927375447492497, 0.0 ], [ 110.968020954465601, -6.927566920097889, 0.0 ], [ 110.967668883204098, -6.927571920748053, 0.0 ], [ 110.967259309306201, -6.92758146568998, 0.0 ], [ 110.966885659977507, -6.92748163228428, 0.0 ], [ 110.966785542968097, -6.927406479073436, 0.0 ], [ 110.966659050323599, -6.927175023937866, 0.0 ], [ 110.966449746552399, -6.926811150279241, 0.0 ], [ 110.966229914411699, -6.926435965669978, 0.0 ], [ 110.965808491785594, -6.925708814609841, 0.0 ], [ 110.965284367070893, -6.92503568683281, 0.0 ], [ 110.964917158511, -6.924548866140885, 0.0 ], [ 110.964323081251194, -6.92443336524742, 0.0 ], [ 110.963732144101101, -6.92430274634911, 0.0 ], [ 110.963440151551296, -6.924213313775115, 0.0 ], [ 110.963286267692794, -6.924202513855233, 0.0 ], [ 110.9629993549445, -6.92366080249569, 0.0 ], [ 110.962680516559999, -6.923639624655741, 0.0 ], [ 110.962394737061302, -6.923361951110727, 0.0 ], [ 110.962431195257494, -6.923114440610931, 0.0 ], [ 110.962333423297096, -6.922773461418302, 0.0 ], [ 110.962368049308907, -6.922636378979967, 0.0 ], [ 110.962367979864197, -6.922319895635325, 0.0 ], [ 110.962357572270093, -6.922171283193213, 0.0 ], [ 110.961394502371306, -6.922080820640589, 0.0 ], [ 110.961182557070103, -6.92205335863059, 0.0 ], [ 110.961128883538507, -6.922022977641992, 0.0 ], [ 110.961121196301704, -6.921100535238849, 0.0 ], [ 110.961068779429894, -6.920412296438244, 0.0 ], [ 110.961010672417501, -6.919303114701432, 0.0 ], [ 110.960650766290101, -6.918198359304408, 0.0 ], [ 110.960492225226801, -6.918117700057273, 0.0 ], [ 110.960335446577204, -6.918099549724412, 0.0 ], [ 110.960244226857398, -6.918058566950955, 0.0 ], [ 110.960032930967699, -6.918011805327588, 0.0 ], [ 110.959546253748002, -6.918033725107657, 0.0 ], [ 110.959425940642703, -6.918063512287298, 0.0 ], [ 110.958977870976199, -6.917998741297704, 0.0 ], [ 110.958827323045597, -6.91797330092072, 0.0 ], [ 110.958675883959501, -6.917953278806634, 0.0 ], [ 110.958618963882401, -6.917938344522529, 0.0 ], [ 110.958488085756798, -6.91818990845575, 0.0 ], [ 110.958329856132195, -6.918342358918431, 0.0 ], [ 110.958283332189197, -6.918454111722353, 0.0 ], [ 110.958253004465007, -6.918776407254926, 0.0 ], [ 110.958253445876593, -6.918937208364731, 0.0 ], [ 110.958216310064699, -6.91911860785485, 0.0 ], [ 110.958000946209097, -6.919287292254277, 0.0 ], [ 110.957629544397705, -6.919566934123295, 0.0 ], [ 110.957439510396199, -6.919725773206254, 0.0 ], [ 110.956650081225803, -6.919930708836723, 0.0 ], [ 110.955924144628, -6.919612788560336, 0.0 ], [ 110.955636545836796, -6.918476914290519, 0.0 ], [ 110.955765273919795, -6.917563341305494, 0.0 ], [ 110.955970456739294, -6.916004842278436, 0.0 ], [ 110.956306303061993, -6.915193213687445, 0.0 ], [ 110.956698757579701, -6.914374043363324, 0.0 ], [ 110.956914268369104, -6.914464894017125, 0.0 ], [ 110.956910898497696, -6.914866875408864, 0.0 ], [ 110.956907196805204, -6.91498953760358, 0.0 ], [ 110.957367638058003, -6.915005945164216, 0.0 ], [ 110.957684982857202, -6.915018695244317, 0.0 ], [ 110.957746798860498, -6.915068964574137, 0.0 ], [ 110.957723288991104, -6.915241376831049, 0.0 ], [ 110.957808820004402, -6.915473356986967, 0.0 ], [ 110.958002162593701, -6.915536117476135, 0.0 ], [ 110.958268439084094, -6.915498895268808, 0.0 ], [ 110.958371189221396, -6.91549937331889, 0.0 ], [ 110.958524901080295, -6.915674624817815, 0.0 ], [ 110.958616525649902, -6.916009459009627, 0.0 ], [ 110.958591677011796, -6.916377471279379, 0.0 ], [ 110.958590067379603, -6.916394329746305, 0.0 ], [ 110.958492637087502, -6.91677025684676, 0.0 ], [ 110.958921011789698, -6.916848376691147, 0.0 ], [ 110.958811102368003, -6.917196162816952, 0.0 ], [ 110.9587144203348, -6.917572213507945, 0.0 ], [ 110.958628294622201, -6.917783707408369, 0.0 ], [ 110.958656406006895, -6.917836114906074, 0.0 ], [ 110.958835816486001, -6.91785650560145, 0.0 ], [ 110.959108547243204, -6.917886681033439, 0.0 ], [ 110.959421993715296, -6.917967950389642, 0.0 ], [ 110.959584050149999, -6.917983131528945, 0.0 ], [ 110.959816482253899, -6.917973723749087, 0.0 ], [ 110.960051766194596, -6.917942391542613, 0.0 ], [ 110.960093065628897, -6.917895559011939, 0.0 ], [ 110.960118755026798, -6.917776134313764, 0.0 ], [ 110.960218625002099, -6.917581775689965, 0.0 ], [ 110.9604873049784, -6.917173659252496, 0.0 ], [ 110.960618725222901, -6.917054746428429, 0.0 ], [ 110.960596364624706, -6.916799666095602, 0.0 ], [ 110.960557491417703, -6.916581969706217, 0.0 ], [ 110.960702686542007, -6.916485742096724, 0.0 ], [ 110.9607781949112, -6.916153244418397, 0.0 ], [ 110.960560987658994, -6.915914080635434, 0.0 ], [ 110.960345398726901, -6.915808420949154, 0.0 ], [ 110.960252060362805, -6.915782851146594, 0.0 ], [ 110.959806156004802, -6.915399824559943, 0.0 ], [ 110.9596250035666, -6.915150636616656, 0.0 ], [ 110.959638047024598, -6.914901344942758, 0.0 ], [ 110.9599182667869, -6.914771403427783, 0.0 ], [ 110.959850468794798, -6.914373639566428, 0.0 ], [ 110.959825848772496, -6.913934753710692, 0.0 ], [ 110.959898640486003, -6.913540596589102, 0.0 ], [ 110.959904683441707, -6.913533693318786, 0.0 ], [ 110.959939281911801, -6.913304225463119, 0.0 ], [ 110.960026598369296, -6.913066225860323, 0.0 ], [ 110.960206010385704, -6.913049932582507, 0.0 ], [ 110.960325959577403, -6.913049255103446, 0.0 ], [ 110.960368597098594, -6.913015006744445, 0.0 ], [ 110.960373917717902, -6.912679526602399, 0.0 ], [ 110.960344775989896, -6.912581052843685, 0.0 ], [ 110.960322911533794, -6.912356391643105, 0.0 ], [ 110.960296972865606, -6.912087477841923, 0.0 ], [ 110.960298293296702, -6.912066988674425, 0.0 ], [ 110.960278633017595, -6.911663411808679, 0.0 ], [ 110.960219704784606, -6.911373783284964, 0.0 ], [ 110.9602082468719, -6.911024174116389, 0.0 ], [ 110.960163462970499, -6.91081838875236, 0.0 ], [ 110.960112893800101, -6.910459705883418, 0.0 ], [ 110.960080362398202, -6.910270643787813, 0.0 ], [ 110.960074032321302, -6.910137432787252, 0.0 ], [ 110.9601249112349, -6.909964644408755, 0.0 ], [ 110.960194522848994, -6.909741446152391, 0.0 ], [ 110.960308707139106, -6.909627888277592, 0.0 ], [ 110.960752349814399, -6.909514645858938, 0.0 ], [ 110.961085477039603, -6.909330183258565, 0.0 ], [ 110.961634551269299, -6.909184796615192, 0.0 ], [ 110.962036492455198, -6.909109788189738, 0.0 ], [ 110.962102650113096, -6.90912728453387, 0.0 ], [ 110.962089955513704, -6.909201012719814, 0.0 ], [ 110.962341772916602, -6.909206445510751, 0.0 ], [ 110.962301260747495, -6.9094106079594, 0.0 ], [ 110.962328309858904, -6.909525918315279, 0.0 ], [ 110.962500313827107, -6.909561806843388, 0.0 ], [ 110.962643254230201, -6.909472436022654, 0.0 ], [ 110.962721317396699, -6.909522813769482, 0.0 ], [ 110.963002953719496, -6.909775295055832, 0.0 ], [ 110.963245023043001, -6.909775453079861, 0.0 ], [ 110.963456943762196, -6.909712249557807, 0.0 ], [ 110.963456841749405, -6.909487123851078, 0.0 ], [ 110.963445200622701, -6.909353907472951, 0.0 ], [ 110.963258377363402, -6.909333192450486, 0.0 ], [ 110.963349487120297, -6.909076254528491, 0.0 ], [ 110.9634955572199, -6.909077160950573, 0.0 ], [ 110.963589209140395, -6.90907720502481, 0.0 ], [ 110.963581913928607, -6.909316128251454, 0.0 ], [ 110.963735732493006, -6.909285626775779, 0.0 ], [ 110.963758259333602, -6.909123079212534, 0.0 ], [ 110.964416129583, -6.909179701534609, 0.0 ], [ 110.964370277172094, -6.909305116511239, 0.0 ], [ 110.964347790807807, -6.909666161491509, 0.0 ], [ 110.964458821353503, -6.909870326972496, 0.0 ], [ 110.964803004644807, -6.91021068157908, 0.0 ], [ 110.964946328900993, -6.910122286066234, 0.0 ], [ 110.965227921542606, -6.909887640391241, 0.0 ], [ 110.965163629203602, -6.909712405473978, 0.0 ], [ 110.964870306088898, -6.909454230787357, 0.0 ], [ 110.964859466318302, -6.909446954682728, 0.0 ], [ 110.964621956439203, -6.908995291009586, 0.0 ], [ 110.964600529559306, -6.90877711213439, 0.0 ], [ 110.964530193338902, -6.908270772040535, 0.0 ], [ 110.964368705220593, -6.907991915850816, 0.0 ], [ 110.964712473575602, -6.907932060353676, 0.0 ], [ 110.964942963818302, -6.907876695856803, 0.0 ], [ 110.9653306654495, -6.907830136522384, 0.0 ], [ 110.965626602291195, -6.90796460939803, 0.0 ], [ 110.965631308197104, -6.907971241601217, 0.0 ], [ 110.965843717083999, -6.908098719346584, 0.0 ], [ 110.966095887312804, -6.908029123945492, 0.0 ], [ 110.966203323290003, -6.907864091010758, 0.0 ], [ 110.966254830799599, -6.907699245885981, 0.0 ], [ 110.966518647085095, -6.907531995691164, 0.0 ], [ 110.966525204468795, -6.907610548095355, 0.0 ], [ 110.966598259275301, -6.907705108209035, 0.0 ], [ 110.966743165174293, -6.9076840604063, 0.0 ], [ 110.966851506842502, -6.907612711372337, 0.0 ], [ 110.966925110079401, -6.907521504611253, 0.0 ], [ 110.966933389039397, -6.907532920078755, 0.0 ], [ 110.967017975866099, -6.907600020874449, 0.0 ], [ 110.967048766986494, -6.907565616819303, 0.0 ], [ 110.967022128202103, -6.907451131354672, 0.0 ], [ 110.966811668197707, -6.907470557201367, 0.0 ], [ 110.966780669995202, -6.907476363043823, 0.0 ], [ 110.966747430601401, -6.907463963219322, 0.0 ], [ 110.966563357405803, -6.907487259734393, 0.0 ], [ 110.966543378923902, -6.907486982564926, 0.0 ], [ 110.966336744906599, -6.907435420920797, 0.0 ], [ 110.966190831853297, -6.907420322173012, 0.0 ], [ 110.966165073377695, -6.907355734568756, 0.0 ], [ 110.966134667270794, -6.907278219606968, 0.0 ], [ 110.965999936291894, -6.907201524266888, 0.0 ], [ 110.966009470478497, -6.907116742706505, 0.0 ], [ 110.966162458449105, -6.90708662324284, 0.0 ], [ 110.966470743994094, -6.907086497126278, 0.0 ], [ 110.966542556853796, -6.907157174057301, 0.0 ], [ 110.966688105079697, -6.907204044467377, 0.0 ], [ 110.966701038382197, -6.907032939933485, 0.0 ], [ 110.966769233234004, -6.906680838873728, 0.0 ], [ 110.966777217010403, -6.906660516351424, 0.0 ], [ 110.966870137062301, -6.90635254622215, 0.0 ], [ 110.966988073797296, -6.906394702030139, 0.0 ], [ 110.967077625760894, -6.906053169020748, 0.0 ], [ 110.967337718774601, -6.906045708896733, 0.0 ], [ 110.967402092462393, -6.905956878594175, 0.0 ], [ 110.9674331912383, -6.905809523326444, 0.0 ], [ 110.967456537583999, -6.905692449515608, 0.0 ], [ 110.967567256164799, -6.905711453187759, 0.0 ], [ 110.967587973726907, -6.9055220685138, 0.0 ], [ 110.967835290594294, -6.905384436489723, 0.0 ], [ 110.967916942980807, -6.905257458405559, 0.0 ], [ 110.967990441723003, -6.905382697330783, 0.0 ], [ 110.968033699773201, -6.90535586412895, 0.0 ], [ 110.968124865886793, -6.90524156273841, 0.0 ], [ 110.968122732630803, -6.905108483204378, 0.0 ], [ 110.968156772857895, -6.905023361651808, 0.0 ], [ 110.968180869246893, -6.904902898296194, 0.0 ], [ 110.968423036373906, -6.90477203112013, 0.0 ], [ 110.968439731739096, -6.904692708425685, 0.0 ], [ 110.968424837329493, -6.904636110200792, 0.0 ], [ 110.968187951695896, -6.90457802125334, 0.0 ], [ 110.968121035361705, -6.904684720274902, 0.0 ], [ 110.968010934142299, -6.904667984568454, 0.0 ], [ 110.968022595563397, -6.904505432529656, 0.0 ], [ 110.967912496516504, -6.9044008556895, 0.0 ], [ 110.967715316571699, -6.904328450286139, 0.0 ], [ 110.967746709953303, -6.904100641966084, 0.0 ], [ 110.967750618616705, -6.904066535877683, 0.0 ], [ 110.967678014871098, -6.904053938670294, 0.0 ], [ 110.967528750974296, -6.90406112844977, 0.0 ], [ 110.967494981659598, -6.904054169642904, 0.0 ], [ 110.967557169763495, -6.903900274634774, 0.0 ], [ 110.967433770624098, -6.903755669068698, 0.0 ], [ 110.966936927846405, -6.903742503277219, 0.0 ], [ 110.966399902434503, -6.903709376877539, 0.0 ], [ 110.966233021632206, -6.903742765593958, 0.0 ], [ 110.966168192320595, -6.904223576950143, 0.0 ], [ 110.965713357533204, -6.904210886989866, 0.0 ], [ 110.965875989336396, -6.903576463219784, 0.0 ], [ 110.965409748685801, -6.903378902149453, 0.0 ], [ 110.965114056989805, -6.903208374853727, 0.0 ], [ 110.964932782388104, -6.903169525021766, 0.0 ], [ 110.964651704623606, -6.90302829370403, 0.0 ], [ 110.964536298851797, -6.903612592159985, 0.0 ], [ 110.964376715374897, -6.903532054816269, 0.0 ], [ 110.964147707701599, -6.903371425054593, 0.0 ], [ 110.9638716301926, -6.903264748642655, 0.0 ], [ 110.963875815594307, -6.903492038170411, 0.0 ], [ 110.963991778131501, -6.903607637031883, 0.0 ], [ 110.964118952706698, -6.903647651144754, 0.0 ], [ 110.964250727614598, -6.903827304808347, 0.0 ], [ 110.964304679609597, -6.903949241695937, 0.0 ], [ 110.964354111609893, -6.904348867446717, 0.0 ], [ 110.964351680001002, -6.90467378381386, 0.0 ], [ 110.9642647491102, -6.904729622758369, 0.0 ], [ 110.963897082649794, -6.904698394874843, 0.0 ], [ 110.963819206469296, -6.905256697753427, 0.0 ], [ 110.963197371477804, -6.905111011282177, 0.0 ], [ 110.962999004016993, -6.904917330821947, 0.0 ], [ 110.962983591348106, -6.904704099271636, 0.0 ], [ 110.962963614099394, -6.904495083612532, 0.0 ], [ 110.962745082393695, -6.904505399439399, 0.0 ], [ 110.962696132944501, -6.904498668444678, 0.0 ], [ 110.9626457817306, -6.904058531950286, 0.0 ], [ 110.963097958252206, -6.904090885385101, 0.0 ], [ 110.963297631143703, -6.904190961193731, 0.0 ], [ 110.963300493463706, -6.903956612241144, 0.0 ], [ 110.963294484443196, -6.903855979200745, 0.0 ], [ 110.962918794834394, -6.903819919646557, 0.0 ], [ 110.962865730596405, -6.903744724453429, 0.0 ] ] ] ] } },
{ "type": "Feature", "properties": { "Name": "KASIYAN", "VILLAGES": "Kasiyan", "CC_4": "3318010015", "SUB_DIST": "Sukolilo", "DISTRICT": "Pati", "GID_4": "IDN.10.21.15.5_1", "AREA_HA": 665 }, "geometry": { "type": "MultiPolygon", "coordinates": [ [ [ [ 110.926234314969605, -6.86552901423412, 0.0 ], [ 110.926278051225196, -6.865985901685682, 0.0 ], [ 110.925882577709302, -6.866107890615099, 0.0 ], [ 110.925732503811105, -6.864964848219146, 0.0 ], [ 110.925571453623107, -6.863793463283247, 0.0 ], [ 110.926592549211406, -6.863213479758908, 0.0 ], [ 110.9266320607978, -6.863267047295153, 0.0 ], [ 110.9275882865428, -6.863034842641442, 0.0 ], [ 110.927742289181097, -6.862792218309332, 0.0 ], [ 110.927746065040196, -6.86244334249889, 0.0 ], [ 110.928211886747306, -6.862117647617493, 0.0 ], [ 110.929350990365094, -6.861761111113955, 0.0 ], [ 110.929365944672796, -6.861565221061908, 0.0 ], [ 110.928806461756906, -6.861673935344919, 0.0 ], [ 110.929159602477696, -6.861340391740772, 0.0 ], [ 110.932124883586297, -6.858996602524337, 0.0 ], [ 110.932411503628799, -6.86134610912088, 0.0 ], [ 110.932610173078004, -6.863434481962507, 0.0 ], [ 110.931390154147394, -6.863887669143818, 0.0 ], [ 110.929633104053707, -6.864404482259499, 0.0 ], [ 110.928026744384994, -6.864973194676473, 0.0 ], [ 110.927842021947001, -6.865065978598348, 0.0 ], [ 110.927942058629398, -6.866763391078535, 0.0 ], [ 110.927965122996795, -6.868650260644184, 0.0 ], [ 110.927987635026199, -6.868876254242398, 0.0 ], [ 110.928053593581097, -6.868953116145727, 0.0 ], [ 110.92844123994, -6.868764644148543, 0.0 ], [ 110.928313150105097, -6.867825145041386, 0.0 ], [ 110.928405815939001, -6.867144549485927, 0.0 ], [ 110.929553124739499, -6.866742234302846, 0.0 ], [ 110.929458598641901, -6.866217655386161, 0.0 ], [ 110.930118767831999, -6.866088710260774, 0.0 ], [ 110.930739049699099, -6.865882815752809, 0.0 ], [ 110.931378713086502, -6.865722761769651, 0.0 ], [ 110.931339781468907, -6.865235359676029, 0.0 ], [ 110.932085558748199, -6.864901776863761, 0.0 ], [ 110.932092886972995, -6.864671809771091, 0.0 ], [ 110.932818768896794, -6.864559047733107, 0.0 ], [ 110.932863439767999, -6.865130031955515, 0.0 ], [ 110.932957798759901, -6.866194835975133, 0.0 ], [ 110.933158533650101, -6.867992130125454, 0.0 ], [ 110.933268533431104, -6.86891963325131, 0.0 ], [ 110.9333560086842, -6.869748614801368, 0.0 ], [ 110.933458369851905, -6.870417431452913, 0.0 ], [ 110.933573035548505, -6.871841581035882, 0.0 ], [ 110.933680037014398, -6.872552828491643, 0.0 ], [ 110.933780011114493, -6.873540081019089, 0.0 ], [ 110.933849871188798, -6.874141953835218, 0.0 ], [ 110.933938989372095, -6.874834635588057, 0.0 ], [ 110.934054433982297, -6.875599262705243, 0.0 ], [ 110.934162148098096, -6.876744171868825, 0.0 ], [ 110.934230316762793, -6.877278667476607, 0.0 ], [ 110.9343325268851, -6.878313490568437, 0.0 ], [ 110.934392632968496, -6.878994060603367, 0.0 ], [ 110.934407704616703, -6.879348629142463, 0.0 ], [ 110.934437427970394, -6.879968118147667, 0.0 ], [ 110.934438726613294, -6.880755696142869, 0.0 ], [ 110.934451652171603, -6.881510718157588, 0.0 ], [ 110.934459945910007, -6.882061047583506, 0.0 ], [ 110.934442718356706, -6.882419644385164, 0.0 ], [ 110.934440490014296, -6.883511933151954, 0.0 ], [ 110.934465587230605, -6.883832661975255, 0.0 ], [ 110.934438648966506, -6.884189377836024, 0.0 ], [ 110.934889713963202, -6.884439644602937, 0.0 ], [ 110.935218318573504, -6.884537013812865, 0.0 ], [ 110.9369729695361, -6.884911162902756, 0.0 ], [ 110.938460360859906, -6.885190594834956, 0.0 ], [ 110.939255943381895, -6.885340964762398, 0.0 ], [ 110.939616692700397, -6.885402524297232, 0.0 ], [ 110.940571929589098, -6.885546623614919, 0.0 ], [ 110.941453171450206, -6.885647280892107, 0.0 ], [ 110.943094735394794, -6.885813576615362, 0.0 ], [ 110.943692518039697, -6.885878951011318, 0.0 ], [ 110.943983698383704, -6.885896888168437, 0.0 ], [ 110.944336276033795, -6.886502197781195, 0.0 ], [ 110.9451008092839, -6.887021581882272, 0.0 ], [ 110.945866641081807, -6.886957659093091, 0.0 ], [ 110.947465570242002, -6.886693251749517, 0.0 ], [ 110.948384065887595, -6.886500716942078, 0.0 ], [ 110.949706503964507, -6.886248036416204, 0.0 ], [ 110.950011540391202, -6.886173175205641, 0.0 ], [ 110.952034379835993, -6.886013884231927, 0.0 ], [ 110.9526402645551, -6.887089737210217, 0.0 ], [ 110.952666202952798, -6.887779434768448, 0.0 ], [ 110.952742365038205, -6.888715290177068, 0.0 ], [ 110.952140328771193, -6.889663623097821, 0.0 ], [ 110.951657825254401, -6.890427337996242, 0.0 ], [ 110.951452931169399, -6.890758973776427, 0.0 ], [ 110.951481959802194, -6.891025083242762, 0.0 ], [ 110.951694249258495, -6.891967046818653, 0.0 ], [ 110.952294326032799, -6.892891656850991, 0.0 ], [ 110.952460784694097, -6.893190504237888, 0.0 ], [ 110.952236093292498, -6.893926587389763, 0.0 ], [ 110.952158059760706, -6.893909963945397, 0.0 ], [ 110.951441257713995, -6.894073998904724, 0.0 ], [ 110.951325309495303, -6.894110611676338, 0.0 ], [ 110.951061122453396, -6.894624092709646, 0.0 ], [ 110.951128994865101, -6.895145570303569, 0.0 ], [ 110.951597972925896, -6.895688164433431, 0.0 ], [ 110.951756924811804, -6.896109336721834, 0.0 ], [ 110.951611919018902, -6.896460341490463, 0.0 ], [ 110.951389506291804, -6.896628021425763, 0.0 ], [ 110.950814599397006, -6.897293575730892, 0.0 ], [ 110.950765660495094, -6.897558410976449, 0.0 ], [ 110.950753870204395, -6.897744462153681, 0.0 ], [ 110.950510544187907, -6.898111399277014, 0.0 ], [ 110.950058610812803, -6.898288539313103, 0.0 ], [ 110.949620134218094, -6.898411358257406, 0.0 ], [ 110.949419189327301, -6.898460789851089, 0.0 ], [ 110.948898723980093, -6.898765636982588, 0.0 ], [ 110.948625309173295, -6.898948859849294, 0.0 ], [ 110.948427306601801, -6.89917663406355, 0.0 ], [ 110.948290213205098, -6.899268176003983, 0.0 ], [ 110.948177523144096, -6.899385060367282, 0.0 ], [ 110.948139208725706, -6.899447948369531, 0.0 ], [ 110.947662617576896, -6.899482749046035, 0.0 ], [ 110.947421624361994, -6.899339719537583, 0.0 ], [ 110.947136445481803, -6.899236547081989, 0.0 ], [ 110.946783002448498, -6.899120281281414, 0.0 ], [ 110.9464440470136, -6.899018955346452, 0.0 ], [ 110.945914541690001, -6.899149545845385, 0.0 ], [ 110.945460238094697, -6.899283869831427, 0.0 ], [ 110.945358792084804, -6.899530191918801, 0.0 ], [ 110.945132230835796, -6.9001864789674, 0.0 ], [ 110.945187860807195, -6.900533940851671, 0.0 ], [ 110.945325503350404, -6.901212763603143, 0.0 ], [ 110.945971201937397, -6.901504959534962, 0.0 ], [ 110.946445161175006, -6.901485840549626, 0.0 ], [ 110.946742051327803, -6.901533875203614, 0.0 ], [ 110.947003405599304, -6.901753303453107, 0.0 ], [ 110.947694824874802, -6.902082664397829, 0.0 ], [ 110.947887718468394, -6.902171181783463, 0.0 ], [ 110.948203103898607, -6.902545943851312, 0.0 ], [ 110.948503785398003, -6.902849241772601, 0.0 ], [ 110.948778876764806, -6.903204744930378, 0.0 ], [ 110.948896574448099, -6.903563538052243, 0.0 ], [ 110.948992038445297, -6.903842408757914, 0.0 ], [ 110.949026168059902, -6.904000329075651, 0.0 ], [ 110.949078776801102, -6.904234587005864, 0.0 ], [ 110.949105570314899, -6.904430133200612, 0.0 ], [ 110.949150570216005, -6.904629006633525, 0.0 ], [ 110.949121791791299, -6.904671541422354, 0.0 ], [ 110.948756091453703, -6.904383457967976, 0.0 ], [ 110.947657207982701, -6.904341330332517, 0.0 ], [ 110.947174654843806, -6.904875225413978, 0.0 ], [ 110.947148448601695, -6.905326372361273, 0.0 ], [ 110.9461091510085, -6.904544862752766, 0.0 ], [ 110.945448301176299, -6.904026876591617, 0.0 ], [ 110.945029946100803, -6.903674127423438, 0.0 ], [ 110.945156428260105, -6.903191069800044, 0.0 ], [ 110.944278017286095, -6.902992589693069, 0.0 ], [ 110.944133764343505, -6.903101437640368, 0.0 ], [ 110.943400110863095, -6.902735776799965, 0.0 ], [ 110.941754642820499, -6.901972248077731, 0.0 ], [ 110.941644054603898, -6.902232612024122, 0.0 ], [ 110.941648655721707, -6.902327064066436, 0.0 ], [ 110.942578439276701, -6.902841126649203, 0.0 ], [ 110.943039163610905, -6.903022512899557, 0.0 ], [ 110.944019482853406, -6.903601355078672, 0.0 ], [ 110.944991005431305, -6.904230830515244, 0.0 ], [ 110.945174180759295, -6.903932494995519, 0.0 ], [ 110.945695940991598, -6.90428763572982, 0.0 ], [ 110.945546525546902, -6.904441197195658, 0.0 ], [ 110.946172243221397, -6.904968037184122, 0.0 ], [ 110.946898384139203, -6.905583661174642, 0.0 ], [ 110.947398896374594, -6.906117894200453, 0.0 ], [ 110.947555753446906, -6.906285647811858, 0.0 ], [ 110.947516893367094, -6.906622141529689, 0.0 ], [ 110.947683974258595, -6.906665969340307, 0.0 ], [ 110.947912129826904, -6.906698902478158, 0.0 ], [ 110.947803852488704, -6.907013005287422, 0.0 ], [ 110.947702743588906, -6.90701856654545, 0.0 ], [ 110.947602898470294, -6.907166431300604, 0.0 ], [ 110.947761053888698, -6.907231472680091, 0.0 ], [ 110.947708122802993, -6.90746028661287, 0.0 ], [ 110.947647585670694, -6.907601758623108, 0.0 ], [ 110.947958501470097, -6.907644834656169, 0.0 ], [ 110.9476530422629, -6.908166711004532, 0.0 ], [ 110.947778803888596, -6.908769046196306, 0.0 ], [ 110.947723708349201, -6.909353792535805, 0.0 ], [ 110.947680941161096, -6.909593468596378, 0.0 ], [ 110.947601523593207, -6.910009810313207, 0.0 ], [ 110.947310592285902, -6.9102764011131, 0.0 ], [ 110.947038541471002, -6.910527716451283, 0.0 ], [ 110.946731026198705, -6.91090894925708, 0.0 ], [ 110.946487252826302, -6.911163919933847, 0.0 ], [ 110.946272793062406, -6.911846765289235, 0.0 ], [ 110.946337196291296, -6.912169161122289, 0.0 ], [ 110.946048145317306, -6.912109265503754, 0.0 ], [ 110.945702941900507, -6.912050118557597, 0.0 ], [ 110.944431315753803, -6.911964919759163, 0.0 ], [ 110.944343154404393, -6.911910507186398, 0.0 ], [ 110.9442816852427, -6.911980614241643, 0.0 ], [ 110.943584677043802, -6.911967893771014, 0.0 ], [ 110.942805292426897, -6.911601240788757, 0.0 ], [ 110.942508732645194, -6.911413209553669, 0.0 ], [ 110.942167236849599, -6.91119345450712, 0.0 ], [ 110.941762277217194, -6.911128948531584, 0.0 ], [ 110.941357832079206, -6.911301447871583, 0.0 ], [ 110.941327745084394, -6.911018809737123, 0.0 ], [ 110.940777792881406, -6.910787805205161, 0.0 ], [ 110.9394843846881, -6.910616121412388, 0.0 ], [ 110.938799354491394, -6.910475076672579, 0.0 ], [ 110.938221676323195, -6.910285255015956, 0.0 ], [ 110.938025519944901, -6.911324165146327, 0.0 ], [ 110.9384476194641, -6.911562677592757, 0.0 ], [ 110.939136769989105, -6.911544443238069, 0.0 ], [ 110.939749033946995, -6.911711461815932, 0.0 ], [ 110.939896848300606, -6.911861106150342, 0.0 ], [ 110.939104225295196, -6.911793730505302, 0.0 ], [ 110.938800327415294, -6.911742696089605, 0.0 ], [ 110.937904995656794, -6.91196453492483, 0.0 ], [ 110.937486211253002, -6.912142491340266, 0.0 ], [ 110.937658129071593, -6.912828467336391, 0.0 ], [ 110.937547732965598, -6.913247522694788, 0.0 ], [ 110.937501984175697, -6.913441217866797, 0.0 ], [ 110.937323130181099, -6.913766840456622, 0.0 ], [ 110.935004557038397, -6.913629508578202, 0.0 ], [ 110.934235799703899, -6.913605900775357, 0.0 ], [ 110.933986257468405, -6.913589046133127, 0.0 ], [ 110.933750634572107, -6.912764366754662, 0.0 ], [ 110.933551728556196, -6.911808724904054, 0.0 ], [ 110.933680870648502, -6.91160769233994, 0.0 ], [ 110.934052241687695, -6.911424039569302, 0.0 ], [ 110.934198431531996, -6.911473155369941, 0.0 ], [ 110.934500463754006, -6.91069518887931, 0.0 ], [ 110.935227053627699, -6.910866536488568, 0.0 ], [ 110.935477766700302, -6.910057676791835, 0.0 ], [ 110.936024985901895, -6.910111232515637, 0.0 ], [ 110.9362742028556, -6.909274325969449, 0.0 ], [ 110.9357758414194, -6.909104775461046, 0.0 ], [ 110.9360978174401, -6.908096285723173, 0.0 ], [ 110.936556864033804, -6.906919225755073, 0.0 ], [ 110.936875831771204, -6.906183724550264, 0.0 ], [ 110.937046426510705, -6.905459546557007, 0.0 ], [ 110.938410867206699, -6.905849829499755, 0.0 ], [ 110.938519274697299, -6.90482796099989, 0.0 ], [ 110.939353505687706, -6.905054712696541, 0.0 ], [ 110.939636423760206, -6.903579990887788, 0.0 ], [ 110.938193649774803, -6.902925051372614, 0.0 ], [ 110.936130746654399, -6.900862619337452, 0.0 ], [ 110.935512543247796, -6.90024868597523, 0.0 ], [ 110.935000482547693, -6.89911354275935, 0.0 ], [ 110.934915069229504, -6.898113799461107, 0.0 ], [ 110.934396705817093, -6.897130678726444, 0.0 ], [ 110.934195077162101, -6.896073508075105, 0.0 ], [ 110.933818808339296, -6.895859802661781, 0.0 ], [ 110.933936945610299, -6.894230309365398, 0.0 ], [ 110.934717235664706, -6.894019691495441, 0.0 ], [ 110.935450086181405, -6.894791807605894, 0.0 ], [ 110.936427421770901, -6.896270425380655, 0.0 ], [ 110.937015973587606, -6.897297594192284, 0.0 ], [ 110.938114386431494, -6.898440508687653, 0.0 ], [ 110.938356791403095, -6.896673404271677, 0.0 ], [ 110.938391900648199, -6.895937428559819, 0.0 ], [ 110.938672350714498, -6.894082309248885, 0.0 ], [ 110.938525701920696, -6.89249363430199, 0.0 ], [ 110.937539167520896, -6.892226663544446, 0.0 ], [ 110.937225114713399, -6.892446503535787, 0.0 ], [ 110.936915251986406, -6.892445254224786, 0.0 ], [ 110.936604581318306, -6.893549045135458, 0.0 ], [ 110.936764868308202, -6.894172081942894, 0.0 ], [ 110.936989713490107, -6.894742038457547, 0.0 ], [ 110.936627245341896, -6.896175277873942, 0.0 ], [ 110.935984811265996, -6.895429670027197, 0.0 ], [ 110.935264946685606, -6.894331884387853, 0.0 ], [ 110.934898923440201, -6.893923506253667, 0.0 ], [ 110.934533895919202, -6.893878443039736, 0.0 ], [ 110.934049218813996, -6.894002892621081, 0.0 ], [ 110.933933922828899, -6.894001647076056, 0.0 ], [ 110.933758236488799, -6.893793680169005, 0.0 ], [ 110.933565427909301, -6.893215937498541, 0.0 ], [ 110.933353130791403, -6.892772687634955, 0.0 ], [ 110.933252240952299, -6.892388673555159, 0.0 ], [ 110.933348470071905, -6.892053189125027, 0.0 ], [ 110.933648674678807, -6.891408681915257, 0.0 ], [ 110.934148791932103, -6.891133314205035, 0.0 ], [ 110.935238878512294, -6.890586686028585, 0.0 ], [ 110.935699402108099, -6.890146610009936, 0.0 ], [ 110.935959016257996, -6.890005611187114, 0.0 ], [ 110.936157052089797, -6.890189314619404, 0.0 ], [ 110.936215540963303, -6.890061857650323, 0.0 ], [ 110.936231000066897, -6.8897277924456, 0.0 ], [ 110.936935414740802, -6.889034952446281, 0.0 ], [ 110.937572229616094, -6.888755024107697, 0.0 ], [ 110.938067147649207, -6.88843394365588, 0.0 ], [ 110.938269758243095, -6.888264276158731, 0.0 ], [ 110.938633602492104, -6.887757974849733, 0.0 ], [ 110.938861338291403, -6.887206825574255, 0.0 ], [ 110.939120863095098, -6.886318132542574, 0.0 ], [ 110.939210661557695, -6.885709096923234, 0.0 ], [ 110.939206209892006, -6.885414548328734, 0.0 ], [ 110.938924779540898, -6.885378924676518, 0.0 ], [ 110.938921309531594, -6.886134495074292, 0.0 ], [ 110.938640183875407, -6.887087506373816, 0.0 ], [ 110.938381194414404, -6.887862850948881, 0.0 ], [ 110.938133986046907, -6.887997329812791, 0.0 ], [ 110.937494441113103, -6.888396831872181, 0.0 ], [ 110.936893103479207, -6.88870011807178, 0.0 ], [ 110.9358844515302, -6.889445207096049, 0.0 ], [ 110.935625738805498, -6.889820963657598, 0.0 ], [ 110.934755738970694, -6.890346094263244, 0.0 ], [ 110.934143786681204, -6.890592735124167, 0.0 ], [ 110.933922377750406, -6.890756160919442, 0.0 ], [ 110.933529513759595, -6.890990323960168, 0.0 ], [ 110.933194186170695, -6.891282617994861, 0.0 ], [ 110.932920028195696, -6.891805409750282, 0.0 ], [ 110.932759139578593, -6.892237019170127, 0.0 ], [ 110.932752359717, -6.892697967236345, 0.0 ], [ 110.933237027253298, -6.89354290829653, 0.0 ], [ 110.933508546446802, -6.894154612901906, 0.0 ], [ 110.9335687934406, -6.895099061804502, 0.0 ], [ 110.933079486337107, -6.895508694033006, 0.0 ], [ 110.932677888746497, -6.895786668060187, 0.0 ], [ 110.932588712479102, -6.8957925320291, 0.0 ], [ 110.932261362140395, -6.895126177973824, 0.0 ], [ 110.931946201566006, -6.895109030224015, 0.0 ], [ 110.931847459035495, -6.894345982722014, 0.0 ], [ 110.930860083393696, -6.893851054332631, 0.0 ], [ 110.930844368102896, -6.892987468042285, 0.0 ], [ 110.930811681891996, -6.892715843075748, 0.0 ], [ 110.930444780649296, -6.890985535922783, 0.0 ], [ 110.931502441918596, -6.89114579784969, 0.0 ], [ 110.931980868927894, -6.893030807682882, 0.0 ], [ 110.931922700569203, -6.892674616885202, 0.0 ], [ 110.931742039130697, -6.891983390002333, 0.0 ], [ 110.931615422565798, -6.891228607084442, 0.0 ], [ 110.931450243075005, -6.890956244717457, 0.0 ], [ 110.930323670755101, -6.890916226672948, 0.0 ], [ 110.929909584600495, -6.890563283897198, 0.0 ], [ 110.929740866425306, -6.889485352990439, 0.0 ], [ 110.928998884098107, -6.889552666552711, 0.0 ], [ 110.928556806687297, -6.888214284361859, 0.0 ], [ 110.928363851213305, -6.887317108566277, 0.0 ], [ 110.928456635352404, -6.885990440316466, 0.0 ], [ 110.928472867503899, -6.884231115966441, 0.0 ], [ 110.928430867185895, -6.881818158890219, 0.0 ], [ 110.9286696059702, -6.881722825820199, 0.0 ], [ 110.929814476427794, -6.881809459378795, 0.0 ], [ 110.9298455705663, -6.880540428820478, 0.0 ], [ 110.928521869894496, -6.880444888442112, 0.0 ], [ 110.928559547769794, -6.878015086720747, 0.0 ], [ 110.928568277883002, -6.875514820870221, 0.0 ], [ 110.928385175623106, -6.874251759087056, 0.0 ], [ 110.928277974291404, -6.873846411462018, 0.0 ], [ 110.9295742628629, -6.873574961484796, 0.0 ], [ 110.929503823222703, -6.873124035241202, 0.0 ], [ 110.930134296365907, -6.872957160626195, 0.0 ], [ 110.930126487300299, -6.872703206720632, 0.0 ], [ 110.929118848338405, -6.872947465225673, 0.0 ], [ 110.929096223404798, -6.872711890561552, 0.0 ], [ 110.929187582043596, -6.872639565830538, 0.0 ], [ 110.928916895542002, -6.872564298085156, 0.0 ], [ 110.928303796151894, -6.872912926266621, 0.0 ], [ 110.928058133153002, -6.870915060655117, 0.0 ], [ 110.927991065740798, -6.87001451513177, 0.0 ], [ 110.927967264734605, -6.869009844452783, 0.0 ], [ 110.927886653572301, -6.869064251848259, 0.0 ], [ 110.9279042640905, -6.869653717977169, 0.0 ], [ 110.927924484362094, -6.87044579612781, 0.0 ], [ 110.927958350818997, -6.870847912313679, 0.0 ], [ 110.928120912311698, -6.872994133129439, 0.0 ], [ 110.928287979293899, -6.874482435613892, 0.0 ], [ 110.928446741575101, -6.875971051685291, 0.0 ], [ 110.928409920742595, -6.877302271843977, 0.0 ], [ 110.928400104031894, -6.879289612784333, 0.0 ], [ 110.928377478224405, -6.881045020686976, 0.0 ], [ 110.928351979805797, -6.882564473035693, 0.0 ], [ 110.928346094172696, -6.884192402539949, 0.0 ], [ 110.928318894271001, -6.886369044306051, 0.0 ], [ 110.928244071093403, -6.887476151464488, 0.0 ], [ 110.9283510584319, -6.888135567085754, 0.0 ], [ 110.928715768042494, -6.889297144793916, 0.0 ], [ 110.929289470441006, -6.890957145697281, 0.0 ], [ 110.929725998475902, -6.892275181573985, 0.0 ], [ 110.929926973522001, -6.892986700052336, 0.0 ], [ 110.929952295639097, -6.893212415743831, 0.0 ], [ 110.930001001858002, -6.893610957858682, 0.0 ], [ 110.930104916859307, -6.89410505480261, 0.0 ], [ 110.930279911108499, -6.894125315030903, 0.0 ], [ 110.930272496576706, -6.89430610658458, 0.0 ], [ 110.928423096207794, -6.89440143052764, 0.0 ], [ 110.928197466282398, -6.894373911294271, 0.0 ], [ 110.928153853025805, -6.893386692923096, 0.0 ], [ 110.928029264354294, -6.891906648849344, 0.0 ], [ 110.927863396950102, -6.889976656104256, 0.0 ], [ 110.927759095982395, -6.888311806718908, 0.0 ], [ 110.927631241727298, -6.887296349305129, 0.0 ], [ 110.927594894913696, -6.885886061846563, 0.0 ], [ 110.927532108324897, -6.883918595817877, 0.0 ], [ 110.9274996939034, -6.88192302084017, 0.0 ], [ 110.927497965592906, -6.880963133039995, 0.0 ], [ 110.927730265394402, -6.879061242126705, 0.0 ], [ 110.927872147356794, -6.877941159182585, 0.0 ], [ 110.927958665431305, -6.876991306448514, 0.0 ], [ 110.927764700797795, -6.875492078823386, 0.0 ], [ 110.927741711658697, -6.875376794245459, 0.0 ], [ 110.927819979520393, -6.875367365890792, 0.0 ], [ 110.927769200568903, -6.875207129034855, 0.0 ], [ 110.927703326389306, -6.875103931252445, 0.0 ], [ 110.927445880677197, -6.873317006849412, 0.0 ], [ 110.927315706684396, -6.872274507268556, 0.0 ], [ 110.927140886120597, -6.871047002323101, 0.0 ], [ 110.927111219606502, -6.870735634490233, 0.0 ], [ 110.926920857189401, -6.870217743817579, 0.0 ], [ 110.926518950742803, -6.869088214130745, 0.0 ], [ 110.926498522975706, -6.868867749072126, 0.0 ], [ 110.926986540597596, -6.868715698551086, 0.0 ], [ 110.927130099569396, -6.868931442213496, 0.0 ], [ 110.927446508456498, -6.868818489596348, 0.0 ], [ 110.927460587395004, -6.868618080853722, 0.0 ], [ 110.927873293940806, -6.868612608425496, 0.0 ], [ 110.927904122247199, -6.867993808402705, 0.0 ], [ 110.927854413203605, -6.866157037495975, 0.0 ], [ 110.927806371576494, -6.865321345974327, 0.0 ], [ 110.927767628801504, -6.865161062415171, 0.0 ], [ 110.927558872526205, -6.865126401323002, 0.0 ], [ 110.926234314969605, -6.86552901423412, 0.0 ] ] ] ] } },
{ "type": "Feature", "properties": { "Name": "KAYEN", "VILLAGES": "Kayen", "CC_4": "3318020009", "SUB_DIST": "Kayen", "DISTRICT": "Pati", "GID_4": "IDN.10.21.10.7_1", "AREA_HA": 201 }, "geometry": { "type": "MultiPolygon", "coordinates": [ [ [ [ 110.969249562337197, -6.90345188107641, 0.0 ], [ 110.969115699523996, -6.903615140103687, 0.0 ], [ 110.968686508364996, -6.903377595781634, 0.0 ], [ 110.968006517110197, -6.903142950762947, 0.0 ], [ 110.967596800128504, -6.90301319040133, 0.0 ], [ 110.967237474537299, -6.902912530112505, 0.0 ], [ 110.967047436414305, -6.902879616474558, 0.0 ], [ 110.966814420160105, -6.90284122846256, 0.0 ], [ 110.966729968950702, -6.902783214794866, 0.0 ], [ 110.966536223193103, -6.902656488721459, 0.0 ], [ 110.966292574457299, -6.902494575006309, 0.0 ], [ 110.966103812099206, -6.902372402007045, 0.0 ], [ 110.965771602256794, -6.901966461953625, 0.0 ], [ 110.965446606745402, -6.901485746999949, 0.0 ], [ 110.965370282090106, -6.901371311342294, 0.0 ], [ 110.966056815917995, -6.901302183736317, 0.0 ], [ 110.966253350042606, -6.901272133985006, 0.0 ], [ 110.966784150275103, -6.900749343016877, 0.0 ], [ 110.967132497497005, -6.900426146231108, 0.0 ], [ 110.967193943985507, -6.900121048120028, 0.0 ], [ 110.967111202755106, -6.899238155044823, 0.0 ], [ 110.967048318367901, -6.898577733859409, 0.0 ], [ 110.966881747400805, -6.898021114160508, 0.0 ], [ 110.966729426119301, -6.897482616444382, 0.0 ], [ 110.967145991037796, -6.89691388300806, 0.0 ], [ 110.967621796344403, -6.896500372454039, 0.0 ], [ 110.967791220368497, -6.896567663087952, 0.0 ], [ 110.968021934829807, -6.896652113485313, 0.0 ], [ 110.968292533440902, -6.896776726809896, 0.0 ], [ 110.968298080274295, -6.896776802005786, 0.0 ], [ 110.968331361582798, -6.896777253388568, 0.0 ], [ 110.968353991850506, -6.896697961466558, 0.0 ], [ 110.968662481874105, -6.89680253034418, 0.0 ], [ 110.968871287500505, -6.896907031508693, 0.0 ], [ 110.969206672218306, -6.897000247828181, 0.0 ], [ 110.969555213774299, -6.897068676246002, 0.0 ], [ 110.9697547877836, -6.897101760529091, 0.0 ], [ 110.970247653776696, -6.897171441725372, 0.0 ], [ 110.9706171175783, -6.897186688231672, 0.0 ], [ 110.970775885864597, -6.897186594999468, 0.0 ], [ 110.971353893347199, -6.897259334506722, 0.0 ], [ 110.971718195468, -6.897316564881919, 0.0 ], [ 110.971927665629906, -6.89736120391249, 0.0 ], [ 110.972062336491405, -6.897468400907837, 0.0 ], [ 110.972089481746593, -6.897513860461189, 0.0 ], [ 110.972249266259894, -6.897098694557124, 0.0 ], [ 110.972206358076406, -6.897101882722509, 0.0 ], [ 110.971997172455005, -6.89711327849944, 0.0 ], [ 110.971561710007805, -6.897120936744491, 0.0 ], [ 110.971277809480995, -6.897101787563634, 0.0 ], [ 110.970799101577001, -6.897008937408382, 0.0 ], [ 110.970541714018907, -6.897013455642448, 0.0 ], [ 110.9703146061089, -6.89702466435009, 0.0 ], [ 110.970299336222098, -6.897024301923715, 0.0 ], [ 110.970287114579605, -6.897024022629899, 0.0 ], [ 110.970256753648997, -6.897019891431039, 0.0 ], [ 110.970244511726307, -6.897019643965249, 0.0 ], [ 110.969987579161099, -6.896989371079157, 0.0 ], [ 110.969981479405902, -6.89698572466288, 0.0 ], [ 110.969805316407403, -6.896940819937956, 0.0 ], [ 110.969708172358196, -6.896903267197707, 0.0 ], [ 110.969482442574602, -6.896851362128464, 0.0 ], [ 110.969231992557894, -6.896813133021738, 0.0 ], [ 110.969023597784499, -6.896790204801945, 0.0 ], [ 110.968758647856902, -6.896708801959824, 0.0 ], [ 110.968647122676003, -6.896649290162609, 0.0 ], [ 110.968624504547705, -6.896545251688733, 0.0 ], [ 110.968579047762603, -6.896508998164265, 0.0 ], [ 110.968224805172596, -6.896421164580757, 0.0 ], [ 110.968297995486395, -6.896076497032196, 0.0 ], [ 110.968173273752498, -6.896047332178165, 0.0 ], [ 110.9683349742226, -6.895946266249542, 0.0 ], [ 110.9685540990871, -6.895804633379446, 0.0 ], [ 110.968686890754597, -6.895706269909649, 0.0 ], [ 110.968984837975896, -6.895625806780849, 0.0 ], [ 110.9691143083394, -6.895572107810521, 0.0 ], [ 110.969280041259793, -6.89548980375706, 0.0 ], [ 110.969398832181795, -6.895421221316798, 0.0 ], [ 110.969592042891406, -6.895035591330758, 0.0 ], [ 110.969668475799594, -6.894687745417068, 0.0 ], [ 110.969890847925697, -6.894603282955597, 0.0 ], [ 110.970029639628606, -6.894619146257362, 0.0 ], [ 110.970034639562499, -6.89455853359796, 0.0 ], [ 110.970230575329595, -6.894501694391256, 0.0 ], [ 110.970257504725197, -6.894515446614007, 0.0 ], [ 110.970380877043993, -6.894524770651918, 0.0 ], [ 110.970372435197007, -6.894731216261989, 0.0 ], [ 110.970464027078904, -6.894763944605684, 0.0 ], [ 110.970505024285998, -6.8948046992544, 0.0 ], [ 110.970498647891603, -6.895075315513942, 0.0 ], [ 110.970512922775995, -6.895164256162036, 0.0 ], [ 110.970799445354999, -6.895194308166707, 0.0 ], [ 110.971080977546706, -6.895251945196248, 0.0 ], [ 110.971205939811895, -6.895296892427898, 0.0 ], [ 110.971229199999797, -6.895375373473975, 0.0 ], [ 110.971339046565504, -6.895377207563544, 0.0 ], [ 110.971381299825296, -6.895335188068428, 0.0 ], [ 110.971527988732106, -6.895353738653013, 0.0 ], [ 110.971693985435905, -6.895376708791301, 0.0 ], [ 110.971838729509201, -6.89534951789436, 0.0 ], [ 110.971885771482206, -6.895320562668188, 0.0 ], [ 110.971950415239803, -6.895048292257347, 0.0 ], [ 110.972083063307693, -6.895070651265792, 0.0 ], [ 110.972007413324704, -6.895370800172579, 0.0 ], [ 110.972158439800097, -6.895430938244353, 0.0 ], [ 110.972190518033003, -6.895434586303793, 0.0 ], [ 110.972266126464604, -6.895145908258983, 0.0 ], [ 110.972527448317095, -6.895209250318261, 0.0 ], [ 110.972423635938597, -6.895552546199275, 0.0 ], [ 110.972523121888798, -6.895589822224191, 0.0 ], [ 110.972521098949301, -6.895696580844809, 0.0 ], [ 110.972407518545296, -6.89569570868469, 0.0 ], [ 110.9723487713906, -6.895910573932487, 0.0 ], [ 110.972458442461502, -6.895942597439316, 0.0 ], [ 110.972427491695896, -6.896099227993743, 0.0 ], [ 110.972567683244606, -6.896136631884356, 0.0 ], [ 110.972490619740995, -6.896248932371138, 0.0 ], [ 110.972482022320307, -6.896300868186357, 0.0 ], [ 110.972479553204806, -6.896323375163536, 0.0 ], [ 110.972211799629903, -6.896284172372706, 0.0 ], [ 110.972154283181098, -6.89643370296181, 0.0 ], [ 110.971710291924595, -6.896389929156208, 0.0 ], [ 110.971739903056104, -6.896139290175231, 0.0 ], [ 110.971509689691501, -6.896095433879762, 0.0 ], [ 110.971415276093296, -6.896204714242581, 0.0 ], [ 110.971364431497406, -6.896269141657894, 0.0 ], [ 110.971308207420606, -6.89626472865913, 0.0 ], [ 110.971128912788998, -6.896284331974323, 0.0 ], [ 110.971073793160599, -6.896314334242512, 0.0 ], [ 110.971064395998098, -6.896356538806852, 0.0 ], [ 110.970811228420004, -6.896351767113776, 0.0 ], [ 110.970659664239705, -6.896352569431576, 0.0 ], [ 110.970390886320104, -6.896362305314877, 0.0 ], [ 110.970237114287201, -6.896371056505769, 0.0 ], [ 110.970153118954798, -6.896405108554051, 0.0 ], [ 110.969997345769599, -6.896441582803057, 0.0 ], [ 110.969905091990199, -6.896460969888929, 0.0 ], [ 110.969822539101003, -6.896480398946783, 0.0 ], [ 110.969786880433503, -6.896533834791778, 0.0 ], [ 110.969755925008101, -6.896596018905936, 0.0 ], [ 110.969767689442094, -6.89668907799771, 0.0 ], [ 110.969753766600107, -6.896851471358309, 0.0 ], [ 110.969774567268502, -6.896902244075978, 0.0 ], [ 110.969814294354705, -6.896926311145414, 0.0 ], [ 110.970071673286995, -6.896973681803072, 0.0 ], [ 110.970282625989597, -6.896994917164052, 0.0 ], [ 110.970469455308304, -6.897004370014942, 0.0 ], [ 110.970655628765002, -6.896997351523047, 0.0 ], [ 110.970872056838701, -6.897000587213351, 0.0 ], [ 110.971000487849295, -6.897025726184249, 0.0 ], [ 110.971288079186706, -6.897073997697552, 0.0 ], [ 110.971710234506702, -6.897083580073424, 0.0 ], [ 110.971880482054999, -6.897083388064079, 0.0 ], [ 110.972059421511304, -6.89707284980242, 0.0 ], [ 110.9722053316613, -6.897064920996079, 0.0 ], [ 110.972230590491804, -6.897059646161101, 0.0 ], [ 110.972289520521102, -6.89709299637991, 0.0 ], [ 110.9721939086822, -6.897453979260001, 0.0 ], [ 110.972271020826895, -6.897499341616727, 0.0 ], [ 110.972333753166396, -6.897471344250979, 0.0 ], [ 110.972537026781396, -6.897348015479555, 0.0 ], [ 110.972761517711305, -6.897406344341517, 0.0 ], [ 110.973193524340303, -6.897511292945377, 0.0 ], [ 110.973543768544701, -6.897640704116768, 0.0 ], [ 110.9740334366182, -6.897804959257254, 0.0 ], [ 110.974260146247502, -6.897824942196017, 0.0 ], [ 110.974451556770205, -6.897865406541624, 0.0 ], [ 110.975006648709297, -6.897958198356092, 0.0 ], [ 110.975260161814703, -6.897986672950513, 0.0 ], [ 110.975191563332402, -6.898132029105531, 0.0 ], [ 110.975243586063499, -6.898360315281871, 0.0 ], [ 110.975297973343402, -6.898534341451679, 0.0 ], [ 110.9752134879419, -6.898691669226099, 0.0 ], [ 110.975045044455698, -6.898543383230016, 0.0 ], [ 110.974984578076104, -6.898542485929475, 0.0 ], [ 110.9748854614501, -6.898563651324558, 0.0 ], [ 110.974843309154707, -6.898658585892091, 0.0 ], [ 110.974881158410398, -6.898721196271159, 0.0 ], [ 110.974927069381806, -6.898789029551933, 0.0 ], [ 110.974926735994998, -6.898794186543162, 0.0 ], [ 110.974922939656594, -6.898854849189307, 0.0 ], [ 110.974933040603602, -6.898978396180143, 0.0 ], [ 110.974932409381395, -6.898988157723188, 0.0 ], [ 110.974935920350703, -6.899136702908599, 0.0 ], [ 110.9749657271323, -6.899211201771596, 0.0 ], [ 110.975046276748003, -6.899234447911364, 0.0 ], [ 110.975147899806998, -6.899258094737273, 0.0 ], [ 110.975236109849504, -6.899278032612649, 0.0 ], [ 110.975308580016105, -6.899279843047767, 0.0 ], [ 110.975237826813299, -6.899420219243781, 0.0 ], [ 110.9751286766557, -6.899480732759537, 0.0 ], [ 110.974999226017601, -6.899506498147401, 0.0 ], [ 110.975048022548705, -6.899602784549837, 0.0 ], [ 110.974919931467994, -6.899614884170909, 0.0 ], [ 110.974809908588, -6.899628017236255, 0.0 ], [ 110.974737655002897, -6.899626414163053, 0.0 ], [ 110.974719593449507, -6.899625986339071, 0.0 ], [ 110.974636494492501, -6.899645269577687, 0.0 ], [ 110.974590898929506, -6.899649858927328, 0.0 ], [ 110.974532295194805, -6.899715239292294, 0.0 ], [ 110.974495063938093, -6.899809180101563, 0.0 ], [ 110.974444392567094, -6.899842519728561, 0.0 ], [ 110.974295888713002, -6.899908113141785, 0.0 ], [ 110.974170859798207, -6.899992582319818, 0.0 ], [ 110.974121167248597, -6.900089371577514, 0.0 ], [ 110.973932591318601, -6.900244456235816, 0.0 ], [ 110.973713876613203, -6.900402505746139, 0.0 ], [ 110.9737097316047, -6.900402405313674, 0.0 ], [ 110.973663613823504, -6.900388276869251, 0.0 ], [ 110.973605975467905, -6.90030821060156, 0.0 ], [ 110.973360959131398, -6.900303547930539, 0.0 ], [ 110.973300750255603, -6.900302697747409, 0.0 ], [ 110.973316028821102, -6.900140548836898, 0.0 ], [ 110.973314874355395, -6.900012280954075, 0.0 ], [ 110.973218320419804, -6.900032458076547, 0.0 ], [ 110.973131039485907, -6.90016506562592, 0.0 ], [ 110.972949473678796, -6.900100855066034, 0.0 ], [ 110.972845264326395, -6.900105778807911, 0.0 ], [ 110.9727828187482, -6.900207178516947, 0.0 ], [ 110.972623837994803, -6.900203387328369, 0.0 ], [ 110.972488220967705, -6.900201345339858, 0.0 ], [ 110.972357026163095, -6.900193740870278, 0.0 ], [ 110.9722585572231, -6.900191551535629, 0.0 ], [ 110.972186558728893, -6.900243964005539, 0.0 ], [ 110.972026670453403, -6.901109540541151, 0.0 ], [ 110.971893339271205, -6.901667119422305, 0.0 ], [ 110.971846962404797, -6.902066604062248, 0.0 ], [ 110.971844674862496, -6.902144166202548, 0.0 ], [ 110.971690363503598, -6.902145562137092, 0.0 ], [ 110.971706019072002, -6.901917102862639, 0.0 ], [ 110.971798600020307, -6.901290283549125, 0.0 ], [ 110.971563662298394, -6.901265381655378, 0.0 ], [ 110.971559822941998, -6.900960804376812, 0.0 ], [ 110.971376097084004, -6.900891510670943, 0.0 ], [ 110.971316000242197, -6.900937537163319, 0.0 ], [ 110.971343857075695, -6.90170840096695, 0.0 ], [ 110.971310146192906, -6.902161173924649, 0.0 ], [ 110.971301156958404, -6.902253073859379, 0.0 ], [ 110.970943111483606, -6.90237916669614, 0.0 ], [ 110.970941550285801, -6.902483908265546, 0.0 ], [ 110.971062017165096, -6.902765259536491, 0.0 ], [ 110.9711750432282, -6.902773586879717, 0.0 ], [ 110.971329060215297, -6.902749765575837, 0.0 ], [ 110.971408258997997, -6.902906225847889, 0.0 ], [ 110.971377684306006, -6.90342058917748, 0.0 ], [ 110.971162057087, -6.903448371836561, 0.0 ], [ 110.970962268225506, -6.903387990494217, 0.0 ], [ 110.970879543843196, -6.903356238430547, 0.0 ], [ 110.970842803318703, -6.902980797319155, 0.0 ], [ 110.970995435404205, -6.902836972052445, 0.0 ], [ 110.970900637654196, -6.902746220012951, 0.0 ], [ 110.970768776022297, -6.902559772691578, 0.0 ], [ 110.970789470380296, -6.902243053841511, 0.0 ], [ 110.970796517956799, -6.90204467086649, 0.0 ], [ 110.970784873345295, -6.901937719649309, 0.0 ], [ 110.970772893658605, -6.901710027286941, 0.0 ], [ 110.971066575169601, -6.900989737826938, 0.0 ], [ 110.971332233736803, -6.900185032599365, 0.0 ], [ 110.971541670008094, -6.899528019619083, 0.0 ], [ 110.971759434789007, -6.898906462390462, 0.0 ], [ 110.972166798843105, -6.897765340238466, 0.0 ], [ 110.972191739283105, -6.897623653439665, 0.0 ], [ 110.9720467547439, -6.897615146460574, 0.0 ], [ 110.971949662463203, -6.89788096944537, 0.0 ], [ 110.971668669145302, -6.898634785633751, 0.0 ], [ 110.971499521597707, -6.899113265668204, 0.0 ], [ 110.971456278249207, -6.899248004915616, 0.0 ], [ 110.971400729525797, -6.899440391564649, 0.0 ], [ 110.971366143560701, -6.899546278063082, 0.0 ], [ 110.971256101592502, -6.899508615935808, 0.0 ], [ 110.971207704485195, -6.899572837896811, 0.0 ], [ 110.971173639536801, -6.899813563016929, 0.0 ], [ 110.971157713691497, -6.899965545682081, 0.0 ], [ 110.971098340654905, -6.900159128421058, 0.0 ], [ 110.971035854156497, -6.900386305525574, 0.0 ], [ 110.9707699209455, -6.901135033896557, 0.0 ], [ 110.970539963685695, -6.901823004649116, 0.0 ], [ 110.970299520488894, -6.902521750662724, 0.0 ], [ 110.970208021499104, -6.902822600037828, 0.0 ], [ 110.9700726416918, -6.903161853081581, 0.0 ], [ 110.969980895157903, -6.903526252969451, 0.0 ], [ 110.969933939091504, -6.903647158834507, 0.0 ], [ 110.970124054960706, -6.903776916740631, 0.0 ], [ 110.970257528315898, -6.903826834304077, 0.0 ], [ 110.970730828768694, -6.903933476775823, 0.0 ], [ 110.970926468870502, -6.90399030946324, 0.0 ], [ 110.970971803166293, -6.903990766379299, 0.0 ], [ 110.971033693742896, -6.903700408477369, 0.0 ], [ 110.971068116561298, -6.903500288405475, 0.0 ], [ 110.971266192353596, -6.903486132078675, 0.0 ], [ 110.971409391215502, -6.903487984914815, 0.0 ], [ 110.9714472248249, -6.903208526094688, 0.0 ], [ 110.971473021061897, -6.903027876140349, 0.0 ], [ 110.971759995024698, -6.90302983866296, 0.0 ], [ 110.971906602612407, -6.903072821902539, 0.0 ], [ 110.972018175428303, -6.90311731259998, 0.0 ], [ 110.972180625255902, -6.903166138750915, 0.0 ], [ 110.972267544716999, -6.903162383832886, 0.0 ], [ 110.972348579007203, -6.903153947605714, 0.0 ], [ 110.972374506743407, -6.902944051230048, 0.0 ], [ 110.972381647924806, -6.902709328539969, 0.0 ], [ 110.9723821353967, -6.90255833597055, 0.0 ], [ 110.972408777939407, -6.902457637198435, 0.0 ], [ 110.972541316451199, -6.90245726554965, 0.0 ], [ 110.972747350801299, -6.902520558939075, 0.0 ], [ 110.972793889371999, -6.902331144937933, 0.0 ], [ 110.972826802199805, -6.902144074157546, 0.0 ], [ 110.9728742071879, -6.902060036063706, 0.0 ], [ 110.973108361860298, -6.902083920639542, 0.0 ], [ 110.973153930809602, -6.902091178986865, 0.0 ], [ 110.973206185109206, -6.901786789259294, 0.0 ], [ 110.973295111252696, -6.901527087712717, 0.0 ], [ 110.9733078125699, -6.901354402230082, 0.0 ], [ 110.973306333861103, -6.901248005026042, 0.0 ], [ 110.973466168721899, -6.90112428870229, 0.0 ], [ 110.973409895571805, -6.901463272151886, 0.0 ], [ 110.973626338679196, -6.901480517110864, 0.0 ], [ 110.973699785036203, -6.900941258876935, 0.0 ], [ 110.973818413330093, -6.900885712345386, 0.0 ], [ 110.973935498075207, -6.900773101144314, 0.0 ], [ 110.974006589961604, -6.900752684586863, 0.0 ], [ 110.974158302593096, -6.900644262910343, 0.0 ], [ 110.974190303222102, -6.900611679735404, 0.0 ], [ 110.974331220035197, -6.900670504221558, 0.0 ], [ 110.974621515701699, -6.900645325795117, 0.0 ], [ 110.974693369120004, -6.900564355757498, 0.0 ], [ 110.974674209001904, -6.90045936860278, 0.0 ], [ 110.974508493894106, -6.900441540960538, 0.0 ], [ 110.974610255698806, -6.900328678984041, 0.0 ], [ 110.974694215911398, -6.90029247752253, 0.0 ], [ 110.974872509051195, -6.900295086320203, 0.0 ], [ 110.975090360974093, -6.900298507380334, 0.0 ], [ 110.975125645267696, -6.900286259368579, 0.0 ], [ 110.975057097874398, -6.900131885373867, 0.0 ], [ 110.9750102110509, -6.900029296919755, 0.0 ], [ 110.975166639167099, -6.900056154288081, 0.0 ], [ 110.975323056111705, -6.900066849422037, 0.0 ], [ 110.975398335948498, -6.900075416089745, 0.0 ], [ 110.975367513586605, -6.900230104698788, 0.0 ], [ 110.975343817841804, -6.900357958959376, 0.0 ], [ 110.975351502207005, -6.900459506097079, 0.0 ], [ 110.975404906696397, -6.900461023752602, 0.0 ], [ 110.975536414721304, -6.90046274265278, 0.0 ], [ 110.975668322115695, -6.900463235185659, 0.0 ], [ 110.975675268399399, -6.900291924318067, 0.0 ], [ 110.9759429048665, -6.90032825974744, 0.0 ], [ 110.975915771367994, -6.900620082619702, 0.0 ], [ 110.975923318211102, -6.900748574602325, 0.0 ], [ 110.975833340167398, -6.900846709032353, 0.0 ], [ 110.975672374850802, -6.900969696799252, 0.0 ], [ 110.975547045845701, -6.900944776555416, 0.0 ], [ 110.975391167668803, -6.900930841305119, 0.0 ], [ 110.975338219742795, -6.901169276277423, 0.0 ], [ 110.975329026839105, -6.901307039101915, 0.0 ], [ 110.975525685028799, -6.901459335793894, 0.0 ], [ 110.975533472221002, -6.901469480154789, 0.0 ], [ 110.975724849009296, -6.901547438589356, 0.0 ], [ 110.975863443328507, -6.90174868594591, 0.0 ], [ 110.975960435797901, -6.90181282418052, 0.0 ], [ 110.976093428794599, -6.901962750116392, 0.0 ], [ 110.976265030600203, -6.902030129177406, 0.0 ], [ 110.976354426726701, -6.902026645932061, 0.0 ], [ 110.976454686321901, -6.902012399549787, 0.0 ], [ 110.976598208197998, -6.902009095938586, 0.0 ], [ 110.976673584110102, -6.902013557137212, 0.0 ], [ 110.976833915007902, -6.902110308491039, 0.0 ], [ 110.977012793683997, -6.902179358799312, 0.0 ], [ 110.977094431842204, -6.902188699440597, 0.0 ], [ 110.977098295883394, -6.90196887824566, 0.0 ], [ 110.977069955814997, -6.9017615050007, 0.0 ], [ 110.977073456699102, -6.901509092743601, 0.0 ], [ 110.9770428569324, -6.901323258073253, 0.0 ], [ 110.976995650135194, -6.900417176910772, 0.0 ], [ 110.976984429623698, -6.900151618284227, 0.0 ], [ 110.976984595442303, -6.899978564783563, 0.0 ], [ 110.976978582008698, -6.899828588775462, 0.0 ], [ 110.977016173412295, -6.899718022685393, 0.0 ], [ 110.977045521241394, -6.899493352103074, 0.0 ], [ 110.977030739023704, -6.899267472849849, 0.0 ], [ 110.977056110954706, -6.899122099912771, 0.0 ], [ 110.976976378550901, -6.898949183298521, 0.0 ], [ 110.976925968911303, -6.898579840639378, 0.0 ], [ 110.976905006824396, -6.898474613168891, 0.0 ], [ 110.977131766983902, -6.89829804723174, 0.0 ], [ 110.978186311559099, -6.897529778799503, 0.0 ], [ 110.979145716530198, -6.896847567678461, 0.0 ], [ 110.980092463429699, -6.896165712593086, 0.0 ], [ 110.9806619718467, -6.895776071068942, 0.0 ], [ 110.981116632580097, -6.895464900713982, 0.0 ], [ 110.981920886337306, -6.894898472969829, 0.0 ], [ 110.982415281228199, -6.894529477415456, 0.0 ], [ 110.983445040951807, -6.893827955646078, 0.0 ], [ 110.984222411462895, -6.893298236969208, 0.0 ], [ 110.985189088442596, -6.892630743179749, 0.0 ], [ 110.985499609902504, -6.892410412408021, 0.0 ], [ 110.985983543843005, -6.892063836764939, 0.0 ], [ 110.986381293877102, -6.891787891427262, 0.0 ], [ 110.986344082054003, -6.891607792041089, 0.0 ], [ 110.986197967387199, -6.891326165013634, 0.0 ], [ 110.986027295119499, -6.891161562471421, 0.0 ], [ 110.985889645952398, -6.89110950033996, 0.0 ], [ 110.985665125728005, -6.891195963834869, 0.0 ], [ 110.985678083472095, -6.891400918179996, 0.0 ], [ 110.985471388999102, -6.891501120096012, 0.0 ], [ 110.985323663223298, -6.891506919179345, 0.0 ], [ 110.9852822921316, -6.891458721450618, 0.0 ], [ 110.985025216795805, -6.89158317699981, 0.0 ], [ 110.984918507571294, -6.891683154687591, 0.0 ], [ 110.984905878105295, -6.891989689245537, 0.0 ], [ 110.984546709358497, -6.892006618244508, 0.0 ], [ 110.984137934537003, -6.892022735061289, 0.0 ], [ 110.983801378922706, -6.892039874661836, 0.0 ], [ 110.983408092576795, -6.892056156489775, 0.0 ], [ 110.983230285764506, -6.892069386107066, 0.0 ], [ 110.983311270060497, -6.891445638420692, 0.0 ], [ 110.983695464645095, -6.891473650587568, 0.0 ], [ 110.983880825429395, -6.891503857987919, 0.0 ], [ 110.984461948874397, -6.891512246911932, 0.0 ], [ 110.984993290645306, -6.891317474825759, 0.0 ], [ 110.985280783180997, -6.890982485125983, 0.0 ], [ 110.985915423896003, -6.890462765264216, 0.0 ], [ 110.9865286133072, -6.890044233782161, 0.0 ], [ 110.987058573837899, -6.889763517805575, 0.0 ], [ 110.987605004966795, -6.889655806297322, 0.0 ], [ 110.988142101062493, -6.889654488138563, 0.0 ], [ 110.988072719223794, -6.889902114729866, 0.0 ], [ 110.9878713333908, -6.889931511003629, 0.0 ], [ 110.987701166835393, -6.889954004783078, 0.0 ], [ 110.987524583757093, -6.890087420149878, 0.0 ], [ 110.987646100671398, -6.890531312656008, 0.0 ], [ 110.987312212939997, -6.890668121126195, 0.0 ], [ 110.9872349816401, -6.890578836355771, 0.0 ], [ 110.987128798106696, -6.890620077386771, 0.0 ], [ 110.986869521946204, -6.890870186379266, 0.0 ], [ 110.986743751006699, -6.890936674842927, 0.0 ], [ 110.986814315508099, -6.891302624146319, 0.0 ], [ 110.986862403049301, -6.891370840448604, 0.0 ], [ 110.986976031109407, -6.891380998783613, 0.0 ], [ 110.987624939313505, -6.890958096534741, 0.0 ], [ 110.988263767751903, -6.890520304519129, 0.0 ], [ 110.989068025222707, -6.889983334779088, 0.0 ], [ 110.989947971106503, -6.889345784076557, 0.0 ], [ 110.990262247850296, -6.889088309047352, 0.0 ], [ 110.990395418805406, -6.888958451458068, 0.0 ], [ 110.990572601286701, -6.888891502107979, 0.0 ], [ 110.990752193704097, -6.888869681314887, 0.0 ], [ 110.990836128078598, -6.889007069670782, 0.0 ], [ 110.991074819875806, -6.888873435551765, 0.0 ], [ 110.991283220424094, -6.888815051248989, 0.0 ], [ 110.991574675217805, -6.889076468874344, 0.0 ], [ 110.991780400071093, -6.889129327907584, 0.0 ], [ 110.991989600979693, -6.889215418303196, 0.0 ], [ 110.992074872584794, -6.889249762204338, 0.0 ], [ 110.992276244474596, -6.889296893715007, 0.0 ], [ 110.992488700613507, -6.889353748738905, 0.0 ], [ 110.992751887618198, -6.889468627922506, 0.0 ], [ 110.993006189670993, -6.889627171746938, 0.0 ], [ 110.993136705900895, -6.889725878863328, 0.0 ], [ 110.993164389469101, -6.889803049449477, 0.0 ], [ 110.993220603198395, -6.88997176324607, 0.0 ], [ 110.993322041792297, -6.890240138235676, 0.0 ], [ 110.993360840009004, -6.890343724785986, 0.0 ], [ 110.9934130075018, -6.890596021080627, 0.0 ], [ 110.993445303421893, -6.890866092734258, 0.0 ], [ 110.993542085586498, -6.891115599664159, 0.0 ], [ 110.993663854779498, -6.891249246746343, 0.0 ], [ 110.993820467114105, -6.891372237666757, 0.0 ], [ 110.993948243354893, -6.891451917783646, 0.0 ], [ 110.994119789217706, -6.891559107158489, 0.0 ], [ 110.994186434941099, -6.891611128788152, 0.0 ], [ 110.994374143854998, -6.891719250546474, 0.0 ], [ 110.9945959010942, -6.8918612886062, 0.0 ], [ 110.994723056418707, -6.891936441490295, 0.0 ], [ 110.994978338927098, -6.891982782764145, 0.0 ], [ 110.995113769498403, -6.892079172402202, 0.0 ], [ 110.995346585197197, -6.892206547060176, 0.0 ], [ 110.995435195469994, -6.892305495065117, 0.0 ], [ 110.995516570226201, -6.89236788372532, 0.0 ], [ 110.995655852009307, -6.89256126109574, 0.0 ], [ 110.995706940594502, -6.892662703815534, 0.0 ], [ 110.995784784384099, -6.892827862096429, 0.0 ], [ 110.995855090955004, -6.893025017838361, 0.0 ], [ 110.995891430713101, -6.893186154477407, 0.0 ], [ 110.9959201435464, -6.893280531726575, 0.0 ], [ 110.995915310548497, -6.89350899323804, 0.0 ], [ 110.995939556207404, -6.893554168282992, 0.0 ], [ 110.995990406622298, -6.893765019528323, 0.0 ], [ 110.996018378266996, -6.893844400518208, 0.0 ], [ 110.996032199757096, -6.894036177532827, 0.0 ], [ 110.996080331541506, -6.894256882466376, 0.0 ], [ 110.996137420025093, -6.894492686459039, 0.0 ], [ 110.996164374032105, -6.894725157189689, 0.0 ], [ 110.996189431827005, -6.894932182452402, 0.0 ], [ 110.996248035993204, -6.895105819201026, 0.0 ], [ 110.996270201418398, -6.895344676399419, 0.0 ], [ 110.996310875485406, -6.895506072156222, 0.0 ], [ 110.996374707957102, -6.895793840595839, 0.0 ], [ 110.996445419546504, -6.896127247119058, 0.0 ], [ 110.996459402363101, -6.896286186925165, 0.0 ], [ 110.9964689166695, -6.896378173155939, 0.0 ], [ 110.996511498754302, -6.896485821528745, 0.0 ], [ 110.996413422081403, -6.896476546839239, 0.0 ], [ 110.996363071416496, -6.896493450981105, 0.0 ], [ 110.996269878292097, -6.896786918622256, 0.0 ], [ 110.996528659860999, -6.896851931162801, 0.0 ], [ 110.996409832811594, -6.897012207426702, 0.0 ], [ 110.995863517803301, -6.897459473852972, 0.0 ], [ 110.995574065365204, -6.897785334472905, 0.0 ], [ 110.9953715793486, -6.897955552997209, 0.0 ], [ 110.995167710615803, -6.898145439156292, 0.0 ], [ 110.995156611718301, -6.898148035816285, 0.0 ], [ 110.994964938862296, -6.898333262015266, 0.0 ], [ 110.994890601518307, -6.898627915571239, 0.0 ], [ 110.995063421778795, -6.898642030899133, 0.0 ], [ 110.995085494495896, -6.898435662347535, 0.0 ], [ 110.995164246608795, -6.898301232670264, 0.0 ], [ 110.995382765520603, -6.898100332486813, 0.0 ], [ 110.995653792524095, -6.897832480422568, 0.0 ], [ 110.995938929701595, -6.897618317739838, 0.0 ], [ 110.996247442702796, -6.897305926017903, 0.0 ], [ 110.996557310068098, -6.897036660109042, 0.0 ], [ 110.996567827744101, -6.897311175438624, 0.0 ], [ 110.996583047067702, -6.897612302187133, 0.0 ], [ 110.996581395854506, -6.89812444168105, 0.0 ], [ 110.996610083830305, -6.898248210952873, 0.0 ], [ 110.996666426537104, -6.898562855187536, 0.0 ], [ 110.996792158876403, -6.898856247499988, 0.0 ], [ 110.996828158063806, -6.898963657938304, 0.0 ], [ 110.996994589467803, -6.899160207642232, 0.0 ], [ 110.997145719535794, -6.899336654161297, 0.0 ], [ 110.997262681404905, -6.899715385634696, 0.0 ], [ 110.997347472267705, -6.900024924888368, 0.0 ], [ 110.997352040349099, -6.900348933078692, 0.0 ], [ 110.997337091727005, -6.900411926419814, 0.0 ], [ 110.9971828307919, -6.900418038804822, 0.0 ], [ 110.996893034523097, -6.900413581188417, 0.0 ], [ 110.996880019112794, -6.900407985000943, 0.0 ], [ 110.996352761154, -6.900362280361355, 0.0 ], [ 110.996081495592094, -6.900359326539946, 0.0 ], [ 110.995994945277403, -6.900355655212667, 0.0 ], [ 110.995969984352399, -6.900319782452653, 0.0 ], [ 110.996020691038098, -6.900073094463552, 0.0 ], [ 110.9960208708887, -6.900058124318465, 0.0 ], [ 110.996050891078298, -6.899634556006268, 0.0 ], [ 110.996061011855105, -6.899400034702842, 0.0 ], [ 110.995384659173894, -6.899237113315277, 0.0 ], [ 110.995367064198007, -6.899148826722469, 0.0 ], [ 110.995402621843695, -6.898967758752734, 0.0 ], [ 110.995306742277094, -6.898911149417812, 0.0 ], [ 110.995186491727907, -6.898907818576264, 0.0 ], [ 110.995091695717406, -6.898975297225889, 0.0 ], [ 110.995028569046198, -6.899078621352179, 0.0 ], [ 110.994910747876702, -6.899053400115105, 0.0 ], [ 110.994786919516997, -6.898943857854605, 0.0 ], [ 110.994836659382898, -6.898753334173619, 0.0 ], [ 110.994859378734006, -6.898625103320327, 0.0 ], [ 110.994731428128802, -6.898557748633478, 0.0 ], [ 110.994656244006507, -6.898546435266246, 0.0 ], [ 110.994689755435502, -6.898182594962349, 0.0 ], [ 110.994738688561696, -6.898035524151386, 0.0 ], [ 110.994774367238094, -6.897938644442315, 0.0 ], [ 110.994821542595801, -6.897899848300689, 0.0 ], [ 110.994876627811806, -6.897929953865979, 0.0 ], [ 110.994981717589795, -6.897619820584686, 0.0 ], [ 110.995008077112303, -6.897419906773937, 0.0 ], [ 110.995022173680496, -6.897264169992519, 0.0 ], [ 110.995048632876603, -6.897127402387858, 0.0 ], [ 110.995113301022599, -6.897069603828164, 0.0 ], [ 110.995122013729201, -6.89697299252513, 0.0 ], [ 110.995226450744994, -6.896944428669749, 0.0 ], [ 110.995343143013102, -6.89665381071644, 0.0 ], [ 110.995357257706104, -6.896637968399815, 0.0 ], [ 110.995449529210404, -6.896492493230315, 0.0 ], [ 110.995527427284202, -6.896336845416831, 0.0 ], [ 110.995606439218307, -6.896194591918422, 0.0 ], [ 110.995608366989003, -6.896180465078453, 0.0 ], [ 110.995652586001498, -6.896017552582841, 0.0 ], [ 110.995687513411298, -6.896059096398609, 0.0 ], [ 110.995878158590699, -6.896119455673708, 0.0 ], [ 110.996050805625003, -6.896119080173333, 0.0 ], [ 110.996133467114504, -6.896118138876107, 0.0 ], [ 110.996147316211506, -6.896037456489417, 0.0 ], [ 110.996180399060705, -6.895853807740638, 0.0 ], [ 110.996188982251198, -6.895790530992319, 0.0 ], [ 110.996012209927102, -6.895769582657477, 0.0 ], [ 110.995930632594593, -6.895735396499448, 0.0 ], [ 110.995920851376795, -6.895730999356044, 0.0 ], [ 110.995827012380104, -6.895639422704751, 0.0 ], [ 110.995756281350097, -6.895929035568638, 0.0 ], [ 110.995717277807501, -6.896009160427618, 0.0 ], [ 110.995653291371099, -6.895983562922769, 0.0 ], [ 110.995595524401594, -6.895951899310412, 0.0 ], [ 110.995479954059704, -6.895921724419574, 0.0 ], [ 110.995553172978603, -6.895449951621231, 0.0 ], [ 110.995323643321697, -6.895375875334282, 0.0 ], [ 110.995261942058093, -6.89541092705677, 0.0 ], [ 110.995231190710598, -6.895555754222593, 0.0 ], [ 110.9951713741807, -6.895595362277847, 0.0 ], [ 110.995105082623098, -6.895546500653142, 0.0 ], [ 110.995052123187094, -6.895494718150262, 0.0 ], [ 110.9950972964633, -6.895297385374118, 0.0 ], [ 110.994682141509202, -6.895289052513078, 0.0 ], [ 110.994476738568295, -6.895254821432451, 0.0 ], [ 110.994414980196694, -6.895250037374526, 0.0 ], [ 110.994360389844601, -6.895254723121971, 0.0 ], [ 110.994244056060097, -6.895243995749495, 0.0 ], [ 110.9938663566477, -6.895163020142361, 0.0 ], [ 110.993768174355793, -6.895167219897398, 0.0 ], [ 110.993725816184906, -6.895264976147629, 0.0 ], [ 110.993658305383093, -6.89558146128046, 0.0 ], [ 110.993654543593905, -6.895829331979839, 0.0 ], [ 110.993673108060605, -6.896127361909333, 0.0 ], [ 110.993608647155696, -6.896359810610157, 0.0 ], [ 110.993541894220598, -6.896530439665318, 0.0 ], [ 110.993434216440605, -6.896520313860257, 0.0 ], [ 110.993197755050502, -6.89648044900388, 0.0 ], [ 110.992987975324795, -6.896428147578924, 0.0 ], [ 110.992982324586094, -6.896428052214518, 0.0 ], [ 110.992872128506093, -6.896418465001535, 0.0 ], [ 110.992351684422204, -6.896398767072953, 0.0 ], [ 110.992164818810807, -6.896400771897982, 0.0 ], [ 110.992125026134502, -6.89628574280693, 0.0 ], [ 110.992186715137095, -6.896048659741444, 0.0 ], [ 110.992199480461096, -6.895887283471947, 0.0 ], [ 110.992199189659601, -6.895864263905448, 0.0 ], [ 110.992199064398605, -6.895854352731146, 0.0 ], [ 110.9921444439168, -6.895293068534002, 0.0 ], [ 110.992117426469903, -6.895147226957254, 0.0 ], [ 110.991539075169797, -6.895007961460855, 0.0 ], [ 110.991378878729094, -6.894932053273219, 0.0 ], [ 110.991147954102701, -6.894842241533906, 0.0 ], [ 110.991124251809794, -6.894693947627617, 0.0 ], [ 110.991077295394106, -6.893563059872354, 0.0 ], [ 110.991037286469506, -6.892892143726802, 0.0 ], [ 110.991051659884803, -6.892613067312699, 0.0 ], [ 110.991096493251305, -6.891908819246891, 0.0 ], [ 110.991057930766004, -6.891503120103978, 0.0 ], [ 110.991026234743003, -6.89124458637822, 0.0 ], [ 110.990938134455007, -6.890883742756191, 0.0 ], [ 110.991214916866895, -6.890846916091298, 0.0 ], [ 110.991290950106304, -6.890666595727379, 0.0 ], [ 110.991278979396299, -6.890487186854372, 0.0 ], [ 110.990845052382696, -6.890514727282974, 0.0 ], [ 110.990715802889298, -6.890285778600374, 0.0 ], [ 110.9906800176405, -6.890031213899012, 0.0 ], [ 110.990696292344396, -6.889659809316345, 0.0 ], [ 110.990725500023302, -6.889464635423816, 0.0 ], [ 110.990759523691906, -6.889080919341677, 0.0 ], [ 110.990738589106499, -6.888965736469784, 0.0 ], [ 110.990582947147004, -6.888973843958305, 0.0 ], [ 110.990459153234497, -6.889016310838636, 0.0 ], [ 110.990314537782893, -6.889122886019863, 0.0 ], [ 110.990222715829503, -6.889244027922751, 0.0 ], [ 110.990140353273205, -6.889316101119182, 0.0 ], [ 110.989670010079905, -6.889633878106005, 0.0 ], [ 110.989416168194595, -6.88979146469965, 0.0 ], [ 110.989159020963498, -6.889941419088792, 0.0 ], [ 110.989058298926096, -6.890049430484912, 0.0 ], [ 110.988446413483004, -6.890445678518156, 0.0 ], [ 110.988073472850203, -6.890722594800033, 0.0 ], [ 110.987624591876596, -6.891002634270969, 0.0 ], [ 110.987305731759406, -6.891233450780235, 0.0 ], [ 110.986677990054901, -6.891653812352292, 0.0 ], [ 110.986375245883295, -6.891865646881263, 0.0 ], [ 110.985613633776097, -6.892380447393578, 0.0 ], [ 110.9853032467487, -6.892590798015856, 0.0 ], [ 110.984644230696603, -6.893036131222335, 0.0 ], [ 110.984239687036705, -6.893350962480079, 0.0 ], [ 110.983675136790595, -6.893747535433413, 0.0 ], [ 110.983450684454297, -6.893891972879692, 0.0 ], [ 110.982886393954004, -6.894290233177934, 0.0 ], [ 110.982548408448196, -6.894529239578747, 0.0 ], [ 110.982096395420896, -6.894819326077021, 0.0 ], [ 110.981711927268506, -6.895122741792941, 0.0 ], [ 110.981226623201493, -6.895452322885016, 0.0 ], [ 110.980742647703494, -6.895799747624726, 0.0 ], [ 110.980178193016698, -6.896157236833171, 0.0 ], [ 110.979753707827498, -6.896475240014002, 0.0 ], [ 110.979284431961204, -6.896812132178373, 0.0 ], [ 110.9788217111888, -6.897145827973848, 0.0 ], [ 110.978006579124099, -6.897709216396748, 0.0 ], [ 110.977750785246101, -6.89790605739142, 0.0 ], [ 110.977101452362007, -6.89838530900975, 0.0 ], [ 110.976980593234202, -6.898487769676813, 0.0 ], [ 110.976964849077305, -6.898618465456729, 0.0 ], [ 110.977023467347095, -6.898953724762532, 0.0 ], [ 110.977066369285396, -6.898993041784719, 0.0 ], [ 110.9771758198507, -6.899005993389787, 0.0 ], [ 110.977396763541293, -6.898954805165241, 0.0 ], [ 110.977669076526794, -6.898962801448117, 0.0 ], [ 110.9779001600524, -6.898966375057261, 0.0 ], [ 110.978154910596302, -6.899009203211141, 0.0 ], [ 110.978457188294996, -6.899054443775853, 0.0 ], [ 110.978515866674599, -6.899017471524553, 0.0 ], [ 110.978641410056994, -6.899120965896461, 0.0 ], [ 110.978711234888905, -6.899212565042929, 0.0 ], [ 110.978757616668204, -6.899320382685706, 0.0 ], [ 110.978982944866004, -6.899335760199404, 0.0 ], [ 110.979244785115, -6.899425954583794, 0.0 ], [ 110.979479343755202, -6.899429998205996, 0.0 ], [ 110.979592463465394, -6.899512488726224, 0.0 ], [ 110.979590219085907, -6.899683990013258, 0.0 ], [ 110.979583008059805, -6.899960194237171, 0.0 ], [ 110.979561273950097, -6.900067905149109, 0.0 ], [ 110.979668316960399, -6.900069945813655, 0.0 ], [ 110.979598787052197, -6.900177214971428, 0.0 ], [ 110.979556150681205, -6.900342597563309, 0.0 ], [ 110.979491282371498, -6.90047438212143, 0.0 ], [ 110.979553403312806, -6.900493835746762, 0.0 ], [ 110.979566067824294, -6.900558499419105, 0.0 ], [ 110.979563778290299, -6.900621726332014, 0.0 ], [ 110.979749061710194, -6.900650063194298, 0.0 ], [ 110.979841379135195, -6.900676540498106, 0.0 ], [ 110.979941563048399, -6.900694750141723, 0.0 ], [ 110.979935407808597, -6.900735807056083, 0.0 ], [ 110.979930469608803, -6.900768425438649, 0.0 ], [ 110.979787218917295, -6.900753870131427, 0.0 ], [ 110.979723758147003, -6.900859906131415, 0.0 ], [ 110.979853177237104, -6.900932557435586, 0.0 ], [ 110.979999586098501, -6.900950002293351, 0.0 ], [ 110.980433571367897, -6.9010459244606, 0.0 ], [ 110.980488694126194, -6.900763947583383, 0.0 ], [ 110.980619314994001, -6.900766263672211, 0.0 ], [ 110.980769562106204, -6.900752040303579, 0.0 ], [ 110.9808718182543, -6.900749423477087, 0.0 ], [ 110.980894452312697, -6.900741677757778, 0.0 ], [ 110.980937065835406, -6.900681581655435, 0.0 ], [ 110.981046482173298, -6.900706503241384, 0.0 ], [ 110.981222636312395, -6.900696109540308, 0.0 ], [ 110.981461048085706, -6.900700009688223, 0.0 ], [ 110.981541703273606, -6.900701293071829, 0.0 ], [ 110.981715595705595, -6.900687383714535, 0.0 ], [ 110.9817440493173, -6.900330781412347, 0.0 ], [ 110.981636183530895, -6.900284862352877, 0.0 ], [ 110.981610511733905, -6.900292720202062, 0.0 ], [ 110.981604775231901, -6.90020361913984, 0.0 ], [ 110.981602720345293, -6.900174962013353, 0.0 ], [ 110.981493366800905, -6.900169390566809, 0.0 ], [ 110.981505943158695, -6.900299903527243, 0.0 ], [ 110.981454556715505, -6.900331249678529, 0.0 ], [ 110.981351397534795, -6.90031412721888, 0.0 ], [ 110.981353154047, -6.900233230740883, 0.0 ], [ 110.981273661974797, -6.900219892883104, 0.0 ], [ 110.9810809090079, -6.900177020464113, 0.0 ], [ 110.981051006538195, -6.900139564888077, 0.0 ], [ 110.981053287810596, -6.900072149249272, 0.0 ], [ 110.980852997235999, -6.900056815679757, 0.0 ], [ 110.980821263299703, -6.900223325634702, 0.0 ], [ 110.980738451308198, -6.900233257357857, 0.0 ], [ 110.980584955120193, -6.900207882026924, 0.0 ], [ 110.980601843285996, -6.900101599997362, 0.0 ], [ 110.980614873803304, -6.900034196426285, 0.0 ], [ 110.980760145096895, -6.899987463395154, 0.0 ], [ 110.981003483299602, -6.900003738031535, 0.0 ], [ 110.9810704475275, -6.899995565528936, 0.0 ], [ 110.981170364159098, -6.899668933595306, 0.0 ], [ 110.981306046541107, -6.899714849521733, 0.0 ], [ 110.9816668372046, -6.899766400916083, 0.0 ], [ 110.981721091292997, -6.8997589080227, 0.0 ], [ 110.9817655413393, -6.89972832551013, 0.0 ], [ 110.981779875548995, -6.899530686760027, 0.0 ], [ 110.981960724855796, -6.899543991840025, 0.0 ], [ 110.982071408540904, -6.899579808188573, 0.0 ], [ 110.982092831214501, -6.899669469950182, 0.0 ], [ 110.982200652608796, -6.899680087348345, 0.0 ], [ 110.982224550887906, -6.899766941250967, 0.0 ], [ 110.982319789674804, -6.899776463030978, 0.0 ], [ 110.982289951250806, -6.900012858407191, 0.0 ], [ 110.982273426495993, -6.900228391757875, 0.0 ], [ 110.982208274224107, -6.900252110663732, 0.0 ], [ 110.981946446401196, -6.900238608555914, 0.0 ], [ 110.981772219227494, -6.900291544097795, 0.0 ], [ 110.981754688013197, -6.900508282901282, 0.0 ], [ 110.981725356434893, -6.900664534483603, 0.0 ], [ 110.981736601691296, -6.90074140806538, 0.0 ], [ 110.981760141075696, -6.900824197593567, 0.0 ], [ 110.9817524063197, -6.900917929422422, 0.0 ], [ 110.981864069634298, -6.901049103592156, 0.0 ], [ 110.981985879264599, -6.901070309965101, 0.0 ], [ 110.982070805942399, -6.900909689730891, 0.0 ], [ 110.9820771365453, -6.900826842932687, 0.0 ], [ 110.982109024279396, -6.900710876700909, 0.0 ], [ 110.982120017990894, -6.90064819354899, 0.0 ], [ 110.982244952354094, -6.900671458715602, 0.0 ], [ 110.982328906269899, -6.900595725693891, 0.0 ], [ 110.982362148077399, -6.900302364955653, 0.0 ], [ 110.982587123915096, -6.900302778717426, 0.0 ], [ 110.982544558368005, -6.900565604945086, 0.0 ], [ 110.9827714948714, -6.900648689778573, 0.0 ], [ 110.982841783278104, -6.900594714932881, 0.0 ], [ 110.982945691223193, -6.900647964123896, 0.0 ], [ 110.983076461246398, -6.900699030224127, 0.0 ], [ 110.983256629019493, -6.900742293408697, 0.0 ], [ 110.983328540005303, -6.900742621546761, 0.0 ], [ 110.983423163355098, -6.900724047800646, 0.0 ], [ 110.9836971963732, -6.900841916654961, 0.0 ], [ 110.983570220491302, -6.901220190543574, 0.0 ], [ 110.983695670711697, -6.901264405821637, 0.0 ], [ 110.983776271348205, -6.901014913026153, 0.0 ], [ 110.983889652296398, -6.901056007652205, 0.0 ], [ 110.984042669519894, -6.90109882276148, 0.0 ], [ 110.984121771951706, -6.901122570575795, 0.0 ], [ 110.984290815469393, -6.901186127513061, 0.0 ], [ 110.984327093337498, -6.901232932048049, 0.0 ], [ 110.984274339504196, -6.901507390070687, 0.0 ], [ 110.984360825419998, -6.901523426150042, 0.0 ], [ 110.984396494580594, -6.901669251746206, 0.0 ], [ 110.984396116861205, -6.901795864565961, 0.0 ], [ 110.984343723664907, -6.901875271253362, 0.0 ], [ 110.984347890713494, -6.901984346169002, 0.0 ], [ 110.984357535452403, -6.902045738267906, 0.0 ], [ 110.984464910643396, -6.902048822516589, 0.0 ], [ 110.984556884332306, -6.902071566075662, 0.0 ], [ 110.984532963106105, -6.90216512522009, 0.0 ], [ 110.984570674832597, -6.90218571082474, 0.0 ], [ 110.984700965594499, -6.902199994130926, 0.0 ], [ 110.984782619089202, -6.902210939955332, 0.0 ], [ 110.9848218524358, -6.902190490500129, 0.0 ], [ 110.984992718090695, -6.902276066161126, 0.0 ], [ 110.9849836605934, -6.902359343230636, 0.0 ], [ 110.984904569177502, -6.902487705919339, 0.0 ], [ 110.984890609937494, -6.902616346886568, 0.0 ], [ 110.984864704133003, -6.902762015307983, 0.0 ], [ 110.985061289779395, -6.902897691901893, 0.0 ], [ 110.985212519069293, -6.903036120249284, 0.0 ], [ 110.985486623958096, -6.903240609548075, 0.0 ], [ 110.985579472425499, -6.903282727191195, 0.0 ], [ 110.985777079292205, -6.903293559314744, 0.0 ], [ 110.986123583656706, -6.903295622695331, 0.0 ], [ 110.986464146536207, -6.903301291947629, 0.0 ], [ 110.986691403931104, -6.903314143620819, 0.0 ], [ 110.987019728206505, -6.903365466882502, 0.0 ], [ 110.987384897062498, -6.903435663662385, 0.0 ], [ 110.987711608934006, -6.903275424054355, 0.0 ], [ 110.987731540188705, -6.903276298590797, 0.0 ], [ 110.987751391588006, -6.903276838826903, 0.0 ], [ 110.988071237564498, -6.90297990802737, 0.0 ], [ 110.988084700064505, -6.902857088355523, 0.0 ], [ 110.9878561940629, -6.902658757829824, 0.0 ], [ 110.987467870315697, -6.90248036345408, 0.0 ], [ 110.987454282047494, -6.902480166024936, 0.0 ], [ 110.987472049719599, -6.902376232839671, 0.0 ], [ 110.987585362042495, -6.902018788908847, 0.0 ], [ 110.987680712672997, -6.901680620492643, 0.0 ], [ 110.987538192588602, -6.90149609555868, 0.0 ], [ 110.988000329205093, -6.901437427402765, 0.0 ], [ 110.988122185324102, -6.901705063473269, 0.0 ], [ 110.988205268885594, -6.901983969110173, 0.0 ], [ 110.988208723779394, -6.902183345013007, 0.0 ], [ 110.988066692534105, -6.902283920278095, 0.0 ], [ 110.988336643302503, -6.902583782972306, 0.0 ], [ 110.988443713430797, -6.902680446843776, 0.0 ], [ 110.988838360714496, -6.90223462986209, 0.0 ], [ 110.988990523371996, -6.902135251469575, 0.0 ], [ 110.989092965130993, -6.902194091062044, 0.0 ], [ 110.989112433654299, -6.902327240874547, 0.0 ], [ 110.988963003458295, -6.902403426585863, 0.0 ], [ 110.989086782109695, -6.90258339473371, 0.0 ], [ 110.989113536471393, -6.90266966623282, 0.0 ], [ 110.989280234932096, -6.902633891101146, 0.0 ], [ 110.989400674999501, -6.902778384303658, 0.0 ], [ 110.989536242891702, -6.902942307544169, 0.0 ], [ 110.989415715301803, -6.903026317073888, 0.0 ], [ 110.989481562747699, -6.903214497250091, 0.0 ], [ 110.989537794471303, -6.90345120313998, 0.0 ], [ 110.989366755396503, -6.903511259576684, 0.0 ], [ 110.989381981388206, -6.903724164837899, 0.0 ], [ 110.989488787723303, -6.903715907159119, 0.0 ], [ 110.989665151483393, -6.903719558506531, 0.0 ], [ 110.989701635183195, -6.903920244023174, 0.0 ], [ 110.989773845731904, -6.903937496670914, 0.0 ], [ 110.989828477176204, -6.903695799608128, 0.0 ], [ 110.990041166419203, -6.903642960888221, 0.0 ], [ 110.990112990568207, -6.903767494242982, 0.0 ], [ 110.989902170103306, -6.903825453541431, 0.0 ], [ 110.989896899411093, -6.903951113201571, 0.0 ], [ 110.990099186342206, -6.90436790342061, 0.0 ], [ 110.990316385326594, -6.904385139813919, 0.0 ], [ 110.990389392224799, -6.904781486452543, 0.0 ], [ 110.990462450246298, -6.904757373690911, 0.0 ], [ 110.990806212233906, -6.90477298011761, 0.0 ], [ 110.990906284056905, -6.904921902046172, 0.0 ], [ 110.990570156390604, -6.904972890974834, 0.0 ], [ 110.990598910158695, -6.905147552872069, 0.0 ], [ 110.990644222468205, -6.905166893768344, 0.0 ], [ 110.990678546598204, -6.905161332403288, 0.0 ], [ 110.991013866516099, -6.905110695104771, 0.0 ], [ 110.991232841951401, -6.905423098731609, 0.0 ], [ 110.991011234656497, -6.905434717315298, 0.0 ], [ 110.991012097992595, -6.905540353082636, 0.0 ], [ 110.991064866561999, -6.905662096600585, 0.0 ], [ 110.991177620194904, -6.905681291976581, 0.0 ], [ 110.991436867474405, -6.905648657959278, 0.0 ], [ 110.991460775999897, -6.905765753434848, 0.0 ], [ 110.991251123782305, -6.905781981475177, 0.0 ], [ 110.991276002173507, -6.905940104500374, 0.0 ], [ 110.991833474669704, -6.906013530648655, 0.0 ], [ 110.992227896380399, -6.906020816792664, 0.0 ], [ 110.992581618958795, -6.906025074869032, 0.0 ], [ 110.993056054184095, -6.906042242274068, 0.0 ], [ 110.993377030858298, -6.906051169110815, 0.0 ], [ 110.993477054500005, -6.90602296481245, 0.0 ], [ 110.993447980795494, -6.905798313260211, 0.0 ], [ 110.993408750062102, -6.905518537590363, 0.0 ], [ 110.993441365062296, -6.905289754495556, 0.0 ], [ 110.993541752045999, -6.904899010198642, 0.0 ], [ 110.993758249834698, -6.904698570351882, 0.0 ], [ 110.993980806791399, -6.904563069605406, 0.0 ], [ 110.994160816511098, -6.904554663426451, 0.0 ], [ 110.994385242202497, -6.904579022598701, 0.0 ], [ 110.994612724137795, -6.904700332406311, 0.0 ], [ 110.994846408925895, -6.904917336156099, 0.0 ], [ 110.995083026323201, -6.9050311201905, 0.0 ], [ 110.995493936608895, -6.905124111039933, 0.0 ], [ 110.995591971994401, -6.90482279758172, 0.0 ], [ 110.995658228911495, -6.904664313380467, 0.0 ], [ 110.995807705089504, -6.904666926752299, 0.0 ], [ 110.995832820080693, -6.904904596224104, 0.0 ], [ 110.9960985997146, -6.904914278164918, 0.0 ], [ 110.996253146737601, -6.904219482121052, 0.0 ], [ 110.996321736111994, -6.904220147440784, 0.0 ], [ 110.996667710419899, -6.904299066235624, 0.0 ], [ 110.996879598527798, -6.904398915386564, 0.0 ], [ 110.996933778483594, -6.904734459135149, 0.0 ], [ 110.997208923546395, -6.904687253398772, 0.0 ], [ 110.997252132186304, -6.904409908151404, 0.0 ], [ 110.997247612854494, -6.903976111767189, 0.0 ], [ 110.996763403404103, -6.90399435583827, 0.0 ], [ 110.996754026290603, -6.903582476875783, 0.0 ], [ 110.996910440559603, -6.903577238967191, 0.0 ], [ 110.997223560561494, -6.903590311844723, 0.0 ], [ 110.9974118152508, -6.903534914835393, 0.0 ], [ 110.997440957373598, -6.90336731551601, 0.0 ], [ 110.997274049511006, -6.903088576143724, 0.0 ], [ 110.997288201227306, -6.902993759812991, 0.0 ], [ 110.997494557780499, -6.902840465236408, 0.0 ], [ 110.997662895797205, -6.902632410082258, 0.0 ], [ 110.9978797985125, -6.902796115819972, 0.0 ], [ 110.998037586608504, -6.903089658058311, 0.0 ], [ 110.998057516959307, -6.903560816153342, 0.0 ], [ 110.998119578794501, -6.90385146961469, 0.0 ], [ 110.998161019880598, -6.904042829448073, 0.0 ], [ 110.998217748405906, -6.904533464284231, 0.0 ], [ 110.998264744420098, -6.904872906473639, 0.0 ], [ 110.998273651564801, -6.905066708143918, 0.0 ], [ 110.998243034740895, -6.906154992275932, 0.0 ], [ 110.998206399638207, -6.906652181316932, 0.0 ], [ 110.998064699482995, -6.907204580411744, 0.0 ], [ 110.998060739976793, -6.907910274767201, 0.0 ], [ 110.998004556924798, -6.908395921872806, 0.0 ], [ 110.998033003595395, -6.908798931625459, 0.0 ], [ 110.998063654419695, -6.909207684414325, 0.0 ], [ 110.998038673821696, -6.90943265490229, 0.0 ], [ 110.998024842929198, -6.909708764627871, 0.0 ], [ 110.998032453291401, -6.910038725375768, 0.0 ], [ 110.997999375556006, -6.910220465674951, 0.0 ], [ 110.997937497243299, -6.910597314772946, 0.0 ], [ 110.997869171117102, -6.910855016665042, 0.0 ], [ 110.997809471451305, -6.911078994051503, 0.0 ], [ 110.997820007248293, -6.911217338436972, 0.0 ], [ 110.997838876357406, -6.911465955738635, 0.0 ], [ 110.997861951720793, -6.911690877389415, 0.0 ], [ 110.9978360486772, -6.911962903146963, 0.0 ], [ 110.997791859793907, -6.912266135448754, 0.0 ], [ 110.997589756886896, -6.912336692948455, 0.0 ], [ 110.997501287665003, -6.912459644230387, 0.0 ], [ 110.997429082711704, -6.912446918578905, 0.0 ], [ 110.997420182318095, -6.91218933567462, 0.0 ], [ 110.996916178608402, -6.911962381286238, 0.0 ], [ 110.996851819431797, -6.91211605568676, 0.0 ], [ 110.996880075220204, -6.912150839617136, 0.0 ], [ 110.996880516789204, -6.91225876514008, 0.0 ], [ 110.996723964969306, -6.91223426702901, 0.0 ], [ 110.996527798900004, -6.912178787270569, 0.0 ], [ 110.996466206005906, -6.912054739809672, 0.0 ], [ 110.996475523341005, -6.911664907129408, 0.0 ], [ 110.996559299194203, -6.911517404914231, 0.0 ], [ 110.996593919439206, -6.911033920405254, 0.0 ], [ 110.996230125405106, -6.911000531864686, 0.0 ], [ 110.996247766690104, -6.910944123769092, 0.0 ], [ 110.996144545944205, -6.910891229933512, 0.0 ], [ 110.996098557566299, -6.911120018243068, 0.0 ], [ 110.995981772384098, -6.911111790584422, 0.0 ], [ 110.996016132627403, -6.910802960138618, 0.0 ], [ 110.995642242296896, -6.910780839259878, 0.0 ], [ 110.9955350680751, -6.910824793763596, 0.0 ], [ 110.995425171588394, -6.91082263004107, 0.0 ], [ 110.995392440217103, -6.910677943721751, 0.0 ], [ 110.9953167691895, -6.910611839402251, 0.0 ], [ 110.995098738570604, -6.910519691558683, 0.0 ], [ 110.995027170413096, -6.910542024777699, 0.0 ], [ 110.994847715111902, -6.91060389296853, 0.0 ], [ 110.994673877424205, -6.910540845070815, 0.0 ], [ 110.994591632275302, -6.910423878641698, 0.0 ], [ 110.994583485059906, -6.910056780709334, 0.0 ], [ 110.994531837005596, -6.909684649643327, 0.0 ], [ 110.9945987576871, -6.909628876388196, 0.0 ], [ 110.994678322213602, -6.909666257385069, 0.0 ], [ 110.994695818855206, -6.909629845732166, 0.0 ], [ 110.994695888034101, -6.909423958908439, 0.0 ], [ 110.994517784109107, -6.909260496325942, 0.0 ], [ 110.994354080470899, -6.90907550213822, 0.0 ], [ 110.994105312979798, -6.908972267022629, 0.0 ], [ 110.994117205186797, -6.908448067584364, 0.0 ], [ 110.993810638275306, -6.908399807003687, 0.0 ], [ 110.993855630597807, -6.907960596618108, 0.0 ], [ 110.993879136300905, -6.907741111564723, 0.0 ], [ 110.993762145394498, -6.907694410495433, 0.0 ], [ 110.993647938866005, -6.907559842328628, 0.0 ], [ 110.993566712932605, -6.90740611531365, 0.0 ], [ 110.993618959603097, -6.907001719297433, 0.0 ], [ 110.993800588134107, -6.90706510365877, 0.0 ], [ 110.994141535787904, -6.90729906380576, 0.0 ], [ 110.994231979982104, -6.90726263680807, 0.0 ], [ 110.994286167169093, -6.907181147927654, 0.0 ], [ 110.994252200662203, -6.906994221055972, 0.0 ], [ 110.993721627087197, -6.906828978894681, 0.0 ], [ 110.993734566669104, -6.906787632511969, 0.0 ], [ 110.993758682823199, -6.906649946007542, 0.0 ], [ 110.993735365264399, -6.906484385822472, 0.0 ], [ 110.993616812890295, -6.906292350176503, 0.0 ], [ 110.993517527753696, -6.906079545288354, 0.0 ], [ 110.993306991253206, -6.906099343960056, 0.0 ], [ 110.992695813459804, -6.906066676604286, 0.0 ], [ 110.992018374346003, -6.906064363264695, 0.0 ], [ 110.991769253351507, -6.906061454925504, 0.0 ], [ 110.991631591739903, -6.906024549858474, 0.0 ], [ 110.991261727499307, -6.906002370216848, 0.0 ], [ 110.990711936669996, -6.905901079705578, 0.0 ], [ 110.990691286556597, -6.905730440931146, 0.0 ], [ 110.990590426659907, -6.905711121425959, 0.0 ], [ 110.990272521345105, -6.905737692081243, 0.0 ], [ 110.989911429106201, -6.905469959706641, 0.0 ], [ 110.989749495022593, -6.905362125224503, 0.0 ], [ 110.989546339595194, -6.905240450594517, 0.0 ], [ 110.9892668973322, -6.905074538666939, 0.0 ], [ 110.989018758573494, -6.904875399190281, 0.0 ], [ 110.988914879231103, -6.904789178467274, 0.0 ], [ 110.988745021402096, -6.904663424794151, 0.0 ], [ 110.988302002248503, -6.904331829341375, 0.0 ], [ 110.988342085041594, -6.904312861611177, 0.0 ], [ 110.988498879166002, -6.904262271225873, 0.0 ], [ 110.988732302671707, -6.904152117977209, 0.0 ], [ 110.988627160667207, -6.904075979312569, 0.0 ], [ 110.988500698458793, -6.904074312068349, 0.0 ], [ 110.988344262013896, -6.904072615689011, 0.0 ], [ 110.988170923514602, -6.904159152820541, 0.0 ], [ 110.987997104696007, -6.904204696154538, 0.0 ], [ 110.987640506609395, -6.904126075548194, 0.0 ], [ 110.987413393983402, -6.904039657455951, 0.0 ], [ 110.987410316338099, -6.903483244715737, 0.0 ], [ 110.986887076389294, -6.903354050184451, 0.0 ], [ 110.986484668431999, -6.903335884905658, 0.0 ], [ 110.986111068992301, -6.90332899796058, 0.0 ], [ 110.985784232245805, -6.903344181682265, 0.0 ], [ 110.985546874282306, -6.903321055885693, 0.0 ], [ 110.985439843173907, -6.90331283296995, 0.0 ], [ 110.985333068472599, -6.90332723921481, 0.0 ], [ 110.985126945053196, -6.903322932505561, 0.0 ], [ 110.984786692714906, -6.903378841721049, 0.0 ], [ 110.984533500804204, -6.903497516483218, 0.0 ], [ 110.984525926929095, -6.903501545979475, 0.0 ], [ 110.984287004982306, -6.903660643891348, 0.0 ], [ 110.984192757417105, -6.903730196286951, 0.0 ], [ 110.984146407121003, -6.903737127088576, 0.0 ], [ 110.983991301673996, -6.903730024116147, 0.0 ], [ 110.983825292400496, -6.903777751587008, 0.0 ], [ 110.983620353312105, -6.903797254044776, 0.0 ], [ 110.983275688443001, -6.904012957403573, 0.0 ], [ 110.983027868768104, -6.904185145289518, 0.0 ], [ 110.982858573376703, -6.904279946070123, 0.0 ], [ 110.982673241061704, -6.90447244409319, 0.0 ], [ 110.982481500207399, -6.904643653683555, 0.0 ], [ 110.982220121612599, -6.904811671372014, 0.0 ], [ 110.982040677306898, -6.90492736330633, 0.0 ], [ 110.981789428568305, -6.905138601666289, 0.0 ], [ 110.981603160373396, -6.905267087871529, 0.0 ], [ 110.981506335888696, -6.905298727877734, 0.0 ], [ 110.981420894417994, -6.905268414969747, 0.0 ], [ 110.980996503650104, -6.905265837602343, 0.0 ], [ 110.980756505313096, -6.905212929540127, 0.0 ], [ 110.980473222664699, -6.905155393759179, 0.0 ], [ 110.980439921078798, -6.905317992111368, 0.0 ], [ 110.9808006479075, -6.905432160044327, 0.0 ], [ 110.981081227016006, -6.905555942575798, 0.0 ], [ 110.9811519802861, -6.9055754067828, 0.0 ], [ 110.980999570377506, -6.905669300905544, 0.0 ], [ 110.980846440020002, -6.905766530650499, 0.0 ], [ 110.980709095039799, -6.905840748187225, 0.0 ], [ 110.980552870453295, -6.905900505093879, 0.0 ], [ 110.980369995905093, -6.905889596711922, 0.0 ], [ 110.980230740079406, -6.905876395288644, 0.0 ], [ 110.979904042069506, -6.905773070820779, 0.0 ], [ 110.979814132839195, -6.905777582209801, 0.0 ], [ 110.979729566448697, -6.905760482399914, 0.0 ], [ 110.979661540309095, -6.905708386103142, 0.0 ], [ 110.979664268652598, -6.905659191588878, 0.0 ], [ 110.979586562387894, -6.905620121234955, 0.0 ], [ 110.979453813108407, -6.905622111347602, 0.0 ], [ 110.979401553081303, -6.905585212258568, 0.0 ], [ 110.979341085329494, -6.905552619363057, 0.0 ], [ 110.979234328315698, -6.905539920314815, 0.0 ], [ 110.979130654747095, -6.90550254066091, 0.0 ], [ 110.979064401121803, -6.905456817685669, 0.0 ], [ 110.979103794096105, -6.905311136581891, 0.0 ], [ 110.979264783910295, -6.905305164890743, 0.0 ], [ 110.979419448515102, -6.905249365151913, 0.0 ], [ 110.979512793032399, -6.90518156176883, 0.0 ], [ 110.979601712305097, -6.905168056912055, 0.0 ], [ 110.979698990575002, -6.905153214881731, 0.0 ], [ 110.980124573842204, -6.905277334610657, 0.0 ], [ 110.9803050146174, -6.905352546504438, 0.0 ], [ 110.980378085005299, -6.905391616476719, 0.0 ], [ 110.9804072034173, -6.905322102493416, 0.0 ], [ 110.980434580648193, -6.905160606587031, 0.0 ], [ 110.9804683200461, -6.905072843502105, 0.0 ], [ 110.980505808156394, -6.904989135779211, 0.0 ], [ 110.980540422635002, -6.904817602244812, 0.0 ], [ 110.9805340547952, -6.904639885976191, 0.0 ], [ 110.980500137061, -6.904531409252188, 0.0 ], [ 110.980428441441404, -6.904531153690475, 0.0 ], [ 110.980344266870603, -6.90456243885491, 0.0 ], [ 110.980239516226803, -6.904581990609431, 0.0 ], [ 110.980136319901604, -6.904535241315485, 0.0 ], [ 110.980126513728607, -6.904398251830206, 0.0 ], [ 110.980119228094296, -6.904370454743206, 0.0 ], [ 110.980132643389098, -6.903830665657088, 0.0 ], [ 110.980148878571399, -6.903657668769715, 0.0 ], [ 110.980178970461495, -6.903429225488005, 0.0 ], [ 110.980184593334997, -6.903346297987431, 0.0 ], [ 110.980141628250195, -6.90326244250815, 0.0 ], [ 110.980092633363299, -6.903146247053902, 0.0 ], [ 110.979987962818797, -6.903126440010007, 0.0 ], [ 110.979866238345906, -6.903098333979274, 0.0 ], [ 110.979908667680206, -6.902932753154924, 0.0 ], [ 110.979928410771706, -6.902714482507284, 0.0 ], [ 110.979829633227098, -6.902569879333987, 0.0 ], [ 110.979713522634299, -6.902515957059947, 0.0 ], [ 110.979581206530497, -6.90245749705472, 0.0 ], [ 110.979566696427298, -6.902453338343695, 0.0 ], [ 110.979420452073796, -6.902439669056375, 0.0 ], [ 110.979255319978805, -6.902397417044013, 0.0 ], [ 110.979281153134494, -6.902244837705683, 0.0 ], [ 110.979337817742106, -6.902031422498692, 0.0 ], [ 110.979378313111397, -6.90185297795716, 0.0 ], [ 110.979472232029494, -6.90170742474444, 0.0 ], [ 110.979548399529705, -6.901574421420415, 0.0 ], [ 110.979664618774905, -6.901415219655068, 0.0 ], [ 110.979715275589101, -6.901304122295026, 0.0 ], [ 110.979643442490897, -6.901226515196375, 0.0 ], [ 110.979122108933197, -6.901102157553829, 0.0 ], [ 110.978882986676993, -6.901060213348544, 0.0 ], [ 110.978819136128493, -6.901038911616416, 0.0 ], [ 110.978806602159196, -6.901168157696952, 0.0 ], [ 110.9786715812848, -6.901187338414258, 0.0 ], [ 110.978324323598002, -6.901170405670647, 0.0 ], [ 110.978152400863195, -6.901106496675622, 0.0 ], [ 110.978054587954304, -6.901094796054249, 0.0 ], [ 110.978053304026901, -6.900872637103835, 0.0 ], [ 110.977880475294299, -6.900843740548582, 0.0 ], [ 110.977663840366603, -6.900796417635338, 0.0 ], [ 110.977500037495602, -6.900766388784175, 0.0 ], [ 110.977535042658999, -6.900629739081036, 0.0 ], [ 110.977603852734902, -6.900377446320866, 0.0 ], [ 110.977510106028703, -6.900301769966048, 0.0 ], [ 110.977232182935097, -6.900251280581434, 0.0 ], [ 110.977141993776797, -6.90019288898424, 0.0 ], [ 110.977125680748998, -6.900192509671028, 0.0 ], [ 110.9770482359216, -6.900191280829108, 0.0 ], [ 110.977035079181903, -6.900513077260602, 0.0 ], [ 110.977075738060606, -6.901062589617347, 0.0 ], [ 110.977110493577001, -6.901518537294042, 0.0 ], [ 110.977149207496893, -6.902196907857443, 0.0 ], [ 110.9771640599092, -6.902412009655072, 0.0 ], [ 110.977177980333494, -6.902582988064642, 0.0 ], [ 110.977040966413597, -6.902589240034572, 0.0 ], [ 110.976660683963303, -6.902518625638047, 0.0 ], [ 110.976542854083505, -6.90247395403826, 0.0 ], [ 110.976462120240498, -6.902502359039395, 0.0 ], [ 110.976424521310307, -6.902761990821934, 0.0 ], [ 110.976363971229006, -6.902847565088418, 0.0 ], [ 110.976067842014302, -6.902825637940881, 0.0 ], [ 110.976029833751795, -6.902793296677368, 0.0 ], [ 110.975966565683805, -6.903215867127184, 0.0 ], [ 110.975902950710093, -6.903483972694974, 0.0 ], [ 110.975843495978793, -6.903765343854798, 0.0 ], [ 110.975904695533004, -6.903827754605949, 0.0 ], [ 110.976063257603101, -6.903795988828571, 0.0 ], [ 110.976117828358596, -6.90364960511972, 0.0 ], [ 110.976132385585103, -6.903781019839291, 0.0 ], [ 110.976122124665807, -6.903926627176309, 0.0 ], [ 110.976110323829005, -6.904310618303363, 0.0 ], [ 110.976088499176697, -6.904398127809513, 0.0 ], [ 110.975914090053294, -6.904426437064252, 0.0 ], [ 110.975751580467104, -6.904430424423959, 0.0 ], [ 110.975698082837496, -6.904530933118364, 0.0 ], [ 110.975679291092007, -6.904724520854214, 0.0 ], [ 110.975629639034594, -6.905060597350512, 0.0 ], [ 110.975627565007997, -6.905100058872814, 0.0 ], [ 110.975765277051295, -6.905139333130134, 0.0 ], [ 110.9758607149694, -6.905161078108855, 0.0 ], [ 110.975874304993496, -6.905225338640724, 0.0 ], [ 110.975867379071403, -6.905266207823742, 0.0 ], [ 110.975827185049795, -6.905400558314488, 0.0 ], [ 110.975806905772103, -6.905568053944918, 0.0 ], [ 110.975865348737898, -6.905657418560155, 0.0 ], [ 110.975895768944298, -6.905750281727797, 0.0 ], [ 110.975923900637397, -6.90579272121946, 0.0 ], [ 110.975937988387003, -6.90590667723322, 0.0 ], [ 110.976033776047402, -6.905948289114683, 0.0 ], [ 110.976106425283007, -6.905965723378414, 0.0 ], [ 110.976117695114894, -6.906077027103841, 0.0 ], [ 110.976176225639193, -6.906221042142562, 0.0 ], [ 110.976264363427205, -6.90622679224995, 0.0 ], [ 110.976367598514898, -6.906286468968644, 0.0 ], [ 110.976505802860004, -6.906328202713595, 0.0 ], [ 110.976633961848606, -6.906390670233891, 0.0 ], [ 110.976638075854495, -6.906404302692247, 0.0 ], [ 110.976725187108499, -6.906477472697216, 0.0 ], [ 110.976720719229306, -6.906530329401541, 0.0 ], [ 110.976576009694597, -6.906506689098201, 0.0 ], [ 110.976459427725899, -6.906494884200179, 0.0 ], [ 110.976346138650797, -6.906459641348071, 0.0 ], [ 110.976217561180803, -6.90645414911612, 0.0 ], [ 110.976111946517804, -6.90644905600276, 0.0 ], [ 110.975967064989305, -6.906436492444572, 0.0 ], [ 110.975833998734501, -6.906434436047024, 0.0 ], [ 110.975635296216794, -6.906411381342832, 0.0 ], [ 110.975522327278696, -6.906395892000723, 0.0 ], [ 110.975421900314601, -6.906394237110431, 0.0 ], [ 110.975317897892694, -6.906406476137358, 0.0 ], [ 110.975237624731704, -6.906435728393879, 0.0 ], [ 110.975053874213799, -6.906507827743812, 0.0 ], [ 110.974773694205894, -6.906718721835264, 0.0 ], [ 110.974546843784097, -6.90689620765108, 0.0 ], [ 110.974384176801493, -6.907018599154895, 0.0 ], [ 110.974235715262694, -6.907159274522146, 0.0 ], [ 110.974017714412895, -6.907325736078573, 0.0 ], [ 110.973828759583498, -6.907468365633833, 0.0 ], [ 110.973758865421999, -6.907528909736654, 0.0 ], [ 110.973627298916398, -6.907596514278991, 0.0 ], [ 110.973565081603198, -6.907626266493753, 0.0 ], [ 110.973191927985795, -6.907615748428466, 0.0 ], [ 110.973042130966405, -6.907611317631103, 0.0 ], [ 110.972903856249204, -6.907546940871286, 0.0 ], [ 110.972757674050598, -6.907477664297438, 0.0 ], [ 110.972680770770793, -6.907449456533747, 0.0 ], [ 110.972406568531596, -6.907253648108212, 0.0 ], [ 110.972241846126906, -6.907125849942211, 0.0 ], [ 110.972091105847596, -6.907016234063689, 0.0 ], [ 110.971915181890694, -6.906961396739903, 0.0 ], [ 110.971747445599107, -6.906911065480664, 0.0 ], [ 110.971563643345604, -6.906893379181929, 0.0 ], [ 110.971470402004002, -6.906889534384994, 0.0 ], [ 110.971384530167697, -6.906709935689318, 0.0 ], [ 110.971358069108504, -6.906406759019113, 0.0 ], [ 110.971379827920302, -6.906053093875799, 0.0 ], [ 110.971404131520899, -6.905791477085069, 0.0 ], [ 110.971386225496303, -6.905501258839861, 0.0 ], [ 110.971375296833301, -6.905326402759753, 0.0 ], [ 110.971789062446206, -6.905405153128064, 0.0 ], [ 110.971815532056496, -6.905221719209931, 0.0 ], [ 110.971515343416598, -6.905170469675749, 0.0 ], [ 110.971382213824796, -6.905147634377472, 0.0 ], [ 110.971341274586607, -6.905146679630698, 0.0 ], [ 110.971279317533401, -6.904812408190144, 0.0 ], [ 110.971223281079006, -6.904709729503313, 0.0 ], [ 110.971143427156804, -6.904585258609488, 0.0 ], [ 110.971122306145602, -6.90453105290602, 0.0 ], [ 110.971023616652502, -6.904420962750169, 0.0 ], [ 110.970931279114097, -6.904324418359018, 0.0 ], [ 110.970877205501594, -6.904270952283789, 0.0 ], [ 110.970831631625003, -6.904232984664113, 0.0 ], [ 110.970582975244, -6.904022494817938, 0.0 ], [ 110.970493564905098, -6.90396230013787, 0.0 ], [ 110.970205252592393, -6.903846676761621, 0.0 ], [ 110.9700967290525, -6.903821007219721, 0.0 ], [ 110.969986534031705, -6.90380536664427, 0.0 ], [ 110.969811362292802, -6.903776996618102, 0.0 ], [ 110.969690890429405, -6.903760782536534, 0.0 ], [ 110.969761801091494, -6.90371610944174, 0.0 ], [ 110.969812181342107, -6.903670017480529, 0.0 ], [ 110.969866391568104, -6.903644206694798, 0.0 ], [ 110.969935157518904, -6.903560405039904, 0.0 ], [ 110.969958439960294, -6.903477142941504, 0.0 ], [ 110.969967397271105, -6.903431756530415, 0.0 ], [ 110.969967397263403, -6.903409874989881, 0.0 ], [ 110.969984215306098, -6.903332817292688, 0.0 ], [ 110.969984464873704, -6.903286577756219, 0.0 ], [ 110.969904998870305, -6.903285156865838, 0.0 ], [ 110.969823249965103, -6.903283502509285, 0.0 ], [ 110.969737524796201, -6.903315580217738, 0.0 ], [ 110.969593933212195, -6.903401670460195, 0.0 ], [ 110.969525395284904, -6.903425846862517, 0.0 ], [ 110.969451029365004, -6.903442398610951, 0.0 ], [ 110.969359945436693, -6.90346660228034, 0.0 ], [ 110.969249562337197, -6.90345188107641, 0.0 ] ] ] ] } },
{ "type": "Feature", "properties": { "Name": "KEDUMULYO", "VILLAGES": "Kedumulyo", "CC_4": "3318010008", "SUB_DIST": "Sukolilo", "DISTRICT": "Pati", "GID_4": "IDN.10.21.15.6_1", "AREA_HA": 358 }, "geometry": { "type": "MultiPolygon", "coordinates": [ [ [ [ 110.934385626353901, -6.923484398102789, 0.0 ], [ 110.934356479600893, -6.923340438416842, 0.0 ], [ 110.934239584828006, -6.92301887957117, 0.0 ], [ 110.934592254510093, -6.921246383103493, 0.0 ], [ 110.935281445527096, -6.918892979879795, 0.0 ], [ 110.9357516986219, -6.917229266223846, 0.0 ], [ 110.935752085577704, -6.916086173827623, 0.0 ], [ 110.935230533280404, -6.914809113522058, 0.0 ], [ 110.9342706562133, -6.914259469485484, 0.0 ], [ 110.934161391250697, -6.913678744723488, 0.0 ], [ 110.937386085173301, -6.913833979795587, 0.0 ], [ 110.937549265162701, -6.913450952641977, 0.0 ], [ 110.937726617496907, -6.912805152523593, 0.0 ], [ 110.937555985011002, -6.912179469334466, 0.0 ], [ 110.937975129779801, -6.91200765085196, 0.0 ], [ 110.938786491499201, -6.911830683168639, 0.0 ], [ 110.9395477090263, -6.911895408805647, 0.0 ], [ 110.939948211607501, -6.91192096094804, 0.0 ], [ 110.940035009217794, -6.912021750618877, 0.0 ], [ 110.940147607253905, -6.912095916487099, 0.0 ], [ 110.940505486449297, -6.912325385102872, 0.0 ], [ 110.941246278287295, -6.912648832944931, 0.0 ], [ 110.9412796739051, -6.911584331041681, 0.0 ], [ 110.942726235849705, -6.911605140831681, 0.0 ], [ 110.943179992689394, -6.911828724055722, 0.0 ], [ 110.943557283235407, -6.912030482084386, 0.0 ], [ 110.944281101107904, -6.912019186100832, 0.0 ], [ 110.944393080141793, -6.911996017870345, 0.0 ], [ 110.945238781528303, -6.912065238609651, 0.0 ], [ 110.945694969596104, -6.912095729964043, 0.0 ], [ 110.946534564812396, -6.912263876927507, 0.0 ], [ 110.9473175827098, -6.91273450348564, 0.0 ], [ 110.948036652664499, -6.91294001134957, 0.0 ], [ 110.948915214472194, -6.912507689403082, 0.0 ], [ 110.949935760799207, -6.912334480143937, 0.0 ], [ 110.951013329479807, -6.912384209362612, 0.0 ], [ 110.952132952834305, -6.912094858342226, 0.0 ], [ 110.952330132850804, -6.912089039672843, 0.0 ], [ 110.952993251322397, -6.912091932985422, 0.0 ], [ 110.953196439471697, -6.910667862443786, 0.0 ], [ 110.953257689541999, -6.910528563064472, 0.0 ], [ 110.953148779705799, -6.910131439183741, 0.0 ], [ 110.9540189821344, -6.910038470674108, 0.0 ], [ 110.954792663593096, -6.911316553949853, 0.0 ], [ 110.955821715476205, -6.91150348369228, 0.0 ], [ 110.955712173211893, -6.912209573354308, 0.0 ], [ 110.955977475113201, -6.912352655409901, 0.0 ], [ 110.955949671707899, -6.91242275344618, 0.0 ], [ 110.955674579823494, -6.91228160733497, 0.0 ], [ 110.955385193183105, -6.912681933910287, 0.0 ], [ 110.955530340347195, -6.912905457719043, 0.0 ], [ 110.955631079834106, -6.913019161014767, 0.0 ], [ 110.955632194257205, -6.913163109378817, 0.0 ], [ 110.956078027931895, -6.913286060484642, 0.0 ], [ 110.956012899237905, -6.914246921077972, 0.0 ], [ 110.956593636222294, -6.91435664005566, 0.0 ], [ 110.955907879706501, -6.915919327853456, 0.0 ], [ 110.955704630426297, -6.917512426537111, 0.0 ], [ 110.955605560428907, -6.918432569844022, 0.0 ], [ 110.955885490845006, -6.919649470039055, 0.0 ], [ 110.956639065768599, -6.919968560338318, 0.0 ], [ 110.957461649847801, -6.919784386611637, 0.0 ], [ 110.958294182895102, -6.91911930911671, 0.0 ], [ 110.958496217894606, -6.918970610282617, 0.0 ], [ 110.9586929428025, -6.919057962272111, 0.0 ], [ 110.958955964394605, -6.919110407187915, 0.0 ], [ 110.959175373536794, -6.919199889850753, 0.0 ], [ 110.959287196281295, -6.919224933086066, 0.0 ], [ 110.959377003876298, -6.919379408237075, 0.0 ], [ 110.959445454935604, -6.919542095365207, 0.0 ], [ 110.959527440326795, -6.919723670762982, 0.0 ], [ 110.959610584436405, -6.919751851983389, 0.0 ], [ 110.959672567830594, -6.919726248795675, 0.0 ], [ 110.959711465888503, -6.919483324398309, 0.0 ], [ 110.959716349108604, -6.919358721317725, 0.0 ], [ 110.959762145168, -6.919221811823378, 0.0 ], [ 110.959819608855994, -6.919158692774744, 0.0 ], [ 110.959811585374695, -6.919054634401345, 0.0 ], [ 110.9598020223643, -6.918970589806118, 0.0 ], [ 110.959796898140198, -6.918787536901306, 0.0 ], [ 110.959869056222104, -6.918549520975782, 0.0 ], [ 110.959858305488297, -6.918417062771611, 0.0 ], [ 110.959736904110699, -6.918441569994354, 0.0 ], [ 110.959660962855395, -6.918400623939267, 0.0 ], [ 110.9595464219951, -6.918388237397609, 0.0 ], [ 110.959543318097502, -6.918388237450147, 0.0 ], [ 110.959459205987699, -6.918346590409119, 0.0 ], [ 110.959382597198001, -6.918261629498017, 0.0 ], [ 110.959387745303403, -6.918196406512506, 0.0 ], [ 110.959470938533102, -6.918205177677025, 0.0 ], [ 110.959528245588899, -6.918257319678898, 0.0 ], [ 110.959653172261199, -6.91819640213321, 0.0 ], [ 110.959844364379705, -6.918209547872031, 0.0 ], [ 110.960277615863006, -6.918295864597318, 0.0 ], [ 110.9604798871855, -6.918270200802678, 0.0 ], [ 110.960591722004395, -6.918244333757753, 0.0 ], [ 110.960617207808397, -6.918300119646733, 0.0 ], [ 110.960717357461206, -6.918565184690273, 0.0 ], [ 110.960849716676407, -6.918997735029374, 0.0 ], [ 110.960947743862405, -6.919295665944316, 0.0 ], [ 110.960994833359706, -6.919889092940526, 0.0 ], [ 110.961046569174599, -6.920562869382111, 0.0 ], [ 110.961072056499603, -6.920879613426374, 0.0 ], [ 110.9610854432336, -6.921141462098324, 0.0 ], [ 110.961080379990307, -6.922032404190588, 0.0 ], [ 110.960962615972505, -6.922023837235939, 0.0 ], [ 110.960800158712004, -6.921977659394959, 0.0 ], [ 110.960676223103604, -6.921948385041993, 0.0 ], [ 110.960548316411803, -6.921915807924575, 0.0 ], [ 110.960416151294595, -6.921879812662402, 0.0 ], [ 110.960333353577397, -6.921858591867895, 0.0 ], [ 110.960129834733394, -6.921840271545164, 0.0 ], [ 110.9600013478492, -6.921837207310704, 0.0 ], [ 110.959873060721804, -6.921837208804291, 0.0 ], [ 110.959842864273895, -6.92178455542316, 0.0 ], [ 110.959885459986296, -6.921546395993627, 0.0 ], [ 110.959905854224303, -6.921410516294625, 0.0 ], [ 110.959942603146104, -6.920965486893848, 0.0 ], [ 110.959958487708803, -6.920738929278548, 0.0 ], [ 110.9599935842148, -6.920560882268818, 0.0 ], [ 110.959928351546793, -6.920495789423821, 0.0 ], [ 110.959810597856801, -6.920386352951449, 0.0 ], [ 110.959796838793096, -6.920298744698497, 0.0 ], [ 110.959676291122605, -6.920162348807747, 0.0 ], [ 110.959490205845, -6.920177813167548, 0.0 ], [ 110.959394718253705, -6.920193197962199, 0.0 ], [ 110.959341184520497, -6.920200861381827, 0.0 ], [ 110.959336046490094, -6.920139015119234, 0.0 ], [ 110.959401437944905, -6.920099718331376, 0.0 ], [ 110.959454593281507, -6.920003327299185, 0.0 ], [ 110.959462298524599, -6.919891236618971, 0.0 ], [ 110.959483461907197, -6.919814262370353, 0.0 ], [ 110.959476372812901, -6.919748688666486, 0.0 ], [ 110.959431652699905, -6.919625530826992, 0.0 ], [ 110.959405145565498, -6.919519291644111, 0.0 ], [ 110.9593169597224, -6.919333672953944, 0.0 ], [ 110.959282834480902, -6.919256534668038, 0.0 ], [ 110.959176967273095, -6.919229210124893, 0.0 ], [ 110.958996058429307, -6.919166767885431, 0.0 ], [ 110.958931314564495, -6.919152708600675, 0.0 ], [ 110.958775285014596, -6.919117261523255, 0.0 ], [ 110.958686343194998, -6.919102962331571, 0.0 ], [ 110.958568302375795, -6.919048711239661, 0.0 ], [ 110.958506993490403, -6.919019366790192, 0.0 ], [ 110.958477725194797, -6.919023051181192, 0.0 ], [ 110.958358440252496, -6.919152717738197, 0.0 ], [ 110.958256615671701, -6.919180772591421, 0.0 ], [ 110.958234098057702, -6.919242919508905, 0.0 ], [ 110.958238346779197, -6.919327063332854, 0.0 ], [ 110.958274763351099, -6.919395865083001, 0.0 ], [ 110.958301660656105, -6.919450350683994, 0.0 ], [ 110.958298935862402, -6.91951621071841, 0.0 ], [ 110.958300834060296, -6.919562304067147, 0.0 ], [ 110.958295949411095, -6.919696047088427, 0.0 ], [ 110.958338728053207, -6.919872596643605, 0.0 ], [ 110.958358624676606, -6.920017384558615, 0.0 ], [ 110.958465160082, -6.920508184516807, 0.0 ], [ 110.958508895526705, -6.920681230073632, 0.0 ], [ 110.958514322728007, -6.920779372194763, 0.0 ], [ 110.958387827325694, -6.920777921295731, 0.0 ], [ 110.958358163171994, -6.92086040501299, 0.0 ], [ 110.958337691261093, -6.920937186019685, 0.0 ], [ 110.9583222680657, -6.920981617373854, 0.0 ], [ 110.958123181480502, -6.920947502515991, 0.0 ], [ 110.958094338535801, -6.921159092072813, 0.0 ], [ 110.958055599056806, -6.921457457048105, 0.0 ], [ 110.958519539427598, -6.921544400090713, 0.0 ], [ 110.958491916203499, -6.921901018103457, 0.0 ], [ 110.958338689892798, -6.921881823274175, 0.0 ], [ 110.958328296677195, -6.921973399884247, 0.0 ], [ 110.958009634184705, -6.921901023242515, 0.0 ], [ 110.957959890940302, -6.922397151792101, 0.0 ], [ 110.958000282260201, -6.922416638309122, 0.0 ], [ 110.958073483274603, -6.922439202238771, 0.0 ], [ 110.958242351879505, -6.922426328965364, 0.0 ], [ 110.958226306626699, -6.922631394960127, 0.0 ], [ 110.958213318647196, -6.922768490835561, 0.0 ], [ 110.958199774257693, -6.922879787834504, 0.0 ], [ 110.958238458179295, -6.922896076185383, 0.0 ], [ 110.958300503940194, -6.922879786680414, 0.0 ], [ 110.958343314032504, -6.922879786159588, 0.0 ], [ 110.958379950368993, -6.922928344163449, 0.0 ], [ 110.958418094610494, -6.922962846748356, 0.0 ], [ 110.958408907110893, -6.923098802192534, 0.0 ], [ 110.958201023860695, -6.923053458840827, 0.0 ], [ 110.958157642460193, -6.9232284736754, 0.0 ], [ 110.958250635302605, -6.923253377003086, 0.0 ], [ 110.958217553995595, -6.923424502636772, 0.0 ], [ 110.958288851866499, -6.923447668041045, 0.0 ], [ 110.958221376985506, -6.923620577120212, 0.0 ], [ 110.958114598399007, -6.923601624844539, 0.0 ], [ 110.958013433683703, -6.923596184722665, 0.0 ], [ 110.957950652848098, -6.923572819744496, 0.0 ], [ 110.957910931808101, -6.923640643179862, 0.0 ], [ 110.957903023677204, -6.923740633129164, 0.0 ], [ 110.958107707512895, -6.92379609544542, 0.0 ], [ 110.958142573754699, -6.923807046622773, 0.0 ], [ 110.958130143077895, -6.923858438570542, 0.0 ], [ 110.958158873880294, -6.923882425043963, 0.0 ], [ 110.958127069179596, -6.92397775405238, 0.0 ], [ 110.958185660723203, -6.924009294605506, 0.0 ], [ 110.958374531287504, -6.924067950051129, 0.0 ], [ 110.958513611114, -6.924112011324111, 0.0 ], [ 110.958488757671603, -6.924170754273348, 0.0 ], [ 110.958535089935296, -6.924187831770309, 0.0 ], [ 110.958475686354703, -6.924326015512538, 0.0 ], [ 110.958452497207205, -6.924379157532681, 0.0 ], [ 110.958159367905793, -6.924321902082294, 0.0 ], [ 110.958084465638507, -6.924354724238952, 0.0 ], [ 110.958073219370505, -6.924447587324585, 0.0 ], [ 110.958091102996093, -6.924518750053584, 0.0 ], [ 110.958254622748697, -6.92470604117957, 0.0 ], [ 110.958392575905606, -6.924805408349178, 0.0 ], [ 110.958545902080303, -6.924834347172818, 0.0 ], [ 110.958890504857493, -6.924905717475004, 0.0 ], [ 110.959069270169493, -6.924919824584982, 0.0 ], [ 110.959258310024694, -6.924930368102214, 0.0 ], [ 110.959395055790495, -6.9249338742851, 0.0 ], [ 110.959520029805901, -6.924895089138596, 0.0 ], [ 110.959679774421701, -6.924909238038063, 0.0 ], [ 110.960007995827695, -6.92496529612175, 0.0 ], [ 110.960219835889305, -6.925027346890817, 0.0 ], [ 110.960419665484594, -6.925054584165244, 0.0 ], [ 110.960640345427294, -6.925101759505646, 0.0 ], [ 110.960807221068094, -6.925115122225117, 0.0 ], [ 110.960933243501003, -6.925148317085062, 0.0 ], [ 110.961138833615493, -6.925121778961551, 0.0 ], [ 110.961348164703097, -6.925064725407378, 0.0 ], [ 110.961496429126598, -6.925069871850309, 0.0 ], [ 110.961675548518599, -6.925180178657506, 0.0 ], [ 110.961771093380904, -6.924994555847667, 0.0 ], [ 110.961935397413001, -6.925009892498174, 0.0 ], [ 110.962182421941804, -6.925093171482139, 0.0 ], [ 110.962478611514499, -6.925148913793507, 0.0 ], [ 110.962562789946006, -6.925203844281193, 0.0 ], [ 110.962587853378693, -6.925203843533308, 0.0 ], [ 110.962630053413505, -6.925089412191884, 0.0 ], [ 110.9625258765588, -6.924971407908433, 0.0 ], [ 110.962453888733194, -6.924813578831986, 0.0 ], [ 110.962401284574, -6.924707458340985, 0.0 ], [ 110.962416533626296, -6.92462806849251, 0.0 ], [ 110.962269939691495, -6.924628073030212, 0.0 ], [ 110.9622049655908, -6.924589912135037, 0.0 ], [ 110.962183701270504, -6.924503790682076, 0.0 ], [ 110.962128641487695, -6.924468825193242, 0.0 ], [ 110.962091145728706, -6.924411359088998, 0.0 ], [ 110.962164794348695, -6.924009829740892, 0.0 ], [ 110.962213572605606, -6.923614271902215, 0.0 ], [ 110.962252195917102, -6.923454655773799, 0.0 ], [ 110.9622992092321, -6.9233847989844, 0.0 ], [ 110.9626781984025, -6.923691661833782, 0.0 ], [ 110.962981333616696, -6.923683981356789, 0.0 ], [ 110.9632648569916, -6.924251253277466, 0.0 ], [ 110.964900855208398, -6.924599053646119, 0.0 ], [ 110.965759777845406, -6.925732072798751, 0.0 ], [ 110.966366808347999, -6.926761791573221, 0.0 ], [ 110.966733976822596, -6.927379489439873, 0.0 ], [ 110.966429210074907, -6.927292964955998, 0.0 ], [ 110.966035916667494, -6.927118090672263, 0.0 ], [ 110.965789750095396, -6.927034046977368, 0.0 ], [ 110.965475524343802, -6.926913353958917, 0.0 ], [ 110.964740331116801, -6.92677090970503, 0.0 ], [ 110.964425695541195, -6.926734522535452, 0.0 ], [ 110.963978410427799, -6.926660774373761, 0.0 ], [ 110.963689039925796, -6.926557202962209, 0.0 ], [ 110.963557851894393, -6.926557205461544, 0.0 ], [ 110.963582382031305, -6.926436361694573, 0.0 ], [ 110.963586367284705, -6.926372157072434, 0.0 ], [ 110.963384277050295, -6.926406850340315, 0.0 ], [ 110.963337544553696, -6.926441265334223, 0.0 ], [ 110.963304671029604, -6.926327151559397, 0.0 ], [ 110.9631952001033, -6.926327154993779, 0.0 ], [ 110.963108486058303, -6.926296890152998, 0.0 ], [ 110.962974741926402, -6.926261315969673, 0.0 ], [ 110.9627703969729, -6.926301958465914, 0.0 ], [ 110.962685658218902, -6.926337211621743, 0.0 ], [ 110.962626751745304, -6.926357229517584, 0.0 ], [ 110.962575938147793, -6.926251107711765, 0.0 ], [ 110.962523283201506, -6.926084332299065, 0.0 ], [ 110.962495706212394, -6.925960512067344, 0.0 ], [ 110.962424907079495, -6.925713872126164, 0.0 ], [ 110.962384186866203, -6.925519944765855, 0.0 ], [ 110.962390003005893, -6.925373778714402, 0.0 ], [ 110.962467701774202, -6.925261182144411, 0.0 ], [ 110.962495507663704, -6.925216685277599, 0.0 ], [ 110.962460314475507, -6.925171783474421, 0.0 ], [ 110.962097246779607, -6.925087027185871, 0.0 ], [ 110.961914013105797, -6.92503530287066, 0.0 ], [ 110.961785891442105, -6.925043974241916, 0.0 ], [ 110.961703257080899, -6.92515919872805, 0.0 ], [ 110.961694120972894, -6.925196882578489, 0.0 ], [ 110.961519117896799, -6.925112657721882, 0.0 ], [ 110.961445654615702, -6.925091322824128, 0.0 ], [ 110.961325485862105, -6.925121164689919, 0.0 ], [ 110.961144512052797, -6.925150787524617, 0.0 ], [ 110.9610097642135, -6.9251550033463, 0.0 ], [ 110.960907244427403, -6.925180193361316, 0.0 ], [ 110.960788132051604, -6.925150793942847, 0.0 ], [ 110.960588083935704, -6.925133899564025, 0.0 ], [ 110.960449297140997, -6.925099890109522, 0.0 ], [ 110.960321076986105, -6.925074193487736, 0.0 ], [ 110.960171967874601, -6.92502665289245, 0.0 ], [ 110.9599594195886, -6.925004860125204, 0.0 ], [ 110.959818725794904, -6.924956497178127, 0.0 ], [ 110.959626737482395, -6.924929875779126, 0.0 ], [ 110.959527315233004, -6.924952077068459, 0.0 ], [ 110.959404430390407, -6.924960925285666, 0.0 ], [ 110.959289562475107, -6.92497416036328, 0.0 ], [ 110.958989954549693, -6.924956511823742, 0.0 ], [ 110.958736379738596, -6.924934340986673, 0.0 ], [ 110.958422146351793, -6.924862573777278, 0.0 ], [ 110.958284131118702, -6.924794142767399, 0.0 ], [ 110.958174599464002, -6.924668077206223, 0.0 ], [ 110.958049049591594, -6.924572217091636, 0.0 ], [ 110.958035380422103, -6.924835338044012, 0.0 ], [ 110.957919551797204, -6.924803338503096, 0.0 ], [ 110.9578546739058, -6.924956526715618, 0.0 ], [ 110.957806427523195, -6.924894136089547, 0.0 ], [ 110.957678023450299, -6.925039711794041, 0.0 ], [ 110.957607052461896, -6.925352220223923, 0.0 ], [ 110.957898579950907, -6.925435451977206, 0.0 ], [ 110.957858346090603, -6.925533403015885, 0.0 ], [ 110.958008794891299, -6.925582202153683, 0.0 ], [ 110.957861082781804, -6.92599780939151, 0.0 ], [ 110.957787133763404, -6.926225153087735, 0.0 ], [ 110.957670994645298, -6.926503476740596, 0.0 ], [ 110.957632103887505, -6.926557068428138, 0.0 ], [ 110.957581845531607, -6.926774151073903, 0.0 ], [ 110.957416708451703, -6.926778750457976, 0.0 ], [ 110.957392597363494, -6.926860645216328, 0.0 ], [ 110.957345738139495, -6.927015376800351, 0.0 ], [ 110.957346725431407, -6.927172780591231, 0.0 ], [ 110.957362638037495, -6.927304074316081, 0.0 ], [ 110.957363036679297, -6.92739579932769, 0.0 ], [ 110.957296795369999, -6.927462227926024, 0.0 ], [ 110.957142277288597, -6.927706634660635, 0.0 ], [ 110.956941187847605, -6.927693102099616, 0.0 ], [ 110.956769639756203, -6.928222041844008, 0.0 ], [ 110.956507045043097, -6.928198204448854, 0.0 ], [ 110.955615076986405, -6.928031290937725, 0.0 ], [ 110.954916008783201, -6.927870061976756, 0.0 ], [ 110.954592689226999, -6.927782547895066, 0.0 ], [ 110.954397997226096, -6.927733611556795, 0.0 ], [ 110.954257412215398, -6.927615575574728, 0.0 ], [ 110.953933682289801, -6.927634668832265, 0.0 ], [ 110.953691436927201, -6.927515116882689, 0.0 ], [ 110.953649359232699, -6.927484668114299, 0.0 ], [ 110.9534770293875, -6.92744958921923, 0.0 ], [ 110.953386297591607, -6.927400858647295, 0.0 ], [ 110.953370075610906, -6.927306196700332, 0.0 ], [ 110.953471343797403, -6.92718124079769, 0.0 ], [ 110.953443081106499, -6.9271340039662, 0.0 ], [ 110.953437228509301, -6.927016925889067, 0.0 ], [ 110.953667459488102, -6.927016922391106, 0.0 ], [ 110.953717266087196, -6.927132341430752, 0.0 ], [ 110.953747303462194, -6.92724441049165, 0.0 ], [ 110.9539607093825, -6.927140172085076, 0.0 ], [ 110.954021454349402, -6.927049099303965, 0.0 ], [ 110.954071298025198, -6.926796808799917, 0.0 ], [ 110.952983270247998, -6.926513982876547, 0.0 ], [ 110.952904817291497, -6.926818118926775, 0.0 ], [ 110.952812370104596, -6.926851952866513, 0.0 ], [ 110.952772774950802, -6.926980408563682, 0.0 ], [ 110.952428596935505, -6.9268938482531, 0.0 ], [ 110.9524069081791, -6.926554956805194, 0.0 ], [ 110.951951430986199, -6.926617886707882, 0.0 ], [ 110.951856592765793, -6.926644568879275, 0.0 ], [ 110.951807196797603, -6.926779713210871, 0.0 ], [ 110.951737083994004, -6.926843521197513, 0.0 ], [ 110.951572011184894, -6.926872955294138, 0.0 ], [ 110.951324201155799, -6.926898013107484, 0.0 ], [ 110.951266728792802, -6.926898013302563, 0.0 ], [ 110.951414517067093, -6.926635697879245, 0.0 ], [ 110.951047873659604, -6.926486450118419, 0.0 ], [ 110.950858603039904, -6.92647723037202, 0.0 ], [ 110.950860176079601, -6.926653428914188, 0.0 ], [ 110.950878277013999, -6.926753908666132, 0.0 ], [ 110.950710027131194, -6.926635698898194, 0.0 ], [ 110.950530892985498, -6.926440146143182, 0.0 ], [ 110.950452604838603, -6.926161146339239, 0.0 ], [ 110.950196825542406, -6.92601972449776, 0.0 ], [ 110.950149419005697, -6.92595414458244, 0.0 ], [ 110.950173233428401, -6.925852657070169, 0.0 ], [ 110.9499352349888, -6.925794762002183, 0.0 ], [ 110.949801250686306, -6.92577807764433, 0.0 ], [ 110.949587416573905, -6.925624979531447, 0.0 ], [ 110.949498993428506, -6.925515451590814, 0.0 ], [ 110.949381246657794, -6.925352883390339, 0.0 ], [ 110.949365426796106, -6.925174760027584, 0.0 ], [ 110.949144470484299, -6.925053730996299, 0.0 ], [ 110.949184321031098, -6.924686887388745, 0.0 ], [ 110.949428878847797, -6.924633665668842, 0.0 ], [ 110.949552967446095, -6.924398059456975, 0.0 ], [ 110.949516017318302, -6.924307487045697, 0.0 ], [ 110.949578642536096, -6.924174399455656, 0.0 ], [ 110.949812537225895, -6.924180256911195, 0.0 ], [ 110.949772445006801, -6.923665745088224, 0.0 ], [ 110.949540617908795, -6.923665745621134, 0.0 ], [ 110.949585108458194, -6.923258106219, 0.0 ], [ 110.949788740607502, -6.923268726664085, 0.0 ], [ 110.949826807012101, -6.92316688631183, 0.0 ], [ 110.949858681613193, -6.922848257657277, 0.0 ], [ 110.949915729942802, -6.922672179646319, 0.0 ], [ 110.950044279343899, -6.922471137251146, 0.0 ], [ 110.950125471698001, -6.922341545938691, 0.0 ], [ 110.9501996272474, -6.922161219937526, 0.0 ], [ 110.950210042555199, -6.922027264204798, 0.0 ], [ 110.950233737495097, -6.92183913031158, 0.0 ], [ 110.950175365683293, -6.921574438236148, 0.0 ], [ 110.950208773657494, -6.921237940801301, 0.0 ], [ 110.9502745321562, -6.921197846168533, 0.0 ], [ 110.950337893867797, -6.921134197350896, 0.0 ], [ 110.950507257122496, -6.921046111906137, 0.0 ], [ 110.950541835784804, -6.920697143169216, 0.0 ], [ 110.950596436145901, -6.920557053086534, 0.0 ], [ 110.950749443259795, -6.920535902728178, 0.0 ], [ 110.950901120878598, -6.920614750017164, 0.0 ], [ 110.950977980520193, -6.920666613306353, 0.0 ], [ 110.950988220857397, -6.92093737592514, 0.0 ], [ 110.951081351836507, -6.921057656935708, 0.0 ], [ 110.951184427716299, -6.921188766428474, 0.0 ], [ 110.951225158462407, -6.921234697322932, 0.0 ], [ 110.951235322478695, -6.921427052912349, 0.0 ], [ 110.951247098879605, -6.921711074235714, 0.0 ], [ 110.951316890276004, -6.921764096830632, 0.0 ], [ 110.951723364477999, -6.921657389468386, 0.0 ], [ 110.951753549006, -6.92161144017161, 0.0 ], [ 110.951657037084104, -6.921509478332887, 0.0 ], [ 110.951612153046696, -6.921289207411377, 0.0 ], [ 110.951615404492102, -6.921081342358089, 0.0 ], [ 110.951395973230802, -6.921024288873564, 0.0 ], [ 110.9512887188788, -6.920903135396175, 0.0 ], [ 110.951078980671298, -6.920661451757614, 0.0 ], [ 110.950972779369707, -6.920519979572287, 0.0 ], [ 110.950810537299006, -6.920466526147967, 0.0 ], [ 110.950860895438893, -6.920229880010391, 0.0 ], [ 110.950705774726799, -6.920224030358234, 0.0 ], [ 110.950806133623104, -6.919770719212621, 0.0 ], [ 110.951038759233995, -6.919825946764876, 0.0 ], [ 110.951101304819801, -6.919620110549491, 0.0 ], [ 110.951115484358994, -6.919339198315869, 0.0 ], [ 110.951113525415195, -6.919067716996721, 0.0 ], [ 110.951119013837797, -6.918931648927974, 0.0 ], [ 110.950951830824906, -6.918842578323488, 0.0 ], [ 110.950818901725299, -6.918769030759182, 0.0 ], [ 110.950512252898903, -6.918836960998367, 0.0 ], [ 110.950512724255404, -6.918926131877013, 0.0 ], [ 110.9504088345833, -6.918915071998489, 0.0 ], [ 110.9504278081384, -6.91867121922902, 0.0 ], [ 110.950430079471701, -6.918612797030883, 0.0 ], [ 110.950271196414803, -6.918505942476519, 0.0 ], [ 110.950158158697107, -6.918457737379902, 0.0 ], [ 110.950039026150705, -6.918469830076989, 0.0 ], [ 110.949976810307405, -6.918898435282413, 0.0 ], [ 110.949889414987695, -6.919105157131214, 0.0 ], [ 110.949721628936501, -6.919246933337707, 0.0 ], [ 110.949620445369504, -6.919349341766697, 0.0 ], [ 110.949420332725694, -6.919344270950005, 0.0 ], [ 110.949401953698697, -6.919200128357987, 0.0 ], [ 110.949283657991501, -6.91922098369736, 0.0 ], [ 110.9492195792388, -6.919334114591072, 0.0 ], [ 110.949120273015694, -6.91938969587802, 0.0 ], [ 110.949061938856801, -6.919349335522231, 0.0 ], [ 110.949145311804699, -6.919142306171667, 0.0 ], [ 110.948687339985597, -6.919067713266807, 0.0 ], [ 110.948699439357299, -6.918915064681186, 0.0 ], [ 110.9488602565783, -6.918931646183424, 0.0 ], [ 110.948901971588299, -6.918831328526211, 0.0 ], [ 110.948999035151601, -6.918803104227843, 0.0 ], [ 110.949024451143899, -6.918677018518039, 0.0 ], [ 110.948748373039294, -6.918636238579733, 0.0 ], [ 110.9487205700066, -6.918029243770436, 0.0 ], [ 110.948689151120206, -6.917878323131084, 0.0 ], [ 110.948565871019198, -6.917703909260604, 0.0 ], [ 110.948293239231006, -6.917852291378149, 0.0 ], [ 110.948093189314804, -6.917914525469099, 0.0 ], [ 110.9480390336049, -6.918021541995824, 0.0 ], [ 110.948309324425196, -6.918160599293928, 0.0 ], [ 110.948130790435599, -6.91826704667383, 0.0 ], [ 110.947930757227198, -6.918462766749663, 0.0 ], [ 110.947675989459199, -6.918603479997771, 0.0 ], [ 110.947329706581897, -6.918814497596212, 0.0 ], [ 110.947209593659295, -6.918848771824873, 0.0 ], [ 110.947110289953599, -6.918804656247511, 0.0 ], [ 110.947053299318, -6.918710151431064, 0.0 ], [ 110.946933585986201, -6.91876012340882, 0.0 ], [ 110.946954721063406, -6.918829213260555, 0.0 ], [ 110.946849225068405, -6.918858514517388, 0.0 ], [ 110.946805312206195, -6.918868240971606, 0.0 ], [ 110.9466970030862, -6.918659643379243, 0.0 ], [ 110.946436836366004, -6.918740188697241, 0.0 ], [ 110.946103809367898, -6.919096260456447, 0.0 ], [ 110.945941299836505, -6.919141392323697, 0.0 ], [ 110.945919659836207, -6.919257977175461, 0.0 ], [ 110.9459540543846, -6.919339615825127, 0.0 ], [ 110.945927956419098, -6.919446408580529, 0.0 ], [ 110.945902190657705, -6.919540568312519, 0.0 ], [ 110.946023823966996, -6.919778093503761, 0.0 ], [ 110.945853076604294, -6.919918922969903, 0.0 ], [ 110.945813827370301, -6.91993325194248, 0.0 ], [ 110.945645627764605, -6.919738484565761, 0.0 ], [ 110.945580455023006, -6.919617655835775, 0.0 ], [ 110.9455767538945, -6.919550913512146, 0.0 ], [ 110.945434410640203, -6.919279870532722, 0.0 ], [ 110.945207133707896, -6.919472734222095, 0.0 ], [ 110.945081001424398, -6.91950415118334, 0.0 ], [ 110.945089583494706, -6.919627832211923, 0.0 ], [ 110.945243433486397, -6.919668366181576, 0.0 ], [ 110.945403114442499, -6.91974344875839, 0.0 ], [ 110.945427560362404, -6.919832001890066, 0.0 ], [ 110.945171640047704, -6.919899735896062, 0.0 ], [ 110.945121820988504, -6.919971236725098, 0.0 ], [ 110.945129862985297, -6.920046306873616, 0.0 ], [ 110.945050286423594, -6.920183828163373, 0.0 ], [ 110.944950886507897, -6.920210837637182, 0.0 ], [ 110.945098730425599, -6.920447170987215, 0.0 ], [ 110.944956524489299, -6.920588732823676, 0.0 ], [ 110.944794909028502, -6.920697075088918, 0.0 ], [ 110.944688095192106, -6.920774329668177, 0.0 ], [ 110.944184200303397, -6.920269474533741, 0.0 ], [ 110.944115324197, -6.920359123056008, 0.0 ], [ 110.944156217330104, -6.920477841149073, 0.0 ], [ 110.944497973296805, -6.92082670642969, 0.0 ], [ 110.944563161844599, -6.920878502240757, 0.0 ], [ 110.944011124587306, -6.92123329255573, 0.0 ], [ 110.943869550892103, -6.921105110908689, 0.0 ], [ 110.943756580765694, -6.921064961757636, 0.0 ], [ 110.943662416573602, -6.921125054734756, 0.0 ], [ 110.943353630232295, -6.921252694721691, 0.0 ], [ 110.943454781135898, -6.921456433925555, 0.0 ], [ 110.943723482000095, -6.921395785110428, 0.0 ], [ 110.943723968229506, -6.921447159580162, 0.0 ], [ 110.943594418488601, -6.921484162405588, 0.0 ], [ 110.943123188422106, -6.921845799343454, 0.0 ], [ 110.943154857996106, -6.921822233035259, 0.0 ], [ 110.942897275713705, -6.921479183049638, 0.0 ], [ 110.942857810987206, -6.921355633660827, 0.0 ], [ 110.942927404689101, -6.921329493882125, 0.0 ], [ 110.942997840275595, -6.92110422917281, 0.0 ], [ 110.943052784584793, -6.920851019864358, 0.0 ], [ 110.943111715423399, -6.920692823780347, 0.0 ], [ 110.942712623749998, -6.920511198616968, 0.0 ], [ 110.942543196121306, -6.920810461535917, 0.0 ], [ 110.942413305063994, -6.921147925305226, 0.0 ], [ 110.942285324208996, -6.921228848977431, 0.0 ], [ 110.942156690857402, -6.921564796995623, 0.0 ], [ 110.942224644820897, -6.921812754542316, 0.0 ], [ 110.942443716439897, -6.921934256094646, 0.0 ], [ 110.942486452752604, -6.922066065183103, 0.0 ], [ 110.942548828866407, -6.922185411633735, 0.0 ], [ 110.942610870710098, -6.922206364463255, 0.0 ], [ 110.942775751065199, -6.922210761412768, 0.0 ], [ 110.943316755699897, -6.921878216700155, 0.0 ], [ 110.943951722557003, -6.921406409418297, 0.0 ], [ 110.944125578721099, -6.921560521140843, 0.0 ], [ 110.9442265168435, -6.92149946687025, 0.0 ], [ 110.944063344595705, -6.921274139576656, 0.0 ], [ 110.944743460853402, -6.920807965646477, 0.0 ], [ 110.945257664246896, -6.920475788650421, 0.0 ], [ 110.946348781892297, -6.919736622845366, 0.0 ], [ 110.947205962011296, -6.919064401820474, 0.0 ], [ 110.947860131498203, -6.918634231770549, 0.0 ], [ 110.948078982567594, -6.918423339381348, 0.0 ], [ 110.948140603587305, -6.91865008447266, 0.0 ], [ 110.948008015392006, -6.919207338820216, 0.0 ], [ 110.948163783548907, -6.919240064287694, 0.0 ], [ 110.948112935473503, -6.919498140649001, 0.0 ], [ 110.948071725667404, -6.919563662641354, 0.0 ], [ 110.9479429087515, -6.919554982176013, 0.0 ], [ 110.947909351252605, -6.919812311340204, 0.0 ], [ 110.947638493038198, -6.919791781396209, 0.0 ], [ 110.947631899214301, -6.919986377835674, 0.0 ], [ 110.947703464961904, -6.920135054600241, 0.0 ], [ 110.947926259689496, -6.920135054057727, 0.0 ], [ 110.948039547784205, -6.920231625623365, 0.0 ], [ 110.947925910627703, -6.920505291019909, 0.0 ], [ 110.947894925864603, -6.920594440611659, 0.0 ], [ 110.947563719183506, -6.920527744568303, 0.0 ], [ 110.947583827190897, -6.920780274129983, 0.0 ], [ 110.947571499713206, -6.920946337798425, 0.0 ], [ 110.947512623618707, -6.921098365564262, 0.0 ], [ 110.947743649421398, -6.921210460203117, 0.0 ], [ 110.947859174053093, -6.921249898246882, 0.0 ], [ 110.947828838738999, -6.92146106746116, 0.0 ], [ 110.947965695290407, -6.921479796256437, 0.0 ], [ 110.947923708193201, -6.921608798728753, 0.0 ], [ 110.947844058952498, -6.921738648387733, 0.0 ], [ 110.947792149816394, -6.921974971940614, 0.0 ], [ 110.947768095614805, -6.922218928673525, 0.0 ], [ 110.947792563589104, -6.922409815747417, 0.0 ], [ 110.947741017819098, -6.922395156851597, 0.0 ], [ 110.947634492113707, -6.922572815647352, 0.0 ], [ 110.9476040008024, -6.922891214725249, 0.0 ], [ 110.947666558070594, -6.923180176932253, 0.0 ], [ 110.947889966589102, -6.923138862955738, 0.0 ], [ 110.948105027475904, -6.923176063696315, 0.0 ], [ 110.948197090611004, -6.923309777447069, 0.0 ], [ 110.948320619887895, -6.923420406795419, 0.0 ], [ 110.9485623573418, -6.92346615497055, 0.0 ], [ 110.948807510944505, -6.92347070560518, 0.0 ], [ 110.949030673868705, -6.923547354778409, 0.0 ], [ 110.949320308415096, -6.923596264907747, 0.0 ], [ 110.9492824993293, -6.923773973792259, 0.0 ], [ 110.949230583174497, -6.923936584981681, 0.0 ], [ 110.949052997972004, -6.923982288479934, 0.0 ], [ 110.948953891448795, -6.924028990347043, 0.0 ], [ 110.948930316460704, -6.924136234949039, 0.0 ], [ 110.949035496307005, -6.924270674719472, 0.0 ], [ 110.9490704386739, -6.924486532694418, 0.0 ], [ 110.948939916112494, -6.92495793371869, 0.0 ], [ 110.949035777596094, -6.925135687858101, 0.0 ], [ 110.949130058422, -6.92517599500766, 0.0 ], [ 110.949263026608193, -6.925190566377958, 0.0 ], [ 110.949363223152901, -6.925485642880371, 0.0 ], [ 110.949417946334606, -6.925556785044414, 0.0 ], [ 110.9494169047762, -6.925711892997435, 0.0 ], [ 110.949636531645297, -6.9258468868064, 0.0 ], [ 110.949836297460195, -6.925918040268064, 0.0 ], [ 110.949825940172502, -6.926052339507382, 0.0 ], [ 110.949987979682305, -6.926154212020628, 0.0 ], [ 110.949945757177105, -6.926197201380219, 0.0 ], [ 110.949782322833002, -6.926201954577933, 0.0 ], [ 110.949703472741405, -6.926424468072661, 0.0 ], [ 110.949584236852203, -6.926553802867486, 0.0 ], [ 110.949579703490897, -6.9267220175683, 0.0 ], [ 110.949550022342194, -6.926793372980395, 0.0 ], [ 110.949331862485806, -6.926793373048776, 0.0 ], [ 110.949217555311094, -6.926734694891615, 0.0 ], [ 110.949134928171304, -6.926785038595087, 0.0 ], [ 110.948967700935, -6.926826550378713, 0.0 ], [ 110.948833800990599, -6.926793371888309, 0.0 ], [ 110.9486504565037, -6.926705055536337, 0.0 ], [ 110.948629699521106, -6.926478436929088, 0.0 ], [ 110.948484693797596, -6.92646948584719, 0.0 ], [ 110.948373432598302, -6.926855370595533, 0.0 ], [ 110.948467819447302, -6.927154819279908, 0.0 ], [ 110.948275997084394, -6.927194091836142, 0.0 ], [ 110.948078533521397, -6.927164665052072, 0.0 ], [ 110.947907923560905, -6.927154813803512, 0.0 ], [ 110.947820687025398, -6.927189195349431, 0.0 ], [ 110.947689616104498, -6.927223326875376, 0.0 ], [ 110.947476174290202, -6.927223323489994, 0.0 ], [ 110.947365942404801, -6.927154805382231, 0.0 ], [ 110.947457610008101, -6.926596129956261, 0.0 ], [ 110.947235934916904, -6.926652242627293, 0.0 ], [ 110.947228492401507, -6.92645371084211, 0.0 ], [ 110.947451941688897, -6.926444681267259, 0.0 ], [ 110.947546086729702, -6.92639468765214, 0.0 ], [ 110.9474427978558, -6.926203375627045, 0.0 ], [ 110.9473315567501, -6.926145849760384, 0.0 ], [ 110.947121679518204, -6.926193835478029, 0.0 ], [ 110.947026994321007, -6.926097362822334, 0.0 ], [ 110.946988056463297, -6.926038512374165, 0.0 ], [ 110.947128597507003, -6.925857454026197, 0.0 ], [ 110.947264972358298, -6.925774738418924, 0.0 ], [ 110.947290973336607, -6.925621137259148, 0.0 ], [ 110.947260502576796, -6.925468152797806, 0.0 ], [ 110.947066984156095, -6.925417965917201, 0.0 ], [ 110.946809124803096, -6.925361608989408, 0.0 ], [ 110.946645220734197, -6.925321782147611, 0.0 ], [ 110.946517289165698, -6.925229565325149, 0.0 ], [ 110.9464622236964, -6.925182826901231, 0.0 ], [ 110.946459721803805, -6.925534286662867, 0.0 ], [ 110.946063436228698, -6.92547368356105, 0.0 ], [ 110.946055837098299, -6.925685266866751, 0.0 ], [ 110.946137397321493, -6.925722302368058, 0.0 ], [ 110.945994260588094, -6.92572756739005, 0.0 ], [ 110.945714547773306, -6.925583308499749, 0.0 ], [ 110.945686387679501, -6.925457020674266, 0.0 ], [ 110.945618606060805, -6.925241165217282, 0.0 ], [ 110.945576241181598, -6.925129716571413, 0.0 ], [ 110.945374022706204, -6.924979322862188, 0.0 ], [ 110.945346371787096, -6.924547271790709, 0.0 ], [ 110.945435013927096, -6.924427186597559, 0.0 ], [ 110.945222352443295, -6.924041184127645, 0.0 ], [ 110.945127770883502, -6.923669533719459, 0.0 ], [ 110.944912895213307, -6.923785061835438, 0.0 ], [ 110.944793178229801, -6.923875632501384, 0.0 ], [ 110.944544176620994, -6.92380098684521, 0.0 ], [ 110.944484482083297, -6.923728011334908, 0.0 ], [ 110.944266455857502, -6.923663183593548, 0.0 ], [ 110.944179753409998, -6.923649171313965, 0.0 ], [ 110.944238117802996, -6.923482494803822, 0.0 ], [ 110.944245056866095, -6.923414121129413, 0.0 ], [ 110.944169997526501, -6.923218279155368, 0.0 ], [ 110.943960899992703, -6.923056712557591, 0.0 ], [ 110.943816485488895, -6.923003430584797, 0.0 ], [ 110.943593866444402, -6.923051403984809, 0.0 ], [ 110.943431241996095, -6.92305140056303, 0.0 ], [ 110.943231083789996, -6.92304608817007, 0.0 ], [ 110.943068061740306, -6.922987317040688, 0.0 ], [ 110.943042345052007, -6.922851099124692, 0.0 ], [ 110.943158479192604, -6.922688300425689, 0.0 ], [ 110.942960067359806, -6.922520104665575, 0.0 ], [ 110.942826570249196, -6.922266402930951, 0.0 ], [ 110.942463444164204, -6.922329953147702, 0.0 ], [ 110.942306460779307, -6.922266095905543, 0.0 ], [ 110.942139161126505, -6.92235912768342, 0.0 ], [ 110.942145642791601, -6.92254913331011, 0.0 ], [ 110.942129721880306, -6.922709176507129, 0.0 ], [ 110.942226914516198, -6.922828878330679, 0.0 ], [ 110.942285559605494, -6.922806953237123, 0.0 ], [ 110.942471486860796, -6.922932647013717, 0.0 ], [ 110.942832710463605, -6.923351866331873, 0.0 ], [ 110.943141153499795, -6.923737813217788, 0.0 ], [ 110.9431610829389, -6.9238977391676, 0.0 ], [ 110.943153841038693, -6.92399501272665, 0.0 ], [ 110.942424432483605, -6.924229628402243, 0.0 ], [ 110.942064609099006, -6.924386964254244, 0.0 ], [ 110.941688476934601, -6.924640225289482, 0.0 ], [ 110.941353121549199, -6.924755460175174, 0.0 ], [ 110.941319791715799, -6.92479630356607, 0.0 ], [ 110.941362868480795, -6.925054118847148, 0.0 ], [ 110.941242877548206, -6.925340030039355, 0.0 ], [ 110.941414704454601, -6.925394107876894, 0.0 ], [ 110.941537380781796, -6.925054634540856, 0.0 ], [ 110.941693113952596, -6.925092743345991, 0.0 ], [ 110.941583173041593, -6.925581928245878, 0.0 ], [ 110.941479482099993, -6.925757518533549, 0.0 ], [ 110.9414232320525, -6.925873076570157, 0.0 ], [ 110.941593722943196, -6.926033623725167, 0.0 ], [ 110.941487588023406, -6.926137796395935, 0.0 ], [ 110.941418217976505, -6.926418000101203, 0.0 ], [ 110.941381187753706, -6.926603729136447, 0.0 ], [ 110.941028659374496, -6.92668239850965, 0.0 ], [ 110.940553851698198, -6.926691554289908, 0.0 ], [ 110.940266033328797, -6.926659378277555, 0.0 ], [ 110.940126878464596, -6.926613023726957, 0.0 ], [ 110.940053159245906, -6.926537874910766, 0.0 ], [ 110.940115933614507, -6.926466301599512, 0.0 ], [ 110.939806954283199, -6.926269904005887, 0.0 ], [ 110.939628934200897, -6.926229626207902, 0.0 ], [ 110.939490138874007, -6.926194102858184, 0.0 ], [ 110.939432683993502, -6.926354363865224, 0.0 ], [ 110.938903878047896, -6.92629986738386, 0.0 ], [ 110.938723483861096, -6.926289888538606, 0.0 ], [ 110.938794317482504, -6.926229605882514, 0.0 ], [ 110.938934426929904, -6.926153170190418, 0.0 ], [ 110.938878154237202, -6.926038821506739, 0.0 ], [ 110.939115684070998, -6.925905551463081, 0.0 ], [ 110.939136866905798, -6.925729551316506, 0.0 ], [ 110.939017903195506, -6.925541364904453, 0.0 ], [ 110.938770187182698, -6.925552963042617, 0.0 ], [ 110.938635838414399, -6.925599117829335, 0.0 ], [ 110.938469069114007, -6.925552953451962, 0.0 ], [ 110.938284512614899, -6.925552946962501, 0.0 ], [ 110.938229421016899, -6.92546526088078, 0.0 ], [ 110.938213805979998, -6.925388044158842, 0.0 ], [ 110.938520860480807, -6.925192975158955, 0.0 ], [ 110.938716176222897, -6.924971064407023, 0.0 ], [ 110.938680054648898, -6.924786727665444, 0.0 ], [ 110.939169135331298, -6.924485227379858, 0.0 ], [ 110.9390717990631, -6.924293093360876, 0.0 ], [ 110.938894071879901, -6.923945724348734, 0.0 ], [ 110.938721809513794, -6.924066050717109, 0.0 ], [ 110.938651511488203, -6.924199324987694, 0.0 ], [ 110.938436882288499, -6.924167660380609, 0.0 ], [ 110.938346967613697, -6.92448024518045, 0.0 ], [ 110.938038575919194, -6.924385035996072, 0.0 ], [ 110.937965597663904, -6.92462194670692, 0.0 ], [ 110.937790846295002, -6.924721943214042, 0.0 ], [ 110.937438900639506, -6.92462193167836, 0.0 ], [ 110.937347974682496, -6.924529567036174, 0.0 ], [ 110.937344608178805, -6.924736041159125, 0.0 ], [ 110.937302666425197, -6.924792056314219, 0.0 ], [ 110.937071451527601, -6.924851970213618, 0.0 ], [ 110.936815184289301, -6.924833607291834, 0.0 ], [ 110.936679977894897, -6.924645910920385, 0.0 ], [ 110.936637743428193, -6.924400149365394, 0.0 ], [ 110.936616823850102, -6.924282689210031, 0.0 ], [ 110.936614523880607, -6.924162304627953, 0.0 ], [ 110.936729583191294, -6.924065979037812, 0.0 ], [ 110.936810036755702, -6.923900449474527, 0.0 ], [ 110.936866063494307, -6.923820157975761, 0.0 ], [ 110.936990185894501, -6.923867560168155, 0.0 ], [ 110.937129453635393, -6.923848660992784, 0.0 ], [ 110.937163039098806, -6.923665161734903, 0.0 ], [ 110.936876768370496, -6.923453690137078, 0.0 ], [ 110.936738936983602, -6.923354880840932, 0.0 ], [ 110.936636283508506, -6.923248663025326, 0.0 ], [ 110.936500729462793, -6.923248660257784, 0.0 ], [ 110.936378221250706, -6.92330736079083, 0.0 ], [ 110.936281686710799, -6.923401924967806, 0.0 ], [ 110.936183573262596, -6.923709255438702, 0.0 ], [ 110.936212810002601, -6.923993137514273, 0.0 ], [ 110.936163075446004, -6.924020583950746, 0.0 ], [ 110.9360259461168, -6.923942378334687, 0.0 ], [ 110.935934302625199, -6.923704367281861, 0.0 ], [ 110.935924612092194, -6.923545444941772, 0.0 ], [ 110.935849513649202, -6.923499773442135, 0.0 ], [ 110.935720446066099, -6.923396703679345, 0.0 ], [ 110.935790049064593, -6.923254007803292, 0.0 ], [ 110.935802666231297, -6.922904157989617, 0.0 ], [ 110.935788096185505, -6.92276425704009, 0.0 ], [ 110.935866558291096, -6.922764259285791, 0.0 ], [ 110.9358839192993, -6.923034725828438, 0.0 ], [ 110.936109397454004, -6.923090463032526, 0.0 ], [ 110.936116565376906, -6.922984041149276, 0.0 ], [ 110.936000255541501, -6.922740572335527, 0.0 ], [ 110.935847462738494, -6.922626539442083, 0.0 ], [ 110.935607442306605, -6.92271676160315, 0.0 ], [ 110.935307733712506, -6.922781938420609, 0.0 ], [ 110.9352775544357, -6.922728663709945, 0.0 ], [ 110.935270944475903, -6.922620449771879, 0.0 ], [ 110.935225711971796, -6.922596093451192, 0.0 ], [ 110.935164532180195, -6.92273460593687, 0.0 ], [ 110.935075616845694, -6.922863721409985, 0.0 ], [ 110.934876566198199, -6.923040291739428, 0.0 ], [ 110.934799661796504, -6.923107017949086, 0.0 ], [ 110.934769446432497, -6.923221688986604, 0.0 ], [ 110.934881775694095, -6.923302005431103, 0.0 ], [ 110.935037769720097, -6.923365327594366, 0.0 ], [ 110.935107932417694, -6.9233914712586, 0.0 ], [ 110.935074175263395, -6.923474186381607, 0.0 ], [ 110.935077029349301, -6.923550464204947, 0.0 ], [ 110.935022475638505, -6.923650306366627, 0.0 ], [ 110.934960692430295, -6.923670023017988, 0.0 ], [ 110.934922494133701, -6.923625537479418, 0.0 ], [ 110.934872082719707, -6.923684754925485, 0.0 ], [ 110.934792336509204, -6.923694549749675, 0.0 ], [ 110.934685228263106, -6.923694545325354, 0.0 ], [ 110.934609359793797, -6.923694542119892, 0.0 ], [ 110.934563695778195, -6.923585627678544, 0.0 ], [ 110.934535710239402, -6.92347928725431, 0.0 ], [ 110.934385626353901, -6.923484398102789, 0.0 ] ] ] ] } },
{ "type": "Feature", "properties": { "Name": "PANTIREJO", "VILLAGES": "Pantirejo", "CC_4": "3318110014", "SUB_DIST": "Gabus", "DISTRICT": "Pati", "GID_4": "IDN.10.21.4.13_1", "AREA_HA": 148 }, "geometry": { "type": "MultiPolygon", "coordinates": [ [ [ [ 111.013493723124, -6.807419447387597, 0.0 ], [ 111.013404027764096, -6.807386797893644, 0.0 ], [ 111.013494848985005, -6.807178267346631, 0.0 ], [ 111.013546799598203, -6.806801359471136, 0.0 ], [ 111.013574375438395, -6.80664840698793, 0.0 ], [ 111.013632168459694, -6.806420670837876, 0.0 ], [ 111.0143039142676, -6.806533469863741, 0.0 ], [ 111.014505246875203, -6.806449127714928, 0.0 ], [ 111.0148007903923, -6.806460369415092, 0.0 ], [ 111.015187931518696, -6.806598311543083, 0.0 ], [ 111.015717407790206, -6.806719809793707, 0.0 ], [ 111.016224038201997, -6.806834851338947, 0.0 ], [ 111.0165472707763, -6.80681306328241, 0.0 ], [ 111.016924029038407, -6.806877733319051, 0.0 ], [ 111.017235912084303, -6.8068693397103, 0.0 ], [ 111.017400736787195, -6.806810034799499, 0.0 ], [ 111.017980380022095, -6.80677883421919, 0.0 ], [ 111.018090161743402, -6.806652765687624, 0.0 ], [ 111.018569385229199, -6.806621761151555, 0.0 ], [ 111.018852997964203, -6.806643985833629, 0.0 ], [ 111.019555594090605, -6.806647157335734, 0.0 ], [ 111.0200462274003, -6.806664414317487, 0.0 ], [ 111.020292173016699, -6.80678276634175, 0.0 ], [ 111.020651208054204, -6.806756619285759, 0.0 ], [ 111.020711612980804, -6.806518620727859, 0.0 ], [ 111.020740673336505, -6.806395476020102, 0.0 ], [ 111.020747623318897, -6.806160603460834, 0.0 ], [ 111.0208103737165, -6.805965736672048, 0.0 ], [ 111.021114176650002, -6.806001300725348, 0.0 ], [ 111.021135608580195, -6.805888104397273, 0.0 ], [ 111.021444231712593, -6.805921696127096, 0.0 ], [ 111.021587684391804, -6.805924126041756, 0.0 ], [ 111.021807125120901, -6.805927772547721, 0.0 ], [ 111.022256595627695, -6.806018144132051, 0.0 ], [ 111.022649432175697, -6.806093842126906, 0.0 ], [ 111.022847970261395, -6.806200818173187, 0.0 ], [ 111.023216509282705, -6.806294260148855, 0.0 ], [ 111.023427702032194, -6.806248059432688, 0.0 ], [ 111.023705541378106, -6.806282707696411, 0.0 ], [ 111.023991953190901, -6.806307365827118, 0.0 ], [ 111.0243372360504, -6.806303549447745, 0.0 ], [ 111.024307194513895, -6.807083606187181, 0.0 ], [ 111.024294117652005, -6.807367070378253, 0.0 ], [ 111.024232786859002, -6.807960576140102, 0.0 ], [ 111.024181599730795, -6.808441908703214, 0.0 ], [ 111.0242611686717, -6.808748303886623, 0.0 ], [ 111.024207100262998, -6.808965380143642, 0.0 ], [ 111.024148013925796, -6.809113822355842, 0.0 ], [ 111.024120627276801, -6.809174552812177, 0.0 ], [ 111.024111332018805, -6.809396888774675, 0.0 ], [ 111.024082550537202, -6.80959299663355, 0.0 ], [ 111.024064096788905, -6.809696571030072, 0.0 ], [ 111.0240804984888, -6.809834087952232, 0.0 ], [ 111.024025603683498, -6.809923444254583, 0.0 ], [ 111.023861273870807, -6.809920359972351, 0.0 ], [ 111.023807626342403, -6.810126258554877, 0.0 ], [ 111.023683627187694, -6.810455703412377, 0.0 ], [ 111.023576323285397, -6.810730366055068, 0.0 ], [ 111.023561438323796, -6.810715429787932, 0.0 ], [ 111.023553410835405, -6.810631247262828, 0.0 ], [ 111.0233681488874, -6.810591213808672, 0.0 ], [ 111.0233836909388, -6.810413889694278, 0.0 ], [ 111.023468643254304, -6.810449669009464, 0.0 ], [ 111.023597464334898, -6.810442409759269, 0.0 ], [ 111.023595054767497, -6.810355286535768, 0.0 ], [ 111.023446449827702, -6.810337652677187, 0.0 ], [ 111.023504261846696, -6.810063198941293, 0.0 ], [ 111.023192014028396, -6.809981193541031, 0.0 ], [ 111.022976868154103, -6.809969618503521, 0.0 ], [ 111.022790295725898, -6.809910195024446, 0.0 ], [ 111.022642605311106, -6.809881384358489, 0.0 ], [ 111.022541731739295, -6.809847079720265, 0.0 ], [ 111.022605120630303, -6.809374731865248, 0.0 ], [ 111.022609688690807, -6.8090675318286, 0.0 ], [ 111.022598663576403, -6.809003288771314, 0.0 ], [ 111.022318544787396, -6.808979004389712, 0.0 ], [ 111.022136628909095, -6.808947883835068, 0.0 ], [ 111.021979416559503, -6.808944455511062, 0.0 ], [ 111.021657397621595, -6.808913020374352, 0.0 ], [ 111.021652235188, -6.808718119944302, 0.0 ], [ 111.021489539151005, -6.808694389796229, 0.0 ], [ 111.021428169990401, -6.808703555520976, 0.0 ], [ 111.021410373105098, -6.8090077186893, 0.0 ], [ 111.021178564416005, -6.808984525558829, 0.0 ], [ 111.021023603804295, -6.809024303957278, 0.0 ], [ 111.020705342076099, -6.809032851969845, 0.0 ], [ 111.020539419380697, -6.809023787908354, 0.0 ], [ 111.020298393755397, -6.809036997987667, 0.0 ], [ 111.020209782387994, -6.809035896912039, 0.0 ], [ 111.020248917031793, -6.809290683349953, 0.0 ], [ 111.020296651305401, -6.80956671784759, 0.0 ], [ 111.020303269266407, -6.809778125062332, 0.0 ], [ 111.020337683993702, -6.809868286806099, 0.0 ], [ 111.020696904231897, -6.809823559803625, 0.0 ], [ 111.020911775236399, -6.80983273649423, 0.0 ], [ 111.020915778156905, -6.810186554907202, 0.0 ], [ 111.021144987518497, -6.810195828010522, 0.0 ], [ 111.021093915652898, -6.810541364003162, 0.0 ], [ 111.021425482797198, -6.810555325860803, 0.0 ], [ 111.021522071552695, -6.810572543508254, 0.0 ], [ 111.021611170211898, -6.810689758785617, 0.0 ], [ 111.021862950168597, -6.810662134958528, 0.0 ], [ 111.021863881285796, -6.810790741472018, 0.0 ], [ 111.021795108105906, -6.810791511501095, 0.0 ], [ 111.021783343494306, -6.810970274977415, 0.0 ], [ 111.0218127250631, -6.810981386529495, 0.0 ], [ 111.0218041824061, -6.811063031720566, 0.0 ], [ 111.021778189365193, -6.811113172342651, 0.0 ], [ 111.0215687907844, -6.811096727559161, 0.0 ], [ 111.021538236107205, -6.811345606290756, 0.0 ], [ 111.021381475401, -6.811336775599781, 0.0 ], [ 111.021336255392796, -6.811758491822584, 0.0 ], [ 111.021437652252004, -6.811778785011996, 0.0 ], [ 111.021415022405293, -6.812022576229401, 0.0 ], [ 111.021477665777994, -6.812053493803486, 0.0 ], [ 111.021443689524006, -6.812301993291686, 0.0 ], [ 111.021462131360096, -6.81233346695586, 0.0 ], [ 111.021778232698907, -6.812373805729692, 0.0 ], [ 111.0217358668733, -6.812610554497235, 0.0 ], [ 111.0217788430773, -6.812700606000333, 0.0 ], [ 111.022039738359396, -6.812712642469044, 0.0 ], [ 111.0223747726303, -6.812696971913995, 0.0 ], [ 111.022719171709795, -6.812783807896828, 0.0 ], [ 111.022948099665697, -6.812847635638224, 0.0 ], [ 111.023197176177504, -6.812916504528552, 0.0 ], [ 111.023216778190204, -6.812922798492126, 0.0 ], [ 111.023153897557606, -6.813029272401737, 0.0 ], [ 111.022887990639205, -6.81294645995374, 0.0 ], [ 111.022467805804894, -6.812843715499565, 0.0 ], [ 111.021982891186198, -6.812812674040639, 0.0 ], [ 111.021796130710399, -6.812814717852502, 0.0 ], [ 111.021404147779805, -6.812806217681477, 0.0 ], [ 111.020966326115797, -6.812794259509218, 0.0 ], [ 111.020753237147701, -6.812751879269149, 0.0 ], [ 111.020449578073894, -6.812606056141692, 0.0 ], [ 111.020279403277002, -6.812565947498946, 0.0 ], [ 111.020081733618596, -6.812601767109882, 0.0 ], [ 111.019454343564007, -6.812493742811695, 0.0 ], [ 111.018903446475505, -6.812639244191637, 0.0 ], [ 111.018693522713903, -6.813715252064641, 0.0 ], [ 111.018521880506995, -6.813680819340393, 0.0 ], [ 111.0184874275689, -6.814213841290225, 0.0 ], [ 111.018494357158005, -6.814288699250716, 0.0 ], [ 111.018456465952099, -6.815260742228724, 0.0 ], [ 111.0184891727679, -6.815323659291604, 0.0 ], [ 111.018778742527203, -6.815457533898638, 0.0 ], [ 111.018653173594899, -6.816564501176758, 0.0 ], [ 111.018486451189901, -6.817695864931689, 0.0 ], [ 111.018486875664493, -6.817946060573279, 0.0 ], [ 111.018548742002494, -6.81802388968744, 0.0 ], [ 111.018585403258598, -6.818164025413276, 0.0 ], [ 111.018668650435401, -6.818261655943765, 0.0 ], [ 111.018951046341598, -6.818333340809883, 0.0 ], [ 111.019194423239099, -6.818360414493367, 0.0 ], [ 111.019960003805906, -6.818449561711089, 0.0 ], [ 111.020359802263599, -6.81851428681669, 0.0 ], [ 111.020364874303993, -6.818578610742474, 0.0 ], [ 111.020300943830193, -6.818716078177085, 0.0 ], [ 111.020329158431693, -6.818833790733285, 0.0 ], [ 111.020322793756804, -6.8188814853497, 0.0 ], [ 111.019869754118204, -6.819840686188879, 0.0 ], [ 111.019534119738296, -6.820581952119811, 0.0 ], [ 111.019207931583196, -6.821292029103257, 0.0 ], [ 111.018993903905894, -6.82131705065198, 0.0 ], [ 111.018885036435606, -6.82132635053341, 0.0 ], [ 111.018270081851398, -6.821191721323004, 0.0 ], [ 111.017923591444401, -6.8211057546195, 0.0 ], [ 111.017596807413298, -6.821008667634433, 0.0 ], [ 111.017361860462501, -6.820926127741732, 0.0 ], [ 111.017276201680403, -6.820903612046171, 0.0 ], [ 111.016751916725696, -6.820638690433535, 0.0 ], [ 111.016552472904806, -6.820529834094764, 0.0 ], [ 111.016297815533207, -6.820383945946035, 0.0 ], [ 111.016085976327901, -6.82027064125392, 0.0 ], [ 111.016201721634204, -6.819393548616266, 0.0 ], [ 111.016289612953798, -6.818429233264977, 0.0 ], [ 111.016331874729204, -6.817887169732292, 0.0 ], [ 111.016351800741802, -6.817723247554676, 0.0 ], [ 111.016109777852407, -6.817582823754009, 0.0 ], [ 111.015840734735605, -6.817428739068663, 0.0 ], [ 111.015332171339097, -6.817340076977971, 0.0 ], [ 111.014875127890804, -6.817258539274423, 0.0 ], [ 111.014515874567905, -6.817314832589756, 0.0 ], [ 111.014345220935098, -6.81734031238624, 0.0 ], [ 111.014294707944998, -6.817220337494325, 0.0 ], [ 111.013918899957602, -6.817029629049037, 0.0 ], [ 111.013863461241499, -6.816989923684728, 0.0 ], [ 111.013498806075006, -6.816650768089039, 0.0 ], [ 111.013183465995397, -6.816366369211903, 0.0 ], [ 111.012890999138804, -6.816373958263164, 0.0 ], [ 111.012622802167797, -6.816380067386372, 0.0 ], [ 111.012087653818696, -6.816483508679361, 0.0 ], [ 111.012062515957496, -6.816487261910561, 0.0 ], [ 111.011781208586598, -6.816444643140497, 0.0 ], [ 111.011436320919799, -6.816378217396493, 0.0 ], [ 111.011252994371304, -6.816340251773555, 0.0 ], [ 111.011239632655304, -6.816342246789963, 0.0 ], [ 111.010869269609202, -6.816296757158363, 0.0 ], [ 111.010496191854998, -6.816266394774618, 0.0 ], [ 111.010150078643804, -6.816226497109741, 0.0 ], [ 111.010120309619396, -6.815327847325478, 0.0 ], [ 111.010120234767001, -6.815116488322092, 0.0 ], [ 111.010144040631104, -6.814683054298877, 0.0 ], [ 111.010162539171205, -6.814057962952471, 0.0 ], [ 111.010263345132003, -6.813445946342857, 0.0 ], [ 111.010377631583296, -6.812849475994288, 0.0 ], [ 111.010476231531896, -6.812243068905552, 0.0 ], [ 111.010460987819897, -6.812123018368628, 0.0 ], [ 111.010436081794495, -6.811631091477579, 0.0 ], [ 111.0104161348509, -6.811186819102011, 0.0 ], [ 111.010209148094006, -6.811104795766807, 0.0 ], [ 111.010229367900493, -6.81076887561469, 0.0 ], [ 111.010324614442396, -6.810428739587829, 0.0 ], [ 111.010116990971795, -6.809890256698259, 0.0 ], [ 111.010113468220595, -6.809621168071801, 0.0 ], [ 111.010001646973606, -6.809295123667906, 0.0 ], [ 111.009856926141197, -6.809198579222004, 0.0 ], [ 111.009835677117096, -6.808996404680041, 0.0 ], [ 111.009968309893296, -6.808338802806235, 0.0 ], [ 111.0101697334985, -6.808010809781264, 0.0 ], [ 111.010228979329796, -6.807648222321895, 0.0 ], [ 111.010299687336996, -6.807364834855792, 0.0 ], [ 111.010372396080896, -6.806887313138148, 0.0 ], [ 111.010523308038998, -6.806311180759397, 0.0 ], [ 111.010613984781997, -6.805981465506868, 0.0 ], [ 111.010939781363803, -6.806258073769036, 0.0 ], [ 111.011640029834197, -6.806856977641114, 0.0 ], [ 111.012047380143898, -6.80720310366805, 0.0 ], [ 111.012351635647804, -6.807473585443078, 0.0 ], [ 111.012666380494395, -6.807658565738418, 0.0 ], [ 111.012900501216393, -6.807794373740076, 0.0 ], [ 111.013181026077405, -6.807903855974179, 0.0 ], [ 111.013293348716601, -6.807608640889013, 0.0 ], [ 111.013580374905203, -6.807748120518881, 0.0 ], [ 111.013917779563897, -6.807876151553351, 0.0 ], [ 111.014432704476107, -6.808099092458705, 0.0 ], [ 111.014864559932406, -6.808274572134493, 0.0 ], [ 111.015330642248202, -6.808456844734239, 0.0 ], [ 111.015347460736294, -6.808413641322018, 0.0 ], [ 111.015626829758006, -6.808514159494419, 0.0 ], [ 111.015865390483697, -6.808606573835525, 0.0 ], [ 111.016054458881399, -6.808687570913438, 0.0 ], [ 111.016330226266007, -6.808765177062711, 0.0 ], [ 111.016483143548101, -6.808846409348326, 0.0 ], [ 111.016589944661007, -6.808939922357395, 0.0 ], [ 111.016707685892996, -6.809034060391837, 0.0 ], [ 111.016793864169102, -6.809134594104234, 0.0 ], [ 111.016847790744393, -6.809181358966358, 0.0 ], [ 111.016875901602404, -6.809294818317045, 0.0 ], [ 111.016987898081993, -6.80944916634698, 0.0 ], [ 111.0170476941381, -6.809525121191277, 0.0 ], [ 111.017101375312606, -6.809599250740334, 0.0 ], [ 111.017155106946404, -6.809747810935232, 0.0 ], [ 111.017212455301703, -6.809922980002337, 0.0 ], [ 111.017317747118, -6.81004735296545, 0.0 ], [ 111.017474601970704, -6.810193129772854, 0.0 ], [ 111.017664381340197, -6.810301148189632, 0.0 ], [ 111.017888350634095, -6.81040693986255, 0.0 ], [ 111.018088854041395, -6.810496243045868, 0.0 ], [ 111.018270239820097, -6.810559797533766, 0.0 ], [ 111.018461028841401, -6.810632167317647, 0.0 ], [ 111.018574954361199, -6.81066458141841, 0.0 ], [ 111.018689781712098, -6.810687168098249, 0.0 ], [ 111.018822966828296, -6.810699917331234, 0.0 ], [ 111.018924473531399, -6.810678266286975, 0.0 ], [ 111.019089958558794, -6.810625220045758, 0.0 ], [ 111.019175731068302, -6.810605827224419, 0.0 ], [ 111.019160206032794, -6.810514113873674, 0.0 ], [ 111.019233248984406, -6.810393719314638, 0.0 ], [ 111.019283468252596, -6.810311407662042, 0.0 ], [ 111.019383546409699, -6.810191619769415, 0.0 ], [ 111.019497711400703, -6.810110173626259, 0.0 ], [ 111.019650820393807, -6.810037332453999, 0.0 ], [ 111.019734837549606, -6.81009553748377, 0.0 ], [ 111.0198062245843, -6.810131046297014, 0.0 ], [ 111.019896306497998, -6.810112502999747, 0.0 ], [ 111.0199671896805, -6.810179771477161, 0.0 ], [ 111.020053849163403, -6.810329997590184, 0.0 ], [ 111.020120522017905, -6.810507068721843, 0.0 ], [ 111.020107691898602, -6.810588497985293, 0.0 ], [ 111.020145810511806, -6.810910038952386, 0.0 ], [ 111.0201662853529, -6.81101181527522, 0.0 ], [ 111.020243016019805, -6.811121767910358, 0.0 ], [ 111.020305893755605, -6.811215185639988, 0.0 ], [ 111.020415318887601, -6.81129549948735, 0.0 ], [ 111.020524442162497, -6.811372029418759, 0.0 ], [ 111.020644857753794, -6.811435393239893, 0.0 ], [ 111.020760782382695, -6.811510633291777, 0.0 ], [ 111.020726552546606, -6.8115496082383, 0.0 ], [ 111.020697845609106, -6.811631191349, 0.0 ], [ 111.020706533599906, -6.811734237332696, 0.0 ], [ 111.020910853784898, -6.811753625459105, 0.0 ], [ 111.020841817442303, -6.811844785306097, 0.0 ], [ 111.020755590093501, -6.811929147542233, 0.0 ], [ 111.020671183066298, -6.812008986035341, 0.0 ], [ 111.020622520733696, -6.812056245496143, 0.0 ], [ 111.020546131033001, -6.812172858319827, 0.0 ], [ 111.020512986638494, -6.812308775948602, 0.0 ], [ 111.020522626106896, -6.812443809282806, 0.0 ], [ 111.020542566257404, -6.812508236558542, 0.0 ], [ 111.020616387146404, -6.812627493712297, 0.0 ], [ 111.020706404473898, -6.812708971627253, 0.0 ], [ 111.020752851967799, -6.812720611420075, 0.0 ], [ 111.020883535980005, -6.812746957633122, 0.0 ], [ 111.021091061135493, -6.812783250141314, 0.0 ], [ 111.021338781756597, -6.812787961447091, 0.0 ], [ 111.021535933461195, -6.812793107892531, 0.0 ], [ 111.021719623571201, -6.812795550934444, 0.0 ], [ 111.021725360007395, -6.812710566074983, 0.0 ], [ 111.021438982244504, -6.812693388850682, 0.0 ], [ 111.021290146528997, -6.812688511501709, 0.0 ], [ 111.021004191741497, -6.812676130807436, 0.0 ], [ 111.020817175790697, -6.812661959931062, 0.0 ], [ 111.0207573464006, -6.812644826639088, 0.0 ], [ 111.020694657357495, -6.812581753537625, 0.0 ], [ 111.020620891675094, -6.812441711705161, 0.0 ], [ 111.020580795560406, -6.812328636740985, 0.0 ], [ 111.020607942529693, -6.812200207802289, 0.0 ], [ 111.020658280005705, -6.812137602711845, 0.0 ], [ 111.020737178628096, -6.812071276426424, 0.0 ], [ 111.0207345457559, -6.812046276845372, 0.0 ], [ 111.0207345457559, -6.812046276845372, 0.0 ], [ 111.020808686766998, -6.812039841068108, 0.0 ], [ 111.020846997395594, -6.811992098571883, 0.0 ], [ 111.020917051081994, -6.811897937536526, 0.0 ], [ 111.020966445979596, -6.811816644307573, 0.0 ], [ 111.021018536588599, -6.811725131127948, 0.0 ], [ 111.021042822042205, -6.811658944126698, 0.0 ], [ 111.021010356382703, -6.811512070175817, 0.0 ], [ 111.020941047088101, -6.811391389620994, 0.0 ], [ 111.020847244859596, -6.81129248628835, 0.0 ], [ 111.020694164388004, -6.811284896067834, 0.0 ], [ 111.020584386836902, -6.811213528783461, 0.0 ], [ 111.0204775825528, -6.811127486297338, 0.0 ], [ 111.0204074982897, -6.811036725293087, 0.0 ], [ 111.020364037128402, -6.81091746011924, 0.0 ], [ 111.020312014401796, -6.810733315549053, 0.0 ], [ 111.020307662232696, -6.810606988197278, 0.0 ], [ 111.020289320646896, -6.810458715633709, 0.0 ], [ 111.020223648915803, -6.810306170413001, 0.0 ], [ 111.020175981338596, -6.810168780228854, 0.0 ], [ 111.020098336014996, -6.810081309364398, 0.0 ], [ 111.019979444101196, -6.809945108908977, 0.0 ], [ 111.0199386178232, -6.809885362650781, 0.0 ], [ 111.019863461020904, -6.809812065012935, 0.0 ], [ 111.019776135123195, -6.809796366069925, 0.0 ], [ 111.019578643310098, -6.80972848580288, 0.0 ], [ 111.019445167082296, -6.809733483077088, 0.0 ], [ 111.019383162671005, -6.809876593337497, 0.0 ], [ 111.019246774996404, -6.809955614266782, 0.0 ], [ 111.019184129241793, -6.810035895970021, 0.0 ], [ 111.0191233313775, -6.810146702093338, 0.0 ], [ 111.019104335229002, -6.810220048972379, 0.0 ], [ 111.018998564847394, -6.810312567769648, 0.0 ], [ 111.018949131100001, -6.810378158944768, 0.0 ], [ 111.0188838387581, -6.810410912560059, 0.0 ], [ 111.018810035467993, -6.810419850973888, 0.0 ], [ 111.018701860457696, -6.810393981684355, 0.0 ], [ 111.018619522416103, -6.81036783456275, 0.0 ], [ 111.018465156428505, -6.810343079049163, 0.0 ], [ 111.018353390967107, -6.81025449369431, 0.0 ], [ 111.018241924028899, -6.810213322344145, 0.0 ], [ 111.018019282017605, -6.810165812446714, 0.0 ], [ 111.017828220844706, -6.810111032985609, 0.0 ], [ 111.017712272273002, -6.810078441427613, 0.0 ], [ 111.017589451703401, -6.810019998593648, 0.0 ], [ 111.017468516349993, -6.809934520428571, 0.0 ], [ 111.017337226965793, -6.809773269946601, 0.0 ], [ 111.017248184409993, -6.809584917636702, 0.0 ], [ 111.017174272676201, -6.809409719564131, 0.0 ], [ 111.017093224148297, -6.809248534867218, 0.0 ], [ 111.016993820766501, -6.809111867852203, 0.0 ], [ 111.016925770787907, -6.809003098993301, 0.0 ], [ 111.016741521389093, -6.808829438463337, 0.0 ], [ 111.016651164032794, -6.808717847218108, 0.0 ], [ 111.016364459441405, -6.808569475639962, 0.0 ], [ 111.016157657032906, -6.80850123061049, 0.0 ], [ 111.015927482149394, -6.808407266429237, 0.0 ], [ 111.015665414913798, -6.808323974463683, 0.0 ], [ 111.015479100419995, -6.808239525294494, 0.0 ], [ 111.014959243865505, -6.807970209145529, 0.0 ], [ 111.014607274950706, -6.807851116515609, 0.0 ], [ 111.014291903643496, -6.807720799923175, 0.0 ], [ 111.0140403455392, -6.807610963259208, 0.0 ], [ 111.013837684490994, -6.807547836514964, 0.0 ], [ 111.013635966847602, -6.80747203368358, 0.0 ], [ 111.013493723124, -6.807419447387597, 0.0 ] ] ] ] } },
{ "type": "Feature", "properties": { "Name": "PASURUHAN", "VILLAGES": "Pasuruhan", "CC_4": "3318020012", "SUB_DIST": "Kayen", "DISTRICT": "Pati", "GID_4": "IDN.10.21.10.8_1", "AREA_HA": 549 }, "geometry": { "type": "MultiPolygon", "coordinates": [ [ [ [ 110.973613843434507, -6.876128351916599, 0.0 ], [ 110.973716660531494, -6.876579306205716, 0.0 ], [ 110.973732239210904, -6.877180427739723, 0.0 ], [ 110.973827555351704, -6.87769449164054, 0.0 ], [ 110.973832745954894, -6.87802221170687, 0.0 ], [ 110.973869878593902, -6.878237765926772, 0.0 ], [ 110.973883851115204, -6.878457530646699, 0.0 ], [ 110.973913075133694, -6.878707348339007, 0.0 ], [ 110.974045131822905, -6.879051257348685, 0.0 ], [ 110.974013485552504, -6.879328022005229, 0.0 ], [ 110.974066456974995, -6.879707494245664, 0.0 ], [ 110.974073439635404, -6.880091233408374, 0.0 ], [ 110.974112409946002, -6.880410745854055, 0.0 ], [ 110.973992980224395, -6.880817677393817, 0.0 ], [ 110.973858428012505, -6.881111520474243, 0.0 ], [ 110.973783908708697, -6.881444988951489, 0.0 ], [ 110.973582724991303, -6.881791588512475, 0.0 ], [ 110.973482065620303, -6.881996213285703, 0.0 ], [ 110.973254841011396, -6.882187980939269, 0.0 ], [ 110.973111413148104, -6.882400780027472, 0.0 ], [ 110.9723798795806, -6.882586789645386, 0.0 ], [ 110.972234615295093, -6.88266692838681, 0.0 ], [ 110.971963336900004, -6.8827396195743, 0.0 ], [ 110.971540924857393, -6.882769838107896, 0.0 ], [ 110.971562193577498, -6.882462901541393, 0.0 ], [ 110.971443717912294, -6.882378818072691, 0.0 ], [ 110.9711073667047, -6.882281045204892, 0.0 ], [ 110.970902017647305, -6.882063114147067, 0.0 ], [ 110.970794939703197, -6.881705263648101, 0.0 ], [ 110.970799094852296, -6.881464252684444, 0.0 ], [ 110.970567045346897, -6.881412539070561, 0.0 ], [ 110.970248286040501, -6.881405835286729, 0.0 ], [ 110.969639579011499, -6.881380625448974, 0.0 ], [ 110.969309061917301, -6.881368779780923, 0.0 ], [ 110.969112920108898, -6.881368548673061, 0.0 ], [ 110.968792407933606, -6.881366927329474, 0.0 ], [ 110.968290239662593, -6.881312574852612, 0.0 ], [ 110.968191998894696, -6.881311858941777, 0.0 ], [ 110.968055671285597, -6.88137842964847, 0.0 ], [ 110.968027071440801, -6.881530472834466, 0.0 ], [ 110.967892589627496, -6.88181415542631, 0.0 ], [ 110.967805948696196, -6.882068540955823, 0.0 ], [ 110.967780705218999, -6.882274683194465, 0.0 ], [ 110.967739612218395, -6.882504484694294, 0.0 ], [ 110.967645632060297, -6.882725178333388, 0.0 ], [ 110.9672033652392, -6.882650553739468, 0.0 ], [ 110.967134412720299, -6.883316951398387, 0.0 ], [ 110.967004662144504, -6.883278991198978, 0.0 ], [ 110.966623740819003, -6.883234707121383, 0.0 ], [ 110.965322101193905, -6.882814221975761, 0.0 ], [ 110.964833690573499, -6.882690120573317, 0.0 ], [ 110.963888133135796, -6.882342513301926, 0.0 ], [ 110.963227037742797, -6.88222412185445, 0.0 ], [ 110.962356456814504, -6.882203291709774, 0.0 ], [ 110.961903631169903, -6.882146209337629, 0.0 ], [ 110.961663117862301, -6.882133991430592, 0.0 ], [ 110.961251445169594, -6.882110250800454, 0.0 ], [ 110.960811261598707, -6.881993177370467, 0.0 ], [ 110.960573839384097, -6.881974947095267, 0.0 ], [ 110.960067595754296, -6.88201994533493, 0.0 ], [ 110.959713143355501, -6.882053368967944, 0.0 ], [ 110.959236422068102, -6.882051803621733, 0.0 ], [ 110.958727294137901, -6.88199783079453, 0.0 ], [ 110.958162782326696, -6.881861311650213, 0.0 ], [ 110.957942817972807, -6.881680123420312, 0.0 ], [ 110.957501415827394, -6.881201652347772, 0.0 ], [ 110.956986292048001, -6.880623949231805, 0.0 ], [ 110.956588914178795, -6.880079121688536, 0.0 ], [ 110.956250800383799, -6.879650733729894, 0.0 ], [ 110.955840337968695, -6.879192236945698, 0.0 ], [ 110.955623154990406, -6.878460574581553, 0.0 ], [ 110.955485195355493, -6.87809850336896, 0.0 ], [ 110.955351211539593, -6.877770215437502, 0.0 ], [ 110.955096292324299, -6.877669697981485, 0.0 ], [ 110.954137041240202, -6.877500720771261, 0.0 ], [ 110.953319004850499, -6.877300588422607, 0.0 ], [ 110.953569363250594, -6.877487829840055, 0.0 ], [ 110.953641831232105, -6.877515634260948, 0.0 ], [ 110.9538151448088, -6.877543536933364, 0.0 ], [ 110.954719268382206, -6.87768142752156, 0.0 ], [ 110.955157368378394, -6.877767219690609, 0.0 ], [ 110.9554796471717, -6.878351709239464, 0.0 ], [ 110.955664547805398, -6.87894848426142, 0.0 ], [ 110.955798287253501, -6.879289532182725, 0.0 ], [ 110.956364067832197, -6.879989145373066, 0.0 ], [ 110.956885330790001, -6.880647404388547, 0.0 ], [ 110.957244883239198, -6.881121293581063, 0.0 ], [ 110.957959521586105, -6.881876530686031, 0.0 ], [ 110.958454764884394, -6.882078254734642, 0.0 ], [ 110.958827023206993, -6.882115392532058, 0.0 ], [ 110.959191606190998, -6.882138825216706, 0.0 ], [ 110.959203766948804, -6.882138852437626, 0.0 ], [ 110.959601610080099, -6.882190617920939, 0.0 ], [ 110.960110363110104, -6.882192131250636, 0.0 ], [ 110.960698473564705, -6.882107470435946, 0.0 ], [ 110.961122793412301, -6.882245899740451, 0.0 ], [ 110.961134850451998, -6.882245969963948, 0.0 ], [ 110.961431964412796, -6.882297097635479, 0.0 ], [ 110.961799674952701, -6.882226008343695, 0.0 ], [ 110.962418424943195, -6.882305258650195, 0.0 ], [ 110.9634419582449, -6.882366180328466, 0.0 ], [ 110.963805827144697, -6.882478173235888, 0.0 ], [ 110.965265725308797, -6.882999416925755, 0.0 ], [ 110.967199714658605, -6.883516716604889, 0.0 ], [ 110.968365840169298, -6.883815252958366, 0.0 ], [ 110.968346351479596, -6.884002128845315, 0.0 ], [ 110.968091627621803, -6.884111405390583, 0.0 ], [ 110.967774149888498, -6.88411413488457, 0.0 ], [ 110.967480978936706, -6.88413581485142, 0.0 ], [ 110.967239283193294, -6.884198705811055, 0.0 ], [ 110.967205069012806, -6.884437449912062, 0.0 ], [ 110.967175202048793, -6.884580498539609, 0.0 ], [ 110.967159787184599, -6.884845807224123, 0.0 ], [ 110.967216177995695, -6.885075053414899, 0.0 ], [ 110.967267342636404, -6.885186245614692, 0.0 ], [ 110.967141304940498, -6.885288687093399, 0.0 ], [ 110.966942304748102, -6.885461026433134, 0.0 ], [ 110.966764674493703, -6.88570261178362, 0.0 ], [ 110.966609932658699, -6.885933888319895, 0.0 ], [ 110.966538329628804, -6.886018738127411, 0.0 ], [ 110.966495241899096, -6.886082750747363, 0.0 ], [ 110.966396316385996, -6.886160288354302, 0.0 ], [ 110.966017760253706, -6.886247868042479, 0.0 ], [ 110.965514476483193, -6.886317480746238, 0.0 ], [ 110.964792753567806, -6.886349902422909, 0.0 ], [ 110.964221398209204, -6.886459713797943, 0.0 ], [ 110.964022979498907, -6.886499844975325, 0.0 ], [ 110.963782299692099, -6.886558661651798, 0.0 ], [ 110.963238488267905, -6.886443526608142, 0.0 ], [ 110.963221931424101, -6.886124459232593, 0.0 ], [ 110.962750067679593, -6.885994277598886, 0.0 ], [ 110.962654417093802, -6.885716955408224, 0.0 ], [ 110.962262419376799, -6.885180704395984, 0.0 ], [ 110.962162263545395, -6.885090401106514, 0.0 ], [ 110.961911366653695, -6.884892783330899, 0.0 ], [ 110.961720342912997, -6.884673073061607, 0.0 ], [ 110.961467129749593, -6.884612146881418, 0.0 ], [ 110.961257611583207, -6.884427009788018, 0.0 ], [ 110.960929417889901, -6.884157772715223, 0.0 ], [ 110.960897537625002, -6.883988361389418, 0.0 ], [ 110.960878973398593, -6.883640458961777, 0.0 ], [ 110.960832092776798, -6.883005695910984, 0.0 ], [ 110.960554274656602, -6.882669919533612, 0.0 ], [ 110.9605725168703, -6.882541546934605, 0.0 ], [ 110.9605738718965, -6.88242887846621, 0.0 ], [ 110.960500014847099, -6.882428566514395, 0.0 ], [ 110.959758899400001, -6.882268684386504, 0.0 ], [ 110.959150474188206, -6.882212329996979, 0.0 ], [ 110.958356056953306, -6.88226916955688, 0.0 ], [ 110.957986322547995, -6.882256060534838, 0.0 ], [ 110.957425469483496, -6.882170355771054, 0.0 ], [ 110.957011961349806, -6.882077997393312, 0.0 ], [ 110.956795060759006, -6.88190377145165, 0.0 ], [ 110.956290132516003, -6.881394367913008, 0.0 ], [ 110.955951283135903, -6.881093056546728, 0.0 ], [ 110.955673051188498, -6.88078102931701, 0.0 ], [ 110.955512766270203, -6.880439596534995, 0.0 ], [ 110.955230116429505, -6.880093990298225, 0.0 ], [ 110.955001839322307, -6.879825614299366, 0.0 ], [ 110.954810365268401, -6.879545008976713, 0.0 ], [ 110.954714545738696, -6.879287081470175, 0.0 ], [ 110.954579507110594, -6.879047821416626, 0.0 ], [ 110.954521731895298, -6.878814982807516, 0.0 ], [ 110.954410242738803, -6.878449042928253, 0.0 ], [ 110.954216964147804, -6.878108022214755, 0.0 ], [ 110.9540254782208, -6.87797203887192, 0.0 ], [ 110.953774415988804, -6.877844084122685, 0.0 ], [ 110.953517636403802, -6.877478433197335, 0.0 ], [ 110.953149071420398, -6.877268004568839, 0.0 ], [ 110.952883394329703, -6.877107302059287, 0.0 ], [ 110.9526530674854, -6.876960595999362, 0.0 ], [ 110.952499093003794, -6.876827731243127, 0.0 ], [ 110.952374858510595, -6.876697939674082, 0.0 ], [ 110.952126029775997, -6.876247450019609, 0.0 ], [ 110.952065739874399, -6.875963508713758, 0.0 ], [ 110.951988599132704, -6.875446064617476, 0.0 ], [ 110.951929685802497, -6.874830948967149, 0.0 ], [ 110.951878220651906, -6.874209712029412, 0.0 ], [ 110.951862919412704, -6.873817475316391, 0.0 ], [ 110.951848585281198, -6.873420833955181, 0.0 ], [ 110.951815938372306, -6.87245080516838, 0.0 ], [ 110.951798639067903, -6.871681982365652, 0.0 ], [ 110.951825722317594, -6.871268210909145, 0.0 ], [ 110.9518874001607, -6.870565437574919, 0.0 ], [ 110.951916247811795, -6.869809679851238, 0.0 ], [ 110.951973876418293, -6.869237635128326, 0.0 ], [ 110.952057593121197, -6.867959262994824, 0.0 ], [ 110.952090830718603, -6.867627958251559, 0.0 ], [ 110.952141862274502, -6.866478216845395, 0.0 ], [ 110.952177847600893, -6.865920813177305, 0.0 ], [ 110.952171907534293, -6.86548527930441, 0.0 ], [ 110.952205559468595, -6.865029959599871, 0.0 ], [ 110.952211930510202, -6.864491517201804, 0.0 ], [ 110.952231984734297, -6.863692345687177, 0.0 ], [ 110.952444218945104, -6.863553398227923, 0.0 ], [ 110.952803722331097, -6.863329328107862, 0.0 ], [ 110.9531217229639, -6.862982379611353, 0.0 ], [ 110.953354009337303, -6.862476326860415, 0.0 ], [ 110.953816398482303, -6.861355167722926, 0.0 ], [ 110.954332133862096, -6.860144269715057, 0.0 ], [ 110.954446849544496, -6.859508217240015, 0.0 ], [ 110.9545167493891, -6.858814403863139, 0.0 ], [ 110.954583331510193, -6.858625687469813, 0.0 ], [ 110.954780489839095, -6.858403835833633, 0.0 ], [ 110.955547017029801, -6.858174366231252, 0.0 ], [ 110.957050538288797, -6.857832428782835, 0.0 ], [ 110.958293492703305, -6.857618319551293, 0.0 ], [ 110.959234626260894, -6.857460370131519, 0.0 ], [ 110.959158266620506, -6.857205819478907, 0.0 ], [ 110.958990808710297, -6.857213537751743, 0.0 ], [ 110.9584026915512, -6.857306178286603, 0.0 ], [ 110.956940256597505, -6.857480173529169, 0.0 ], [ 110.955067101832896, -6.857990835367131, 0.0 ], [ 110.954287364640194, -6.858338384363617, 0.0 ], [ 110.954137072102895, -6.858689594757394, 0.0 ], [ 110.954014553004299, -6.859509065265954, 0.0 ], [ 110.953682583843502, -6.860469922459142, 0.0 ], [ 110.953327212026494, -6.861447788333883, 0.0 ], [ 110.953051487352496, -6.86213598014879, 0.0 ], [ 110.9526692186747, -6.862922248049458, 0.0 ], [ 110.952332931397095, -6.863211773440516, 0.0 ], [ 110.952178703980096, -6.863150273137681, 0.0 ], [ 110.952189274924507, -6.862736279577364, 0.0 ], [ 110.952161927619599, -6.862134188771432, 0.0 ], [ 110.952114630116796, -6.861837078235363, 0.0 ], [ 110.9520184237075, -6.861301894436926, 0.0 ], [ 110.951890957474305, -6.860910354626713, 0.0 ], [ 110.951725329628502, -6.860611535433229, 0.0 ], [ 110.951651938152693, -6.86040450149568, 0.0 ], [ 110.951260320527496, -6.859577440613879, 0.0 ], [ 110.950973389150604, -6.85897013057934, 0.0 ], [ 110.950700377712906, -6.858322870221129, 0.0 ], [ 110.950506035839595, -6.857787058888811, 0.0 ], [ 110.950347970354798, -6.857234629168897, 0.0 ], [ 110.950304352253497, -6.856814704428794, 0.0 ], [ 110.950476430635604, -6.856621248917931, 0.0 ], [ 110.950569571480102, -6.856133489278271, 0.0 ], [ 110.950571932122401, -6.855915652414121, 0.0 ], [ 110.950568403559899, -6.855326323497613, 0.0 ], [ 110.950540720807297, -6.854862446216382, 0.0 ], [ 110.950508432496306, -6.854614011962362, 0.0 ], [ 110.9504928625107, -6.854193383958266, 0.0 ], [ 110.950502926582502, -6.85364422929062, 0.0 ], [ 110.950454818713695, -6.853269076772017, 0.0 ], [ 110.950447624417293, -6.853013506434602, 0.0 ], [ 110.950452690139898, -6.852568548215296, 0.0 ], [ 110.950558345998402, -6.852159120603821, 0.0 ], [ 110.950694935092699, -6.851594787785587, 0.0 ], [ 110.950744862297995, -6.851231203254295, 0.0 ], [ 110.950742840288797, -6.850747860385055, 0.0 ], [ 110.950695599388197, -6.850372135345173, 0.0 ], [ 110.950579591037794, -6.849920001024991, 0.0 ], [ 110.950275761668905, -6.84922279902751, 0.0 ], [ 110.951494085334602, -6.848794737133973, 0.0 ], [ 110.953455205155905, -6.848154203643844, 0.0 ], [ 110.955211911566593, -6.847459110250139, 0.0 ], [ 110.955488131058303, -6.847847849477342, 0.0 ], [ 110.955776887076894, -6.848295956871853, 0.0 ], [ 110.9562646263049, -6.848921750748111, 0.0 ], [ 110.956369723091697, -6.849172287272021, 0.0 ], [ 110.956604110914597, -6.849602216019218, 0.0 ], [ 110.956856113232902, -6.850212154809084, 0.0 ], [ 110.957006688073704, -6.850652660611708, 0.0 ], [ 110.957339063625696, -6.851501792433649, 0.0 ], [ 110.957466689072206, -6.85190099810377, 0.0 ], [ 110.957651006292195, -6.852379933728789, 0.0 ], [ 110.957811080086202, -6.852806256957501, 0.0 ], [ 110.957996686765398, -6.853467934955559, 0.0 ], [ 110.958213903786898, -6.854218360346428, 0.0 ], [ 110.958394177209996, -6.854751913184501, 0.0 ], [ 110.9585792020589, -6.855371997655451, 0.0 ], [ 110.9586990101038, -6.855741164990572, 0.0 ], [ 110.958821957376003, -6.856143292425772, 0.0 ], [ 110.959082342997803, -6.856962167854842, 0.0 ], [ 110.959204893671895, -6.857298195404563, 0.0 ], [ 110.959347472948906, -6.857570704559999, 0.0 ], [ 110.959429817930101, -6.857722036632345, 0.0 ], [ 110.959639021634501, -6.85796599631502, 0.0 ], [ 110.959890536432397, -6.858154176090805, 0.0 ], [ 110.960602143996596, -6.858158858318744, 0.0 ], [ 110.960894749851803, -6.858294172647924, 0.0 ], [ 110.961429714237894, -6.858365378758226, 0.0 ], [ 110.962880717706796, -6.858595175112725, 0.0 ], [ 110.963301922857696, -6.858669225979038, 0.0 ], [ 110.964120878173205, -6.858824871893624, 0.0 ], [ 110.965331368385407, -6.859093214693989, 0.0 ], [ 110.966195110272807, -6.859224218502415, 0.0 ], [ 110.966116311884704, -6.859815125196606, 0.0 ], [ 110.9660736565598, -6.860016294058624, 0.0 ], [ 110.966069213176894, -6.86042486399281, 0.0 ], [ 110.966041567394896, -6.860860570918949, 0.0 ], [ 110.966055862354096, -6.861470197875514, 0.0 ], [ 110.966085228222099, -6.861898771745384, 0.0 ], [ 110.966136114197298, -6.862239324956246, 0.0 ], [ 110.966213595085506, -6.862692901706547, 0.0 ], [ 110.966244787452695, -6.862819025316861, 0.0 ], [ 110.966305430836996, -6.863070136569562, 0.0 ], [ 110.966358713667304, -6.863319114615012, 0.0 ], [ 110.966438038420705, -6.863639422894162, 0.0 ], [ 110.966590702639394, -6.864169397589405, 0.0 ], [ 110.966627537664607, -6.86442320720102, 0.0 ], [ 110.966681262974205, -6.864779282632765, 0.0 ], [ 110.966654786425295, -6.865172689429978, 0.0 ], [ 110.966633209210102, -6.865928827446796, 0.0 ], [ 110.966609672354295, -6.866680702671937, 0.0 ], [ 110.966572831904401, -6.867354959538079, 0.0 ], [ 110.966587414190499, -6.868323096795358, 0.0 ], [ 110.966579657039503, -6.868635929100971, 0.0 ], [ 110.966606786911996, -6.868964362360582, 0.0 ], [ 110.966604838830094, -6.86940466123885, 0.0 ], [ 110.966427906537902, -6.869397390937018, 0.0 ], [ 110.966380325894406, -6.870093773776648, 0.0 ], [ 110.966322188025202, -6.870451284602862, 0.0 ], [ 110.966740505430295, -6.870551245355326, 0.0 ], [ 110.966802375433602, -6.870403622803051, 0.0 ], [ 110.966872295296497, -6.870212044991835, 0.0 ], [ 110.967185737028998, -6.870334621441913, 0.0 ], [ 110.967540872787694, -6.870357420594186, 0.0 ], [ 110.967678396620101, -6.870410229258638, 0.0 ], [ 110.968149405020995, -6.870688298273992, 0.0 ], [ 110.968126544027299, -6.870926690285016, 0.0 ], [ 110.967954137449993, -6.871400636466189, 0.0 ], [ 110.968013603303106, -6.871647396402778, 0.0 ], [ 110.968440453907505, -6.871927580237633, 0.0 ], [ 110.968406139572195, -6.872888373395108, 0.0 ], [ 110.968727889971902, -6.873500999249058, 0.0 ], [ 110.968710751288299, -6.874162031419335, 0.0 ], [ 110.968686535556202, -6.874738787868178, 0.0 ], [ 110.969167252764805, -6.875002811319521, 0.0 ], [ 110.969135569470396, -6.875256767658285, 0.0 ], [ 110.968796400826207, -6.875166767914765, 0.0 ], [ 110.968804617969496, -6.874957816592589, 0.0 ], [ 110.968686803149396, -6.874936088504456, 0.0 ], [ 110.968659568863401, -6.875161808454477, 0.0 ], [ 110.968507569828304, -6.875108162719823, 0.0 ], [ 110.968529491837003, -6.874722919516961, 0.0 ], [ 110.968280994249696, -6.874618220829252, 0.0 ], [ 110.968237546547797, -6.874835936097039, 0.0 ], [ 110.968037952141302, -6.874784403524756, 0.0 ], [ 110.967932033175103, -6.874807628221206, 0.0 ], [ 110.967496208239993, -6.874673191457433, 0.0 ], [ 110.967469534058694, -6.874952597481345, 0.0 ], [ 110.967058703595697, -6.874918110444892, 0.0 ], [ 110.967013624985697, -6.87464050344085, 0.0 ], [ 110.966328807369095, -6.874510683712597, 0.0 ], [ 110.965639293585696, -6.87442692565925, 0.0 ], [ 110.965632113178003, -6.874327475877549, 0.0 ], [ 110.965302690677206, -6.874265942094505, 0.0 ], [ 110.965262806051101, -6.87442717596031, 0.0 ], [ 110.965196544302003, -6.874390053416445, 0.0 ], [ 110.965206260669305, -6.874290144990484, 0.0 ], [ 110.965037142937007, -6.874288025284612, 0.0 ], [ 110.964961149587296, -6.874619702670918, 0.0 ], [ 110.964627166301099, -6.874589312929353, 0.0 ], [ 110.964692277240999, -6.87402001427181, 0.0 ], [ 110.964064839133002, -6.873935627279829, 0.0 ], [ 110.9640347617553, -6.874494116828648, 0.0 ], [ 110.963987285181602, -6.874728224579782, 0.0 ], [ 110.964106106553999, -6.874766763853283, 0.0 ], [ 110.964187489971195, -6.874532391355983, 0.0 ], [ 110.964375001824493, -6.874584325987533, 0.0 ], [ 110.9643028067632, -6.87485926640553, 0.0 ], [ 110.964590279140893, -6.874923827273862, 0.0 ], [ 110.964614752162603, -6.874870033732865, 0.0 ], [ 110.964735078935604, -6.874869831753776, 0.0 ], [ 110.9647400168773, -6.87492352302487, 0.0 ], [ 110.965041478323798, -6.875007297786317, 0.0 ], [ 110.965104255923094, -6.874909259587842, 0.0 ], [ 110.965385281649006, -6.874904501177712, 0.0 ], [ 110.965223154355201, -6.875462899312385, 0.0 ], [ 110.965052994739096, -6.875426298650231, 0.0 ], [ 110.964958801573104, -6.875601391417241, 0.0 ], [ 110.965136098161807, -6.875732979634925, 0.0 ], [ 110.965098801351004, -6.875870797110443, 0.0 ], [ 110.964946924472002, -6.875727597080181, 0.0 ], [ 110.964873238094199, -6.875713115561255, 0.0 ], [ 110.964648504389601, -6.875584760448771, 0.0 ], [ 110.964370912751804, -6.87637071155132, 0.0 ], [ 110.964520191187304, -6.876402378859915, 0.0 ], [ 110.964594179858594, -6.876298256896169, 0.0 ], [ 110.965034212313498, -6.876431855255869, 0.0 ], [ 110.964942326398003, -6.876786379287116, 0.0 ], [ 110.965052339400302, -6.876908924880698, 0.0 ], [ 110.965818566520994, -6.877015554204889, 0.0 ], [ 110.965769273064396, -6.877367164649788, 0.0 ], [ 110.966053492218705, -6.8774315457327, 0.0 ], [ 110.966099691218801, -6.877334136494822, 0.0 ], [ 110.966551307810803, -6.877409159210863, 0.0 ], [ 110.966621477802093, -6.87760771272715, 0.0 ], [ 110.966863617247199, -6.877609681978809, 0.0 ], [ 110.967019500246593, -6.877532166266016, 0.0 ], [ 110.967139705243497, -6.877671519462524, 0.0 ], [ 110.967140484999504, -6.877891245885776, 0.0 ], [ 110.967006617760504, -6.877890156054956, 0.0 ], [ 110.966849777406097, -6.878352267317192, 0.0 ], [ 110.966641282893093, -6.878311465551993, 0.0 ], [ 110.966585209234907, -6.87846853436783, 0.0 ], [ 110.966920913783198, -6.878639791381261, 0.0 ], [ 110.966872269747299, -6.878887471594386, 0.0 ], [ 110.966968942237003, -6.878897818641139, 0.0 ], [ 110.966857081985097, -6.879150432167384, 0.0 ], [ 110.966660072450395, -6.879069123562545, 0.0 ], [ 110.966633789159204, -6.879235069189216, 0.0 ], [ 110.966581871638994, -6.879297128576918, 0.0 ], [ 110.966576528098599, -6.879626649085653, 0.0 ], [ 110.966455729489596, -6.879606378309316, 0.0 ], [ 110.966047110089505, -6.879551615375128, 0.0 ], [ 110.966074087525897, -6.879274071954098, 0.0 ], [ 110.965988344058403, -6.879237851424845, 0.0 ], [ 110.965968274931896, -6.879503871113077, 0.0 ], [ 110.965855391603199, -6.879455024122819, 0.0 ], [ 110.965830310683202, -6.879667608419855, 0.0 ], [ 110.965478016990204, -6.879570664488653, 0.0 ], [ 110.965328503231405, -6.879631782231412, 0.0 ], [ 110.965293605277594, -6.879873406290615, 0.0 ], [ 110.965469618173103, -6.879985753617, 0.0 ], [ 110.965809974283701, -6.880088151751041, 0.0 ], [ 110.965871110662306, -6.879870706729641, 0.0 ], [ 110.965963480314898, -6.879895455452748, 0.0 ], [ 110.965910908351802, -6.880240667562251, 0.0 ], [ 110.966132335058205, -6.880290884764034, 0.0 ], [ 110.965997602420003, -6.880850236795681, 0.0 ], [ 110.966182623403995, -6.880852327746314, 0.0 ], [ 110.966205250092401, -6.880669716774654, 0.0 ], [ 110.966347143918696, -6.880675418646473, 0.0 ], [ 110.966377854120296, -6.880374943568553, 0.0 ], [ 110.966310230908903, -6.880345121418568, 0.0 ], [ 110.966330600214604, -6.880171614437954, 0.0 ], [ 110.966435880015695, -6.880203666263163, 0.0 ], [ 110.966508671455102, -6.880280973699738, 0.0 ], [ 110.966458730965201, -6.880658936859014, 0.0 ], [ 110.966554508669901, -6.880698672319716, 0.0 ], [ 110.966506314876796, -6.880929059091825, 0.0 ], [ 110.966671461736198, -6.880946140262656, 0.0 ], [ 110.9667191657269, -6.880671263812779, 0.0 ], [ 110.966846209769798, -6.880677532431954, 0.0 ], [ 110.966788836202696, -6.881005577654558, 0.0 ], [ 110.967060672593107, -6.88102287868108, 0.0 ], [ 110.967142937108406, -6.880594403135218, 0.0 ], [ 110.9672403964762, -6.880618901540088, 0.0 ], [ 110.967205324428406, -6.880879106733386, 0.0 ], [ 110.967389960648205, -6.880914329526, 0.0 ], [ 110.9674144160808, -6.88083358053073, 0.0 ], [ 110.967494354422996, -6.880817993638336, 0.0 ], [ 110.967533913297601, -6.880904603265357, 0.0 ], [ 110.967839663626194, -6.880971114462759, 0.0 ], [ 110.968020477296406, -6.881014028183527, 0.0 ], [ 110.968196612319502, -6.881269638087378, 0.0 ], [ 110.968355449125696, -6.88127043490335, 0.0 ], [ 110.969179536792794, -6.881319606402751, 0.0 ], [ 110.970157209361304, -6.881336664984162, 0.0 ], [ 110.970508120513102, -6.881363332717627, 0.0 ], [ 110.970502517702698, -6.88088347135688, 0.0 ], [ 110.970782727695706, -6.880901745180511, 0.0 ], [ 110.970820883670896, -6.880590369468645, 0.0 ], [ 110.970469031356501, -6.880554075449091, 0.0 ], [ 110.970304971617296, -6.880453971197807, 0.0 ], [ 110.970295289760699, -6.880372804736762, 0.0 ], [ 110.970171102516403, -6.88031466952812, 0.0 ], [ 110.970160036597804, -6.879991139599381, 0.0 ], [ 110.970213994604293, -6.879496021644181, 0.0 ], [ 110.969976503897996, -6.879405478404693, 0.0 ], [ 110.969983640274407, -6.87920029058247, 0.0 ], [ 110.969942771802295, -6.878995195819034, 0.0 ], [ 110.969952018706095, -6.878921344694192, 0.0 ], [ 110.970144945040502, -6.878908934807262, 0.0 ], [ 110.970122563933202, -6.878630044611286, 0.0 ], [ 110.970082517193006, -6.878572946442779, 0.0 ], [ 110.970061338121994, -6.878520858206288, 0.0 ], [ 110.970216896895394, -6.877923146011467, 0.0 ], [ 110.970188683627697, -6.877827138295849, 0.0 ], [ 110.969986495941995, -6.877838049531359, 0.0 ], [ 110.9697685472225, -6.877829250297143, 0.0 ], [ 110.969788683436093, -6.877422511123656, 0.0 ], [ 110.969794565156207, -6.876979754365125, 0.0 ], [ 110.969969910230105, -6.876723663128423, 0.0 ], [ 110.970247528561899, -6.876369247246866, 0.0 ], [ 110.970579678407404, -6.8760009555273, 0.0 ], [ 110.970688048474599, -6.876024643812027, 0.0 ], [ 110.971055699904994, -6.876057237106925, 0.0 ], [ 110.971389460663602, -6.876009850089414, 0.0 ], [ 110.972072364776295, -6.876067483119504, 0.0 ], [ 110.973064705714094, -6.87603848478118, 0.0 ], [ 110.973244387175498, -6.876095370939809, 0.0 ], [ 110.973613843434507, -6.876128351916599, 0.0 ] ] ] ] } },
{ "type": "Feature", "properties": { "Name": "SRIKATON", "VILLAGES": "Srikaton", "CC_4": "3318020011", "SUB_DIST": "Kayen", "DISTRICT": "Pati", "GID_4": "IDN.10.21.10.13_1", "AREA_HA": 768 }, "geometry": { "type": "MultiPolygon", "coordinates": [ [ [ [ 110.932890161639193, -6.863427854709557, 0.0 ], [ 110.932734637884295, -6.8633245907636, 0.0 ], [ 110.932648930550599, -6.862591356041541, 0.0 ], [ 110.932253725310204, -6.858885897100961, 0.0 ], [ 110.934560064843197, -6.857211955687448, 0.0 ], [ 110.936949210686507, -6.85559620972179, 0.0 ], [ 110.937477581192198, -6.855260730685553, 0.0 ], [ 110.938157556641997, -6.85489916106521, 0.0 ], [ 110.938601530825593, -6.857085152381669, 0.0 ], [ 110.938977039905694, -6.858724658025977, 0.0 ], [ 110.939451371420205, -6.860481276895843, 0.0 ], [ 110.942653432184997, -6.859550622841308, 0.0 ], [ 110.944470591131505, -6.858889797358164, 0.0 ], [ 110.948266487437294, -6.857674497022399, 0.0 ], [ 110.949113762150205, -6.857472761779197, 0.0 ], [ 110.9502824835685, -6.856968477784671, 0.0 ], [ 110.950424720439401, -6.85760342039202, 0.0 ], [ 110.950682724304002, -6.858391871763482, 0.0 ], [ 110.951310274350803, -6.859701188022589, 0.0 ], [ 110.951969352297297, -6.861248352894323, 0.0 ], [ 110.952069568069703, -6.861734159181012, 0.0 ], [ 110.952139627431805, -6.862380704649149, 0.0 ], [ 110.952144416153402, -6.86318386740833, 0.0 ], [ 110.951792037188994, -6.863428240592338, 0.0 ], [ 110.951234311749602, -6.863543169800977, 0.0 ], [ 110.950762641892894, -6.863565907039061, 0.0 ], [ 110.950735775835298, -6.863565907278884, 0.0 ], [ 110.950708909779706, -6.863565907510385, 0.0 ], [ 110.950320508158896, -6.86373010176839, 0.0 ], [ 110.950075573542804, -6.864211211195956, 0.0 ], [ 110.949678417545897, -6.865356253369555, 0.0 ], [ 110.949593493932497, -6.865841576595644, 0.0 ], [ 110.949076217896305, -6.866659277816922, 0.0 ], [ 110.948455959535494, -6.867323055375559, 0.0 ], [ 110.947766882055802, -6.868004214571531, 0.0 ], [ 110.947363967311503, -6.868531248114199, 0.0 ], [ 110.947399278755697, -6.868970227246863, 0.0 ], [ 110.947341876620698, -6.86964149985934, 0.0 ], [ 110.947219009932397, -6.870390177724658, 0.0 ], [ 110.946985688412497, -6.871406032305121, 0.0 ], [ 110.946246519875302, -6.87232832253543, 0.0 ], [ 110.9456129988627, -6.873064969223544, 0.0 ], [ 110.945207034362099, -6.873367363022827, 0.0 ], [ 110.944772765660503, -6.87390977069362, 0.0 ], [ 110.944584285923895, -6.874319879905423, 0.0 ], [ 110.944221048758607, -6.875058652394576, 0.0 ], [ 110.943916244566594, -6.875675603299724, 0.0 ], [ 110.943745773172907, -6.875995231917205, 0.0 ], [ 110.943370118694006, -6.876425908284148, 0.0 ], [ 110.942966590818003, -6.877011049352257, 0.0 ], [ 110.942665597466004, -6.877412681934292, 0.0 ], [ 110.942366035188101, -6.877812485765651, 0.0 ], [ 110.942243801560195, -6.878311355776146, 0.0 ], [ 110.942230005075203, -6.879097296830015, 0.0 ], [ 110.942248159069393, -6.879427627053977, 0.0 ], [ 110.942461825707298, -6.880297648974554, 0.0 ], [ 110.942453639051394, -6.881646370287113, 0.0 ], [ 110.942283635116695, -6.882367306427684, 0.0 ], [ 110.942066978855195, -6.88259060078737, 0.0 ], [ 110.941561018481494, -6.882900178248843, 0.0 ], [ 110.941138293525299, -6.883100802670646, 0.0 ], [ 110.940750817097907, -6.88314687117318, 0.0 ], [ 110.940526140765698, -6.883237750764425, 0.0 ], [ 110.940523303606099, -6.883077608372509, 0.0 ], [ 110.939875169068699, -6.883175443307647, 0.0 ], [ 110.939853860862897, -6.883332511940938, 0.0 ], [ 110.939705478325607, -6.883381950539623, 0.0 ], [ 110.939408082011298, -6.883430890576799, 0.0 ], [ 110.938976112709796, -6.883688045290697, 0.0 ], [ 110.938941194547596, -6.884057474853396, 0.0 ], [ 110.938925057207598, -6.884631692559012, 0.0 ], [ 110.938954714040605, -6.885124487833906, 0.0 ], [ 110.939191971464993, -6.88514542930402, 0.0 ], [ 110.939192158609401, -6.884395626140949, 0.0 ], [ 110.939280230595898, -6.883939222288545, 0.0 ], [ 110.939630732151898, -6.883795664768313, 0.0 ], [ 110.940374322227399, -6.883610049710692, 0.0 ], [ 110.941124056225107, -6.883485204471036, 0.0 ], [ 110.941740017480299, -6.883225133684709, 0.0 ], [ 110.942149796579798, -6.882975301639294, 0.0 ], [ 110.942673509151305, -6.882569929281991, 0.0 ], [ 110.942916115281704, -6.881891131951214, 0.0 ], [ 110.942912761191295, -6.88108890561992, 0.0 ], [ 110.942754871573996, -6.880174844808501, 0.0 ], [ 110.942660439415704, -6.879598905077924, 0.0 ], [ 110.942584117827906, -6.87875870359333, 0.0 ], [ 110.942655189554998, -6.878023318981116, 0.0 ], [ 110.942954124047603, -6.877419689747604, 0.0 ], [ 110.943518516672, -6.87680619727819, 0.0 ], [ 110.944182953424004, -6.875932752552211, 0.0 ], [ 110.944484053299206, -6.875354748939508, 0.0 ], [ 110.944962471542098, -6.874249956064721, 0.0 ], [ 110.945564878620999, -6.873507469622295, 0.0 ], [ 110.946033367741293, -6.873062850921453, 0.0 ], [ 110.9466091367986, -6.872556014645341, 0.0 ], [ 110.946961986585194, -6.871857472928284, 0.0 ], [ 110.9472729381433, -6.871011559186793, 0.0 ], [ 110.947505939643193, -6.869810482496097, 0.0 ], [ 110.947614734326706, -6.869132995107393, 0.0 ], [ 110.947750894634297, -6.868725778815609, 0.0 ], [ 110.948187836785806, -6.86788809844228, 0.0 ], [ 110.948523297313102, -6.867690785799096, 0.0 ], [ 110.948939084648003, -6.867308728172274, 0.0 ], [ 110.949363051652696, -6.86677988099967, 0.0 ], [ 110.949673521472803, -6.866082321380416, 0.0 ], [ 110.9499030138618, -6.865436205987108, 0.0 ], [ 110.950059009468404, -6.865065891437048, 0.0 ], [ 110.950509005506305, -6.864142911854874, 0.0 ], [ 110.950935705627998, -6.864114284860336, 0.0 ], [ 110.951841729238595, -6.8640202234128, 0.0 ], [ 110.952174934355199, -6.863774250875581, 0.0 ], [ 110.951943677293201, -6.865643718036107, 0.0 ], [ 110.952137202564998, -6.865738980890008, 0.0 ], [ 110.952053800588999, -6.866975201198506, 0.0 ], [ 110.951993922080604, -6.867879275908441, 0.0 ], [ 110.951846675220693, -6.869722152941602, 0.0 ], [ 110.951785579375695, -6.870680400308595, 0.0 ], [ 110.951750135343104, -6.87224196030582, 0.0 ], [ 110.951776132004397, -6.873227872728556, 0.0 ], [ 110.951861424351407, -6.874637723176121, 0.0 ], [ 110.951984815576395, -6.875757438061672, 0.0 ], [ 110.952062123098798, -6.876306483169705, 0.0 ], [ 110.952155958401804, -6.876501037886594, 0.0 ], [ 110.952535440450106, -6.876890202668502, 0.0 ], [ 110.952889470686401, -6.877143721309861, 0.0 ], [ 110.953149605329301, -6.877397964228642, 0.0 ], [ 110.953475658568905, -6.877516004714243, 0.0 ], [ 110.953736978408202, -6.877894068595004, 0.0 ], [ 110.953815814894497, -6.877919647126633, 0.0 ], [ 110.954022921301799, -6.878039350162466, 0.0 ], [ 110.954207411720404, -6.878174602551286, 0.0 ], [ 110.954365143813504, -6.878446365007061, 0.0 ], [ 110.954536780295797, -6.87900801335621, 0.0 ], [ 110.954631759482794, -6.879283663783005, 0.0 ], [ 110.954922927472197, -6.879753584398046, 0.0 ], [ 110.955104346069902, -6.880050218078444, 0.0 ], [ 110.955245873471497, -6.880205868123444, 0.0 ], [ 110.955428193251706, -6.880451247092719, 0.0 ], [ 110.955565006039805, -6.880649831549223, 0.0 ], [ 110.955674538314796, -6.880777682875629, 0.0 ], [ 110.955900674312005, -6.881045629804733, 0.0 ], [ 110.956269007811699, -6.881422431227007, 0.0 ], [ 110.956472118375999, -6.881678070020742, 0.0 ], [ 110.956721843271495, -6.881910733302047, 0.0 ], [ 110.956971592966397, -6.88206943546385, 0.0 ], [ 110.957338352832494, -6.882161143333843, 0.0 ], [ 110.957743853530999, -6.882246354886585, 0.0 ], [ 110.958051758217593, -6.882288362976014, 0.0 ], [ 110.958403855322899, -6.882271139247478, 0.0 ], [ 110.958916192942198, -6.88227112870474, 0.0 ], [ 110.959136776481401, -6.882260584821671, 0.0 ], [ 110.959247474690997, -6.882250020218626, 0.0 ], [ 110.959771926212895, -6.882333852961487, 0.0 ], [ 110.960125729589805, -6.882390642369241, 0.0 ], [ 110.960471817136096, -6.882467002456612, 0.0 ], [ 110.960560934267306, -6.882466998996109, 0.0 ], [ 110.960512843318497, -6.88267925804196, 0.0 ], [ 110.960823233614704, -6.883031822005656, 0.0 ], [ 110.960847211095697, -6.883975129620158, 0.0 ], [ 110.960896151629399, -6.884193544705661, 0.0 ], [ 110.961250378619894, -6.884490963937228, 0.0 ], [ 110.9614318683481, -6.884628010942301, 0.0 ], [ 110.961707001701299, -6.884712265597803, 0.0 ], [ 110.961926258341805, -6.88497773159667, 0.0 ], [ 110.962248347773496, -6.885243823824052, 0.0 ], [ 110.962626877020099, -6.885769066079401, 0.0 ], [ 110.962694100607195, -6.88601179838078, 0.0 ], [ 110.961973367857695, -6.885873906239783, 0.0 ], [ 110.961103642666004, -6.885672799996078, 0.0 ], [ 110.961049360589001, -6.886145839367749, 0.0 ], [ 110.960726487669106, -6.886116407697966, 0.0 ], [ 110.9606478972633, -6.886360832031095, 0.0 ], [ 110.960474102602205, -6.886450975627085, 0.0 ], [ 110.959834417576104, -6.886412282634894, 0.0 ], [ 110.959650725261596, -6.886316982423, 0.0 ], [ 110.959540508380698, -6.886317750005771, 0.0 ], [ 110.959517955651606, -6.886203174806174, 0.0 ], [ 110.959292249054499, -6.885955136423693, 0.0 ], [ 110.958839042259399, -6.885572309001572, 0.0 ], [ 110.958675470181504, -6.885298973200863, 0.0 ], [ 110.958561063813406, -6.885068870555009, 0.0 ], [ 110.958250110068704, -6.884753254214983, 0.0 ], [ 110.957688331748002, -6.884562065183635, 0.0 ], [ 110.957468998589505, -6.884457205125577, 0.0 ], [ 110.957099551985706, -6.883951302823083, 0.0 ], [ 110.956705809932302, -6.883726266391884, 0.0 ], [ 110.956217323118395, -6.883529182126409, 0.0 ], [ 110.955811966735894, -6.883274823535077, 0.0 ], [ 110.955479325038894, -6.883006446969063, 0.0 ], [ 110.955035174104793, -6.882765215183451, 0.0 ], [ 110.954140497455199, -6.8826494553011, 0.0 ], [ 110.953319225828693, -6.882512097400335, 0.0 ], [ 110.952534418120706, -6.882371040565126, 0.0 ], [ 110.951704417559796, -6.88221276449705, 0.0 ], [ 110.951134876300699, -6.882094328944181, 0.0 ], [ 110.950803848413798, -6.881869326233797, 0.0 ], [ 110.950689979443695, -6.881639485429156, 0.0 ], [ 110.950653242827201, -6.881311716335315, 0.0 ], [ 110.950336770362696, -6.881223246900537, 0.0 ], [ 110.9486640293823, -6.880737874134001, 0.0 ], [ 110.947624003086403, -6.880449777570539, 0.0 ], [ 110.946152576031295, -6.88019286836847, 0.0 ], [ 110.945510292530898, -6.880170828569807, 0.0 ], [ 110.944311023076494, -6.880137582535792, 0.0 ], [ 110.943768683857797, -6.880104112304772, 0.0 ], [ 110.943070672116306, -6.879939090281266, 0.0 ], [ 110.942820331025601, -6.879904253938531, 0.0 ], [ 110.942836202772995, -6.880030801123437, 0.0 ], [ 110.943105413127796, -6.880087283617227, 0.0 ], [ 110.943795499410598, -6.88017633584034, 0.0 ], [ 110.944411221740907, -6.880231182590988, 0.0 ], [ 110.944688694049006, -6.880236633890474, 0.0 ], [ 110.944954662167504, -6.880258374981069, 0.0 ], [ 110.945260860858596, -6.880258374031015, 0.0 ], [ 110.945629383568303, -6.880263791659478, 0.0 ], [ 110.945970073039504, -6.880285408387176, 0.0 ], [ 110.946409199238602, -6.880333697938013, 0.0 ], [ 110.947282427050993, -6.880496454048025, 0.0 ], [ 110.947765318309493, -6.880588446969909, 0.0 ], [ 110.948279960190902, -6.880683632479905, 0.0 ], [ 110.948656485874693, -6.880815627705831, 0.0 ], [ 110.9493235267676, -6.881013684754893, 0.0 ], [ 110.949789052625903, -6.881163387249654, 0.0 ], [ 110.950067528659005, -6.881295209735087, 0.0 ], [ 110.950293028238406, -6.881380923339125, 0.0 ], [ 110.950497353340396, -6.881439922941239, 0.0 ], [ 110.950605139454098, -6.881456630959728, 0.0 ], [ 110.950644985168395, -6.881662208471887, 0.0 ], [ 110.950740849221205, -6.881908953691845, 0.0 ], [ 110.950891993593103, -6.882032818013646, 0.0 ], [ 110.951107875693495, -6.882158470815782, 0.0 ], [ 110.951730016954897, -6.8823431907332, 0.0 ], [ 110.952145307360396, -6.882409399646031, 0.0 ], [ 110.9528334199303, -6.882529844357599, 0.0 ], [ 110.953205300505502, -6.882660460792709, 0.0 ], [ 110.953567871766793, -6.882691517647038, 0.0 ], [ 110.954086958469404, -6.882757989988684, 0.0 ], [ 110.954650218534795, -6.882845236663692, 0.0 ], [ 110.955059255293193, -6.882930943859635, 0.0 ], [ 110.955410814159094, -6.883103032077379, 0.0 ], [ 110.955654015854904, -6.883386222663386, 0.0 ], [ 110.956044152207298, -6.883572363635566, 0.0 ], [ 110.956387396117094, -6.883674795534137, 0.0 ], [ 110.956846488225594, -6.883863456618315, 0.0 ], [ 110.957064970767405, -6.884081951805249, 0.0 ], [ 110.957436080261402, -6.884535938043752, 0.0 ], [ 110.957601706122304, -6.884654057835377, 0.0 ], [ 110.958050612319795, -6.884836195471956, 0.0 ], [ 110.958089372664404, -6.884917176755152, 0.0 ], [ 110.958083524019301, -6.885045849213315, 0.0 ], [ 110.958236060144799, -6.885113675286799, 0.0 ], [ 110.958307940581903, -6.88513287060015, 0.0 ], [ 110.958342044014401, -6.885104043672819, 0.0 ], [ 110.958553781403893, -6.88535066316398, 0.0 ], [ 110.958726575723006, -6.885588775270306, 0.0 ], [ 110.958884467956395, -6.885795088190958, 0.0 ], [ 110.959072709934006, -6.885932855599579, 0.0 ], [ 110.959195186932902, -6.886080073082097, 0.0 ], [ 110.959324927036505, -6.886303614481983, 0.0 ], [ 110.959555700291304, -6.886522096742647, 0.0 ], [ 110.959674790926996, -6.886561641138951, 0.0 ], [ 110.959661002628494, -6.886861712467105, 0.0 ], [ 110.959699263343893, -6.887160219342243, 0.0 ], [ 110.959704224420804, -6.887294435916261, 0.0 ], [ 110.959815471571901, -6.887318421831563, 0.0 ], [ 110.959807297527405, -6.887465844836813, 0.0 ], [ 110.959781942246494, -6.887563686140329, 0.0 ], [ 110.959754215204796, -6.887715231561184, 0.0 ], [ 110.959751106318905, -6.887775659366553, 0.0 ], [ 110.959653025340202, -6.887904956860814, 0.0 ], [ 110.959460660153795, -6.887899643179144, 0.0 ], [ 110.959146857633002, -6.8878191571198, 0.0 ], [ 110.958878183926799, -6.887775680355736, 0.0 ], [ 110.958883582746196, -6.887383839259652, 0.0 ], [ 110.958673601880804, -6.887348277328532, 0.0 ], [ 110.958602694336605, -6.887022944772289, 0.0 ], [ 110.957859672207604, -6.886822856398754, 0.0 ], [ 110.957866038194197, -6.887003924750903, 0.0 ], [ 110.957919761430901, -6.887318465745129, 0.0 ], [ 110.957913966314706, -6.887835389812913, 0.0 ], [ 110.957893385009001, -6.888198758432733, 0.0 ], [ 110.958243508072002, -6.888331733399696, 0.0 ], [ 110.958530096148905, -6.888408757951112, 0.0 ], [ 110.958397679266398, -6.888668507168552, 0.0 ], [ 110.958357964731704, -6.888770955265967, 0.0 ], [ 110.957778835298697, -6.888591247299298, 0.0 ], [ 110.957845122071106, -6.888263265056974, 0.0 ], [ 110.957599466693694, -6.888193765529963, 0.0 ], [ 110.957627600090007, -6.888107952455127, 0.0 ], [ 110.957542770454694, -6.88810285722987, 0.0 ], [ 110.957483884884596, -6.888273117298492, 0.0 ], [ 110.956679526729602, -6.88808242787355, 0.0 ], [ 110.956626461490501, -6.888153594715171, 0.0 ], [ 110.956419131158896, -6.888092666444503, 0.0 ], [ 110.956306241480902, -6.88818377434668, 0.0 ], [ 110.955983753946597, -6.888188790335117, 0.0 ], [ 110.955918565770006, -6.888158651375634, 0.0 ], [ 110.955969438887195, -6.88780838580825, 0.0 ], [ 110.955755240578696, -6.887775741185277, 0.0 ], [ 110.955657755336901, -6.888010194116625, 0.0 ], [ 110.955207307375304, -6.887894399022231, 0.0 ], [ 110.955130274493698, -6.888263311033556, 0.0 ], [ 110.955458522843202, -6.888407786516741, 0.0 ], [ 110.955432563394993, -6.888520743254698, 0.0 ], [ 110.954976971474906, -6.888400466315482, 0.0 ], [ 110.954566828251799, -6.888324719956957, 0.0 ], [ 110.953865298381402, -6.888179218060986, 0.0 ], [ 110.953070919604201, -6.887905270236245, 0.0 ], [ 110.952772778284299, -6.887804989329419, 0.0 ], [ 110.952757857846905, -6.887972695345971, 0.0 ], [ 110.954194162689006, -6.888405170956264, 0.0 ], [ 110.9548413217708, -6.888511768418102, 0.0 ], [ 110.955578779642707, -6.888673663797381, 0.0 ], [ 110.955578562691002, -6.889055545100283, 0.0 ], [ 110.955790295500805, -6.889077500029414, 0.0 ], [ 110.956142012786302, -6.889077488388377, 0.0 ], [ 110.956475924470595, -6.889110258412242, 0.0 ], [ 110.956771568805905, -6.889228508473384, 0.0 ], [ 110.9570492798576, -6.889302272489546, 0.0 ], [ 110.956987119748106, -6.889726968269753, 0.0 ], [ 110.957682845147502, -6.889912739884726, 0.0 ], [ 110.958076039635998, -6.890001366771677, 0.0 ], [ 110.958326525406804, -6.89008842083596, 0.0 ], [ 110.958232267572598, -6.890617056430535, 0.0 ], [ 110.958243486079098, -6.890665204219925, 0.0 ], [ 110.958708131823002, -6.890771883512208, 0.0 ], [ 110.958817666602101, -6.890519394620964, 0.0 ], [ 110.959057408342304, -6.890586734141132, 0.0 ], [ 110.959216543674501, -6.890592808325298, 0.0 ], [ 110.959282712563095, -6.890331151667354, 0.0 ], [ 110.959435691585597, -6.890331146444903, 0.0 ], [ 110.959358923424404, -6.890789462697826, 0.0 ], [ 110.9595558591828, -6.890882125815696, 0.0 ], [ 110.959505875798499, -6.891073510810574, 0.0 ], [ 110.959617393032403, -6.891084537080696, 0.0 ], [ 110.959679787875103, -6.891252384546841, 0.0 ], [ 110.959834608539595, -6.891247054313134, 0.0 ], [ 110.959965395844193, -6.891273614471891, 0.0 ], [ 110.959900584357896, -6.891511314568221, 0.0 ], [ 110.959866757815803, -6.891794773533977, 0.0 ], [ 110.959838457547903, -6.891980480039803, 0.0 ], [ 110.959934888110894, -6.892043694381013, 0.0 ], [ 110.959906535407796, -6.892265022945456, 0.0 ], [ 110.959716783256795, -6.892221057873863, 0.0 ], [ 110.959671736519695, -6.892308611176976, 0.0 ], [ 110.959873746829004, -6.892357168668819, 0.0 ], [ 110.959636035331002, -6.893443715805857, 0.0 ], [ 110.959527132063002, -6.894025484423082, 0.0 ], [ 110.959476295038499, -6.894411740127213, 0.0 ], [ 110.959465739457102, -6.8945109285684, 0.0 ], [ 110.959463523880103, -6.894617633088085, 0.0 ], [ 110.9597097189218, -6.894655819206876, 0.0 ], [ 110.959750275124904, -6.894559728526332, 0.0 ], [ 110.959973903140394, -6.894598406621435, 0.0 ], [ 110.960038892694101, -6.894346109366797, 0.0 ], [ 110.960175172820101, -6.894356261217652, 0.0 ], [ 110.960227355706095, -6.894335927107058, 0.0 ], [ 110.960363965819695, -6.894335923314602, 0.0 ], [ 110.9603710213364, -6.894396659291401, 0.0 ], [ 110.960579789030703, -6.894426728645637, 0.0 ], [ 110.960695683979694, -6.894436707349129, 0.0 ], [ 110.960739194551195, -6.894416719996206, 0.0 ], [ 110.960756891690394, -6.894191082865307, 0.0 ], [ 110.960645253782701, -6.894143584593203, 0.0 ], [ 110.960693032271607, -6.893870853835702, 0.0 ], [ 110.960523248926606, -6.893808770170786, 0.0 ], [ 110.9605310358765, -6.893658868433343, 0.0 ], [ 110.960693401422901, -6.893647145032716, 0.0 ], [ 110.960698138541602, -6.893425348573704, 0.0 ], [ 110.960784853925503, -6.893301356872104, 0.0 ], [ 110.9609110608761, -6.893231882069106, 0.0 ], [ 110.961032096840398, -6.893231877414638, 0.0 ], [ 110.961089239028396, -6.892986317181389, 0.0 ], [ 110.961160330981201, -6.892473768249111, 0.0 ], [ 110.961188726990898, -6.892301207778627, 0.0 ], [ 110.961285882202901, -6.892158655629107, 0.0 ], [ 110.961371391819995, -6.892233077292396, 0.0 ], [ 110.961482716863102, -6.892264620781086, 0.0 ], [ 110.961510953438705, -6.892093933058753, 0.0 ], [ 110.961355210934101, -6.891877488181613, 0.0 ], [ 110.961275786417801, -6.891785879278245, 0.0 ], [ 110.961205527461402, -6.891615462392065, 0.0 ], [ 110.961192561090598, -6.891395685798861, 0.0 ], [ 110.961185490037195, -6.891275833773904, 0.0 ], [ 110.961197346123399, -6.891113871758839, 0.0 ], [ 110.961228050723804, -6.890987414576379, 0.0 ], [ 110.961438359214796, -6.890960406174635, 0.0 ], [ 110.961520161178498, -6.890973922971413, 0.0 ], [ 110.961559683239997, -6.890802481310144, 0.0 ], [ 110.961906344438901, -6.890844109844712, 0.0 ], [ 110.961955454807494, -6.890864809532363, 0.0 ], [ 110.961909716455494, -6.891067609640126, 0.0 ], [ 110.961919436413993, -6.891166219943457, 0.0 ], [ 110.9620732621554, -6.891192206649297, 0.0 ], [ 110.962367419497099, -6.891256624114272, 0.0 ], [ 110.962302028978897, -6.891518907582828, 0.0 ], [ 110.962332502452298, -6.891627369214221, 0.0 ], [ 110.962429331244493, -6.891627365730581, 0.0 ], [ 110.962356521047596, -6.892104753958887, 0.0 ], [ 110.9621917875847, -6.892093913232652, 0.0 ], [ 110.962122300839695, -6.892137156088886, 0.0 ], [ 110.962039352650606, -6.892163989486664, 0.0 ], [ 110.961987979535294, -6.892327080581517, 0.0 ], [ 110.961954275166903, -6.892358013417133, 0.0 ], [ 110.961698675817004, -6.892347732610951, 0.0 ], [ 110.961565797239899, -6.892337425558817, 0.0 ], [ 110.961518654159804, -6.892646962802582, 0.0 ], [ 110.961597734512495, -6.892695004204317, 0.0 ], [ 110.961641709149205, -6.89260328599975, 0.0 ], [ 110.961948843304199, -6.892709309404284, 0.0 ], [ 110.962080385367699, -6.892728322545192, 0.0 ], [ 110.962107475508702, -6.892449606882878, 0.0 ], [ 110.962190782833403, -6.892474734453468, 0.0 ], [ 110.962154206241095, -6.892699764719237, 0.0 ], [ 110.962280659259505, -6.892723569344415, 0.0 ], [ 110.962260868505595, -6.892845399534574, 0.0 ], [ 110.962424369639294, -6.892882226777468, 0.0 ], [ 110.962463043524394, -6.892780200575207, 0.0 ], [ 110.962583077852599, -6.89280358773618, 0.0 ], [ 110.962647934335493, -6.892784882049992, 0.0 ], [ 110.962768459137294, -6.892840756651754, 0.0 ], [ 110.962739799339701, -6.893026573389425, 0.0 ], [ 110.962975433230795, -6.893105736387419, 0.0 ], [ 110.963099723122099, -6.892656559533459, 0.0 ], [ 110.9633057693962, -6.892685377201411, 0.0 ], [ 110.963177298708402, -6.892868422349851, 0.0 ], [ 110.9629667439429, -6.893170632757502, 0.0 ], [ 110.962554629135397, -6.893758881219338, 0.0 ], [ 110.962379350367996, -6.894039887846373, 0.0 ], [ 110.962179563550706, -6.894374551104793, 0.0 ], [ 110.962068863377496, -6.894629777206625, 0.0 ], [ 110.962006158566297, -6.894919850760497, 0.0 ], [ 110.961887477587993, -6.895254725038786, 0.0 ], [ 110.961788578485198, -6.89559561288526, 0.0 ], [ 110.961686146149404, -6.89590978634959, 0.0 ], [ 110.961513916345993, -6.896272906375852, 0.0 ], [ 110.961422332571701, -6.896420741304601, 0.0 ], [ 110.961179640000694, -6.896267356207857, 0.0 ], [ 110.960995127962306, -6.896205764602575, 0.0 ], [ 110.960574261299797, -6.896688226868289, 0.0 ], [ 110.960143018663302, -6.897217709252996, 0.0 ], [ 110.959784088669494, -6.897643791441119, 0.0 ], [ 110.959735079034999, -6.897941425528058, 0.0 ], [ 110.9595790749717, -6.898926790667789, 0.0 ], [ 110.959488651356807, -6.899404064000061, 0.0 ], [ 110.959433205920703, -6.899695242793836, 0.0 ], [ 110.958913982244795, -6.900271177727781, 0.0 ], [ 110.958672684610505, -6.900558659737722, 0.0 ], [ 110.958337431524598, -6.900920534343205, 0.0 ], [ 110.958091130868198, -6.901191936218808, 0.0 ], [ 110.957947598979402, -6.901365990292378, 0.0 ], [ 110.957563121062094, -6.901335985410253, 0.0 ], [ 110.956846841626003, -6.900861478223503, 0.0 ], [ 110.956376961989506, -6.899966961462301, 0.0 ], [ 110.956106802621306, -6.899433978572437, 0.0 ], [ 110.9559666008997, -6.898241785282488, 0.0 ], [ 110.955485306468105, -6.89744645525328, 0.0 ], [ 110.955144264986401, -6.896716605860242, 0.0 ], [ 110.955316515078707, -6.896079608370981, 0.0 ], [ 110.954898162113494, -6.894851348659179, 0.0 ], [ 110.954194138384693, -6.894535541636764, 0.0 ], [ 110.953167050358104, -6.894305203435364, 0.0 ], [ 110.952287135237199, -6.893946053531047, 0.0 ], [ 110.952524163510205, -6.893185955777437, 0.0 ], [ 110.951741457723699, -6.891978389164139, 0.0 ], [ 110.9514974415533, -6.890792219354638, 0.0 ], [ 110.952775667457004, -6.888746264509113, 0.0 ], [ 110.952689324382106, -6.887078998022917, 0.0 ], [ 110.952074945832393, -6.885935556156951, 0.0 ], [ 110.949988521117703, -6.886111778590217, 0.0 ], [ 110.948341698274604, -6.886447545203239, 0.0 ], [ 110.947217382779101, -6.886678447058385, 0.0 ], [ 110.946586707133804, -6.886787170453331, 0.0 ], [ 110.945807533843904, -6.886887764740047, 0.0 ], [ 110.9451090827896, -6.886992131663985, 0.0 ], [ 110.944350956829297, -6.886479322841165, 0.0 ], [ 110.944015663093793, -6.885882850599475, 0.0 ], [ 110.942307006170907, -6.885666247188622, 0.0 ], [ 110.941094407749404, -6.885539664357525, 0.0 ], [ 110.939241149386703, -6.885251411051774, 0.0 ], [ 110.938090026789894, -6.885083687181034, 0.0 ], [ 110.937624070937005, -6.884958113589577, 0.0 ], [ 110.936921727614205, -6.884830588593641, 0.0 ], [ 110.936251264519797, -6.884694250235375, 0.0 ], [ 110.935713820116703, -6.884567799995786, 0.0 ], [ 110.935239913767901, -6.88446488102569, 0.0 ], [ 110.934501254306298, -6.88414631015105, 0.0 ], [ 110.934479788149503, -6.881680565315665, 0.0 ], [ 110.934498640151702, -6.880100825840806, 0.0 ], [ 110.934500280349397, -6.87925295941796, 0.0 ], [ 110.934241519404694, -6.877195423875912, 0.0 ], [ 110.934082109712193, -6.875695427418951, 0.0 ], [ 110.933734789501997, -6.872597985402401, 0.0 ], [ 110.933358023648495, -6.869183372338393, 0.0 ], [ 110.9328742042361, -6.864613782910992, 0.0 ], [ 110.933623076058595, -6.864224747392916, 0.0 ], [ 110.934299631127601, -6.864119680715667, 0.0 ], [ 110.934790754284705, -6.86394087465309, 0.0 ], [ 110.936126395333105, -6.863404063250145, 0.0 ], [ 110.937301111027097, -6.862917632877478, 0.0 ], [ 110.938153371661699, -6.862739678018785, 0.0 ], [ 110.938295196549205, -6.862458035339672, 0.0 ], [ 110.938500907277799, -6.862288019342458, 0.0 ], [ 110.938974146814999, -6.862133967095358, 0.0 ], [ 110.938857370809103, -6.861473493964383, 0.0 ], [ 110.938144538590706, -6.861729414935029, 0.0 ], [ 110.937618588223401, -6.862038450679487, 0.0 ], [ 110.936648355296199, -6.862373533959341, 0.0 ], [ 110.935969237059695, -6.86250943400279, 0.0 ], [ 110.935737870843099, -6.862483752790244, 0.0 ], [ 110.935185545410704, -6.862604838075494, 0.0 ], [ 110.934586002640899, -6.862698880297394, 0.0 ], [ 110.934202369343097, -6.862883015375898, 0.0 ], [ 110.934019286578803, -6.863038465397288, 0.0 ], [ 110.932950305855101, -6.863293156493481, 0.0 ], [ 110.932890161639193, -6.863427854709557, 0.0 ] ] ] ] } },
{ "type": "Feature", "properties": { "Name": "TRIMULYO", "VILLAGES": "Trimulyo", "CC_4": "3318020010", "SUB_DIST": "Kayen", "DISTRICT": "Pati", "GID_4": "IDN.10.21.10.17_1", "AREA_HA": 341 }, "geometry": { "type": "MultiPolygon", "coordinates": [ [ [ [ 110.958479577570301, -6.901347248540377, 0.0 ], [ 110.958066805620902, -6.901329711119735, 0.0 ], [ 110.959506427154594, -6.899729326645346, 0.0 ], [ 110.959810788974593, -6.897693166545209, 0.0 ], [ 110.961027933438203, -6.896279278962489, 0.0 ], [ 110.961432730111497, -6.896510292519321, 0.0 ], [ 110.961789381035302, -6.895801464010473, 0.0 ], [ 110.962057543691401, -6.894942933117734, 0.0 ], [ 110.962107658464305, -6.894666807867898, 0.0 ], [ 110.962346027016395, -6.894165707427783, 0.0 ], [ 110.963086143984398, -6.893121162591498, 0.0 ], [ 110.963382270550895, -6.892735359508531, 0.0 ], [ 110.963762324511606, -6.892868039671955, 0.0 ], [ 110.964240946085596, -6.89096682710464, 0.0 ], [ 110.964343178063004, -6.890720536096161, 0.0 ], [ 110.964319011333998, -6.890366514773925, 0.0 ], [ 110.964297570765893, -6.889743948915577, 0.0 ], [ 110.963875791139998, -6.889367766764169, 0.0 ], [ 110.963610533288801, -6.888868038995183, 0.0 ], [ 110.963458707497395, -6.888296729598829, 0.0 ], [ 110.962842268270805, -6.88814234234868, 0.0 ], [ 110.962960307732899, -6.887653970507633, 0.0 ], [ 110.963693061198299, -6.887901663953554, 0.0 ], [ 110.963925322685498, -6.888039341985643, 0.0 ], [ 110.964074194460395, -6.887749498758596, 0.0 ], [ 110.963923886380201, -6.887667802155461, 0.0 ], [ 110.964053176080398, -6.886608524665094, 0.0 ], [ 110.964649440176302, -6.886429951342237, 0.0 ], [ 110.964966280848898, -6.886401823806543, 0.0 ], [ 110.965788399936599, -6.886355772715131, 0.0 ], [ 110.966315805701399, -6.886265512273074, 0.0 ], [ 110.966509014809304, -6.88618069197539, 0.0 ], [ 110.966689662861, -6.885948020359479, 0.0 ], [ 110.966982776610706, -6.885516449109088, 0.0 ], [ 110.967329180547196, -6.885195871219287, 0.0 ], [ 110.967241654935194, -6.885069875914755, 0.0 ], [ 110.967227940661303, -6.884846657852451, 0.0 ], [ 110.967250169146794, -6.884496975552657, 0.0 ], [ 110.967283910357693, -6.884265418674085, 0.0 ], [ 110.968160740284205, -6.884188427441258, 0.0 ], [ 110.968327915786801, -6.88410151431267, 0.0 ], [ 110.968171621079307, -6.884958447543285, 0.0 ], [ 110.968121118964206, -6.885224354219273, 0.0 ], [ 110.968208157708503, -6.885494643923728, 0.0 ], [ 110.968319118468898, -6.885591384455219, 0.0 ], [ 110.968445246277597, -6.885560313413325, 0.0 ], [ 110.968498047591794, -6.885699315240119, 0.0 ], [ 110.968630424018102, -6.885755336497972, 0.0 ], [ 110.968830140934301, -6.885904668964933, 0.0 ], [ 110.968900121343097, -6.886016995048246, 0.0 ], [ 110.9688525261476, -6.886082253296839, 0.0 ], [ 110.969063917329393, -6.886187459242825, 0.0 ], [ 110.969164433633495, -6.886149273942924, 0.0 ], [ 110.969198142394205, -6.886188274941754, 0.0 ], [ 110.969209259193704, -6.886303128903532, 0.0 ], [ 110.969301474045906, -6.886403793588788, 0.0 ], [ 110.9694997941709, -6.886277720718626, 0.0 ], [ 110.969516776176405, -6.886188637178969, 0.0 ], [ 110.969463517194697, -6.886100558188902, 0.0 ], [ 110.969581567237796, -6.885889119293123, 0.0 ], [ 110.9699867908096, -6.886049969900058, 0.0 ], [ 110.969935156503198, -6.88618996120153, 0.0 ], [ 110.970065192430397, -6.886231958610931, 0.0 ], [ 110.970150299582698, -6.886189489482128, 0.0 ], [ 110.970142484755499, -6.886086565614995, 0.0 ], [ 110.970582643722395, -6.88614752026607, 0.0 ], [ 110.970560457745293, -6.886408366226564, 0.0 ], [ 110.970726810458203, -6.886439407160338, 0.0 ], [ 110.970738736138799, -6.886550671890308, 0.0 ], [ 110.971170933746393, -6.886820579788134, 0.0 ], [ 110.971052862730204, -6.887241773159269, 0.0 ], [ 110.970664334890401, -6.887406595629655, 0.0 ], [ 110.970621893071595, -6.887194703236641, 0.0 ], [ 110.970443629021702, -6.887214627590196, 0.0 ], [ 110.970400927095895, -6.887463727601639, 0.0 ], [ 110.969754580082096, -6.887431881007474, 0.0 ], [ 110.969509775235096, -6.887431686039743, 0.0 ], [ 110.969461017223097, -6.887797356008573, 0.0 ], [ 110.968868198764397, -6.887777619616299, 0.0 ], [ 110.968831868323903, -6.888169942503535, 0.0 ], [ 110.968704379183606, -6.888311714106887, 0.0 ], [ 110.968382665395694, -6.888294166066234, 0.0 ], [ 110.968411793463304, -6.887785315718252, 0.0 ], [ 110.968226985678101, -6.887703260662409, 0.0 ], [ 110.968182965428397, -6.887556340939345, 0.0 ], [ 110.967923879307804, -6.887528740783794, 0.0 ], [ 110.967757152425193, -6.887620059294469, 0.0 ], [ 110.967736505190103, -6.887807045702956, 0.0 ], [ 110.967503897065697, -6.887785706405906, 0.0 ], [ 110.967457431242494, -6.888370952968128, 0.0 ], [ 110.967068617269504, -6.888358730535751, 0.0 ], [ 110.967129877260902, -6.887872251419801, 0.0 ], [ 110.966961226690501, -6.887872235909128, 0.0 ], [ 110.9669136611639, -6.887973321433366, 0.0 ], [ 110.966415345015605, -6.887789933340195, 0.0 ], [ 110.966253840442405, -6.887864744613482, 0.0 ], [ 110.965973759896599, -6.888964008845162, 0.0 ], [ 110.966465138131099, -6.889061240603266, 0.0 ], [ 110.966400593375099, -6.889257850423201, 0.0 ], [ 110.9660103947338, -6.889242016208988, 0.0 ], [ 110.966076454794901, -6.889455300761989, 0.0 ], [ 110.9669421367675, -6.889549806816322, 0.0 ], [ 110.967083940554502, -6.889353802342799, 0.0 ], [ 110.967494671858503, -6.889395676737769, 0.0 ], [ 110.967586566081707, -6.889509630203092, 0.0 ], [ 110.9677690343769, -6.889496986801937, 0.0 ], [ 110.967723740858105, -6.889683708638279, 0.0 ], [ 110.968050079189098, -6.889769545156099, 0.0 ], [ 110.968106495959603, -6.889509740887489, 0.0 ], [ 110.9677924878075, -6.889442740824678, 0.0 ], [ 110.967964097136104, -6.888850490538351, 0.0 ], [ 110.968772358696597, -6.888923352217209, 0.0 ], [ 110.968749996320994, -6.889256307937876, 0.0 ], [ 110.968914075551297, -6.889682995377378, 0.0 ], [ 110.969290683944195, -6.889950905099488, 0.0 ], [ 110.969393849781497, -6.889874599310293, 0.0 ], [ 110.969643745157697, -6.889742471714672, 0.0 ], [ 110.969831100584699, -6.88977656503988, 0.0 ], [ 110.969865648347294, -6.890207124181927, 0.0 ], [ 110.969738901420001, -6.890653996004708, 0.0 ], [ 110.969708148314396, -6.891209246960319, 0.0 ], [ 110.970216651870899, -6.891240474168764, 0.0 ], [ 110.970553868889198, -6.891221282106349, 0.0 ], [ 110.970591263626204, -6.890976967891794, 0.0 ], [ 110.971018866820501, -6.890982250513107, 0.0 ], [ 110.971054292722101, -6.89065688536848, 0.0 ], [ 110.970823189298798, -6.890090125399007, 0.0 ], [ 110.970727186400097, -6.889680084085519, 0.0 ], [ 110.970777721744696, -6.889237342592353, 0.0 ], [ 110.970373101184293, -6.889245981265776, 0.0 ], [ 110.970404460703307, -6.888604746245973, 0.0 ], [ 110.970598660095803, -6.888461881429562, 0.0 ], [ 110.970527900460297, -6.88807559900218, 0.0 ], [ 110.970331556560296, -6.888061637158162, 0.0 ], [ 110.970317902427993, -6.887789552957947, 0.0 ], [ 110.970543477960106, -6.887771840308496, 0.0 ], [ 110.970549918580801, -6.887967845479002, 0.0 ], [ 110.970801290208499, -6.888054521496654, 0.0 ], [ 110.971227067050904, -6.888033557390416, 0.0 ], [ 110.971423831338797, -6.888026605721633, 0.0 ], [ 110.971575892497299, -6.887990329151512, 0.0 ], [ 110.971704540137594, -6.887902464952904, 0.0 ], [ 110.971919788382706, -6.887771443906335, 0.0 ], [ 110.972267507949994, -6.88779748686783, 0.0 ], [ 110.972273571759104, -6.888099324968445, 0.0 ], [ 110.973079626019597, -6.888370461754108, 0.0 ], [ 110.973485403956602, -6.888385522454631, 0.0 ], [ 110.973653657767102, -6.888354878672336, 0.0 ], [ 110.973986915179196, -6.888450883373585, 0.0 ], [ 110.973988385665393, -6.8885895822789, 0.0 ], [ 110.974082203262896, -6.888688770438789, 0.0 ], [ 110.974326457326498, -6.88875654886067, 0.0 ], [ 110.974251741639307, -6.889066795463057, 0.0 ], [ 110.974821812459496, -6.889155388091556, 0.0 ], [ 110.974793227406195, -6.88950999653209, 0.0 ], [ 110.974908454178006, -6.889571465380005, 0.0 ], [ 110.974869024535593, -6.890197845075525, 0.0 ], [ 110.975077154497399, -6.89019848079347, 0.0 ], [ 110.975118884153105, -6.890523201664259, 0.0 ], [ 110.975371949647595, -6.890536445071974, 0.0 ], [ 110.9753216605002, -6.890839277229426, 0.0 ], [ 110.975577443126397, -6.890828638820412, 0.0 ], [ 110.975597652448798, -6.890336715442314, 0.0 ], [ 110.975378298674997, -6.890283654404977, 0.0 ], [ 110.975398081804798, -6.890137999900581, 0.0 ], [ 110.975530925182198, -6.890186317931596, 0.0 ], [ 110.975517293435999, -6.889896307315612, 0.0 ], [ 110.975437461112094, -6.889839113927175, 0.0 ], [ 110.975468312911403, -6.889644430543573, 0.0 ], [ 110.975698155605798, -6.889748920161401, 0.0 ], [ 110.975659518369497, -6.889989885303796, 0.0 ], [ 110.975849276465397, -6.890020775931895, 0.0 ], [ 110.975942231925799, -6.889800013192275, 0.0 ], [ 110.976130425775096, -6.889862940028048, 0.0 ], [ 110.976278361809193, -6.889519079915064, 0.0 ], [ 110.976476665912301, -6.889649130072404, 0.0 ], [ 110.976507352635394, -6.88935391300447, 0.0 ], [ 110.9764338835177, -6.889214463763332, 0.0 ], [ 110.976509955187495, -6.888928532839785, 0.0 ], [ 110.976666865607399, -6.888946651078417, 0.0 ], [ 110.976582865715599, -6.889291664602066, 0.0 ], [ 110.976735939387098, -6.889373785379357, 0.0 ], [ 110.976786653333505, -6.889472937075396, 0.0 ], [ 110.976799704739093, -6.889903222762664, 0.0 ], [ 110.977025774982593, -6.890001564623962, 0.0 ], [ 110.977023804807303, -6.890138213591774, 0.0 ], [ 110.977168599254696, -6.890226679223666, 0.0 ], [ 110.977399765687196, -6.89029036984179, 0.0 ], [ 110.977559541261201, -6.89023338731728, 0.0 ], [ 110.978360580776396, -6.89035869919185, 0.0 ], [ 110.978377633548007, -6.890485727721408, 0.0 ], [ 110.9787494344328, -6.890142238480874, 0.0 ], [ 110.979368335981107, -6.889625685824069, 0.0 ], [ 110.980357854307698, -6.888531580433614, 0.0 ], [ 110.981291356898495, -6.887548424289295, 0.0 ], [ 110.981754317846097, -6.886696654566941, 0.0 ], [ 110.981284509914104, -6.886634550840325, 0.0 ], [ 110.981054463400298, -6.886687431201993, 0.0 ], [ 110.980954364062598, -6.886936811075243, 0.0 ], [ 110.980433667270802, -6.886915793512174, 0.0 ], [ 110.980340043940103, -6.886976832984607, 0.0 ], [ 110.980118045434807, -6.886968434622854, 0.0 ], [ 110.980088061360206, -6.886812980290315, 0.0 ], [ 110.979917783523902, -6.886812386147983, 0.0 ], [ 110.979902872764299, -6.886882768035941, 0.0 ], [ 110.979220801881695, -6.886777002458832, 0.0 ], [ 110.979064231796698, -6.886619126490848, 0.0 ], [ 110.979236524252499, -6.886301651757475, 0.0 ], [ 110.978381848248404, -6.886115660027996, 0.0 ], [ 110.978011752256094, -6.886086777383165, 0.0 ], [ 110.977181209975001, -6.886205952447153, 0.0 ], [ 110.9769061807784, -6.886605690586044, 0.0 ], [ 110.976692069115003, -6.88689568159659, 0.0 ], [ 110.976384407462007, -6.886897672319806, 0.0 ], [ 110.974484730807106, -6.88668984326354, 0.0 ], [ 110.973999303310094, -6.886575541019809, 0.0 ], [ 110.973713650498198, -6.886486563616582, 0.0 ], [ 110.973781462088596, -6.886056470776374, 0.0 ], [ 110.9733886579656, -6.885972847186806, 0.0 ], [ 110.973332477552106, -6.886297805303504, 0.0 ], [ 110.973248526379393, -6.886225065645357, 0.0 ], [ 110.973269541589602, -6.884825290631563, 0.0 ], [ 110.973023308714104, -6.884802730286482, 0.0 ], [ 110.973095088588707, -6.884373716890596, 0.0 ], [ 110.973089268155306, -6.884120811970203, 0.0 ], [ 110.972625674854896, -6.884018107367993, 0.0 ], [ 110.971895188161596, -6.884123387080068, 0.0 ], [ 110.971896706265795, -6.883908644231676, 0.0 ], [ 110.971622022111504, -6.883756511998682, 0.0 ], [ 110.971542353795201, -6.883465313788429, 0.0 ], [ 110.971564496033807, -6.882862192487521, 0.0 ], [ 110.972151336339607, -6.882776142488114, 0.0 ], [ 110.9723199291452, -6.882728977170493, 0.0 ], [ 110.9724389219638, -6.882643263803606, 0.0 ], [ 110.973176714642506, -6.882479197802056, 0.0 ], [ 110.9733194795907, -6.882292040748506, 0.0 ], [ 110.973559339267496, -6.882051087911861, 0.0 ], [ 110.973859315308303, -6.881489878279654, 0.0 ], [ 110.973919495602601, -6.881183573774487, 0.0 ], [ 110.974021635079495, -6.880871085297121, 0.0 ], [ 110.974147289916104, -6.880483658030354, 0.0 ], [ 110.974113014269506, -6.879617146459752, 0.0 ], [ 110.974083329720997, -6.879059176219353, 0.0 ], [ 110.974037316652499, -6.878809564897815, 0.0 ], [ 110.973970727711205, -6.878632763128709, 0.0 ], [ 110.973954487656897, -6.878277154720748, 0.0 ], [ 110.973882958587794, -6.877967223925635, 0.0 ], [ 110.973881958452694, -6.877605183736813, 0.0 ], [ 110.973801737720507, -6.877269917211177, 0.0 ], [ 110.973803907496603, -6.877101546459516, 0.0 ], [ 110.973769304493999, -6.876623968297289, 0.0 ], [ 110.973724314274904, -6.876118609005286, 0.0 ], [ 110.974336179816504, -6.876068505760068, 0.0 ], [ 110.974936319398694, -6.876137660890428, 0.0 ], [ 110.975238515003198, -6.876163171850821, 0.0 ], [ 110.975604749962699, -6.876307232994663, 0.0 ], [ 110.975626133333606, -6.876155030001507, 0.0 ], [ 110.976580854302995, -6.876298563307259, 0.0 ], [ 110.976856468211906, -6.876205942933737, 0.0 ], [ 110.977188853225698, -6.876188776518846, 0.0 ], [ 110.977532759100001, -6.876068388997181, 0.0 ], [ 110.978363585967799, -6.876102849637921, 0.0 ], [ 110.978906378390803, -6.876043924631888, 0.0 ], [ 110.9793809165661, -6.876200635833961, 0.0 ], [ 110.979708814110793, -6.876192239110512, 0.0 ], [ 110.980313330012507, -6.876267542120515, 0.0 ], [ 110.980568044784206, -6.876343132271625, 0.0 ], [ 110.980965195121499, -6.876411199532408, 0.0 ], [ 110.981200909957806, -6.876510164151033, 0.0 ], [ 110.981778161521305, -6.877008964871455, 0.0 ], [ 110.982070700813395, -6.877280798617444, 0.0 ], [ 110.982058244965501, -6.877754181765375, 0.0 ], [ 110.982214275093696, -6.878150200642256, 0.0 ], [ 110.982377774951701, -6.878337146874559, 0.0 ], [ 110.9828202628497, -6.878725072568028, 0.0 ], [ 110.983156342326694, -6.878826740412917, 0.0 ], [ 110.9834196052783, -6.878789244439823, 0.0 ], [ 110.983618215487795, -6.878836085155404, 0.0 ], [ 110.983907187244895, -6.878975020798914, 0.0 ], [ 110.983992011779506, -6.879178930255178, 0.0 ], [ 110.984045460613004, -6.879260074567587, 0.0 ], [ 110.984117139902693, -6.879295041373813, 0.0 ], [ 110.984226478085802, -6.879405887219537, 0.0 ], [ 110.984315565369201, -6.879444718181482, 0.0 ], [ 110.984363626955599, -6.879521108540045, 0.0 ], [ 110.984430671930198, -6.879835711180579, 0.0 ], [ 110.984357631979904, -6.88009809074105, 0.0 ], [ 110.9843080370553, -6.88027936387194, 0.0 ], [ 110.984245667266606, -6.880418836465392, 0.0 ], [ 110.984322965049799, -6.88057453202584, 0.0 ], [ 110.984904282583003, -6.880798618911538, 0.0 ], [ 110.985332360471205, -6.880675939912093, 0.0 ], [ 110.9856830089293, -6.881022718015431, 0.0 ], [ 110.985946524527805, -6.881372400661241, 0.0 ], [ 110.986161602356603, -6.881621753090725, 0.0 ], [ 110.9863008518453, -6.881769893188332, 0.0 ], [ 110.986522891166302, -6.881872315140661, 0.0 ], [ 110.9868011388795, -6.882041839185466, 0.0 ], [ 110.986868151269206, -6.882083355672747, 0.0 ], [ 110.986970234699299, -6.882235503201886, 0.0 ], [ 110.987282026118095, -6.882543100170636, 0.0 ], [ 110.987429522893507, -6.882916393754602, 0.0 ], [ 110.987663685799006, -6.883202530096467, 0.0 ], [ 110.987767186765396, -6.88327523351199, 0.0 ], [ 110.988005222377595, -6.883404567788754, 0.0 ], [ 110.9883605928393, -6.88354827903088, 0.0 ], [ 110.988682579517999, -6.883673976683768, 0.0 ], [ 110.988955982802594, -6.883653963804043, 0.0 ], [ 110.989176416097393, -6.883561168647492, 0.0 ], [ 110.989517147435095, -6.88336073959624, 0.0 ], [ 110.989841653952695, -6.883420369590975, 0.0 ], [ 110.989974393399294, -6.883424825371422, 0.0 ], [ 110.990191042694306, -6.883429398407558, 0.0 ], [ 110.990372366306602, -6.883416976292103, 0.0 ], [ 110.990755918919007, -6.883626519473617, 0.0 ], [ 110.991145159105798, -6.883826226262704, 0.0 ], [ 110.991331439424698, -6.883954792503431, 0.0 ], [ 110.991555783730703, -6.884042379939625, 0.0 ], [ 110.991616412957299, -6.884062893691856, 0.0 ], [ 110.991621501010002, -6.884264159172032, 0.0 ], [ 110.991609161362106, -6.884374544626835, 0.0 ], [ 110.991711643767403, -6.884818047709237, 0.0 ], [ 110.991733644849205, -6.885090971063164, 0.0 ], [ 110.991684494741904, -6.88528900226862, 0.0 ], [ 110.991503572184598, -6.885669534256612, 0.0 ], [ 110.991362767579702, -6.885955426285099, 0.0 ], [ 110.991351386764293, -6.886101232481453, 0.0 ], [ 110.991300481229601, -6.886216168520504, 0.0 ], [ 110.991297759667702, -6.886241833290573, 0.0 ], [ 110.991270727221902, -6.886281656928279, 0.0 ], [ 110.991127346334494, -6.886252623816948, 0.0 ], [ 110.991084929609798, -6.886477785720378, 0.0 ], [ 110.991143636515503, -6.886529351846739, 0.0 ], [ 110.991057901166499, -6.88681288466226, 0.0 ], [ 110.9909205764164, -6.887026718897544, 0.0 ], [ 110.990857828252899, -6.88707484770099, 0.0 ], [ 110.990603365535804, -6.887024256571205, 0.0 ], [ 110.990607484677298, -6.886790152605898, 0.0 ], [ 110.989908679874006, -6.886723885465815, 0.0 ], [ 110.989785898729906, -6.886923912544387, 0.0 ], [ 110.989781401276304, -6.886972651537219, 0.0 ], [ 110.989451660351605, -6.88695511940089, 0.0 ], [ 110.989436593498795, -6.887242165935048, 0.0 ], [ 110.989140186199293, -6.887271022066638, 0.0 ], [ 110.988900704186406, -6.887297145093623, 0.0 ], [ 110.988673563522298, -6.887244005295419, 0.0 ], [ 110.988509825135196, -6.88720895237236, 0.0 ], [ 110.988357980856705, -6.887397731633176, 0.0 ], [ 110.988212710856601, -6.887447073996547, 0.0 ], [ 110.988039484392104, -6.887453612534509, 0.0 ], [ 110.988074218229102, -6.887566211056073, 0.0 ], [ 110.988115140121806, -6.887601988411468, 0.0 ], [ 110.988070991643099, -6.887960270208308, 0.0 ], [ 110.987586379773404, -6.887984262024174, 0.0 ], [ 110.987577707559396, -6.887677589852643, 0.0 ], [ 110.987197312441396, -6.88761597365309, 0.0 ], [ 110.986609961256505, -6.887538595567718, 0.0 ], [ 110.986426527740605, -6.887491186472463, 0.0 ], [ 110.986480743053804, -6.887215032777569, 0.0 ], [ 110.986601803649805, -6.887214796779853, 0.0 ], [ 110.986650228726901, -6.887214812987967, 0.0 ], [ 110.986680600290001, -6.886944198681206, 0.0 ], [ 110.987208560018502, -6.88707175858638, 0.0 ], [ 110.987250691213504, -6.886813238384835, 0.0 ], [ 110.987300734886205, -6.886658344308396, 0.0 ], [ 110.987418447329901, -6.886249130856179, 0.0 ], [ 110.986636802912599, -6.886161653091418, 0.0 ], [ 110.986567649584501, -6.886849012077961, 0.0 ], [ 110.986432612384206, -6.886834756794342, 0.0 ], [ 110.986434790646896, -6.886519593911076, 0.0 ], [ 110.986212452471406, -6.886516445964729, 0.0 ], [ 110.985872968807996, -6.886209100115761, 0.0 ], [ 110.984685103460393, -6.886194475355358, 0.0 ], [ 110.984641950761699, -6.886768327093327, 0.0 ], [ 110.984404944035006, -6.886771971124984, 0.0 ], [ 110.984358149472797, -6.887271552277656, 0.0 ], [ 110.984227355465194, -6.887248101618595, 0.0 ], [ 110.983938747218701, -6.887191314859102, 0.0 ], [ 110.984049634840005, -6.886260541210647, 0.0 ], [ 110.983736857144905, -6.886199889291308, 0.0 ], [ 110.983371392018199, -6.886097940318979, 0.0 ], [ 110.983452045036699, -6.885849828361184, 0.0 ], [ 110.982815681910694, -6.886208879434629, 0.0 ], [ 110.982114972358104, -6.886554126415885, 0.0 ], [ 110.981850527543898, -6.886732107103815, 0.0 ], [ 110.981639165616599, -6.887125792342718, 0.0 ], [ 110.981449015340601, -6.887481808965592, 0.0 ], [ 110.9808186117899, -6.88825507390689, 0.0 ], [ 110.980510772410497, -6.888493111513263, 0.0 ], [ 110.979817884542996, -6.889262079672875, 0.0 ], [ 110.979487250878407, -6.889617012267996, 0.0 ], [ 110.979070624763096, -6.890018946399969, 0.0 ], [ 110.978881929941593, -6.89023356484062, 0.0 ], [ 110.979118906138197, -6.890277936492985, 0.0 ], [ 110.979093378080805, -6.890552953527651, 0.0 ], [ 110.979312392152906, -6.890591854102256, 0.0 ], [ 110.979306406059806, -6.890750584813092, 0.0 ], [ 110.979735423671301, -6.890801677974314, 0.0 ], [ 110.979785954243596, -6.890544901952234, 0.0 ], [ 110.979914648331004, -6.890564933122078, 0.0 ], [ 110.979915342218902, -6.890617091317382, 0.0 ], [ 110.9802519522555, -6.890755538801194, 0.0 ], [ 110.9803184135896, -6.890653680855997, 0.0 ], [ 110.980426624824702, -6.890680360931742, 0.0 ], [ 110.980388580155093, -6.890791277887706, 0.0 ], [ 110.980840121179995, -6.890902923356178, 0.0 ], [ 110.981176769511805, -6.890876611605328, 0.0 ], [ 110.981645682756493, -6.890896434412763, 0.0 ], [ 110.982213326141903, -6.890961635186375, 0.0 ], [ 110.982161145598795, -6.891429559102342, 0.0 ], [ 110.982255174103599, -6.891491509698801, 0.0 ], [ 110.982225667605505, -6.891838771763208, 0.0 ], [ 110.982187521903697, -6.89207707929664, 0.0 ], [ 110.982379991234396, -6.891968394678843, 0.0 ], [ 110.982532848285004, -6.891805143566659, 0.0 ], [ 110.982915497112302, -6.891455514937839, 0.0 ], [ 110.983003552436202, -6.891385904378213, 0.0 ], [ 110.983353316253698, -6.891344574061158, 0.0 ], [ 110.983425273095605, -6.891047983477905, 0.0 ], [ 110.983786242545904, -6.891115818273527, 0.0 ], [ 110.983989117061995, -6.890867211314831, 0.0 ], [ 110.984027932096296, -6.890715012288468, 0.0 ], [ 110.985093324821307, -6.890797195338168, 0.0 ], [ 110.985127760951599, -6.889968089458687, 0.0 ], [ 110.984103136473294, -6.889941042186729, 0.0 ], [ 110.9841257811145, -6.889715898255767, 0.0 ], [ 110.984477572041797, -6.889573966350917, 0.0 ], [ 110.984847204109499, -6.88962445411269, 0.0 ], [ 110.985086387949494, -6.8896186228828, 0.0 ], [ 110.9851084666482, -6.889537384859931, 0.0 ], [ 110.985414031377999, -6.889556540579908, 0.0 ], [ 110.985432212086295, -6.889858604155328, 0.0 ], [ 110.985579335669598, -6.889801877059155, 0.0 ], [ 110.985574445184795, -6.889515790440699, 0.0 ], [ 110.985738916327804, -6.88951916319219, 0.0 ], [ 110.9857694957945, -6.889749399994652, 0.0 ], [ 110.985890417476199, -6.889727452028509, 0.0 ], [ 110.985876567426999, -6.889519227019611, 0.0 ], [ 110.986266739705499, -6.889437654905318, 0.0 ], [ 110.987191058199102, -6.889462732027108, 0.0 ], [ 110.987899318402199, -6.889577762755787, 0.0 ], [ 110.987716341672794, -6.88961800832655, 0.0 ], [ 110.9870270925461, -6.88969550716932, 0.0 ], [ 110.986198495542396, -6.890190680624104, 0.0 ], [ 110.9859400324668, -6.890369260298385, 0.0 ], [ 110.985094547753604, -6.89109872991062, 0.0 ], [ 110.984928393788906, -6.891270202116904, 0.0 ], [ 110.984641908576407, -6.89138986693233, 0.0 ], [ 110.984249904835195, -6.89146052335766, 0.0 ], [ 110.983936690736599, -6.891440292047632, 0.0 ], [ 110.983555791898496, -6.89139588187591, 0.0 ], [ 110.983319667278394, -6.891387169881604, 0.0 ], [ 110.982998235704599, -6.891425343447028, 0.0 ], [ 110.982694722143194, -6.891690695172379, 0.0 ], [ 110.982209581710293, -6.892136976171694, 0.0 ], [ 110.981988211969096, -6.892131879261889, 0.0 ], [ 110.981983229514597, -6.891868078768813, 0.0 ], [ 110.9818263000071, -6.891851815939888, 0.0 ], [ 110.981824130461604, -6.891718583012074, 0.0 ], [ 110.981741970642702, -6.891717954535968, 0.0 ], [ 110.981705242333305, -6.891867897742832, 0.0 ], [ 110.981515475463198, -6.891812473069493, 0.0 ], [ 110.981001022234807, -6.891879489923147, 0.0 ], [ 110.980806034748099, -6.891828281561798, 0.0 ], [ 110.980753546970405, -6.892098319155776, 0.0 ], [ 110.981122011408502, -6.892130593714774, 0.0 ], [ 110.981078659209899, -6.892369782023008, 0.0 ], [ 110.980833572101702, -6.892360137640943, 0.0 ], [ 110.980780644467103, -6.892359881756192, 0.0 ], [ 110.980768301121998, -6.892456965241683, 0.0 ], [ 110.980525522364701, -6.892426613411273, 0.0 ], [ 110.980455507417602, -6.893074676695148, 0.0 ], [ 110.980317448076505, -6.893102406681654, 0.0 ], [ 110.980312029587196, -6.893478836580552, 0.0 ], [ 110.980064448170594, -6.893472189260878, 0.0 ], [ 110.980053944606894, -6.893738546029739, 0.0 ], [ 110.980131538724393, -6.893738689653097, 0.0 ], [ 110.980064260619898, -6.894159183998906, 0.0 ], [ 110.980354294284794, -6.894209053611007, 0.0 ], [ 110.980603316816996, -6.894298209300257, 0.0 ], [ 110.980289742288406, -6.894614284741092, 0.0 ], [ 110.980046598450897, -6.894672104786809, 0.0 ], [ 110.980047588639707, -6.894488177196148, 0.0 ], [ 110.979842868693893, -6.894438339556677, 0.0 ], [ 110.979850230052705, -6.894147926892341, 0.0 ], [ 110.978776202927904, -6.893960224692426, 0.0 ], [ 110.978844749250499, -6.893353763880422, 0.0 ], [ 110.978410621383105, -6.893268773685372, 0.0 ], [ 110.978318199405294, -6.893833595987077, 0.0 ], [ 110.977697816233203, -6.893744757558323, 0.0 ], [ 110.977638072977598, -6.893921279834935, 0.0 ], [ 110.976709114815094, -6.893786661324196, 0.0 ], [ 110.975865452442306, -6.893639316107634, 0.0 ], [ 110.974786132190701, -6.893430353408672, 0.0 ], [ 110.974786058943295, -6.893263082598122, 0.0 ], [ 110.974589576099504, -6.893264239183469, 0.0 ], [ 110.974398903221399, -6.893252173042703, 0.0 ], [ 110.9742751717651, -6.893271268471175, 0.0 ], [ 110.974279044054697, -6.89303081958157, 0.0 ], [ 110.973847288167505, -6.893157393085319, 0.0 ], [ 110.973259352999193, -6.893042211516685, 0.0 ], [ 110.972001335783304, -6.89275946095322, 0.0 ], [ 110.971396793015799, -6.892606699123694, 0.0 ], [ 110.970808263116197, -6.892415197010873, 0.0 ], [ 110.970941269948, -6.891464487910253, 0.0 ], [ 110.970243150154602, -6.891324476640999, 0.0 ], [ 110.969942358775398, -6.891313970832682, 0.0 ], [ 110.969274554195394, -6.891250278933782, 0.0 ], [ 110.968915512842898, -6.891380962301258, 0.0 ], [ 110.968351780295393, -6.891440429185336, 0.0 ], [ 110.968301735593201, -6.891535891805428, 0.0 ], [ 110.967906349981007, -6.891479966146626, 0.0 ], [ 110.967665832165395, -6.891557937500668, 0.0 ], [ 110.967641412857404, -6.891727680003764, 0.0 ], [ 110.968162759495797, -6.891869598683231, 0.0 ], [ 110.968158891307993, -6.892145500715046, 0.0 ], [ 110.968274282527403, -6.892181515204394, 0.0 ], [ 110.968298191866793, -6.891951855764288, 0.0 ], [ 110.968734983208094, -6.892042278279899, 0.0 ], [ 110.968666417020899, -6.892361869392929, 0.0 ], [ 110.968843223867296, -6.892405398013312, 0.0 ], [ 110.968988021975306, -6.892149281840125, 0.0 ], [ 110.969449237414693, -6.892459198926474, 0.0 ], [ 110.969255698371597, -6.894173660267747, 0.0 ], [ 110.969891568231404, -6.894246175135692, 0.0 ], [ 110.969859453656895, -6.894534881114152, 0.0 ], [ 110.969665556923104, -6.894648762280288, 0.0 ], [ 110.969551454628302, -6.895040197804181, 0.0 ], [ 110.969375202434094, -6.895371570758174, 0.0 ], [ 110.969086521217307, -6.895540313827127, 0.0 ], [ 110.968714657946293, -6.895631488528382, 0.0 ], [ 110.968177026141106, -6.895964924744693, 0.0 ], [ 110.967791411877101, -6.896248865504707, 0.0 ], [ 110.967484545640801, -6.896519844425107, 0.0 ], [ 110.9671008635421, -6.896907768043736, 0.0 ], [ 110.966721545764699, -6.897442898603568, 0.0 ], [ 110.966699316952102, -6.897494637082128, 0.0 ], [ 110.966896497547495, -6.898153889175571, 0.0 ], [ 110.967010937448805, -6.898577582929819, 0.0 ], [ 110.967069739848597, -6.899144773713051, 0.0 ], [ 110.967153236922101, -6.899990364000516, 0.0 ], [ 110.967160785516199, -6.900115846449482, 0.0 ], [ 110.967106165883607, -6.900393351947931, 0.0 ], [ 110.966442293260101, -6.901028469113232, 0.0 ], [ 110.966229536714707, -6.901251558543663, 0.0 ], [ 110.965822047869196, -6.901268478298129, 0.0 ], [ 110.965478488004607, -6.901311183991222, 0.0 ], [ 110.965359659437397, -6.901340737910293, 0.0 ], [ 110.965277727443393, -6.901246171101678, 0.0 ], [ 110.964319066732799, -6.901485338236264, 0.0 ], [ 110.963237723268506, -6.90180301199555, 0.0 ], [ 110.963124890763694, -6.901829475723689, 0.0 ], [ 110.962825692806206, -6.902268895729637, 0.0 ], [ 110.962777262960103, -6.902118278458062, 0.0 ], [ 110.962621223916301, -6.902045868798643, 0.0 ], [ 110.962432932911199, -6.901952314535816, 0.0 ], [ 110.962466237042193, -6.901815587070642, 0.0 ], [ 110.961997686601606, -6.901771874075717, 0.0 ], [ 110.961701306830804, -6.901785570552205, 0.0 ], [ 110.961401318365006, -6.901694834309858, 0.0 ], [ 110.961277216537596, -6.901530015781844, 0.0 ], [ 110.961023591459707, -6.901451766766096, 0.0 ], [ 110.960840919222207, -6.901352797300662, 0.0 ], [ 110.960753126192401, -6.901353617523887, 0.0 ], [ 110.960755013234902, -6.90126968483513, 0.0 ], [ 110.960640579956504, -6.901182922497905, 0.0 ], [ 110.960686753955102, -6.901083037102818, 0.0 ], [ 110.960460421667705, -6.901053050717241, 0.0 ], [ 110.960407972751199, -6.901133069920902, 0.0 ], [ 110.960168861413706, -6.901151893658216, 0.0 ], [ 110.960097418663395, -6.901382249246375, 0.0 ], [ 110.959602869319596, -6.901226656305754, 0.0 ], [ 110.959522690399695, -6.901226527710715, 0.0 ], [ 110.959485408720496, -6.90141255249455, 0.0 ], [ 110.958479577570301, -6.901347248540377, 0.0 ] ] ] ] } },
{ "type": "Feature", "properties": { "Name": "WUWUR", "VILLAGES": "Wuwur", "CC_4": "3318110001", "SUB_DIST": "Gabus", "DISTRICT": "Pati", "GID_4": "IDN.10.21.4.24_1", "AREA_HA": 336 }, "geometry": { "type": "MultiPolygon", "coordinates": [ [ [ [ 110.996134990683302, -6.840140379077062, 0.0 ], [ 110.996076548717696, -6.840033156360326, 0.0 ], [ 110.996140614654905, -6.83977029705343, 0.0 ], [ 110.996162182822204, -6.839321525474968, 0.0 ], [ 110.997062394843297, -6.83944706755258, 0.0 ], [ 110.9974041230072, -6.839494503879702, 0.0 ], [ 110.997676241558693, -6.839387180377051, 0.0 ], [ 110.997847693250094, -6.838076858369301, 0.0 ], [ 110.999049000612601, -6.838166725829987, 0.0 ], [ 110.9990559640149, -6.838635485854001, 0.0 ], [ 110.999291399515499, -6.838635137452148, 0.0 ], [ 110.999346108941097, -6.838282931992271, 0.0 ], [ 110.999788904185195, -6.838419399576523, 0.0 ], [ 110.999916306464499, -6.838484525810802, 0.0 ], [ 110.999921895323595, -6.83860633384475, 0.0 ], [ 111.000100455491904, -6.838606269550011, 0.0 ], [ 111.000317512872101, -6.838590581818879, 0.0 ], [ 111.0002741903767, -6.839594568703018, 0.0 ], [ 111.001002251541493, -6.839688799395323, 0.0 ], [ 111.001091541395098, -6.838281018294334, 0.0 ], [ 111.001844165393607, -6.83826600992236, 0.0 ], [ 111.001776960228696, -6.839197729947359, 0.0 ], [ 111.001413108833106, -6.839212150675203, 0.0 ], [ 111.001375231791698, -6.839793941812389, 0.0 ], [ 111.001922517409199, -6.839775291787242, 0.0 ], [ 111.001819258274395, -6.841208002945464, 0.0 ], [ 111.002006686549706, -6.841269048561507, 0.0 ], [ 111.002038372980905, -6.841460031829016, 0.0 ], [ 111.0020946357632, -6.841550431518172, 0.0 ], [ 111.002442775201303, -6.841503155227654, 0.0 ], [ 111.002434441737094, -6.841769178177385, 0.0 ], [ 111.002801412300101, -6.841783911812316, 0.0 ], [ 111.003022033862393, -6.841680912463199, 0.0 ], [ 111.003151713484002, -6.841632974597555, 0.0 ], [ 111.003164009011002, -6.841831918333081, 0.0 ], [ 111.002998267378402, -6.841831339802998, 0.0 ], [ 111.0029564016818, -6.842017175781829, 0.0 ], [ 111.003222017389305, -6.842055429082057, 0.0 ], [ 111.002897315811794, -6.8441121853114, 0.0 ], [ 111.002861356110103, -6.844665733230006, 0.0 ], [ 111.002707522702096, -6.845124580616612, 0.0 ], [ 111.0025094593787, -6.845086568217646, 0.0 ], [ 111.002138779184705, -6.844970073151853, 0.0 ], [ 111.001991500263102, -6.844935587963774, 0.0 ], [ 111.001757377580702, -6.844890883635077, 0.0 ], [ 111.001655986979699, -6.844960216194505, 0.0 ], [ 111.001517058211505, -6.845383503955886, 0.0 ], [ 111.000859879116604, -6.845129858909329, 0.0 ], [ 111.000308228090404, -6.845019070295502, 0.0 ], [ 110.999689479199105, -6.844899929223359, 0.0 ], [ 110.999454204769293, -6.845228817831441, 0.0 ], [ 110.999112643390404, -6.845347925696372, 0.0 ], [ 110.99890571441, -6.845390105617454, 0.0 ], [ 110.998533941621602, -6.845434967501084, 0.0 ], [ 110.998369139658607, -6.845430087418477, 0.0 ], [ 110.998224279896604, -6.845582081174294, 0.0 ], [ 110.9980716478358, -6.845582159734396, 0.0 ], [ 110.997410106568196, -6.845756733164806, 0.0 ], [ 110.997103661228905, -6.845793760853968, 0.0 ], [ 110.996620703229794, -6.845893242111387, 0.0 ], [ 110.996292652575406, -6.845963691906641, 0.0 ], [ 110.9960597117622, -6.8460283732608, 0.0 ], [ 110.995592926149797, -6.846027813660968, 0.0 ], [ 110.995317944589701, -6.84603771131053, 0.0 ], [ 110.994682297914807, -6.845841285233513, 0.0 ], [ 110.994399255032604, -6.845763806720788, 0.0 ], [ 110.9943003018372, -6.845724818191014, 0.0 ], [ 110.993803827826596, -6.845492689941603, 0.0 ], [ 110.993197945778803, -6.845218993295537, 0.0 ], [ 110.992668903766003, -6.844998582312816, 0.0 ], [ 110.992048000731302, -6.844784693355184, 0.0 ], [ 110.991488023285399, -6.844503821804501, 0.0 ], [ 110.991275165894095, -6.844429241340722, 0.0 ], [ 110.990913006716099, -6.844271810549089, 0.0 ], [ 110.990519619029399, -6.844085258213342, 0.0 ], [ 110.989894978187394, -6.843796919768167, 0.0 ], [ 110.9891590825073, -6.843484270484884, 0.0 ], [ 110.988709437094897, -6.843319069881708, 0.0 ], [ 110.988198514838601, -6.843098618657589, 0.0 ], [ 110.9878985579128, -6.842976076165847, 0.0 ], [ 110.9873663456694, -6.842850074443653, 0.0 ], [ 110.986793968955197, -6.842681696302011, 0.0 ], [ 110.986501772939803, -6.842601317306761, 0.0 ], [ 110.986164549827194, -6.842513219846388, 0.0 ], [ 110.985820989451895, -6.842447603821387, 0.0 ], [ 110.985237172950704, -6.842327882509144, 0.0 ], [ 110.984759511412804, -6.842293190870675, 0.0 ], [ 110.984261982812797, -6.842201845623923, 0.0 ], [ 110.983860310297104, -6.842143274913413, 0.0 ], [ 110.983416507053093, -6.842072204005895, 0.0 ], [ 110.983125866746903, -6.842024450603402, 0.0 ], [ 110.982971272872007, -6.841995172877112, 0.0 ], [ 110.9823228009937, -6.841754007224483, 0.0 ], [ 110.982087262075297, -6.841624097728985, 0.0 ], [ 110.981616340624399, -6.841277302744299, 0.0 ], [ 110.981213931282397, -6.840948411238962, 0.0 ], [ 110.980753398915596, -6.840607729073194, 0.0 ], [ 110.980500855053705, -6.840403537435562, 0.0 ], [ 110.9802288645201, -6.840218610800741, 0.0 ], [ 110.9796220781502, -6.839739302950049, 0.0 ], [ 110.979076813634194, -6.83932213350163, 0.0 ], [ 110.978114793166796, -6.838599851305673, 0.0 ], [ 110.977614447465996, -6.838240598312066, 0.0 ], [ 110.977147200527497, -6.837900559639362, 0.0 ], [ 110.976748286704094, -6.837655646658158, 0.0 ], [ 110.9763544712807, -6.83743680254589, 0.0 ], [ 110.976059240910701, -6.837261296964593, 0.0 ], [ 110.975715205223693, -6.837036489418655, 0.0 ], [ 110.975512472853097, -6.836952927276056, 0.0 ], [ 110.975373348653093, -6.83684963695688, 0.0 ], [ 110.974915754828899, -6.836712375907905, 0.0 ], [ 110.974589505807998, -6.836585567488226, 0.0 ], [ 110.974253641615704, -6.836527649774554, 0.0 ], [ 110.974058670893399, -6.836408950369612, 0.0 ], [ 110.974320706797499, -6.836279062688091, 0.0 ], [ 110.974629392504994, -6.836068907671388, 0.0 ], [ 110.974752061687894, -6.835923724606541, 0.0 ], [ 110.9747620309289, -6.83584334182193, 0.0 ], [ 110.9751207602107, -6.835646989913886, 0.0 ], [ 110.975914770688803, -6.834926730748722, 0.0 ], [ 110.976072065499807, -6.834722502049225, 0.0 ], [ 110.976620014279305, -6.834341292217266, 0.0 ], [ 110.976695577643099, -6.834505701821579, 0.0 ], [ 110.977130897752005, -6.834170886776312, 0.0 ], [ 110.977853671690795, -6.833756742392463, 0.0 ], [ 110.978341626686998, -6.833474348816178, 0.0 ], [ 110.979044727638495, -6.832946068285396, 0.0 ], [ 110.979389692226405, -6.83264010713132, 0.0 ], [ 110.980017492617904, -6.832711927985081, 0.0 ], [ 110.980232210486093, -6.832712103878085, 0.0 ], [ 110.980712340068607, -6.832724759902296, 0.0 ], [ 110.980650949387694, -6.832091310990566, 0.0 ], [ 110.980598583520106, -6.831441436363546, 0.0 ], [ 110.980544356323307, -6.831147990639897, 0.0 ], [ 110.980820664430297, -6.830938675298154, 0.0 ], [ 110.981450913422606, -6.830315066237636, 0.0 ], [ 110.981839389212297, -6.830106323288622, 0.0 ], [ 110.981945258616904, -6.830172325132562, 0.0 ], [ 110.981974554531007, -6.830240743469953, 0.0 ], [ 110.982316823933004, -6.830044508149863, 0.0 ], [ 110.9827536167939, -6.829766211286275, 0.0 ], [ 110.982843019646495, -6.829691961930521, 0.0 ], [ 110.982816337664005, -6.829361114410578, 0.0 ], [ 110.983849930885995, -6.828966802790744, 0.0 ], [ 110.984123136534805, -6.828797782654453, 0.0 ], [ 110.985366417334106, -6.827796296813709, 0.0 ], [ 110.986143892776695, -6.826716479184251, 0.0 ], [ 110.987009444513802, -6.825485461844597, 0.0 ], [ 110.987500820786096, -6.824654549328337, 0.0 ], [ 110.988194826631798, -6.823915870175256, 0.0 ], [ 110.988503126030494, -6.823451902471335, 0.0 ], [ 110.988618174672396, -6.823378826435728, 0.0 ], [ 110.989165336556596, -6.823711618571909, 0.0 ], [ 110.990058288483596, -6.82468974907366, 0.0 ], [ 110.990510672746893, -6.825215089230122, 0.0 ], [ 110.990989654667004, -6.825750371772568, 0.0 ], [ 110.991527467159301, -6.826344443804519, 0.0 ], [ 110.991860178996504, -6.826767561252334, 0.0 ], [ 110.992264942189806, -6.827123028977756, 0.0 ], [ 110.992396165674293, -6.82760753685112, 0.0 ], [ 110.992565586585997, -6.828148487583735, 0.0 ], [ 110.992601128642505, -6.828357569029749, 0.0 ], [ 110.992853964608997, -6.828768053955899, 0.0 ], [ 110.993063711431603, -6.829053114643048, 0.0 ], [ 110.993164358292105, -6.829199063660256, 0.0 ], [ 110.993212289412895, -6.829562254312025, 0.0 ], [ 110.993349116406904, -6.829785729360697, 0.0 ], [ 110.993477016178005, -6.829950461336974, 0.0 ], [ 110.993681204928095, -6.830265720293144, 0.0 ], [ 110.993787878876404, -6.830413160152781, 0.0 ], [ 110.993891679294194, -6.83058390307371, 0.0 ], [ 110.993929052980405, -6.830640614628226, 0.0 ], [ 110.993903115921398, -6.830945166042326, 0.0 ], [ 110.993871400988297, -6.831128673639674, 0.0 ], [ 110.993931482515606, -6.831197078456142, 0.0 ], [ 110.994187829587304, -6.831408638050892, 0.0 ], [ 110.9943809710241, -6.831582707776562, 0.0 ], [ 110.994611432496399, -6.831728619515047, 0.0 ], [ 110.994815191867104, -6.831851707764216, 0.0 ], [ 110.995017353738405, -6.832040309553697, 0.0 ], [ 110.995233334064594, -6.832258634188463, 0.0 ], [ 110.995315697276297, -6.832465338380413, 0.0 ], [ 110.995425566748494, -6.832767079803283, 0.0 ], [ 110.995441223335604, -6.833000939778427, 0.0 ], [ 110.995465746707694, -6.833139366095548, 0.0 ], [ 110.995562742243095, -6.833575423089469, 0.0 ], [ 110.995612967993495, -6.833949508777496, 0.0 ], [ 110.995675421461499, -6.834324692792531, 0.0 ], [ 110.995753466988702, -6.83464159646906, 0.0 ], [ 110.995819575187696, -6.834851116194044, 0.0 ], [ 110.995906356960802, -6.835100402649134, 0.0 ], [ 110.995939189368997, -6.835268548768808, 0.0 ], [ 110.995945273962903, -6.83544750789469, 0.0 ], [ 110.995839302552099, -6.835684001072893, 0.0 ], [ 110.995794385816595, -6.835960280488175, 0.0 ], [ 110.995777481666295, -6.836190370442623, 0.0 ], [ 110.995898584795896, -6.836430193443235, 0.0 ], [ 110.995973615681294, -6.836485397898108, 0.0 ], [ 110.996114079574298, -6.836581917562694, 0.0 ], [ 110.996200256715596, -6.836752415374455, 0.0 ], [ 110.996235553543698, -6.837019612847422, 0.0 ], [ 110.996274195801902, -6.837536707055232, 0.0 ], [ 110.996327319612803, -6.837754082831995, 0.0 ], [ 110.996195730702397, -6.83783215800717, 0.0 ], [ 110.995575136969094, -6.837701568245349, 0.0 ], [ 110.995576012080704, -6.837608446126461, 0.0 ], [ 110.995457636352498, -6.837607811292729, 0.0 ], [ 110.995433393740399, -6.837682883982579, 0.0 ], [ 110.994963167287693, -6.837641359267724, 0.0 ], [ 110.994678288856704, -6.837614101275722, 0.0 ], [ 110.994571574102096, -6.838032489323688, 0.0 ], [ 110.9942478835424, -6.838019756147436, 0.0 ], [ 110.993882898014903, -6.838092008298242, 0.0 ], [ 110.993830536658393, -6.838141849446246, 0.0 ], [ 110.993539390277803, -6.838141918857167, 0.0 ], [ 110.993017511567402, -6.838138819776065, 0.0 ], [ 110.992830438800993, -6.838144394341158, 0.0 ], [ 110.992813029646101, -6.838298253288106, 0.0 ], [ 110.992540385729299, -6.838320038639758, 0.0 ], [ 110.992390040296499, -6.838331313773244, 0.0 ], [ 110.991419832705304, -6.838317033419925, 0.0 ], [ 110.991449837436804, -6.83894654484543, 0.0 ], [ 110.991464777788295, -6.839207401344402, 0.0 ], [ 110.991480470277295, -6.839561336962491, 0.0 ], [ 110.991517718865794, -6.840112865073361, 0.0 ], [ 110.991510791847105, -6.84060807301532, 0.0 ], [ 110.991771460721296, -6.840614639062401, 0.0 ], [ 110.992062807091997, -6.840639841135812, 0.0 ], [ 110.9921369575043, -6.840696058851564, 0.0 ], [ 110.992532838869195, -6.841128872804192, 0.0 ], [ 110.992786405301999, -6.841335932842477, 0.0 ], [ 110.992851240710195, -6.841413424227059, 0.0 ], [ 110.993027297574798, -6.841176552268116, 0.0 ], [ 110.9933914048719, -6.84130894056466, 0.0 ], [ 110.993575897521296, -6.841436285536695, 0.0 ], [ 110.993516033724305, -6.841659188833532, 0.0 ], [ 110.993319953064201, -6.84167764160518, 0.0 ], [ 110.993286789296704, -6.841873010278531, 0.0 ], [ 110.993279462682594, -6.841947966951448, 0.0 ], [ 110.993352103470002, -6.841948235143345, 0.0 ], [ 110.993338488128103, -6.842076515877817, 0.0 ], [ 110.993329713515806, -6.842168249206539, 0.0 ], [ 110.993146293496494, -6.842192528915023, 0.0 ], [ 110.993181738859704, -6.842572057273946, 0.0 ], [ 110.993584524322301, -6.842629296217764, 0.0 ], [ 110.994113348304296, -6.842559228873589, 0.0 ], [ 110.994116384609697, -6.842710827151565, 0.0 ], [ 110.994239143898895, -6.842766699514753, 0.0 ], [ 110.994721596758396, -6.842837532078696, 0.0 ], [ 110.995006159146897, -6.842862934976648, 0.0 ], [ 110.995354944069504, -6.842926785093304, 0.0 ], [ 110.995708004084094, -6.843059746209482, 0.0 ], [ 110.996160874466497, -6.843180594974773, 0.0 ], [ 110.996350373680599, -6.843277037714397, 0.0 ], [ 110.996450849001405, -6.843053101506078, 0.0 ], [ 110.996483129689096, -6.842733416084613, 0.0 ], [ 110.996750588033805, -6.842855444575338, 0.0 ], [ 110.996804659427099, -6.842862134625956, 0.0 ], [ 110.996881083429798, -6.842723797546312, 0.0 ], [ 110.997182384654906, -6.842735794828054, 0.0 ], [ 110.997809192066697, -6.842764441220753, 0.0 ], [ 110.997979956367402, -6.842764609896244, 0.0 ], [ 110.998134505085005, -6.842779931201592, 0.0 ], [ 110.998062316296, -6.843077543544612, 0.0 ], [ 110.998496436964302, -6.843149152280002, 0.0 ], [ 110.998614434870802, -6.843156502228921, 0.0 ], [ 110.998527128632304, -6.843647608634114, 0.0 ], [ 110.998495774377105, -6.843796280058883, 0.0 ], [ 110.998920414770694, -6.843796340454745, 0.0 ], [ 110.999203409108006, -6.843816129037619, 0.0 ], [ 110.9993863656738, -6.843879728708691, 0.0 ], [ 110.999602917532997, -6.844060909445917, 0.0 ], [ 110.999921021365296, -6.844334986603132, 0.0 ], [ 111.000262867157502, -6.844406524683852, 0.0 ], [ 111.00075105626, -6.84455200960904, 0.0 ], [ 111.001078229246403, -6.844683992208397, 0.0 ], [ 111.001527925336802, -6.84481180088875, 0.0 ], [ 111.001683587287999, -6.844836840658254, 0.0 ], [ 111.001776387565599, -6.844837125741104, 0.0 ], [ 111.001867379839993, -6.844647077108048, 0.0 ], [ 111.001956912910202, -6.84437874428597, 0.0 ], [ 111.001982817342096, -6.844306660838276, 0.0 ], [ 111.002359799949502, -6.844520250884165, 0.0 ], [ 111.002707462061906, -6.844625773200346, 0.0 ], [ 111.002785718564695, -6.844406187174364, 0.0 ], [ 111.002821395337605, -6.844311272942251, 0.0 ], [ 111.002867789215799, -6.844215009330898, 0.0 ], [ 111.002792531790305, -6.844197862529848, 0.0 ], [ 111.002768851763506, -6.844283489465863, 0.0 ], [ 111.002641268377602, -6.844233416403984, 0.0 ], [ 111.002565300386394, -6.844177194582043, 0.0 ], [ 111.002635467072494, -6.843966290810836, 0.0 ], [ 111.002505986463404, -6.843894534032531, 0.0 ], [ 111.0024437653897, -6.84406087904961, 0.0 ], [ 111.002305538128297, -6.843972279347271, 0.0 ], [ 111.002370211068097, -6.843765989754814, 0.0 ], [ 111.0023173689099, -6.84375365727457, 0.0 ], [ 111.0022494964538, -6.843894244925609, 0.0 ], [ 111.002032135916906, -6.843797713658432, 0.0 ], [ 111.002103016479595, -6.843526265837728, 0.0 ], [ 111.001932095632895, -6.843515081562963, 0.0 ], [ 111.001912499867004, -6.843215379433239, 0.0 ], [ 111.001668902029394, -6.843201808581227, 0.0 ], [ 111.001639664485197, -6.843077545154478, 0.0 ], [ 111.001323970334298, -6.843049812963011, 0.0 ], [ 111.001200945352295, -6.842906279303222, 0.0 ], [ 111.001113574255896, -6.842619982913487, 0.0 ], [ 111.000882005507904, -6.842374567665567, 0.0 ], [ 111.000782915652806, -6.842267270735154, 0.0 ], [ 111.000678635484405, -6.842081007111468, 0.0 ], [ 111.000631715986799, -6.84193853734172, 0.0 ], [ 111.000475219642297, -6.841953052836718, 0.0 ], [ 111.000291736767593, -6.84221402299631, 0.0 ], [ 111.000158227905899, -6.84238107212424, 0.0 ], [ 111.000025853827495, -6.842493138902445, 0.0 ], [ 110.999859049513702, -6.842486545322943, 0.0 ], [ 110.999689388927806, -6.842387924550593, 0.0 ], [ 110.999554755925601, -6.842246710177258, 0.0 ], [ 110.999388280042595, -6.842103493501584, 0.0 ], [ 110.999261374745203, -6.842005337390554, 0.0 ], [ 110.999129597598596, -6.841948149506687, 0.0 ], [ 110.9989257932681, -6.841883597996342, 0.0 ], [ 110.998867803709402, -6.841766647294433, 0.0 ], [ 110.998965622949498, -6.841589863717914, 0.0 ], [ 110.998989289819406, -6.841304167582444, 0.0 ], [ 110.999003940169302, -6.841073808469671, 0.0 ], [ 110.999014230920906, -6.840978367397916, 0.0 ], [ 110.998863848605595, -6.840917530107159, 0.0 ], [ 110.998564199082907, -6.840813069153311, 0.0 ], [ 110.998401650450901, -6.840719195647698, 0.0 ], [ 110.998055422101501, -6.840592963265437, 0.0 ], [ 110.997947436211305, -6.840514929621677, 0.0 ], [ 110.997781113046102, -6.840482456381151, 0.0 ], [ 110.997552344360102, -6.840457023551948, 0.0 ], [ 110.997186647175496, -6.840385171248299, 0.0 ], [ 110.997009527033796, -6.840326281752613, 0.0 ], [ 110.996754590073706, -6.840233188147843, 0.0 ], [ 110.9963396519491, -6.840180562289483, 0.0 ], [ 110.996134990683302, -6.840140379077062, 0.0 ] ] ] ] } },
{ "type": "Feature", "properties": { "Name": "BALEADI", "VILLAGES": "Baleadi", "CC_4": "3318010012", "SUB_DIST": "Sukolilo", "DISTRICT": "Pati", "GID_4": "IDN.10.21.15.1_1", "AREA_HA": 1053 }, "geometry": { "type": "MultiPolygon", "coordinates": [ [ [ [ 110.878699379389005, -6.940840186419217, 0.0 ], [ 110.878738683280503, -6.940915616887306, 0.0 ], [ 110.878760486349407, -6.941416245284499, 0.0 ], [ 110.878677835953297, -6.941463007395003, 0.0 ], [ 110.878700977410006, -6.941881527850705, 0.0 ], [ 110.878533242798994, -6.942077924941838, 0.0 ], [ 110.878160002434797, -6.941970564141045, 0.0 ], [ 110.877892135668404, -6.941937843100936, 0.0 ], [ 110.877389115536701, -6.942009478039283, 0.0 ], [ 110.877386426687806, -6.942442866382556, 0.0 ], [ 110.876845896043406, -6.942645774642565, 0.0 ], [ 110.876897948585494, -6.942822479630797, 0.0 ], [ 110.876183252831694, -6.943078725402654, 0.0 ], [ 110.875617979005995, -6.943377331094171, 0.0 ], [ 110.875091799320799, -6.943605280658174, 0.0 ], [ 110.874249700990404, -6.943944000273579, 0.0 ], [ 110.873458670129494, -6.944373933084196, 0.0 ], [ 110.872941111207993, -6.944535538785347, 0.0 ], [ 110.872758946506096, -6.944703172228527, 0.0 ], [ 110.872679640169295, -6.944791474109482, 0.0 ], [ 110.871925611519103, -6.945246661568872, 0.0 ], [ 110.8710022715766, -6.9458325281651, 0.0 ], [ 110.870899532032197, -6.945897364564941, 0.0 ], [ 110.870571903684905, -6.945315213173771, 0.0 ], [ 110.870229373451707, -6.944579871956851, 0.0 ], [ 110.869844737064795, -6.943696400083285, 0.0 ], [ 110.869544904286002, -6.942886434350272, 0.0 ], [ 110.868922144117406, -6.942257500889273, 0.0 ], [ 110.867410791311102, -6.940908463789613, 0.0 ], [ 110.866764146394601, -6.940280740134766, 0.0 ], [ 110.866112757607397, -6.939633241759811, 0.0 ], [ 110.865439452194906, -6.939004798748094, 0.0 ], [ 110.864958675381999, -6.938298079310228, 0.0 ], [ 110.864642612283205, -6.937773027226034, 0.0 ], [ 110.864398020682998, -6.937411165832311, 0.0 ], [ 110.864002481684096, -6.936828987646431, 0.0 ], [ 110.863527320586797, -6.93603742782034, 0.0 ], [ 110.863219909530102, -6.935613605622889, 0.0 ], [ 110.863151897085501, -6.934672184770815, 0.0 ], [ 110.863669745445904, -6.933924868742654, 0.0 ], [ 110.864069456853201, -6.933541003031451, 0.0 ], [ 110.864617412724897, -6.932695457208022, 0.0 ], [ 110.864726844822201, -6.931405578248832, 0.0 ], [ 110.864725269513201, -6.93103783751691, 0.0 ], [ 110.864381999244998, -6.930477130990091, 0.0 ], [ 110.864139070630898, -6.930350787441217, 0.0 ], [ 110.863414175684099, -6.93008337439706, 0.0 ], [ 110.862565608049493, -6.929744155472796, 0.0 ], [ 110.861681053700096, -6.929479595193745, 0.0 ], [ 110.860917800778495, -6.929178816447289, 0.0 ], [ 110.860468238099003, -6.929017260031668, 0.0 ], [ 110.860064759910898, -6.928843743240985, 0.0 ], [ 110.859592138566498, -6.928622576170252, 0.0 ], [ 110.859482488601301, -6.928610019537325, 0.0 ], [ 110.858866860983497, -6.927992738768532, 0.0 ], [ 110.858570053289597, -6.927701794120566, 0.0 ], [ 110.858400254650107, -6.927440962401862, 0.0 ], [ 110.858146354296693, -6.927049301205805, 0.0 ], [ 110.857829548812106, -6.926885409195584, 0.0 ], [ 110.857482043711897, -6.926679899728294, 0.0 ], [ 110.857133826575094, -6.926476999821132, 0.0 ], [ 110.856809425342604, -6.926307308139444, 0.0 ], [ 110.856240031246003, -6.926044712688697, 0.0 ], [ 110.855513360530395, -6.925984419027436, 0.0 ], [ 110.854877391947696, -6.925908565898687, 0.0 ], [ 110.854447543721804, -6.92586223431713, 0.0 ], [ 110.853067159685494, -6.925899437097883, 0.0 ], [ 110.852143944028498, -6.925992947474766, 0.0 ], [ 110.850660213350807, -6.92605571343752, 0.0 ], [ 110.850182436186003, -6.926075647685869, 0.0 ], [ 110.849422792237505, -6.926064102715133, 0.0 ], [ 110.848978266271303, -6.926220121221501, 0.0 ], [ 110.848333042196003, -6.926468293863679, 0.0 ], [ 110.847917107933796, -6.926660942420068, 0.0 ], [ 110.847612355682401, -6.926833067952394, 0.0 ], [ 110.847309812062704, -6.927187427674284, 0.0 ], [ 110.847162570126798, -6.926658910615327, 0.0 ], [ 110.846780435498303, -6.926167292840393, 0.0 ], [ 110.846482158211501, -6.925799293452757, 0.0 ], [ 110.846412042509399, -6.925717109814182, 0.0 ], [ 110.846124550646707, -6.925119464471138, 0.0 ], [ 110.845921771172101, -6.924613182271736, 0.0 ], [ 110.845694696604099, -6.924102362013521, 0.0 ], [ 110.845477664956306, -6.923058849082483, 0.0 ], [ 110.845357201820704, -6.922260289120555, 0.0 ], [ 110.845269947845097, -6.921449222692794, 0.0 ], [ 110.845237216215807, -6.920981706969472, 0.0 ], [ 110.845189262015097, -6.920579567130175, 0.0 ], [ 110.845143331960799, -6.920327162858885, 0.0 ], [ 110.845248852712501, -6.9200642775908, 0.0 ], [ 110.8454182267606, -6.919267724860952, 0.0 ], [ 110.845603198284607, -6.918508151577165, 0.0 ], [ 110.846067545941395, -6.917809335231941, 0.0 ], [ 110.846188615236301, -6.917639279323891, 0.0 ], [ 110.846721791531095, -6.917808320733983, 0.0 ], [ 110.8468118826368, -6.917647553069407, 0.0 ], [ 110.846312393053097, -6.91747437742711, 0.0 ], [ 110.846748521816593, -6.916458324761703, 0.0 ], [ 110.847066641022394, -6.915757059554125, 0.0 ], [ 110.848079737212998, -6.914270517991384, 0.0 ], [ 110.8485742258963, -6.913643522996118, 0.0 ], [ 110.848944186466895, -6.913256513566393, 0.0 ], [ 110.849005204612595, -6.913132061964458, 0.0 ], [ 110.849519483576003, -6.913276611894155, 0.0 ], [ 110.849619296628006, -6.913556472638625, 0.0 ], [ 110.849575791311693, -6.91391381905491, 0.0 ], [ 110.849452822767105, -6.91431389401089, 0.0 ], [ 110.851216016334703, -6.914851880076768, 0.0 ], [ 110.851912506947002, -6.915155496909087, 0.0 ], [ 110.852376088366, -6.915560219125288, 0.0 ], [ 110.8527316166943, -6.916038763222949, 0.0 ], [ 110.853026228482193, -6.916458674959479, 0.0 ], [ 110.853414492660306, -6.916549592553663, 0.0 ], [ 110.853931937160297, -6.91672511257894, 0.0 ], [ 110.854205808772505, -6.916836068796818, 0.0 ], [ 110.854187382900093, -6.916927494995508, 0.0 ], [ 110.8546295369879, -6.916992776616088, 0.0 ], [ 110.854723213136694, -6.916997827415772, 0.0 ], [ 110.854888831083898, -6.917015727094141, 0.0 ], [ 110.855027336244802, -6.916729543894087, 0.0 ], [ 110.855104087515201, -6.916433249676233, 0.0 ], [ 110.855195920123506, -6.91625277725071, 0.0 ], [ 110.855368848818003, -6.916215860058704, 0.0 ], [ 110.855569772609002, -6.916251892743731, 0.0 ], [ 110.855758506938002, -6.915849992176362, 0.0 ], [ 110.855938990149298, -6.915910838725623, 0.0 ], [ 110.855913863501996, -6.916103236285405, 0.0 ], [ 110.856240251148805, -6.916176273384643, 0.0 ], [ 110.856359611181603, -6.915772185478015, 0.0 ], [ 110.856619988163004, -6.915790503569728, 0.0 ], [ 110.856605641482801, -6.9159084210348, 0.0 ], [ 110.856772833468099, -6.915897259087006, 0.0 ], [ 110.856618043877504, -6.916598863235913, 0.0 ], [ 110.856611160590802, -6.916686524407054, 0.0 ], [ 110.856859283821194, -6.916711143954385, 0.0 ], [ 110.856898206872899, -6.916441245847057, 0.0 ], [ 110.8569777594995, -6.915870859553958, 0.0 ], [ 110.857152531475293, -6.915851858674156, 0.0 ], [ 110.8571588867581, -6.915964335591678, 0.0 ], [ 110.857522289848305, -6.91597040965407, 0.0 ], [ 110.857831504288797, -6.91599435542236, 0.0 ], [ 110.858349132034903, -6.916100176296326, 0.0 ], [ 110.858119783806202, -6.916878756915701, 0.0 ], [ 110.857629516271302, -6.916891338111488, 0.0 ], [ 110.857580609250505, -6.917162508220118, 0.0 ], [ 110.858488882032404, -6.917292587557428, 0.0 ], [ 110.858612622394503, -6.917113882127667, 0.0 ], [ 110.858491728617196, -6.917042891560006, 0.0 ], [ 110.858619583086096, -6.916386205488493, 0.0 ], [ 110.858868279413798, -6.916410535257985, 0.0 ], [ 110.858847023263607, -6.916544077704305, 0.0 ], [ 110.859041665769894, -6.916625060076022, 0.0 ], [ 110.859095072801594, -6.916538919158175, 0.0 ], [ 110.859228749981796, -6.916574950417927, 0.0 ], [ 110.859265549688701, -6.916828221409392, 0.0 ], [ 110.8595482433782, -6.916791173521082, 0.0 ], [ 110.859787825561298, -6.916648872038683, 0.0 ], [ 110.859917705436203, -6.916830577752098, 0.0 ], [ 110.859944909344904, -6.917031562821768, 0.0 ], [ 110.859884910254195, -6.917171902989078, 0.0 ], [ 110.859729533856097, -6.917202450864436, 0.0 ], [ 110.859642784723306, -6.917455560916275, 0.0 ], [ 110.860019230669494, -6.917594071434458, 0.0 ], [ 110.8601512575556, -6.917506898635091, 0.0 ], [ 110.860247141291893, -6.917220260276741, 0.0 ], [ 110.860368509697807, -6.917358746101352, 0.0 ], [ 110.860511195968996, -6.917212826684956, 0.0 ], [ 110.860543995207607, -6.917357783644196, 0.0 ], [ 110.860450626045406, -6.917519317399644, 0.0 ], [ 110.860488134794295, -6.917709426406817, 0.0 ], [ 110.860257230909298, -6.918019077193377, 0.0 ], [ 110.860341253509404, -6.918113620010686, 0.0 ], [ 110.860478802016999, -6.918022184281829, 0.0 ], [ 110.860640829346494, -6.918030606594096, 0.0 ], [ 110.860486186272098, -6.918223942546943, 0.0 ], [ 110.860402470954696, -6.918504095285269, 0.0 ], [ 110.860717207028003, -6.918637508623315, 0.0 ], [ 110.860864943413105, -6.918300296397719, 0.0 ], [ 110.860683040663801, -6.918214678090301, 0.0 ], [ 110.860687786851003, -6.918096947788568, 0.0 ], [ 110.860933373539098, -6.918204054553796, 0.0 ], [ 110.861022374241301, -6.917996062870821, 0.0 ], [ 110.861291935633005, -6.918472692155009, 0.0 ], [ 110.861018324035697, -6.91875143035965, 0.0 ], [ 110.861221226150107, -6.919108690225274, 0.0 ], [ 110.861546426209202, -6.918862638000063, 0.0 ], [ 110.861651201150195, -6.919113636663598, 0.0 ], [ 110.861493444364299, -6.919319358285159, 0.0 ], [ 110.861823849447106, -6.919596128332406, 0.0 ], [ 110.861995996096297, -6.919837087731827, 0.0 ], [ 110.862160058118405, -6.919980270419648, 0.0 ], [ 110.862044154245396, -6.920249155138219, 0.0 ], [ 110.862147084058194, -6.920272215877339, 0.0 ], [ 110.862370656513605, -6.919927321553261, 0.0 ], [ 110.862406140645803, -6.919806366886369, 0.0 ], [ 110.862785805234296, -6.920133203760983, 0.0 ], [ 110.863144955650498, -6.920501339087943, 0.0 ], [ 110.863515323340593, -6.920586743755566, 0.0 ], [ 110.863655856173196, -6.920077700026109, 0.0 ], [ 110.863304386540406, -6.919951917343067, 0.0 ], [ 110.863171354983905, -6.920326948374685, 0.0 ], [ 110.862895134721896, -6.920101079024044, 0.0 ], [ 110.862975485411894, -6.919889867596395, 0.0 ], [ 110.862657394952905, -6.919701419060592, 0.0 ], [ 110.862304131160897, -6.919446435373914, 0.0 ], [ 110.862442007984598, -6.919221414864241, 0.0 ], [ 110.862277820304001, -6.919142007958022, 0.0 ], [ 110.862175324040706, -6.919249225872534, 0.0 ], [ 110.861972688452596, -6.919114938011854, 0.0 ], [ 110.8617834906631, -6.918998071533602, 0.0 ], [ 110.861637541833403, -6.918846939655931, 0.0 ], [ 110.861754139483693, -6.918606268655269, 0.0 ], [ 110.861884275196203, -6.918168190905409, 0.0 ], [ 110.861611458471998, -6.918041975708083, 0.0 ], [ 110.861652053316504, -6.91783178783238, 0.0 ], [ 110.861226427232907, -6.917715684476335, 0.0 ], [ 110.8612129652074, -6.917526882237213, 0.0 ], [ 110.860995999332204, -6.91744909474988, 0.0 ], [ 110.861154806199195, -6.917140223047555, 0.0 ], [ 110.860831220780398, -6.916993360696844, 0.0 ], [ 110.860802717040201, -6.917051680937242, 0.0 ], [ 110.860698744099395, -6.916996681099883, 0.0 ], [ 110.860601354102698, -6.917041561323106, 0.0 ], [ 110.860330413836394, -6.916725406330364, 0.0 ], [ 110.860467791261399, -6.916361509791014, 0.0 ], [ 110.860501358360096, -6.916096001659496, 0.0 ], [ 110.860595538792793, -6.915845909172441, 0.0 ], [ 110.860789412325801, -6.915703326394776, 0.0 ], [ 110.861279691359996, -6.915790640238736, 0.0 ], [ 110.861768396034606, -6.915953980077162, 0.0 ], [ 110.862497539866396, -6.916065489104684, 0.0 ], [ 110.8623096567689, -6.916507860375939, 0.0 ], [ 110.862439256682407, -6.916584845197782, 0.0 ], [ 110.862596009228994, -6.916045126313097, 0.0 ], [ 110.862748916820806, -6.916083434307421, 0.0 ], [ 110.862817131598305, -6.915846930651623, 0.0 ], [ 110.863126375758, -6.915875421989916, 0.0 ], [ 110.863312049930002, -6.915494239152166, 0.0 ], [ 110.862446419120303, -6.915223563331279, 0.0 ], [ 110.860972495573805, -6.914882932157662, 0.0 ], [ 110.860621167114601, -6.91468048742663, 0.0 ], [ 110.860605403570702, -6.914680680229936, 0.0 ], [ 110.860470467724397, -6.914622305468122, 0.0 ], [ 110.860547709698906, -6.914319710447072, 0.0 ], [ 110.860264296156799, -6.914221415685711, 0.0 ], [ 110.860059185250606, -6.914386428809362, 0.0 ], [ 110.859828646777601, -6.914433588024549, 0.0 ], [ 110.859741848349401, -6.914297842650448, 0.0 ], [ 110.859283770626305, -6.914090194467444, 0.0 ], [ 110.859098748211906, -6.913959013098476, 0.0 ], [ 110.858949551566994, -6.913814340883824, 0.0 ], [ 110.859121321983295, -6.913454507135618, 0.0 ], [ 110.859436125801096, -6.913493617469259, 0.0 ], [ 110.859641337813898, -6.913233213867733, 0.0 ], [ 110.859353124580593, -6.912960486931566, 0.0 ], [ 110.859205896050497, -6.912845232525744, 0.0 ], [ 110.859280996671103, -6.91236981694366, 0.0 ], [ 110.859660403950997, -6.91247150448683, 0.0 ], [ 110.859858573901903, -6.912038052978727, 0.0 ], [ 110.860056587491698, -6.911921971547172, 0.0 ], [ 110.859491597908203, -6.911600112335647, 0.0 ], [ 110.859371702232806, -6.911499703872779, 0.0 ], [ 110.859456167395706, -6.911222215791522, 0.0 ], [ 110.859741246980093, -6.911104278297453, 0.0 ], [ 110.859696360494794, -6.911120570799443, 0.0 ], [ 110.858941027820094, -6.911033015707093, 0.0 ], [ 110.858689792096996, -6.911007407966373, 0.0 ], [ 110.858635650618695, -6.911194848640687, 0.0 ], [ 110.858117760151799, -6.911641910060254, 0.0 ], [ 110.857987268070801, -6.912049505903784, 0.0 ], [ 110.857950111347094, -6.912299985133827, 0.0 ], [ 110.857758476166694, -6.913013861086638, 0.0 ], [ 110.857723747122705, -6.913203511784087, 0.0 ], [ 110.8578864263052, -6.913383585187302, 0.0 ], [ 110.857581400968797, -6.913635106458755, 0.0 ], [ 110.857112612780497, -6.913821435286842, 0.0 ], [ 110.856900169928096, -6.913819627091974, 0.0 ], [ 110.856629596704096, -6.91369342950682, 0.0 ], [ 110.8566880826355, -6.913543883040105, 0.0 ], [ 110.856806675179598, -6.913219120501461, 0.0 ], [ 110.856818028529702, -6.913173886869831, 0.0 ], [ 110.857263790689203, -6.912208067559224, 0.0 ], [ 110.857117415709396, -6.912144512334113, 0.0 ], [ 110.856951496638999, -6.912456687341785, 0.0 ], [ 110.8565363238705, -6.912283174696237, 0.0 ], [ 110.856734932027294, -6.91186203022776, 0.0 ], [ 110.856301414096805, -6.911761218192106, 0.0 ], [ 110.856249361165496, -6.911961613121817, 0.0 ], [ 110.855928166563103, -6.911928865494955, 0.0 ], [ 110.855769874255301, -6.9122945042361, 0.0 ], [ 110.855242233764102, -6.912102102966005, 0.0 ], [ 110.854962278408706, -6.9127866931783, 0.0 ], [ 110.853981346551905, -6.912753194017882, 0.0 ], [ 110.8537155068922, -6.912680081559454, 0.0 ], [ 110.853739055563906, -6.912258546510341, 0.0 ], [ 110.853526380513699, -6.912239915340995, 0.0 ], [ 110.853433708663104, -6.91264894138726, 0.0 ], [ 110.853012897106197, -6.912684113320115, 0.0 ], [ 110.852990748794994, -6.912494804610366, 0.0 ], [ 110.852435841226097, -6.912456048598963, 0.0 ], [ 110.852389884098301, -6.912629927604164, 0.0 ], [ 110.852115126162005, -6.912628782741982, 0.0 ], [ 110.852047889320801, -6.91237066770567, 0.0 ], [ 110.851792156383397, -6.912173907069111, 0.0 ], [ 110.851719297638795, -6.912320766968265, 0.0 ], [ 110.851696041192398, -6.91259727651629, 0.0 ], [ 110.851240737873397, -6.91245883177575, 0.0 ], [ 110.8514689883134, -6.911981912789224, 0.0 ], [ 110.851399301115507, -6.911896138072387, 0.0 ], [ 110.851144195255003, -6.912402989176683, 0.0 ], [ 110.850651099832504, -6.912276553449355, 0.0 ], [ 110.850823976107705, -6.911834734055896, 0.0 ], [ 110.850980869540905, -6.911552365020927, 0.0 ], [ 110.8511718139587, -6.9115543686731, 0.0 ], [ 110.851260181851799, -6.911306175624399, 0.0 ], [ 110.850978114910404, -6.91120015375062, 0.0 ], [ 110.850549482270495, -6.911064767621234, 0.0 ], [ 110.850153190162899, -6.91191132090032, 0.0 ], [ 110.850011773469802, -6.911845843419744, 0.0 ], [ 110.849622631780306, -6.911805102804878, 0.0 ], [ 110.850171860973205, -6.910964005109824, 0.0 ], [ 110.851056961333796, -6.909771506972668, 0.0 ], [ 110.852275303091403, -6.908171896568139, 0.0 ], [ 110.853249752018598, -6.909020834533533, 0.0 ], [ 110.854507615157701, -6.909646763181433, 0.0 ], [ 110.856141474128293, -6.910345623253988, 0.0 ], [ 110.857414529624805, -6.910837808878045, 0.0 ], [ 110.858550325405602, -6.910985480953926, 0.0 ], [ 110.859272246819003, -6.910979222214976, 0.0 ], [ 110.86022373006, -6.911086715124681, 0.0 ], [ 110.860611599562205, -6.911076473233921, 0.0 ], [ 110.861432088448794, -6.911446284238894, 0.0 ], [ 110.861948986693704, -6.911935899035188, 0.0 ], [ 110.862839949733996, -6.912089888024955, 0.0 ], [ 110.864189328085601, -6.912010489402376, 0.0 ], [ 110.865285073335798, -6.912159095915612, 0.0 ], [ 110.866058095724199, -6.912615010070365, 0.0 ], [ 110.867452990514295, -6.913457716939819, 0.0 ], [ 110.868957565208703, -6.914500482153505, 0.0 ], [ 110.871072450434895, -6.915702536204426, 0.0 ], [ 110.872821312117694, -6.916813029167843, 0.0 ], [ 110.873896541591407, -6.918107995316315, 0.0 ], [ 110.875801720184896, -6.918979935825417, 0.0 ], [ 110.878503527184705, -6.919545212787428, 0.0 ], [ 110.880211900803602, -6.919529357125898, 0.0 ], [ 110.881427617848701, -6.918926152188674, 0.0 ], [ 110.881510608415994, -6.918041710492792, 0.0 ], [ 110.882768372977694, -6.918393804836964, 0.0 ], [ 110.8834865049282, -6.91910184480543, 0.0 ], [ 110.884854162928903, -6.919991204708091, 0.0 ], [ 110.886783720918999, -6.919998292294545, 0.0 ], [ 110.887912658272697, -6.920010381924797, 0.0 ], [ 110.888828135491707, -6.919872968715556, 0.0 ], [ 110.890123764215105, -6.920242452785059, 0.0 ], [ 110.890464644095204, -6.920410752174551, 0.0 ], [ 110.8909175422733, -6.920725385157607, 0.0 ], [ 110.891147082763695, -6.920840905240221, 0.0 ], [ 110.891528914575105, -6.921374402102287, 0.0 ], [ 110.891646471765696, -6.921789560577346, 0.0 ], [ 110.891639861069507, -6.9223153311139, 0.0 ], [ 110.891815968014498, -6.922747552077698, 0.0 ], [ 110.891801194971407, -6.923401651061225, 0.0 ], [ 110.891706186506696, -6.923990266865428, 0.0 ], [ 110.891649094101595, -6.924244797295131, 0.0 ], [ 110.891611450837601, -6.924724212461862, 0.0 ], [ 110.8916396873053, -6.925035456216413, 0.0 ], [ 110.891501206858393, -6.925045003473818, 0.0 ], [ 110.891437472234003, -6.925163322388072, 0.0 ], [ 110.891056100812506, -6.925065529420552, 0.0 ], [ 110.890725758188594, -6.9250349866017, 0.0 ], [ 110.890319056446103, -6.924935245316835, 0.0 ], [ 110.8902046078464, -6.924918587492656, 0.0 ], [ 110.890070774999103, -6.924851327704197, 0.0 ], [ 110.890004001669297, -6.924925217000755, 0.0 ], [ 110.890010029610707, -6.924292010929391, 0.0 ], [ 110.889901250821495, -6.924253113859455, 0.0 ], [ 110.889524838998696, -6.92420026526095, 0.0 ], [ 110.889623735444403, -6.923780747412569, 0.0 ], [ 110.889368811011195, -6.923705408321871, 0.0 ], [ 110.889059620459705, -6.923804399324196, 0.0 ], [ 110.889027895361096, -6.923964544472018, 0.0 ], [ 110.888734463995405, -6.924063216708938, 0.0 ], [ 110.888372817418201, -6.924037090478901, 0.0 ], [ 110.888023166756994, -6.924036158329951, 0.0 ], [ 110.8879179283566, -6.923901781548253, 0.0 ], [ 110.887985757605705, -6.92377608797099, 0.0 ], [ 110.887688330732203, -6.923748570403967, 0.0 ], [ 110.887649644904002, -6.923851450702413, 0.0 ], [ 110.887396299434499, -6.923855124780188, 0.0 ], [ 110.887109897322901, -6.924108797612623, 0.0 ], [ 110.886928612034595, -6.924035984889523, 0.0 ], [ 110.886885594393704, -6.924285390398745, 0.0 ], [ 110.887009362982994, -6.924379665793686, 0.0 ], [ 110.886788524514301, -6.924791375352539, 0.0 ], [ 110.887328367523097, -6.925043037169797, 0.0 ], [ 110.887364899314804, -6.925170970514201, 0.0 ], [ 110.8871969865626, -6.925703403772325, 0.0 ], [ 110.887172035616999, -6.926080902322107, 0.0 ], [ 110.8869373206321, -6.926580748881913, 0.0 ], [ 110.886840142659494, -6.926965127662304, 0.0 ], [ 110.887480389286395, -6.927249749225563, 0.0 ], [ 110.887871154956002, -6.927314160795921, 0.0 ], [ 110.887902636979803, -6.92753068335521, 0.0 ], [ 110.888707118219898, -6.927689032735879, 0.0 ], [ 110.888834193597106, -6.927537011707897, 0.0 ], [ 110.889134359883897, -6.927557195434051, 0.0 ], [ 110.889174567204805, -6.927458086356059, 0.0 ], [ 110.889375171321404, -6.927452627502858, 0.0 ], [ 110.889676340775097, -6.927453274481086, 0.0 ], [ 110.889788384121999, -6.927385397350086, 0.0 ], [ 110.890690162196407, -6.92754839406031, 0.0 ], [ 110.890766574526296, -6.927335601629382, 0.0 ], [ 110.890832258213393, -6.927025551385581, 0.0 ], [ 110.891415763305801, -6.927110355398334, 0.0 ], [ 110.891384503141893, -6.926822652307292, 0.0 ], [ 110.891486461033494, -6.926737272714503, 0.0 ], [ 110.891776375227394, -6.926985499334671, 0.0 ], [ 110.891798645513902, -6.927299609089973, 0.0 ], [ 110.891696864523396, -6.927673202453891, 0.0 ], [ 110.891599352754, -6.928023007829376, 0.0 ], [ 110.891550656550805, -6.928420772394881, 0.0 ], [ 110.891403696456806, -6.928508811922072, 0.0 ], [ 110.891053348640398, -6.928528421545611, 0.0 ], [ 110.8907225061037, -6.928537194508976, 0.0 ], [ 110.890382447589602, -6.928556599785716, 0.0 ], [ 110.890267402760003, -6.928591273951998, 0.0 ], [ 110.889998125755199, -6.928784952267451, 0.0 ], [ 110.889795549982196, -6.929033602287206, 0.0 ], [ 110.889765271288496, -6.929133715587358, 0.0 ], [ 110.8897237360014, -6.929551504954016, 0.0 ], [ 110.889769988102699, -6.930112878994441, 0.0 ], [ 110.889871429482895, -6.930543830095009, 0.0 ], [ 110.890270581590997, -6.931158047204732, 0.0 ], [ 110.890629942524299, -6.931251350553411, 0.0 ], [ 110.891378530999305, -6.93152455200825, 0.0 ], [ 110.891636470647796, -6.931638632082898, 0.0 ], [ 110.892074475271997, -6.931875915381571, 0.0 ], [ 110.892496502302293, -6.932162912613144, 0.0 ], [ 110.892650501248099, -6.932671696075898, 0.0 ], [ 110.892733740468401, -6.932932907636194, 0.0 ], [ 110.892812908648494, -6.933262021199719, 0.0 ], [ 110.892972941886399, -6.933385739654087, 0.0 ], [ 110.893038034179796, -6.933577404885001, 0.0 ], [ 110.893122402749896, -6.933906367191334, 0.0 ], [ 110.893126577946802, -6.934205425272139, 0.0 ], [ 110.893308223892802, -6.934531402099295, 0.0 ], [ 110.893457008674602, -6.934858348463159, 0.0 ], [ 110.893421771657103, -6.935139809865243, 0.0 ], [ 110.893414563618904, -6.935382194464929, 0.0 ], [ 110.893449383243293, -6.935590500307625, 0.0 ], [ 110.893423540309001, -6.935734465272513, 0.0 ], [ 110.893621041099806, -6.935763081949119, 0.0 ], [ 110.893742609168299, -6.936026238349688, 0.0 ], [ 110.893752557850803, -6.936353046192433, 0.0 ], [ 110.893731289299893, -6.936748282469122, 0.0 ], [ 110.893198812323206, -6.936733493991684, 0.0 ], [ 110.892985231952807, -6.936658160409956, 0.0 ], [ 110.892829424659496, -6.937405891690836, 0.0 ], [ 110.892629213253102, -6.937387162443018, 0.0 ], [ 110.892458125297196, -6.937179647931761, 0.0 ], [ 110.892501803749596, -6.93664054035293, 0.0 ], [ 110.892547583655698, -6.936193118519362, 0.0 ], [ 110.892422970370703, -6.936188804715774, 0.0 ], [ 110.892259258530899, -6.936065959589513, 0.0 ], [ 110.892291024767502, -6.935775511392473, 0.0 ], [ 110.892162403298002, -6.935643577886426, 0.0 ], [ 110.891936968620897, -6.935652240491126, 0.0 ], [ 110.891528831094206, -6.935522502150055, 0.0 ], [ 110.891612361658503, -6.935378828184101, 0.0 ], [ 110.891515182027703, -6.935219287469581, 0.0 ], [ 110.891524738557294, -6.93485552609804, 0.0 ], [ 110.891700417497802, -6.93481378327593, 0.0 ], [ 110.891818144021798, -6.93511615797955, 0.0 ], [ 110.892025163104506, -6.935084796954158, 0.0 ], [ 110.892060930569897, -6.935270265476233, 0.0 ], [ 110.892200952961204, -6.935344074313591, 0.0 ], [ 110.892438390495798, -6.935337588995242, 0.0 ], [ 110.892625209271003, -6.93540694536455, 0.0 ], [ 110.892640671677199, -6.935814511619627, 0.0 ], [ 110.892867812221198, -6.935890319451949, 0.0 ], [ 110.893231897739696, -6.935887956617073, 0.0 ], [ 110.893227902394997, -6.935818062471492, 0.0 ], [ 110.893119378415093, -6.935767793003712, 0.0 ], [ 110.892912949828499, -6.935755013452176, 0.0 ], [ 110.892943318111804, -6.935600259160834, 0.0 ], [ 110.893024565798896, -6.935388950529822, 0.0 ], [ 110.893008342787496, -6.935184235988198, 0.0 ], [ 110.892863162902998, -6.935082392495311, 0.0 ], [ 110.892696695843199, -6.935118491538681, 0.0 ], [ 110.892474878258895, -6.93512626642298, 0.0 ], [ 110.892388500093801, -6.935075259231236, 0.0 ], [ 110.892333819305705, -6.934925288889747, 0.0 ], [ 110.8924311899478, -6.934754911480162, 0.0 ], [ 110.892298846682905, -6.934532999677985, 0.0 ], [ 110.891946334781906, -6.934267955445717, 0.0 ], [ 110.891508299122194, -6.934092479460572, 0.0 ], [ 110.891285993308202, -6.933817976293142, 0.0 ], [ 110.891238607754602, -6.933730141431531, 0.0 ], [ 110.891064461404895, -6.93369410458106, 0.0 ], [ 110.890980123449907, -6.93378094300606, 0.0 ], [ 110.890710346487197, -6.933903948642287, 0.0 ], [ 110.890539597139593, -6.933816833553487, 0.0 ], [ 110.890402820659503, -6.933708716635926, 0.0 ], [ 110.890378847847998, -6.933602549342011, 0.0 ], [ 110.890401534737904, -6.933480396340388, 0.0 ], [ 110.890306783892498, -6.933309164712868, 0.0 ], [ 110.890233750458194, -6.933225692636375, 0.0 ], [ 110.890253944119394, -6.933004626993759, 0.0 ], [ 110.890057606070798, -6.932953426354341, 0.0 ], [ 110.890099511184104, -6.932528740218562, 0.0 ], [ 110.889926912778193, -6.932527413635814, 0.0 ], [ 110.8898695863668, -6.932913019517268, 0.0 ], [ 110.889720136353901, -6.932926959650476, 0.0 ], [ 110.889612674396005, -6.932838694161585, 0.0 ], [ 110.8896121018131, -6.932825358692392, 0.0 ], [ 110.889412417277796, -6.932695315203639, 0.0 ], [ 110.889393989169804, -6.932682288700311, 0.0 ], [ 110.889146329769602, -6.932463894467809, 0.0 ], [ 110.888960618439498, -6.932261145243998, 0.0 ], [ 110.888841786527607, -6.931984202699164, 0.0 ], [ 110.888938700379697, -6.931606120604065, 0.0 ], [ 110.888705218412994, -6.931579636771663, 0.0 ], [ 110.888634158292305, -6.931323185976852, 0.0 ], [ 110.888607560572396, -6.930937546429823, 0.0 ], [ 110.888844098329002, -6.930931763067668, 0.0 ], [ 110.8888883348083, -6.930821638603112, 0.0 ], [ 110.888932468928104, -6.930768585485095, 0.0 ], [ 110.888912624622094, -6.930550875264779, 0.0 ], [ 110.888577345993198, -6.930521858682591, 0.0 ], [ 110.888494278753896, -6.930304296542268, 0.0 ], [ 110.887746103535207, -6.930135923894251, 0.0 ], [ 110.887027838403398, -6.92989050597507, 0.0 ], [ 110.886627601235901, -6.929786067617602, 0.0 ], [ 110.886309302042605, -6.929746257969273, 0.0 ], [ 110.886063940328697, -6.929793369503553, 0.0 ], [ 110.885756165065303, -6.92978511513888, 0.0 ], [ 110.885695229192706, -6.929681009981387, 0.0 ], [ 110.885398043906505, -6.929678860334989, 0.0 ], [ 110.8853555843327, -6.929812994129168, 0.0 ], [ 110.885110688714605, -6.929801833706354, 0.0 ], [ 110.885001119841704, -6.93003205436054, 0.0 ], [ 110.884945614157004, -6.930293623920745, 0.0 ], [ 110.884764427431094, -6.930864520620364, 0.0 ], [ 110.884781446342203, -6.931120534757892, 0.0 ], [ 110.884691753010401, -6.931360036041552, 0.0 ], [ 110.885242837839897, -6.931879927504754, 0.0 ], [ 110.885656100068999, -6.932109887275492, 0.0 ], [ 110.885666061539595, -6.932335337498586, 0.0 ], [ 110.885691901709905, -6.932571488283386, 0.0 ], [ 110.885829468540294, -6.932597245683036, 0.0 ], [ 110.885846002583193, -6.932596845642641, 0.0 ], [ 110.886612905823, -6.932678764213771, 0.0 ], [ 110.887039687136493, -6.932692668236225, 0.0 ], [ 110.887331622504902, -6.93270660731026, 0.0 ], [ 110.887403911426404, -6.933002336905638, 0.0 ], [ 110.887691472980507, -6.933103630414053, 0.0 ], [ 110.887929077812103, -6.933452934559123, 0.0 ], [ 110.888110134671294, -6.933726575274842, 0.0 ], [ 110.888269568483395, -6.933853077650994, 0.0 ], [ 110.888251102712005, -6.934145696133624, 0.0 ], [ 110.888366012469902, -6.934267085135017, 0.0 ], [ 110.888395151752206, -6.934517750307884, 0.0 ], [ 110.888423112528201, -6.934699465404654, 0.0 ], [ 110.888475216478994, -6.934825971871055, 0.0 ], [ 110.888493507142101, -6.935026014145468, 0.0 ], [ 110.888521908697797, -6.935166773091587, 0.0 ], [ 110.888635722418599, -6.935436784082126, 0.0 ], [ 110.888708811162303, -6.935573804965926, 0.0 ], [ 110.888764929801297, -6.935690914711675, 0.0 ], [ 110.888910133195793, -6.935710229878734, 0.0 ], [ 110.888986324063893, -6.935814328421958, 0.0 ], [ 110.889273907619796, -6.936112176900951, 0.0 ], [ 110.889381790812394, -6.936311447145887, 0.0 ], [ 110.889497348933105, -6.936451150030357, 0.0 ], [ 110.889490763329405, -6.936536672768854, 0.0 ], [ 110.889344703985799, -6.936594870716147, 0.0 ], [ 110.889087798759903, -6.936517446464527, 0.0 ], [ 110.888802421137896, -6.936292214602584, 0.0 ], [ 110.888815315568493, -6.936430610138347, 0.0 ], [ 110.888928981356898, -6.936510409018851, 0.0 ], [ 110.889150747341205, -6.936640246920533, 0.0 ], [ 110.8891376859941, -6.936766787195777, 0.0 ], [ 110.889248861154996, -6.937075181681048, 0.0 ], [ 110.889245829133401, -6.937196884824296, 0.0 ], [ 110.889373577842804, -6.937283677221039, 0.0 ], [ 110.889529721824005, -6.937287083943536, 0.0 ], [ 110.889640303548703, -6.93726872045263, 0.0 ], [ 110.889640303548703, -6.93726872045263, 0.0 ], [ 110.889639357411397, -6.937488528234273, 0.0 ], [ 110.889637965437402, -6.937679660682878, 0.0 ], [ 110.889932515962897, -6.937744707004438, 0.0 ], [ 110.890153865161693, -6.937793286554933, 0.0 ], [ 110.890258812847506, -6.937798180608908, 0.0 ], [ 110.890275666332798, -6.937965897280947, 0.0 ], [ 110.890270204155598, -6.938118669545478, 0.0 ], [ 110.890109325243998, -6.938179844163399, 0.0 ], [ 110.889900244604902, -6.938216537657401, 0.0 ], [ 110.889947347556003, -6.93844239859314, 0.0 ], [ 110.889776410975998, -6.938478256791607, 0.0 ], [ 110.889387425786595, -6.938521371873575, 0.0 ], [ 110.889092911129794, -6.938446925154585, 0.0 ], [ 110.889094201992094, -6.939019125767477, 0.0 ], [ 110.888491567642802, -6.939353552475803, 0.0 ], [ 110.888187984787706, -6.939442332226674, 0.0 ], [ 110.888183107838898, -6.939448848217827, 0.0 ], [ 110.887913030157407, -6.939533509116238, 0.0 ], [ 110.887865252060706, -6.939104982095911, 0.0 ], [ 110.887756754921696, -6.93907604064863, 0.0 ], [ 110.887767690329596, -6.939574595845194, 0.0 ], [ 110.887722578192296, -6.939638704034505, 0.0 ], [ 110.887647159812602, -6.939648506194935, 0.0 ], [ 110.887593096299994, -6.939562754351122, 0.0 ], [ 110.887515578859293, -6.939565660846419, 0.0 ], [ 110.887515304105307, -6.939730824573049, 0.0 ], [ 110.887299688603093, -6.939754057735456, 0.0 ], [ 110.887301070158401, -6.939004332746919, 0.0 ], [ 110.887046084585293, -6.939010669522623, 0.0 ], [ 110.886948794244901, -6.939013123693594, 0.0 ], [ 110.886997518179896, -6.93917914200807, 0.0 ], [ 110.886757606639407, -6.939190387804746, 0.0 ], [ 110.886804405504904, -6.940007591385583, 0.0 ], [ 110.886604202674107, -6.940067345306992, 0.0 ], [ 110.886561366127594, -6.939897865171672, 0.0 ], [ 110.886309870991397, -6.939933254377386, 0.0 ], [ 110.886227708520806, -6.938934690160831, 0.0 ], [ 110.8861374400675, -6.938184618272651, 0.0 ], [ 110.885782348682696, -6.938161913375344, 0.0 ], [ 110.885500835774295, -6.93823825856915, 0.0 ], [ 110.885346644754705, -6.938291196516801, 0.0 ], [ 110.8849413327966, -6.93828583175123, 0.0 ], [ 110.884957383237406, -6.938678015914155, 0.0 ], [ 110.885445705152605, -6.938767257059902, 0.0 ], [ 110.885594861366698, -6.938890074599668, 0.0 ], [ 110.885863284463895, -6.938875325441459, 0.0 ], [ 110.886165922181902, -6.938891228189253, 0.0 ], [ 110.886272269827899, -6.939907006268835, 0.0 ], [ 110.885903333008798, -6.939979177837127, 0.0 ], [ 110.885833331906497, -6.940453502097407, 0.0 ], [ 110.885061911147105, -6.940711042083263, 0.0 ], [ 110.884980178233803, -6.940727819094519, 0.0 ], [ 110.884918882461093, -6.940460902607896, 0.0 ], [ 110.884594692148994, -6.940433910274686, 0.0 ], [ 110.884614566049294, -6.94016373078193, 0.0 ], [ 110.884691397929899, -6.94009105476112, 0.0 ], [ 110.884659829431499, -6.939907466295923, 0.0 ], [ 110.8842514787559, -6.939954856804622, 0.0 ], [ 110.884252115965495, -6.940167725119006, 0.0 ], [ 110.884362828715695, -6.940506713814237, 0.0 ], [ 110.884405498978396, -6.940889258099191, 0.0 ], [ 110.883953732374906, -6.940952704409447, 0.0 ], [ 110.883998296002503, -6.941027280619192, 0.0 ], [ 110.884416123002694, -6.941007123650369, 0.0 ], [ 110.884803183542303, -6.940882708378139, 0.0 ], [ 110.885668490199294, -6.940549372574945, 0.0 ], [ 110.886075249383893, -6.940388232764192, 0.0 ], [ 110.886347613554193, -6.940325360892508, 0.0 ], [ 110.886573035042701, -6.940200425746784, 0.0 ], [ 110.886837039164206, -6.940125830162192, 0.0 ], [ 110.886844073645094, -6.940304916033165, 0.0 ], [ 110.887247269268599, -6.940362070888066, 0.0 ], [ 110.887232802438206, -6.93994568789072, 0.0 ], [ 110.887371904820199, -6.939872790344275, 0.0 ], [ 110.887516942601906, -6.940065531161495, 0.0 ], [ 110.887608528309997, -6.940084283161899, 0.0 ], [ 110.887820535170505, -6.94006295516312, 0.0 ], [ 110.887927470087106, -6.940190784109175, 0.0 ], [ 110.888028439206906, -6.940106165764434, 0.0 ], [ 110.887849897761996, -6.939664994979611, 0.0 ], [ 110.888515041445402, -6.939438806886971, 0.0 ], [ 110.888591946723096, -6.939690812280862, 0.0 ], [ 110.888966255126405, -6.939669833812432, 0.0 ], [ 110.889167409582697, -6.939586607287074, 0.0 ], [ 110.889264823697403, -6.939454404865452, 0.0 ], [ 110.889545475460594, -6.939446349069383, 0.0 ], [ 110.889596127130204, -6.93926081141219, 0.0 ], [ 110.889771201025198, -6.939254053943234, 0.0 ], [ 110.889813941337195, -6.93931134435537, 0.0 ], [ 110.889795186765895, -6.939467848972781, 0.0 ], [ 110.889915702405403, -6.939486611519915, 0.0 ], [ 110.889912452103303, -6.940077363029382, 0.0 ], [ 110.889987862808695, -6.940911635955758, 0.0 ], [ 110.890117187968599, -6.941264504160949, 0.0 ], [ 110.889820591092004, -6.941227136767438, 0.0 ], [ 110.889330269472794, -6.940835828585941, 0.0 ], [ 110.888947972862198, -6.940685631096486, 0.0 ], [ 110.888927674704604, -6.94067610937428, 0.0 ], [ 110.888886910393197, -6.940657103890327, 0.0 ], [ 110.888830710914803, -6.940648443750953, 0.0 ], [ 110.888059213040606, -6.940729002123701, 0.0 ], [ 110.887898203020498, -6.940953012640834, 0.0 ], [ 110.887658180575798, -6.941116543646227, 0.0 ], [ 110.887465358660805, -6.941150424338947, 0.0 ], [ 110.887184901398598, -6.941104138245525, 0.0 ], [ 110.886978335316897, -6.941126807167325, 0.0 ], [ 110.886813876884901, -6.941264185084833, 0.0 ], [ 110.886377323596307, -6.941508578863663, 0.0 ], [ 110.886151180574004, -6.941611929655158, 0.0 ], [ 110.886101748629301, -6.941741260135626, 0.0 ], [ 110.885664518614107, -6.94175269193092, 0.0 ], [ 110.885303836733598, -6.941956607400736, 0.0 ], [ 110.885272273751795, -6.942801791884994, 0.0 ], [ 110.884808051922107, -6.943407554395396, 0.0 ], [ 110.884610026039297, -6.943028591827274, 0.0 ], [ 110.884523114638597, -6.942783184108846, 0.0 ], [ 110.884215227111298, -6.942282864003419, 0.0 ], [ 110.884215150711597, -6.942255572408169, 0.0 ], [ 110.884041882124606, -6.94207630983091, 0.0 ], [ 110.883546534326399, -6.942111829522536, 0.0 ], [ 110.883473888150405, -6.942308503735626, 0.0 ], [ 110.883101852709103, -6.942216268990831, 0.0 ], [ 110.882749145534106, -6.942154399179284, 0.0 ], [ 110.8825063147968, -6.942016925179308, 0.0 ], [ 110.882157624969395, -6.941906958145417, 0.0 ], [ 110.8823593645144, -6.941751462934273, 0.0 ], [ 110.882383241517402, -6.941528952625132, 0.0 ], [ 110.882858917579995, -6.941423615000666, 0.0 ], [ 110.883281383543704, -6.941450482007817, 0.0 ], [ 110.883561713201004, -6.941583886552683, 0.0 ], [ 110.883605502198606, -6.941112230955662, 0.0 ], [ 110.883573676621495, -6.940843514898985, 0.0 ], [ 110.883128302613102, -6.940736279542142, 0.0 ], [ 110.882898705437896, -6.940687588615516, 0.0 ], [ 110.882714828147101, -6.940799186202726, 0.0 ], [ 110.882477649969402, -6.940781904427068, 0.0 ], [ 110.882454497955607, -6.940755309509067, 0.0 ], [ 110.882303103259602, -6.940693418961642, 0.0 ], [ 110.8820767693189, -6.940654180376416, 0.0 ], [ 110.882067708738902, -6.940627749238874, 0.0 ], [ 110.881952576333205, -6.940477832743476, 0.0 ], [ 110.881920352923601, -6.940450971829004, 0.0 ], [ 110.881709163045102, -6.940381168856798, 0.0 ], [ 110.881510267176495, -6.940383655550471, 0.0 ], [ 110.881427676963298, -6.940099610984016, 0.0 ], [ 110.880943187326594, -6.939979260253515, 0.0 ], [ 110.880853311081907, -6.939815001371205, 0.0 ], [ 110.880570612214896, -6.939688080539062, 0.0 ], [ 110.880381064078307, -6.939591770834631, 0.0 ], [ 110.879619675692496, -6.939331801728573, 0.0 ], [ 110.879485355603407, -6.939386700168589, 0.0 ], [ 110.879269005745101, -6.939367517195799, 0.0 ], [ 110.879145088230601, -6.939231957077137, 0.0 ], [ 110.878947888151302, -6.939247075334386, 0.0 ], [ 110.8779846301112, -6.939223102427284, 0.0 ], [ 110.878007664674499, -6.939372359749816, 0.0 ], [ 110.878896983252702, -6.939536727773813, 0.0 ], [ 110.878929923711297, -6.940623911816827, 0.0 ], [ 110.8786705403692, -6.940498961568441, 0.0 ], [ 110.878498986169603, -6.940472014273076, 0.0 ], [ 110.8784181110818, -6.9405205333091, 0.0 ], [ 110.878346950032196, -6.940677538233589, 0.0 ], [ 110.878340212399493, -6.940776208918756, 0.0 ], [ 110.878515535322805, -6.940797972713588, 0.0 ], [ 110.878699379389005, -6.940840186419217, 0.0 ] ] ] ] } },
{ "type": "Feature", "properties": { "Name": "BOGOTANJUNG", "VILLAGES": "Bogotanjung", "CC_4": "3318110004", "SUB_DIST": "Gabus", "DISTRICT": "Pati", "GID_4": "IDN.10.21.4.3_1", "AREA_HA": 232 }, "geometry": { "type": "MultiPolygon", "coordinates": [ [ [ [ 111.028221838145896, -6.843752047069709, 0.0 ], [ 111.028311169045395, -6.843248481981103, 0.0 ], [ 111.028018730011297, -6.843161175965802, 0.0 ], [ 111.028097998509395, -6.842702354563563, 0.0 ], [ 111.028016425825399, -6.842668235623647, 0.0 ], [ 111.027939182726101, -6.842475373555003, 0.0 ], [ 111.027840259091406, -6.842453045358089, 0.0 ], [ 111.027817851694806, -6.842453237171372, 0.0 ], [ 111.027713298674101, -6.842430184311167, 0.0 ], [ 111.027728529451394, -6.842188674675035, 0.0 ], [ 111.027829947224703, -6.841703961997385, 0.0 ], [ 111.027602673195901, -6.841663649427904, 0.0 ], [ 111.027561237031193, -6.84171121184291, 0.0 ], [ 111.027287138168305, -6.841651249108693, 0.0 ], [ 111.026861154618999, -6.841495956592705, 0.0 ], [ 111.026930581059304, -6.841187322619911, 0.0 ], [ 111.026770883486606, -6.841177235284913, 0.0 ], [ 111.026763213319299, -6.841053551076061, 0.0 ], [ 111.026554574189603, -6.84103721209298, 0.0 ], [ 111.026381488317895, -6.840940848150553, 0.0 ], [ 111.026371493197303, -6.840842182807877, 0.0 ], [ 111.026209712147093, -6.840773457445374, 0.0 ], [ 111.025886469247496, -6.840727869349417, 0.0 ], [ 111.025820137179707, -6.840769313949282, 0.0 ], [ 111.025627850332498, -6.840745971382784, 0.0 ], [ 111.025600359990307, -6.840626824582676, 0.0 ], [ 111.025492145943204, -6.84057312984562, 0.0 ], [ 111.025504726609398, -6.840367318101616, 0.0 ], [ 111.025208739222606, -6.840289652270195, 0.0 ], [ 111.025195749656902, -6.840037055483169, 0.0 ], [ 111.025267083013105, -6.840020844913054, 0.0 ], [ 111.025376180109802, -6.83994712159572, 0.0 ], [ 111.025414502258997, -6.839602895297178, 0.0 ], [ 111.025462373648395, -6.839070859562356, 0.0 ], [ 111.024836946664806, -6.838950958841297, 0.0 ], [ 111.024914178800302, -6.838532470282338, 0.0 ], [ 111.024518367613894, -6.838434119329554, 0.0 ], [ 111.023988779089393, -6.838354968672202, 0.0 ], [ 111.024045360614195, -6.838139934334506, 0.0 ], [ 111.0238943430586, -6.838147439531168, 0.0 ], [ 111.023854124416104, -6.838354782650128, 0.0 ], [ 111.023443495351103, -6.838265604171364, 0.0 ], [ 111.023555983407505, -6.837849540835292, 0.0 ], [ 111.023515948782801, -6.837181696156317, 0.0 ], [ 111.023079353113403, -6.837113108228315, 0.0 ], [ 111.023071174365498, -6.837015322234696, 0.0 ], [ 111.023163183510107, -6.836968371056773, 0.0 ], [ 111.023182665608999, -6.836598710772542, 0.0 ], [ 111.022740183500105, -6.836529759606826, 0.0 ], [ 111.022730211592602, -6.836438189671791, 0.0 ], [ 111.022903768568895, -6.836422845892149, 0.0 ], [ 111.022918561894897, -6.836307412937609, 0.0 ], [ 111.022521125863193, -6.836312639996159, 0.0 ], [ 111.022488493108995, -6.836175751279439, 0.0 ], [ 111.022694340794203, -6.836137066851709, 0.0 ], [ 111.022657425407203, -6.836001250481762, 0.0 ], [ 111.022414383771206, -6.835920198463342, 0.0 ], [ 111.0222362058946, -6.835251259341109, 0.0 ], [ 111.022721942320004, -6.835242926121021, 0.0 ], [ 111.022727155043299, -6.835088534729417, 0.0 ], [ 111.022181237888304, -6.835008414873562, 0.0 ], [ 111.022033504312105, -6.834582858593959, 0.0 ], [ 111.022538878752201, -6.834529904394271, 0.0 ], [ 111.0225333747143, -6.834401326277336, 0.0 ], [ 111.0220405294626, -6.83438501339726, 0.0 ], [ 111.021940157236799, -6.834078657593563, 0.0 ], [ 111.022301879948301, -6.834063011654845, 0.0 ], [ 111.022293613531204, -6.833923168359363, 0.0 ], [ 111.021915372792193, -6.833896996002377, 0.0 ], [ 111.021896050802098, -6.83370525806707, 0.0 ], [ 111.022381503572802, -6.83365840045958, 0.0 ], [ 111.022384579792799, -6.833563090949434, 0.0 ], [ 111.022697827075902, -6.833575853381592, 0.0 ], [ 111.022736990994702, -6.833441952397278, 0.0 ], [ 111.022028056964501, -6.833339971234122, 0.0 ], [ 111.021843430998402, -6.833377796827047, 0.0 ], [ 111.021852414170496, -6.833676925814864, 0.0 ], [ 111.0214871084208, -6.833712997465438, 0.0 ], [ 111.0214651917927, -6.833790619875759, 0.0 ], [ 111.021853561646097, -6.833807440229213, 0.0 ], [ 111.021920496691394, -6.834587334200569, 0.0 ], [ 111.021554339896099, -6.834608948660177, 0.0 ], [ 111.021568489017199, -6.834854693559042, 0.0 ], [ 111.021715059739705, -6.835056528470223, 0.0 ], [ 111.021946745576699, -6.835258099326052, 0.0 ], [ 111.022033764615699, -6.835733995951277, 0.0 ], [ 111.022033490663404, -6.835783259922027, 0.0 ], [ 111.022033252474401, -6.835826047927735, 0.0 ], [ 111.022193254756701, -6.836068025605655, 0.0 ], [ 111.022279274011197, -6.836278881953642, 0.0 ], [ 111.022232961601901, -6.836774164005451, 0.0 ], [ 111.0222314382181, -6.836806037445652, 0.0 ], [ 111.022172090069105, -6.836930902235839, 0.0 ], [ 111.022028805170393, -6.83721686630012, 0.0 ], [ 111.021566671652593, -6.837252695745515, 0.0 ], [ 111.0215643358938, -6.837769772809207, 0.0 ], [ 111.021790011758995, -6.837858481484755, 0.0 ], [ 111.021820238336403, -6.837872352686102, 0.0 ], [ 111.022107080243501, -6.837851407534537, 0.0 ], [ 111.022185673441797, -6.838199839369921, 0.0 ], [ 111.021910524141404, -6.838100055098003, 0.0 ], [ 111.021605368318703, -6.838030683689429, 0.0 ], [ 111.021579249544601, -6.838360696465285, 0.0 ], [ 111.021394733398907, -6.838398039905975, 0.0 ], [ 111.021329557861407, -6.838372102712091, 0.0 ], [ 111.021131302672998, -6.838278266890001, 0.0 ], [ 111.020885328389795, -6.838256799719351, 0.0 ], [ 111.020569503367298, -6.838253751468043, 0.0 ], [ 111.020509598970506, -6.838306633089442, 0.0 ], [ 111.020426753232002, -6.838343564904427, 0.0 ], [ 111.020226977111804, -6.838273866101128, 0.0 ], [ 111.020236219772301, -6.838447861798693, 0.0 ], [ 111.020084856637396, -6.838411104225421, 0.0 ], [ 111.020089661028905, -6.838284701004669, 0.0 ], [ 111.019968295532706, -6.838252288226641, 0.0 ], [ 111.019699500808201, -6.838369476143392, 0.0 ], [ 111.019698575620495, -6.838622146949443, 0.0 ], [ 111.019097473989603, -6.838571834270165, 0.0 ], [ 111.019069352571606, -6.838707192811723, 0.0 ], [ 111.018670028766394, -6.838785091867292, 0.0 ], [ 111.018629467368996, -6.838968607785274, 0.0 ], [ 111.0186654412324, -6.839448472256506, 0.0 ], [ 111.018685535449094, -6.839630042690032, 0.0 ], [ 111.0186967571031, -6.840050608566046, 0.0 ], [ 111.018736427765504, -6.840493071315974, 0.0 ], [ 111.018700658328797, -6.840843495588478, 0.0 ], [ 111.018712465700702, -6.840965590769223, 0.0 ], [ 111.018781201950205, -6.841236534604614, 0.0 ], [ 111.018875467070103, -6.841290929157519, 0.0 ], [ 111.019786031808493, -6.841337682662747, 0.0 ], [ 111.019749227139201, -6.841630564431675, 0.0 ], [ 111.019692084817393, -6.841854636754957, 0.0 ], [ 111.019659022657095, -6.842135474556549, 0.0 ], [ 111.019650007082205, -6.842359461822284, 0.0 ], [ 111.019649956414597, -6.842626777000278, 0.0 ], [ 111.019798579186798, -6.842670634873903, 0.0 ], [ 111.019956173485298, -6.842622911046503, 0.0 ], [ 111.019947836172307, -6.842795713150982, 0.0 ], [ 111.019901868206006, -6.842883872758227, 0.0 ], [ 111.019898183406795, -6.843176302243837, 0.0 ], [ 111.019844157505602, -6.843326097743483, 0.0 ], [ 111.020453571181505, -6.843421620246114, 0.0 ], [ 111.020463219578005, -6.843557602692264, 0.0 ], [ 111.020756753951503, -6.843533688488671, 0.0 ], [ 111.021099566284306, -6.843546834102708, 0.0 ], [ 111.021125921603598, -6.843661752641252, 0.0 ], [ 111.021399332341403, -6.843747954686779, 0.0 ], [ 111.021435187777101, -6.843656359234525, 0.0 ], [ 111.021552930203896, -6.843309212531421, 0.0 ], [ 111.021694517958394, -6.843019964323903, 0.0 ], [ 111.021823220223396, -6.842341888820224, 0.0 ], [ 111.022463353418601, -6.842416213574632, 0.0 ], [ 111.022417218250396, -6.842585329449868, 0.0 ], [ 111.022421319119005, -6.842944031421959, 0.0 ], [ 111.022393453792404, -6.84328768014134, 0.0 ], [ 111.022242713487898, -6.843766425274493, 0.0 ], [ 111.022201514477302, -6.844011855901622, 0.0 ], [ 111.022215299693698, -6.844333593210201, 0.0 ], [ 111.022167046010196, -6.844594084957434, 0.0 ], [ 111.022075123977899, -6.844964593787717, 0.0 ], [ 111.022074720303806, -6.844972192797206, 0.0 ], [ 111.022036375669302, -6.845225475513874, 0.0 ], [ 111.022162792620406, -6.845392305359649, 0.0 ], [ 111.022420257967397, -6.84561659055185, 0.0 ], [ 111.022382364568102, -6.845711999280256, 0.0 ], [ 111.022251115411507, -6.845877643237535, 0.0 ], [ 111.022185814010001, -6.846054055659628, 0.0 ], [ 111.022182754017606, -6.846263160909064, 0.0 ], [ 111.022181011860198, -6.846287987553431, 0.0 ], [ 111.022245576972196, -6.846488317752964, 0.0 ], [ 111.022256297111596, -6.846494347901585, 0.0 ], [ 111.0222979974167, -6.846670041593037, 0.0 ], [ 111.022283432846706, -6.846846452431165, 0.0 ], [ 111.022270610238493, -6.847080603734103, 0.0 ], [ 111.022259227223998, -6.847191981495594, 0.0 ], [ 111.0213257223715, -6.847171043008702, 0.0 ], [ 111.020923382933901, -6.847159199673209, 0.0 ], [ 111.020649859498306, -6.847087010855981, 0.0 ], [ 111.019922113289894, -6.846821799590304, 0.0 ], [ 111.019924755024107, -6.846887461086986, 0.0 ], [ 111.019710055732105, -6.846830214554076, 0.0 ], [ 111.019447328484205, -6.846716300745701, 0.0 ], [ 111.019300479169402, -6.846623033881366, 0.0 ], [ 111.018972367475101, -6.846420005341555, 0.0 ], [ 111.018894130289993, -6.846356534859539, 0.0 ], [ 111.018745420756105, -6.846109715392136, 0.0 ], [ 111.018587973706005, -6.845851561321438, 0.0 ], [ 111.018464015654104, -6.845621066067644, 0.0 ], [ 111.018385153652105, -6.845386958810815, 0.0 ], [ 111.018210078293393, -6.844976678185668, 0.0 ], [ 111.018004256340603, -6.844791929991517, 0.0 ], [ 111.017846437747707, -6.844635532119256, 0.0 ], [ 111.017939647147301, -6.844624077004573, 0.0 ], [ 111.017845033727795, -6.84442778764574, 0.0 ], [ 111.017538725724407, -6.844279736848611, 0.0 ], [ 111.017183745626596, -6.844109788226849, 0.0 ], [ 111.017140479319295, -6.844060572609338, 0.0 ], [ 111.017017768785607, -6.84381928468346, 0.0 ], [ 111.016781362128995, -6.843378771324526, 0.0 ], [ 111.016497755026606, -6.842859268220891, 0.0 ], [ 111.016275117833104, -6.842276245680716, 0.0 ], [ 111.016170552737194, -6.842033072891141, 0.0 ], [ 111.015981111939993, -6.841515465370797, 0.0 ], [ 111.015905294293802, -6.841275612812085, 0.0 ], [ 111.015984438969397, -6.841263361327389, 0.0 ], [ 111.015975556611494, -6.841095570651915, 0.0 ], [ 111.015956589254699, -6.840829281937327, 0.0 ], [ 111.015953345787494, -6.840488146837073, 0.0 ], [ 111.015953758056796, -6.840193820480788, 0.0 ], [ 111.015915494401199, -6.840025455939476, 0.0 ], [ 111.015857243460005, -6.839739383017492, 0.0 ], [ 111.015808676050597, -6.83943535617805, 0.0 ], [ 111.015804615021494, -6.839273256948071, 0.0 ], [ 111.015765113418794, -6.839132167708485, 0.0 ], [ 111.015751155345697, -6.838409436081872, 0.0 ], [ 111.015487018697598, -6.83774325748196, 0.0 ], [ 111.015229809979303, -6.837285716095669, 0.0 ], [ 111.014980877037701, -6.836677917733383, 0.0 ], [ 111.014231564554393, -6.836184365581674, 0.0 ], [ 111.0141722703396, -6.835865793655003, 0.0 ], [ 111.014063277265905, -6.83586719246628, 0.0 ], [ 111.013803927059698, -6.83544047233847, 0.0 ], [ 111.0138238551624, -6.835333589233127, 0.0 ], [ 111.013834640354006, -6.835192615384551, 0.0 ], [ 111.013513265542599, -6.835135199858948, 0.0 ], [ 111.013513936493396, -6.834931586321177, 0.0 ], [ 111.014055410132102, -6.83502036986583, 0.0 ], [ 111.014066702285405, -6.834753550419248, 0.0 ], [ 111.013808053654401, -6.834712890894834, 0.0 ], [ 111.013775941370895, -6.834658106475652, 0.0 ], [ 111.013572030571794, -6.834564704063763, 0.0 ], [ 111.0135541808217, -6.834507803646019, 0.0 ], [ 111.013828259817501, -6.834585609761533, 0.0 ], [ 111.014008767085997, -6.834539953715325, 0.0 ], [ 111.014034206430907, -6.834428326616342, 0.0 ], [ 111.014431180383397, -6.834487334217397, 0.0 ], [ 111.014694100549406, -6.834518832573541, 0.0 ], [ 111.014703615536206, -6.834355528304616, 0.0 ], [ 111.014653357479801, -6.834321565376656, 0.0 ], [ 111.014662511050801, -6.834168054738658, 0.0 ], [ 111.013841750324502, -6.833969377802534, 0.0 ], [ 111.0139979221819, -6.833650703083026, 0.0 ], [ 111.014282019488903, -6.833713078702452, 0.0 ], [ 111.015289356962697, -6.833889498601661, 0.0 ], [ 111.015357738107596, -6.833581079425518, 0.0 ], [ 111.014864546585997, -6.83347002452008, 0.0 ], [ 111.014888056069694, -6.833318537984156, 0.0 ], [ 111.014934511337501, -6.833231178639311, 0.0 ], [ 111.014915491713296, -6.832983019852857, 0.0 ], [ 111.014933407355997, -6.832823141149212, 0.0 ], [ 111.014918702506804, -6.832653386274399, 0.0 ], [ 111.014482813981004, -6.832485257173561, 0.0 ], [ 111.014535379539396, -6.8323446794607, 0.0 ], [ 111.014960887727099, -6.832398461301981, 0.0 ], [ 111.015008026228202, -6.832288916479063, 0.0 ], [ 111.015495982646598, -6.832353365257581, 0.0 ], [ 111.015555363204001, -6.832167501942978, 0.0 ], [ 111.015605743557401, -6.83195854946489, 0.0 ], [ 111.015656974962198, -6.831626288613567, 0.0 ], [ 111.015840280161598, -6.831678784871412, 0.0 ], [ 111.015875813151098, -6.831455389185484, 0.0 ], [ 111.015522619616902, -6.831326921382301, 0.0 ], [ 111.015653838704395, -6.831289800263796, 0.0 ], [ 111.016095616668593, -6.831294230432753, 0.0 ], [ 111.016289950592196, -6.831312252097015, 0.0 ], [ 111.016539527354098, -6.831349275512942, 0.0 ], [ 111.016625818670903, -6.831416515942871, 0.0 ], [ 111.016812709654999, -6.831409925067045, 0.0 ], [ 111.0168160934262, -6.831324571280022, 0.0 ], [ 111.016883202495293, -6.831245395397709, 0.0 ], [ 111.016924048655298, -6.831276152759709, 0.0 ], [ 111.0170566110301, -6.831343530038059, 0.0 ], [ 111.017238143856105, -6.831483722004212, 0.0 ], [ 111.017349980448202, -6.831537505520196, 0.0 ], [ 111.017547621327097, -6.831507564024329, 0.0 ], [ 111.017658616145994, -6.831543210292105, 0.0 ], [ 111.017808443898701, -6.83157272035236, 0.0 ], [ 111.018237502233106, -6.831596360529415, 0.0 ], [ 111.018245039920103, -6.831314496103712, 0.0 ], [ 111.018445436494801, -6.83127815829966, 0.0 ], [ 111.018628421755594, -6.831309226237117, 0.0 ], [ 111.018737283122803, -6.831303271704328, 0.0 ], [ 111.018909125017203, -6.831302731503619, 0.0 ], [ 111.019357320476502, -6.831352030381183, 0.0 ], [ 111.019888180953998, -6.831389958052396, 0.0 ], [ 111.019991044351102, -6.831304115090335, 0.0 ], [ 111.020053842639001, -6.831316080174171, 0.0 ], [ 111.020632358150905, -6.831292221657087, 0.0 ], [ 111.020769287657103, -6.831293444290361, 0.0 ], [ 111.021403307891504, -6.831389854102459, 0.0 ], [ 111.021801204486906, -6.831402391576471, 0.0 ], [ 111.021852278788501, -6.830987459193655, 0.0 ], [ 111.021927884246907, -6.830342782218251, 0.0 ], [ 111.022106577944498, -6.830372912977254, 0.0 ], [ 111.022168924932899, -6.829809496925005, 0.0 ], [ 111.022462197008906, -6.82981956021548, 0.0 ], [ 111.022461167799705, -6.829649680890271, 0.0 ], [ 111.022552269156606, -6.829662118554437, 0.0 ], [ 111.022746740193597, -6.829661524506695, 0.0 ], [ 111.022739696975805, -6.829908052926567, 0.0 ], [ 111.023044234122594, -6.829949272193807, 0.0 ], [ 111.0231108028309, -6.829473707645756, 0.0 ], [ 111.022720416815105, -6.829397299728696, 0.0 ], [ 111.022571914960494, -6.829341538585591, 0.0 ], [ 111.022640327823495, -6.829041151310075, 0.0 ], [ 111.022095770273296, -6.82893686097352, 0.0 ], [ 111.022095883617098, -6.828694560657417, 0.0 ], [ 111.021441019626295, -6.828578221320695, 0.0 ], [ 111.021397958053399, -6.828800646342637, 0.0 ], [ 111.021396209026193, -6.828831604281934, 0.0 ], [ 111.021561167198797, -6.828943193724604, 0.0 ], [ 111.021552530024493, -6.829189198197207, 0.0 ], [ 111.021378397001797, -6.829150167708235, 0.0 ], [ 111.021381306563697, -6.829096986206127, 0.0 ], [ 111.021236651260807, -6.828983647309757, 0.0 ], [ 111.021265431503494, -6.828653881613299, 0.0 ], [ 111.020995171358507, -6.828579348970998, 0.0 ], [ 111.020644322694196, -6.828481871031023, 0.0 ], [ 111.020622038675199, -6.828376546853306, 0.0 ], [ 111.020250842416402, -6.828298869956436, 0.0 ], [ 111.0201225172178, -6.828160676716688, 0.0 ], [ 111.020043403549906, -6.828084174815224, 0.0 ], [ 111.0199043335883, -6.828030461046996, 0.0 ], [ 111.019885489677094, -6.827669183913819, 0.0 ], [ 111.019921184045003, -6.827307627051712, 0.0 ], [ 111.019076244181306, -6.827296689515299, 0.0 ], [ 111.019120944434604, -6.826806109497902, 0.0 ], [ 111.019181236441696, -6.826323253915833, 0.0 ], [ 111.018735102482495, -6.826217622226477, 0.0 ], [ 111.018733715787405, -6.825918330839206, 0.0 ], [ 111.018846589298406, -6.825539444620952, 0.0 ], [ 111.018865519441604, -6.825247853413036, 0.0 ], [ 111.018422252157194, -6.825148401035897, 0.0 ], [ 111.018365117153394, -6.825030880649201, 0.0 ], [ 111.018436041108501, -6.824732717399928, 0.0 ], [ 111.017958201957299, -6.82457126143455, 0.0 ], [ 111.018282267165304, -6.823917801377556, 0.0 ], [ 111.018569209579297, -6.823941207836625, 0.0 ], [ 111.019021193924502, -6.823975108178076, 0.0 ], [ 111.019410734836597, -6.824077060539451, 0.0 ], [ 111.019818807135096, -6.82421122978185, 0.0 ], [ 111.020643456080606, -6.824416701441187, 0.0 ], [ 111.021021833466705, -6.824504805516845, 0.0 ], [ 111.021128237066804, -6.824731728437813, 0.0 ], [ 111.021431511011798, -6.824785519638024, 0.0 ], [ 111.021496184144198, -6.82432637974938, 0.0 ], [ 111.021745809908097, -6.824338958967927, 0.0 ], [ 111.023503631595204, -6.824527573302153, 0.0 ], [ 111.023553051267498, -6.824246489107402, 0.0 ], [ 111.023708847318105, -6.824226959551583, 0.0 ], [ 111.024210077428506, -6.824319154652013, 0.0 ], [ 111.024295483013105, -6.824015140325048, 0.0 ], [ 111.0246054801989, -6.824069178292413, 0.0 ], [ 111.025086957461596, -6.824188633239661, 0.0 ], [ 111.025072627925297, -6.824623015093318, 0.0 ], [ 111.025070850120002, -6.825023668265843, 0.0 ], [ 111.025210425505904, -6.825544884844241, 0.0 ], [ 111.025112258590795, -6.825915435928036, 0.0 ], [ 111.024937762955403, -6.826011014813078, 0.0 ], [ 111.023524892700607, -6.825613924635777, 0.0 ], [ 111.023434891835606, -6.826022969034516, 0.0 ], [ 111.023952243552202, -6.826227469991702, 0.0 ], [ 111.023897790007695, -6.826588155451428, 0.0 ], [ 111.024817553882798, -6.826785336889833, 0.0 ], [ 111.024836846998298, -6.827124661508322, 0.0 ], [ 111.025093439925598, -6.827571890066396, 0.0 ], [ 111.025116780357706, -6.827843311366561, 0.0 ], [ 111.025037156136804, -6.828046735375843, 0.0 ], [ 111.0248573166146, -6.82832691479363, 0.0 ], [ 111.024479366708206, -6.828790003563224, 0.0 ], [ 111.024377977765795, -6.829151042787836, 0.0 ], [ 111.024302131517004, -6.829173921854293, 0.0 ], [ 111.023598311015604, -6.829134143240924, 0.0 ], [ 111.023558016595203, -6.829273781664041, 0.0 ], [ 111.024249194856296, -6.829371553643221, 0.0 ], [ 111.024355280859993, -6.829434796728719, 0.0 ], [ 111.024345792960304, -6.829883207422324, 0.0 ], [ 111.023582164053394, -6.829788487444554, 0.0 ], [ 111.0236405900596, -6.830199568675125, 0.0 ], [ 111.023801330253306, -6.830503191752677, 0.0 ], [ 111.024084444688995, -6.830892583761502, 0.0 ], [ 111.023810422494506, -6.831254872826523, 0.0 ], [ 111.023862137414397, -6.83159408255186, 0.0 ], [ 111.024254831891, -6.831832554366863, 0.0 ], [ 111.023594977690905, -6.832569910142309, 0.0 ], [ 111.023852782568596, -6.832758492966556, 0.0 ], [ 111.024253002023599, -6.832567279839568, 0.0 ], [ 111.024794895656001, -6.832475892008172, 0.0 ], [ 111.025140066147003, -6.833326085817471, 0.0 ], [ 111.025573489026399, -6.833775972528316, 0.0 ], [ 111.025344088053302, -6.834291200534687, 0.0 ], [ 111.025318286038001, -6.834700464768045, 0.0 ], [ 111.025251892029203, -6.834979096329342, 0.0 ], [ 111.025418347803495, -6.834996561986642, 0.0 ], [ 111.025589531401295, -6.834911130096875, 0.0 ], [ 111.025688516713302, -6.834939174020557, 0.0 ], [ 111.025905504338198, -6.834829337519515, 0.0 ], [ 111.026099580318501, -6.834950868162372, 0.0 ], [ 111.025962916698205, -6.835130493183147, 0.0 ], [ 111.025927341897599, -6.835425416050517, 0.0 ], [ 111.026183648650502, -6.835641577467925, 0.0 ], [ 111.026289459194501, -6.835618132356252, 0.0 ], [ 111.026731952410501, -6.835636632162317, 0.0 ], [ 111.026907931207404, -6.835844907405865, 0.0 ], [ 111.027205927512398, -6.835787500382874, 0.0 ], [ 111.027349814611895, -6.83542693040903, 0.0 ], [ 111.027506456627094, -6.835575700004208, 0.0 ], [ 111.027437311963993, -6.835902437102283, 0.0 ], [ 111.027707740549999, -6.835986080942501, 0.0 ], [ 111.028192889420595, -6.835833057095798, 0.0 ], [ 111.028312212708101, -6.835873329550786, 0.0 ], [ 111.028264516503498, -6.836226237201435, 0.0 ], [ 111.028059649005399, -6.836358026618648, 0.0 ], [ 111.027923577750599, -6.836485651990775, 0.0 ], [ 111.027919052088706, -6.836635847538991, 0.0 ], [ 111.0281396567797, -6.836810382208971, 0.0 ], [ 111.028025599887499, -6.836989780635442, 0.0 ], [ 111.027857565869496, -6.837328777071393, 0.0 ], [ 111.027955734057798, -6.837431495082196, 0.0 ], [ 111.028396376358899, -6.837638980004195, 0.0 ], [ 111.028648193515806, -6.837526765753468, 0.0 ], [ 111.029211122337898, -6.83730204807029, 0.0 ], [ 111.029219862531605, -6.837411942153508, 0.0 ], [ 111.029117756836897, -6.837789317067368, 0.0 ], [ 111.029203273490396, -6.837931742167667, 0.0 ], [ 111.0293249199066, -6.837985368322351, 0.0 ], [ 111.029628456838097, -6.837803442200689, 0.0 ], [ 111.029648256347002, -6.837863129889734, 0.0 ], [ 111.0298550820755, -6.838048433187688, 0.0 ], [ 111.030086037814698, -6.838223780356342, 0.0 ], [ 111.030046078942902, -6.838388620798959, 0.0 ], [ 111.029894506443398, -6.83874062042035, 0.0 ], [ 111.029972785972106, -6.83894627718488, 0.0 ], [ 111.029876485865302, -6.839161521833967, 0.0 ], [ 111.029873900806507, -6.839182077765329, 0.0 ], [ 111.029694183099593, -6.839316002119813, 0.0 ], [ 111.029697161358996, -6.839487482400637, 0.0 ], [ 111.029701215265106, -6.839500489624903, 0.0 ], [ 111.029707815598897, -6.839539295392592, 0.0 ], [ 111.029800233812495, -6.839724205813226, 0.0 ], [ 111.029797862461805, -6.839742937212782, 0.0 ], [ 111.0301655488378, -6.839942346693388, 0.0 ], [ 111.029915799950501, -6.840270616842416, 0.0 ], [ 111.029957764175094, -6.840503591753111, 0.0 ], [ 111.029960836896606, -6.84052557464523, 0.0 ], [ 111.030018539474298, -6.840749095426489, 0.0 ], [ 111.029873426445306, -6.841112978582074, 0.0 ], [ 111.029566201437007, -6.841834232125842, 0.0 ], [ 111.029561425764896, -6.842023595132574, 0.0 ], [ 111.029658052995202, -6.842124377638901, 0.0 ], [ 111.029667646417906, -6.842129907067544, 0.0 ], [ 111.029749128471593, -6.842173978818802, 0.0 ], [ 111.029971334067994, -6.842256034971905, 0.0 ], [ 111.030214297442598, -6.84234054389326, 0.0 ], [ 111.030201801408595, -6.842659043611008, 0.0 ], [ 111.030184174607498, -6.842975901577752, 0.0 ], [ 111.030230213575706, -6.84301761890756, 0.0 ], [ 111.030454413784298, -6.843024523786723, 0.0 ], [ 111.030665866775806, -6.843063500420105, 0.0 ], [ 111.030674636628007, -6.842986940924842, 0.0 ], [ 111.030681320198696, -6.84280682510251, 0.0 ], [ 111.030790521692694, -6.842731719653036, 0.0 ], [ 111.030868280821693, -6.842813059732258, 0.0 ], [ 111.0311227930965, -6.843218892549496, 0.0 ], [ 111.031227336793805, -6.843252314862906, 0.0 ], [ 111.031377602892803, -6.843212786933699, 0.0 ], [ 111.031408811000304, -6.843130362055044, 0.0 ], [ 111.031482564562907, -6.8431310625622, 0.0 ], [ 111.031916897167406, -6.843163527789221, 0.0 ], [ 111.032126650188005, -6.843164170645538, 0.0 ], [ 111.031969037150503, -6.843592569866876, 0.0 ], [ 111.0319392235252, -6.843785623698899, 0.0 ], [ 111.032047632626302, -6.843972777299312, 0.0 ], [ 111.032245306749502, -6.844159259484486, 0.0 ], [ 111.032248321739502, -6.844170734992026, 0.0 ], [ 111.032350162251305, -6.844334439145758, 0.0 ], [ 111.032312108246202, -6.844471709553614, 0.0 ], [ 111.032195830371293, -6.844876625246243, 0.0 ], [ 111.032322423362601, -6.844986585164529, 0.0 ], [ 111.032521281420202, -6.84502637748608, 0.0 ], [ 111.032611485284605, -6.845172648805036, 0.0 ], [ 111.032657787577193, -6.84541134075351, 0.0 ], [ 111.032711967203596, -6.845591279071893, 0.0 ], [ 111.032725068206801, -6.845876820791044, 0.0 ], [ 111.032754285779305, -6.846155732353628, 0.0 ], [ 111.032771764800202, -6.846441854423219, 0.0 ], [ 111.032791904746205, -6.846754923800439, 0.0 ], [ 111.032693976564104, -6.846743326352798, 0.0 ], [ 111.032433129500106, -6.846737624560831, 0.0 ], [ 111.032283700842797, -6.846766652051744, 0.0 ], [ 111.032121576594605, -6.846772555857407, 0.0 ], [ 111.031859285372207, -6.846824870578665, 0.0 ], [ 111.031492716664204, -6.846898423242794, 0.0 ], [ 111.031239372572998, -6.846956304898846, 0.0 ], [ 111.031133866892105, -6.846961315615082, 0.0 ], [ 111.030884409800805, -6.84694577077172, 0.0 ], [ 111.030771061338697, -6.846930071010883, 0.0 ], [ 111.030521380073793, -6.846904096034743, 0.0 ], [ 111.030268953183807, -6.846874755033209, 0.0 ], [ 111.030125101923304, -6.846896795953181, 0.0 ], [ 111.029763877593794, -6.846940126175957, 0.0 ], [ 111.029150144509202, -6.84701102451487, 0.0 ], [ 111.028376713094801, -6.847112529200857, 0.0 ], [ 111.027783178937696, -6.847151619072213, 0.0 ], [ 111.027576949468795, -6.847139138755295, 0.0 ], [ 111.0261193163455, -6.847154553691294, 0.0 ], [ 111.025705976254997, -6.847131705998222, 0.0 ], [ 111.024781585100399, -6.847143564833972, 0.0 ], [ 111.024083194426296, -6.847173245359162, 0.0 ], [ 111.023461270353295, -6.847187302395713, 0.0 ], [ 111.022624804274102, -6.847199190553138, 0.0 ], [ 111.022365494512997, -6.84717339773646, 0.0 ], [ 111.022432482883104, -6.846667879548226, 0.0 ], [ 111.0223827642115, -6.846476514312386, 0.0 ], [ 111.022318463374106, -6.846249963201386, 0.0 ], [ 111.022363969372293, -6.846027647694139, 0.0 ], [ 111.022363108967895, -6.846015313023771, 0.0 ], [ 111.022522379605803, -6.845913930239774, 0.0 ], [ 111.022533855860999, -6.845542747888718, 0.0 ], [ 111.022374118144498, -6.845424047247789, 0.0 ], [ 111.022164969856803, -6.845253168083939, 0.0 ], [ 111.022252333075201, -6.844833006765557, 0.0 ], [ 111.022274399670593, -6.84460278881163, 0.0 ], [ 111.0223103052017, -6.844435314338801, 0.0 ], [ 111.022319002438607, -6.844094527301489, 0.0 ], [ 111.022403390480804, -6.843733726463591, 0.0 ], [ 111.022508062815405, -6.84341421990402, 0.0 ], [ 111.022597570216305, -6.842650504507949, 0.0 ], [ 111.022645254169902, -6.842450368335033, 0.0 ], [ 111.022707895714404, -6.841948141974719, 0.0 ], [ 111.022841141604403, -6.841563209804168, 0.0 ], [ 111.022983081756607, -6.841134291381415, 0.0 ], [ 111.022954322690296, -6.840778791008949, 0.0 ], [ 111.023050913233405, -6.840777021219641, 0.0 ], [ 111.023185833602298, -6.840843022201764, 0.0 ], [ 111.023356744645994, -6.840958653324793, 0.0 ], [ 111.023682616283494, -6.840972268301527, 0.0 ], [ 111.023725671982902, -6.840849195907658, 0.0 ], [ 111.023827123218496, -6.840832036764422, 0.0 ], [ 111.023949059122799, -6.840831161843489, 0.0 ], [ 111.023996592665398, -6.840737912107875, 0.0 ], [ 111.024054434184393, -6.840729313231379, 0.0 ], [ 111.024113294393302, -6.840547265155753, 0.0 ], [ 111.024244171800902, -6.840543016924229, 0.0 ], [ 111.024374324978496, -6.840448835191393, 0.0 ], [ 111.024598684745001, -6.840578694345704, 0.0 ], [ 111.024584865385606, -6.841063239971038, 0.0 ], [ 111.024497686146304, -6.841284747494909, 0.0 ], [ 111.024553583308403, -6.841364950160306, 0.0 ], [ 111.024779990854398, -6.841458193175764, 0.0 ], [ 111.0247669450019, -6.841820125465122, 0.0 ], [ 111.024756875753397, -6.842050889523578, 0.0 ], [ 111.024751916284899, -6.842414908561352, 0.0 ], [ 111.024740359651005, -6.842786102139109, 0.0 ], [ 111.024739571882904, -6.843317342027881, 0.0 ], [ 111.025224215803405, -6.843368632652013, 0.0 ], [ 111.025204828543195, -6.843621678445786, 0.0 ], [ 111.024987461897496, -6.843647265032343, 0.0 ], [ 111.024948419098706, -6.843742335533836, 0.0 ], [ 111.024834203507794, -6.844045080448557, 0.0 ], [ 111.024822170215799, -6.844064240583445, 0.0 ], [ 111.0247371931994, -6.844314445532733, 0.0 ], [ 111.024672545080307, -6.844542604167515, 0.0 ], [ 111.024533823060807, -6.844732882810435, 0.0 ], [ 111.024368495779697, -6.844680935139805, 0.0 ], [ 111.024269863503903, -6.844873136309227, 0.0 ], [ 111.024204531614402, -6.84514922749987, 0.0 ], [ 111.024137252449094, -6.845545262150523, 0.0 ], [ 111.024111222380597, -6.845784958606193, 0.0 ], [ 111.024473038052307, -6.845838122021694, 0.0 ], [ 111.025019415323598, -6.845950314101503, 0.0 ], [ 111.025016203965507, -6.846205257282302, 0.0 ], [ 111.025167631613002, -6.846233295081729, 0.0 ], [ 111.025186686227698, -6.845934719119474, 0.0 ], [ 111.0252994982405, -6.845922741992168, 0.0 ], [ 111.025784884675801, -6.8460059381191, 0.0 ], [ 111.026235946385199, -6.846108706405947, 0.0 ], [ 111.026288195901003, -6.845657970087198, 0.0 ], [ 111.026442532564701, -6.845698762916592, 0.0 ], [ 111.026457542702403, -6.845893362637895, 0.0 ], [ 111.026668762254104, -6.845920405957774, 0.0 ], [ 111.026682962181994, -6.845750618375941, 0.0 ], [ 111.026860463635302, -6.845764813834966, 0.0 ], [ 111.026942438819901, -6.845535165494774, 0.0 ], [ 111.027114776043604, -6.845126114055234, 0.0 ], [ 111.027339060276205, -6.845159366095326, 0.0 ], [ 111.027356609475802, -6.844898102173558, 0.0 ], [ 111.0274433817724, -6.844596116219126, 0.0 ], [ 111.027448910089802, -6.844367383102852, 0.0 ], [ 111.027508286526697, -6.844114576453189, 0.0 ], [ 111.027596158749006, -6.844071345365021, 0.0 ], [ 111.027639205378605, -6.84407671515191, 0.0 ], [ 111.027738977800894, -6.844193966030128, 0.0 ], [ 111.027850209217704, -6.844193726962374, 0.0 ], [ 111.027833315967399, -6.844146059231434, 0.0 ], [ 111.027943090052801, -6.843966807897145, 0.0 ], [ 111.027942968192207, -6.843955763022045, 0.0 ], [ 111.027968525237398, -6.843781587788079, 0.0 ], [ 111.028160949293706, -6.84378082353071, 0.0 ], [ 111.028221838145896, -6.843752047069709, 0.0 ] ] ] ] } },
{ "type": "Feature", "properties": { "Name": "GEBANG", "VILLAGES": "Gebang", "CC_4": "3318110016", "SUB_DIST": "Gabus", "DISTRICT": "Pati", "GID_4": "IDN.10.21.4.5_1", "AREA_HA": 100 }, "geometry": { "type": "MultiPolygon", "coordinates": [ [ [ [ 111.024833037168804, -6.8096822186992, 0.0 ], [ 111.024680511426993, -6.810010884505512, 0.0 ], [ 111.024442164394699, -6.809967787808705, 0.0 ], [ 111.024180466977, -6.809867529169089, 0.0 ], [ 111.024090617073995, -6.809840871899208, 0.0 ], [ 111.024084801612204, -6.809666033671897, 0.0 ], [ 111.024116266708404, -6.80953637360374, 0.0 ], [ 111.024142930225295, -6.809187703548027, 0.0 ], [ 111.024280494391803, -6.808761419215072, 0.0 ], [ 111.024202400063501, -6.808419370144837, 0.0 ], [ 111.024279346544006, -6.807695819095027, 0.0 ], [ 111.024318101790996, -6.807230090309672, 0.0 ], [ 111.024338675901802, -6.806696734879107, 0.0 ], [ 111.024350830874596, -6.806279997778352, 0.0 ], [ 111.024048667876201, -6.806273852849781, 0.0 ], [ 111.023889176654095, -6.806267283521031, 0.0 ], [ 111.023983997045704, -6.805272033342112, 0.0 ], [ 111.0246356873715, -6.805333693457307, 0.0 ], [ 111.025136468141397, -6.805410685485755, 0.0 ], [ 111.026020034080901, -6.8055234689042, 0.0 ], [ 111.026729271040494, -6.805675701936734, 0.0 ], [ 111.026800680376098, -6.805690935277271, 0.0 ], [ 111.026943676320599, -6.805702208959577, 0.0 ], [ 111.027000351386903, -6.805565619068017, 0.0 ], [ 111.027439832932501, -6.805661518899314, 0.0 ], [ 111.027340693243303, -6.806070587549257, 0.0 ], [ 111.027165080870404, -6.806062016413062, 0.0 ], [ 111.027159564855097, -6.806061962006493, 0.0 ], [ 111.026862251702099, -6.805960933303812, 0.0 ], [ 111.026697690988101, -6.805906218768744, 0.0 ], [ 111.026631519623095, -6.805994666753809, 0.0 ], [ 111.026517253796797, -6.805931277460223, 0.0 ], [ 111.026438761964897, -6.806100538545528, 0.0 ], [ 111.026096644916095, -6.806099538145267, 0.0 ], [ 111.026063709706406, -6.806211177214531, 0.0 ], [ 111.026484988479098, -6.806330292182138, 0.0 ], [ 111.026374831651097, -6.806597155342308, 0.0 ], [ 111.026483492904006, -6.806640574176194, 0.0 ], [ 111.026622201345702, -6.806689232010942, 0.0 ], [ 111.026908476918905, -6.806763888484171, 0.0 ], [ 111.026946151908305, -6.806746455504748, 0.0 ], [ 111.027188643296896, -6.80676247381787, 0.0 ], [ 111.027103042869001, -6.807328834794237, 0.0 ], [ 111.027050760433397, -6.807755910074841, 0.0 ], [ 111.0266886694058, -6.807669936318986, 0.0 ], [ 111.026725821928594, -6.80747135531006, 0.0 ], [ 111.026621498363099, -6.807441100734873, 0.0 ], [ 111.026554169372602, -6.807625914810457, 0.0 ], [ 111.026046676375501, -6.807507006856482, 0.0 ], [ 111.0260146710079, -6.807556596816387, 0.0 ], [ 111.026189946455503, -6.807642938138319, 0.0 ], [ 111.026628601200301, -6.8077376515233, 0.0 ], [ 111.026971234408407, -6.807837015686127, 0.0 ], [ 111.027136210281597, -6.807872105971718, 0.0 ], [ 111.027114822639504, -6.808238294374356, 0.0 ], [ 111.027280879255898, -6.808339302749665, 0.0 ], [ 111.027760789369196, -6.808492823628546, 0.0 ], [ 111.027829332129997, -6.808414342086824, 0.0 ], [ 111.027879182835306, -6.808456557847896, 0.0 ], [ 111.027878246446093, -6.80867557961407, 0.0 ], [ 111.028316752760205, -6.808762736961407, 0.0 ], [ 111.028745429278302, -6.808886548605574, 0.0 ], [ 111.0287421558982, -6.809012818386591, 0.0 ], [ 111.028871790299107, -6.80914108009389, 0.0 ], [ 111.029167791062207, -6.809225540405761, 0.0 ], [ 111.0294243765956, -6.809273232928448, 0.0 ], [ 111.029519684246594, -6.809252727229827, 0.0 ], [ 111.029637464470198, -6.80936493869019, 0.0 ], [ 111.029608617737196, -6.809569190548378, 0.0 ], [ 111.029993194624893, -6.809619651816916, 0.0 ], [ 111.029953932270402, -6.809995036699103, 0.0 ], [ 111.029940412369001, -6.81010599917694, 0.0 ], [ 111.030367086447896, -6.810205217939882, 0.0 ], [ 111.030536718652002, -6.8102057504919, 0.0 ], [ 111.030595306277206, -6.810161572653377, 0.0 ], [ 111.030747788996507, -6.810127332179441, 0.0 ], [ 111.030681492850803, -6.810215570794769, 0.0 ], [ 111.030843830200695, -6.810305554805317, 0.0 ], [ 111.031103963549896, -6.810367177045128, 0.0 ], [ 111.032018603302603, -6.810434540455103, 0.0 ], [ 111.032247116879802, -6.810446260525531, 0.0 ], [ 111.032314043983405, -6.810385896457306, 0.0 ], [ 111.032439827303307, -6.810457942687149, 0.0 ], [ 111.032539552438706, -6.810528367234951, 0.0 ], [ 111.032882835968906, -6.8106145366835, 0.0 ], [ 111.033460823586395, -6.810750480967079, 0.0 ], [ 111.0337138167814, -6.810818030220113, 0.0 ], [ 111.033946166814204, -6.809867812972131, 0.0 ], [ 111.034100505844293, -6.809066057368636, 0.0 ], [ 111.0341492127571, -6.808858474265304, 0.0 ], [ 111.033774550941004, -6.808678710458269, 0.0 ], [ 111.033804409879295, -6.808421106519405, 0.0 ], [ 111.033406899086103, -6.808252326578077, 0.0 ], [ 111.033646126136105, -6.807371825857656, 0.0 ], [ 111.035523916037803, -6.807908923223954, 0.0 ], [ 111.036275865957904, -6.808087528581524, 0.0 ], [ 111.037213579948499, -6.8082138130367, 0.0 ], [ 111.038207031374696, -6.808404257158212, 0.0 ], [ 111.038210421410994, -6.809523277476798, 0.0 ], [ 111.038231957153499, -6.810501248300893, 0.0 ], [ 111.038247119427396, -6.811232750653213, 0.0 ], [ 111.038124626075799, -6.812033434075309, 0.0 ], [ 111.0382605744459, -6.812828099471774, 0.0 ], [ 111.038303517837804, -6.813237691301615, 0.0 ], [ 111.038342406130695, -6.813480327761631, 0.0 ], [ 111.038450028846796, -6.813655371979648, 0.0 ], [ 111.038613250938994, -6.81401394793884, 0.0 ], [ 111.038571042543893, -6.814670926345114, 0.0 ], [ 111.037486691823901, -6.814508516327907, 0.0 ], [ 111.037467743001699, -6.815216237867689, 0.0 ], [ 111.0371230996127, -6.81513026484791, 0.0 ], [ 111.0368001588825, -6.815041576853607, 0.0 ], [ 111.036465788342099, -6.8149606250907, 0.0 ], [ 111.036126852023003, -6.814869960940192, 0.0 ], [ 111.035844462819696, -6.814800225860989, 0.0 ], [ 111.035312267409694, -6.814743871398806, 0.0 ], [ 111.035054088310204, -6.814708464210086, 0.0 ], [ 111.034690255305193, -6.81472268549776, 0.0 ], [ 111.034253848509294, -6.814722749422396, 0.0 ], [ 111.034073702525902, -6.814658627587514, 0.0 ], [ 111.033810448380706, -6.814593783286093, 0.0 ], [ 111.033435581184605, -6.814528202926712, 0.0 ], [ 111.033085259079499, -6.814476967843164, 0.0 ], [ 111.032656853937894, -6.814431483591572, 0.0 ], [ 111.032552428071398, -6.814416547942071, 0.0 ], [ 111.032316250485593, -6.815890386420197, 0.0 ], [ 111.031885031385997, -6.815817598660193, 0.0 ], [ 111.031724283771396, -6.815947882407072, 0.0 ], [ 111.031726352313498, -6.816318303158771, 0.0 ], [ 111.031662733154604, -6.81673240388861, 0.0 ], [ 111.031137916940395, -6.816597304969615, 0.0 ], [ 111.030852796957703, -6.816538595835533, 0.0 ], [ 111.030755555314499, -6.816545116893723, 0.0 ], [ 111.030461155426394, -6.816485295917799, 0.0 ], [ 111.030373913817797, -6.816372116885779, 0.0 ], [ 111.030086746617997, -6.816303774959094, 0.0 ], [ 111.029981479260996, -6.816316930132238, 0.0 ], [ 111.029790110516601, -6.816261982966868, 0.0 ], [ 111.029676187075196, -6.816185942199636, 0.0 ], [ 111.029588658224597, -6.816144164223672, 0.0 ], [ 111.029468462687802, -6.816137109863603, 0.0 ], [ 111.029219430176298, -6.816095013515319, 0.0 ], [ 111.028990450852504, -6.816073786776657, 0.0 ], [ 111.028816415049306, -6.816074116044717, 0.0 ], [ 111.028574680382107, -6.816067269577299, 0.0 ], [ 111.028539700313601, -6.815567273951014, 0.0 ], [ 111.028190410234501, -6.815430481466529, 0.0 ], [ 111.028202980039893, -6.814902416249031, 0.0 ], [ 111.027752132067803, -6.814719633116569, 0.0 ], [ 111.027472234835301, -6.814587172773675, 0.0 ], [ 111.027559780819402, -6.814240130895786, 0.0 ], [ 111.027208543586895, -6.81408653799516, 0.0 ], [ 111.027023981732995, -6.81404991419876, 0.0 ], [ 111.026838984362399, -6.814043057542604, 0.0 ], [ 111.0264225901891, -6.813931779957784, 0.0 ], [ 111.026213245485707, -6.813895076147995, 0.0 ], [ 111.026280069239505, -6.8133684502014, 0.0 ], [ 111.026322636544407, -6.812941114344571, 0.0 ], [ 111.026379102431903, -6.812722838459392, 0.0 ], [ 111.026638367480601, -6.812726755090075, 0.0 ], [ 111.026757140042506, -6.812747027742355, 0.0 ], [ 111.027071962802495, -6.81264431139911, 0.0 ], [ 111.027085265046296, -6.812484665574856, 0.0 ], [ 111.027004276319104, -6.812370936342584, 0.0 ], [ 111.027057787132804, -6.812063406001816, 0.0 ], [ 111.027078464493599, -6.811748640950442, 0.0 ], [ 111.027078425195796, -6.811469216570525, 0.0 ], [ 111.027006128412495, -6.811428179115032, 0.0 ], [ 111.026722948000995, -6.811378845617468, 0.0 ], [ 111.026570610088697, -6.811378918426451, 0.0 ], [ 111.026514941058693, -6.810873368822286, 0.0 ], [ 111.026544419497199, -6.810426629914187, 0.0 ], [ 111.026559739684402, -6.809952635069308, 0.0 ], [ 111.026548046647207, -6.809772014891637, 0.0 ], [ 111.0263770503811, -6.809715487614366, 0.0 ], [ 111.026239121245695, -6.809644285929163, 0.0 ], [ 111.026051150064205, -6.809600729484076, 0.0 ], [ 111.025976871625701, -6.809586166880895, 0.0 ], [ 111.025728069439097, -6.809885147091591, 0.0 ], [ 111.025672757486603, -6.810123257551426, 0.0 ], [ 111.025516704984994, -6.810333984236002, 0.0 ], [ 111.025296870770802, -6.810262530975369, 0.0 ], [ 111.025067525383193, -6.810176776657544, 0.0 ], [ 111.024969411054997, -6.810163612319402, 0.0 ], [ 111.024971848064496, -6.81007040054658, 0.0 ], [ 111.024816697413897, -6.809989670596198, 0.0 ], [ 111.024930117055604, -6.809738902800961, 0.0 ], [ 111.025348124145495, -6.809823005856217, 0.0 ], [ 111.025406298883595, -6.809652382786251, 0.0 ], [ 111.025051133633596, -6.809559392132657, 0.0 ], [ 111.025272415703597, -6.809059060244646, 0.0 ], [ 111.025417631463895, -6.808730468800947, 0.0 ], [ 111.026591323904299, -6.809002339655509, 0.0 ], [ 111.026730937566697, -6.80840991759609, 0.0 ], [ 111.025720177812403, -6.808183837170875, 0.0 ], [ 111.025753039206805, -6.807968011941695, 0.0 ], [ 111.025870418411301, -6.807819799642381, 0.0 ], [ 111.025849097592598, -6.807726481333961, 0.0 ], [ 111.025640571619405, -6.807639085151115, 0.0 ], [ 111.024494587638998, -6.80739685269493, 0.0 ], [ 111.024431591699795, -6.807827166348592, 0.0 ], [ 111.0245075174291, -6.80792061968375, 0.0 ], [ 111.0254725142468, -6.808210255666399, 0.0 ], [ 111.025577447638398, -6.80821959468039, 0.0 ], [ 111.025387239997499, -6.808606242791226, 0.0 ], [ 111.025247904382994, -6.808908286721178, 0.0 ], [ 111.025146427895706, -6.80909865641201, 0.0 ], [ 111.024781406677107, -6.809002468085265, 0.0 ], [ 111.0246801552546, -6.809304734292453, 0.0 ], [ 111.024602565108395, -6.809579658487927, 0.0 ], [ 111.024743465431897, -6.809653279549106, 0.0 ], [ 111.024833037168804, -6.8096822186992, 0.0 ] ] ] ] } },
{ "type": "Feature", "properties": { "Name": "KARABAN", "VILLAGES": "Karaban", "CC_4": "3318110002", "SUB_DIST": "Gabus", "DISTRICT": "Pati", "GID_4": "IDN.10.21.4.7_1", "AREA_HA": 339 }, "geometry": { "type": "MultiPolygon", "coordinates": [ [ [ [ 111.001404369087098, -6.838135971932902, 0.0 ], [ 111.000866356646796, -6.838113946548129, 0.0 ], [ 110.999671974625102, -6.838057397657381, 0.0 ], [ 110.997392145598894, -6.83796125080644, 0.0 ], [ 110.997422507358394, -6.837847236266859, 0.0 ], [ 110.997278542515602, -6.837824429663399, 0.0 ], [ 110.997246818259001, -6.83797255620417, 0.0 ], [ 110.996527560115496, -6.837867776201443, 0.0 ], [ 110.996370666504006, -6.837347110913995, 0.0 ], [ 110.996333581222601, -6.836889059493021, 0.0 ], [ 110.996245840201198, -6.836526683821821, 0.0 ], [ 110.995915142451494, -6.836180381010118, 0.0 ], [ 110.996025019419207, -6.835504133764891, 0.0 ], [ 110.996085112770501, -6.835092773618672, 0.0 ], [ 110.995854873953505, -6.83465497368805, 0.0 ], [ 110.995793946751505, -6.833914038808476, 0.0 ], [ 110.995595903218799, -6.832531441995121, 0.0 ], [ 110.995361899020693, -6.832111597358976, 0.0 ], [ 110.993970829993302, -6.830993342847805, 0.0 ], [ 110.993956988087106, -6.830641524025921, 0.0 ], [ 110.993357147431695, -6.829608864573352, 0.0 ], [ 110.993170069390402, -6.82922240325369, 0.0 ], [ 110.992727859902502, -6.828377010142487, 0.0 ], [ 110.992272917792206, -6.827133848932339, 0.0 ], [ 110.991665927211898, -6.826379603692081, 0.0 ], [ 110.989861817786604, -6.824391700000342, 0.0 ], [ 110.989231145517905, -6.823677008922896, 0.0 ], [ 110.987991850703807, -6.822824639670462, 0.0 ], [ 110.988088647972603, -6.822640932096322, 0.0 ], [ 110.988602074141795, -6.821837300860842, 0.0 ], [ 110.988919958318206, -6.821497569461234, 0.0 ], [ 110.989469852253393, -6.820877777598897, 0.0 ], [ 110.990034830889698, -6.82042280330865, 0.0 ], [ 110.991107276259001, -6.820217757484037, 0.0 ], [ 110.991781187737402, -6.821101228769866, 0.0 ], [ 110.992570297604203, -6.821784133587644, 0.0 ], [ 110.992688413295298, -6.821591001432486, 0.0 ], [ 110.992924685066995, -6.821542578482484, 0.0 ], [ 110.993314928597698, -6.82151896878524, 0.0 ], [ 110.993305803347099, -6.821323141113087, 0.0 ], [ 110.993337162492296, -6.821051428926238, 0.0 ], [ 110.994065165308001, -6.82115118813909, 0.0 ], [ 110.994521132575699, -6.820927909875326, 0.0 ], [ 110.995183064847893, -6.821151641950176, 0.0 ], [ 110.995467804011, -6.821324072362706, 0.0 ], [ 110.995750781388907, -6.821446448243834, 0.0 ], [ 110.995971785680197, -6.821176116717981, 0.0 ], [ 110.996533634092401, -6.821045544454274, 0.0 ], [ 110.997062763698196, -6.820570480971254, 0.0 ], [ 110.997285036393095, -6.820595146622458, 0.0 ], [ 110.997654071609901, -6.820398715282733, 0.0 ], [ 110.997613310302796, -6.819382923865045, 0.0 ], [ 110.997925005777901, -6.819358077582008, 0.0 ], [ 110.998362094684097, -6.819664395417457, 0.0 ], [ 110.998986561158205, -6.818962725616962, 0.0 ], [ 110.999430504982996, -6.819120419468218, 0.0 ], [ 110.999475696403707, -6.818856743171681, 0.0 ], [ 111.000217044530501, -6.818749650009545, 0.0 ], [ 111.004249839756199, -6.818292540052977, 0.0 ], [ 111.004959849860896, -6.818348219109642, 0.0 ], [ 111.005434402006003, -6.817939503856534, 0.0 ], [ 111.005710618117902, -6.817967495945226, 0.0 ], [ 111.005875260457898, -6.818377957202796, 0.0 ], [ 111.005878778396905, -6.820121864458403, 0.0 ], [ 111.006058231876693, -6.820470967435651, 0.0 ], [ 111.005967173718702, -6.822458978480931, 0.0 ], [ 111.005926827306197, -6.824790871048782, 0.0 ], [ 111.005941409390999, -6.825432299562443, 0.0 ], [ 111.006910845163105, -6.825431849469899, 0.0 ], [ 111.006935941327498, -6.825072480660871, 0.0 ], [ 111.009700261238805, -6.826345613332121, 0.0 ], [ 111.009575224485005, -6.829571603017074, 0.0 ], [ 111.009848110312802, -6.830732419358601, 0.0 ], [ 111.010428199659103, -6.83193867445238, 0.0 ], [ 111.010271678537904, -6.832764777393667, 0.0 ], [ 111.011319963781901, -6.833116197482099, 0.0 ], [ 111.012700601697603, -6.833597250432953, 0.0 ], [ 111.012595611869699, -6.834421827810691, 0.0 ], [ 111.013091599132594, -6.834558411177305, 0.0 ], [ 111.013101720463297, -6.834659613549448, 0.0 ], [ 111.012977212944904, -6.8348504974019, 0.0 ], [ 111.011531916249695, -6.834565382013222, 0.0 ], [ 111.011390629976006, -6.834918386155899, 0.0 ], [ 111.011857267167798, -6.83501333479604, 0.0 ], [ 111.011818458610193, -6.835195884188869, 0.0 ], [ 111.011724824938796, -6.835179253906771, 0.0 ], [ 111.011683476769605, -6.835318843658555, 0.0 ], [ 111.011230692611804, -6.835242973375839, 0.0 ], [ 111.011079507111106, -6.835537146638603, 0.0 ], [ 111.011744686701505, -6.835701068090785, 0.0 ], [ 111.0115204520623, -6.835894164515731, 0.0 ], [ 111.010855447401198, -6.8363493493197, 0.0 ], [ 111.010672671514996, -6.83637264650682, 0.0 ], [ 111.010632705946307, -6.836464033912676, 0.0 ], [ 111.011483552651796, -6.836622401436416, 0.0 ], [ 111.011267929713895, -6.837609264860664, 0.0 ], [ 111.010547884599404, -6.837537828166647, 0.0 ], [ 111.0105900306622, -6.837132000762735, 0.0 ], [ 111.010586921570095, -6.836824806721444, 0.0 ], [ 111.010551123655304, -6.836787597538331, 0.0 ], [ 111.010339735927204, -6.837450545837046, 0.0 ], [ 111.010191486982393, -6.837458890815576, 0.0 ], [ 111.008967370146607, -6.837217105929036, 0.0 ], [ 111.009062183561895, -6.836047211112301, 0.0 ], [ 111.008669891224798, -6.836034913270151, 0.0 ], [ 111.008580224758006, -6.836950870681203, 0.0 ], [ 111.008607393427496, -6.837007026943869, 0.0 ], [ 111.008565537391206, -6.837153733461228, 0.0 ], [ 111.008125051512806, -6.837053863595073, 0.0 ], [ 111.007688156483297, -6.836926224241434, 0.0 ], [ 111.007431042072696, -6.836859217633235, 0.0 ], [ 111.006959923329802, -6.836823933536483, 0.0 ], [ 111.007061839570397, -6.836172127969494, 0.0 ], [ 111.005359031246797, -6.835868732940367, 0.0 ], [ 111.005165267628499, -6.835818587983752, 0.0 ], [ 111.005099229868804, -6.835982537149372, 0.0 ], [ 111.004395352286707, -6.835879641853309, 0.0 ], [ 111.004409150190199, -6.835367261233871, 0.0 ], [ 111.005352603891893, -6.835439490071376, 0.0 ], [ 111.005351210727895, -6.835562130586993, 0.0 ], [ 111.005425074148306, -6.835596757031117, 0.0 ], [ 111.006513707747501, -6.835683593169754, 0.0 ], [ 111.006508081863302, -6.835572950609738, 0.0 ], [ 111.006524173567698, -6.835403995895694, 0.0 ], [ 111.005459527432905, -6.835238701957467, 0.0 ], [ 111.005514249092101, -6.834885533044816, 0.0 ], [ 111.0063082888379, -6.835017577999642, 0.0 ], [ 111.006362588801395, -6.834704870015433, 0.0 ], [ 111.0055000334672, -6.834621874359814, 0.0 ], [ 111.005520970019802, -6.834261582949281, 0.0 ], [ 111.006135301888406, -6.834328020331122, 0.0 ], [ 111.006176019882304, -6.833972846753801, 0.0 ], [ 111.0055388354901, -6.833930615920661, 0.0 ], [ 111.005562353541393, -6.833582299827921, 0.0 ], [ 111.0059357634549, -6.833612364180671, 0.0 ], [ 111.005950416311194, -6.833316917792379, 0.0 ], [ 111.005561168171397, -6.833224571571892, 0.0 ], [ 111.005657885081902, -6.831824435582697, 0.0 ], [ 111.0057059585845, -6.831789830139126, 0.0 ], [ 111.006101588305299, -6.831816549471389, 0.0 ], [ 111.006143592087597, -6.831647090432762, 0.0 ], [ 111.007322362672099, -6.831710485571246, 0.0 ], [ 111.007362194967499, -6.831446579666004, 0.0 ], [ 111.007240692501298, -6.831384995905853, 0.0 ], [ 111.007202408255594, -6.831653009947964, 0.0 ], [ 111.006138478175899, -6.831594837643963, 0.0 ], [ 111.005640692243901, -6.83159581950147, 0.0 ], [ 111.005555981131707, -6.832468455146627, 0.0 ], [ 111.005557097537604, -6.832525271470572, 0.0 ], [ 111.005502519414406, -6.833207596813174, 0.0 ], [ 111.005488013738699, -6.833805059598189, 0.0 ], [ 111.005458485224693, -6.833897836859266, 0.0 ], [ 111.004474397855105, -6.833748047858438, 0.0 ], [ 111.004463473029503, -6.833934932954109, 0.0 ], [ 111.005004275162804, -6.834044790847815, 0.0 ], [ 111.004985300074097, -6.834196088348106, 0.0 ], [ 111.005460852926504, -6.834251311144328, 0.0 ], [ 111.005408393979906, -6.834965550542452, 0.0 ], [ 111.0049503413357, -6.834919775274505, 0.0 ], [ 111.004929516974897, -6.834759283612808, 0.0 ], [ 111.004886563952994, -6.834728164552616, 0.0 ], [ 111.004870196804106, -6.834611218531088, 0.0 ], [ 111.004180708778804, -6.834531521390767, 0.0 ], [ 111.004008906613393, -6.834605630931375, 0.0 ], [ 111.002961177509604, -6.834559983462768, 0.0 ], [ 111.002842415330505, -6.834857563516026, 0.0 ], [ 111.002184222879507, -6.834862394153037, 0.0 ], [ 111.002289587557598, -6.834495152513563, 0.0 ], [ 111.002099612453904, -6.834468162068402, 0.0 ], [ 111.002015112360198, -6.834771856431881, 0.0 ], [ 111.002075116750106, -6.834860020441076, 0.0 ], [ 111.002055783802504, -6.835031361553651, 0.0 ], [ 111.001985862202702, -6.83521276288354, 0.0 ], [ 111.001906905010799, -6.835484832473389, 0.0 ], [ 111.001874879526497, -6.835774031765397, 0.0 ], [ 111.001880416723296, -6.835808764531634, 0.0 ], [ 111.001852718927793, -6.836324436183123, 0.0 ], [ 111.001924431855997, -6.836737828193857, 0.0 ], [ 111.002020488988705, -6.837210622038095, 0.0 ], [ 111.002191181547801, -6.837454737625937, 0.0 ], [ 111.002158583415607, -6.837626323577194, 0.0 ], [ 111.002062094046806, -6.837634970830787, 0.0 ], [ 111.0014432099982, -6.837550597490035, 0.0 ], [ 111.001404369087098, -6.838135971932902, 0.0 ] ] ] ] } },
{ "type": "Feature", "properties": { "Name": "KARANGROWO", "VILLAGES": "Karang Rowo", "CC_4": "3319040010", "SUB_DIST": "Undaan", "DISTRICT": "Pati", "GID_4": "IDN.10.19.10.4_1", "AREA_HA": 569 }, "geometry": { "type": "MultiPolygon", "coordinates": [ [ [ [ 110.871208709003596, -6.892742689385704, 0.0 ], [ 110.871541869374894, -6.893740704457538, 0.0 ], [ 110.872118586210902, -6.893843777486242, 0.0 ], [ 110.872040903279, -6.893558014909876, 0.0 ], [ 110.871933234161105, -6.893182542485921, 0.0 ], [ 110.871683351287402, -6.892523391547575, 0.0 ], [ 110.871797546230695, -6.892166523377595, 0.0 ], [ 110.871937785538606, -6.891996261602243, 0.0 ], [ 110.872303528723094, -6.891523258461156, 0.0 ], [ 110.872448721809505, -6.890918059677246, 0.0 ], [ 110.872447002385798, -6.890872137500542, 0.0 ], [ 110.872566372220504, -6.890208227967591, 0.0 ], [ 110.872641455106503, -6.889942591210966, 0.0 ], [ 110.872859831040799, -6.889474826837826, 0.0 ], [ 110.872859822237601, -6.889466835930027, 0.0 ], [ 110.873054191859595, -6.888944726741933, 0.0 ], [ 110.873184943446205, -6.889033144864672, 0.0 ], [ 110.873529554949101, -6.889141428106443, 0.0 ], [ 110.873614028586701, -6.888805257013815, 0.0 ], [ 110.873397333226393, -6.888692406208662, 0.0 ], [ 110.873512548561095, -6.888134771139237, 0.0 ], [ 110.873758296415403, -6.888133920773521, 0.0 ], [ 110.873966181511605, -6.886814156785046, 0.0 ], [ 110.874570504030004, -6.886929631926407, 0.0 ], [ 110.875244846631603, -6.887011634439867, 0.0 ], [ 110.875379271830596, -6.886920645802385, 0.0 ], [ 110.875472940013097, -6.886412279391556, 0.0 ], [ 110.876089391773604, -6.886502571943989, 0.0 ], [ 110.876031243915605, -6.886690514735942, 0.0 ], [ 110.876397080960302, -6.886772779533771, 0.0 ], [ 110.877795840592299, -6.887034997286698, 0.0 ], [ 110.877960758289106, -6.886919243069217, 0.0 ], [ 110.878693563714705, -6.887035803999372, 0.0 ], [ 110.878856122914598, -6.886726553352663, 0.0 ], [ 110.879434929796503, -6.886763822887933, 0.0 ], [ 110.879516923878398, -6.886764193677535, 0.0 ], [ 110.879821012029595, -6.886823996185167, 0.0 ], [ 110.879794919334003, -6.887033794319504, 0.0 ], [ 110.880764686640305, -6.887161853248035, 0.0 ], [ 110.880832161235404, -6.886898862041358, 0.0 ], [ 110.8812605548639, -6.887019715797594, 0.0 ], [ 110.881192348560802, -6.887258687515483, 0.0 ], [ 110.881372926763902, -6.887474514377892, 0.0 ], [ 110.881610892001405, -6.887526129612382, 0.0 ], [ 110.881734123946899, -6.887187028592002, 0.0 ], [ 110.882203510369493, -6.887280069832342, 0.0 ], [ 110.882363966494296, -6.887328969363569, 0.0 ], [ 110.882503711911198, -6.887942943378572, 0.0 ], [ 110.882483285373098, -6.888117146332187, 0.0 ], [ 110.8826453073887, -6.888864617278775, 0.0 ], [ 110.882785052906399, -6.889482947963628, 0.0 ], [ 110.882850392361803, -6.889820679851601, 0.0 ], [ 110.8828703192288, -6.890111276258676, 0.0 ], [ 110.882958541354796, -6.890627019715593, 0.0 ], [ 110.883000649447894, -6.891024548799415, 0.0 ], [ 110.882904045845095, -6.891413096118946, 0.0 ], [ 110.882889317440402, -6.891886081527071, 0.0 ], [ 110.882935998794807, -6.892247538132489, 0.0 ], [ 110.882947479984097, -6.89237613924111, 0.0 ], [ 110.882716248235099, -6.892919060975104, 0.0 ], [ 110.881868532346502, -6.893564090337938, 0.0 ], [ 110.880493219304597, -6.894002003295389, 0.0 ], [ 110.878407820392198, -6.894126242697503, 0.0 ], [ 110.877899253603005, -6.894117257560278, 0.0 ], [ 110.876689741509196, -6.894162596959322, 0.0 ], [ 110.875610949124194, -6.894273557370898, 0.0 ], [ 110.874902979293694, -6.894352484431192, 0.0 ], [ 110.873784362383603, -6.894350372697502, 0.0 ], [ 110.872633416206796, -6.89406070445117, 0.0 ], [ 110.871087749089199, -6.893713505084534, 0.0 ], [ 110.8703416913702, -6.893595212774459, 0.0 ], [ 110.869826366857893, -6.893491599195638, 0.0 ], [ 110.869369854618895, -6.893408805499453, 0.0 ], [ 110.868814473238103, -6.893302484647954, 0.0 ], [ 110.868267197435003, -6.893202099267015, 0.0 ], [ 110.867846253366594, -6.893061508347931, 0.0 ], [ 110.8674192975175, -6.892926225919579, 0.0 ], [ 110.866547564381193, -6.892692069156481, 0.0 ], [ 110.866998647896096, -6.89228274376541, 0.0 ], [ 110.867826779404197, -6.891501504625402, 0.0 ], [ 110.868096589652296, -6.890336827347814, 0.0 ], [ 110.868266531414704, -6.889598251606437, 0.0 ], [ 110.868188195800897, -6.889042786317901, 0.0 ], [ 110.867840466423601, -6.887773420108397, 0.0 ], [ 110.867258499911699, -6.887119859159973, 0.0 ], [ 110.867043709017494, -6.886638696190897, 0.0 ], [ 110.863646267194, -6.885398587030351, 0.0 ], [ 110.8625741299563, -6.885924169522788, 0.0 ], [ 110.861451092307604, -6.885008381001225, 0.0 ], [ 110.860714948623297, -6.884376487323602, 0.0 ], [ 110.860622730808799, -6.88427669369632, 0.0 ], [ 110.862776829438999, -6.884995004155408, 0.0 ], [ 110.862842895457902, -6.884961284502176, 0.0 ], [ 110.8628153869942, -6.884866981379464, 0.0 ], [ 110.863037054390304, -6.884772918771849, 0.0 ], [ 110.863224732295805, -6.884661283606804, 0.0 ], [ 110.863237489950507, -6.884523030693226, 0.0 ], [ 110.863259820497404, -6.884522983625255, 0.0 ], [ 110.864197441519593, -6.884678985968963, 0.0 ], [ 110.864750707141695, -6.884685902605189, 0.0 ], [ 110.864843424144993, -6.884416123132834, 0.0 ], [ 110.8649144459757, -6.884273331952775, 0.0 ], [ 110.8655754762096, -6.884411465155956, 0.0 ], [ 110.865697100896099, -6.884564510670126, 0.0 ], [ 110.865911646138699, -6.88489164406176, 0.0 ], [ 110.866494341892903, -6.884448909046092, 0.0 ], [ 110.866491947348905, -6.884074720847394, 0.0 ], [ 110.8665098683054, -6.883121674850957, 0.0 ], [ 110.866499928532505, -6.882682026199441, 0.0 ], [ 110.8663894744911, -6.881979618098724, 0.0 ], [ 110.866344729683206, -6.881568663302065, 0.0 ], [ 110.866263194114097, -6.881389943580023, 0.0 ], [ 110.866129406088007, -6.881512980901183, 0.0 ], [ 110.866131253384296, -6.88166949556709, 0.0 ], [ 110.866180789093903, -6.881727897591507, 0.0 ], [ 110.866156695414702, -6.881975401214117, 0.0 ], [ 110.866063322567101, -6.881927091691446, 0.0 ], [ 110.8659422858141, -6.882325462289769, 0.0 ], [ 110.866110584915205, -6.88241839162578, 0.0 ], [ 110.8660981809265, -6.882751640711674, 0.0 ], [ 110.865887441564297, -6.882787602845509, 0.0 ], [ 110.865831449725505, -6.883101043854457, 0.0 ], [ 110.865856375389001, -6.88320500197956, 0.0 ], [ 110.865387043774703, -6.883327623872476, 0.0 ], [ 110.865210524072197, -6.883279339843213, 0.0 ], [ 110.865127220861098, -6.883515631140932, 0.0 ], [ 110.864972495986393, -6.883475978018699, 0.0 ], [ 110.864848068650502, -6.883368610302442, 0.0 ], [ 110.864714440253593, -6.88339539762394, 0.0 ], [ 110.864636671405805, -6.883455681469436, 0.0 ], [ 110.864504878087303, -6.883381440624126, 0.0 ], [ 110.864392084441207, -6.883306435630004, 0.0 ], [ 110.864221762023504, -6.883292508054541, 0.0 ], [ 110.864085762624399, -6.883285635286029, 0.0 ], [ 110.863853214563505, -6.883258608299752, 0.0 ], [ 110.863950842409196, -6.883058002569134, 0.0 ], [ 110.863861154227905, -6.882980454294729, 0.0 ], [ 110.863470864561407, -6.882887531098469, 0.0 ], [ 110.863336568803703, -6.88318411856149, 0.0 ], [ 110.862919420140202, -6.883140660639091, 0.0 ], [ 110.862929582157705, -6.882985720349093, 0.0 ], [ 110.862807965410298, -6.88295734940862, 0.0 ], [ 110.862772383260406, -6.883035352962197, 0.0 ], [ 110.862626801001994, -6.883028220304006, 0.0 ], [ 110.862541737608097, -6.883014019579148, 0.0 ], [ 110.862453574838895, -6.883021069210688, 0.0 ], [ 110.862370946367193, -6.882985341883064, 0.0 ], [ 110.8622679819415, -6.882950048663363, 0.0 ], [ 110.862129823917002, -6.882872438129164, 0.0 ], [ 110.862073521697695, -6.882829807102415, 0.0 ], [ 110.862079912326706, -6.882733760344649, 0.0 ], [ 110.862147939133095, -6.882726126558494, 0.0 ], [ 110.862195226452997, -6.882645167214985, 0.0 ], [ 110.862268764721406, -6.882586071352709, 0.0 ], [ 110.862289980908798, -6.882504738601681, 0.0 ], [ 110.862143803904999, -6.882495051229798, 0.0 ], [ 110.862052409773597, -6.88256997235679, 0.0 ], [ 110.862006612126095, -6.882712518259122, 0.0 ], [ 110.861970567258894, -6.88280107295309, 0.0 ], [ 110.861842989076393, -6.882957961883673, 0.0 ], [ 110.861598916450006, -6.882863886534908, 0.0 ], [ 110.861671812607398, -6.882597756588053, 0.0 ], [ 110.861672233686207, -6.882511603906297, 0.0 ], [ 110.861673753563394, -6.882439049390701, 0.0 ], [ 110.8616460583563, -6.882338264067472, 0.0 ], [ 110.8614640016593, -6.882257112659032, 0.0 ], [ 110.861169440526297, -6.882123633196423, 0.0 ], [ 110.861162339881005, -6.882123623300121, 0.0 ], [ 110.860950851731104, -6.882009978979145, 0.0 ], [ 110.860912237792107, -6.881850158771691, 0.0 ], [ 110.860834766903807, -6.881741167684277, 0.0 ], [ 110.859953098221197, -6.881301277140665, 0.0 ], [ 110.859965617232703, -6.881155149347786, 0.0 ], [ 110.860027879054996, -6.881022467715031, 0.0 ], [ 110.859926659519502, -6.880949264556481, 0.0 ], [ 110.859764735468403, -6.880918981268032, 0.0 ], [ 110.859658140132794, -6.881063528530084, 0.0 ], [ 110.858481374912998, -6.880664569903158, 0.0 ], [ 110.858074094632698, -6.880538064479691, 0.0 ], [ 110.857933404082701, -6.880545396596707, 0.0 ], [ 110.857818715252193, -6.880506318092568, 0.0 ], [ 110.857749926271495, -6.88028394316524, 0.0 ], [ 110.857977618617696, -6.879382578893405, 0.0 ], [ 110.858199756086094, -6.877836329354385, 0.0 ], [ 110.8583495541329, -6.876798796511395, 0.0 ], [ 110.858257022339203, -6.876679893255647, 0.0 ], [ 110.858290166994706, -6.876126784700293, 0.0 ], [ 110.860827150236403, -6.876265109391674, 0.0 ], [ 110.862112129992994, -6.876332077993416, 0.0 ], [ 110.861961141209406, -6.875672088632458, 0.0 ], [ 110.861446414157101, -6.873711816039367, 0.0 ], [ 110.861384973786798, -6.87346350531257, 0.0 ], [ 110.861231840221194, -6.872966849845152, 0.0 ], [ 110.860602536153294, -6.872041473164519, 0.0 ], [ 110.859972528057398, -6.871115889073384, 0.0 ], [ 110.859380902824597, -6.870240419459961, 0.0 ], [ 110.858903901486002, -6.869580371094105, 0.0 ], [ 110.859418779949294, -6.867700750774669, 0.0 ], [ 110.859553861252905, -6.867191155347741, 0.0 ], [ 110.858752739994998, -6.866510620353285, 0.0 ], [ 110.859352358201306, -6.864336886800174, 0.0 ], [ 110.859694357374806, -6.862989204420652, 0.0 ], [ 110.8598446915788, -6.863009869434695, 0.0 ], [ 110.860010694808906, -6.862194702514338, 0.0 ], [ 110.860230781459705, -6.862280936795758, 0.0 ], [ 110.860330639423097, -6.862460521259628, 0.0 ], [ 110.860437485224907, -6.86267185764854, 0.0 ], [ 110.860514403165396, -6.862969702889647, 0.0 ], [ 110.860643378971702, -6.863141842407032, 0.0 ], [ 110.860578313806997, -6.863386467731657, 0.0 ], [ 110.860774501999899, -6.863482645481428, 0.0 ], [ 110.860778364714605, -6.863670269331402, 0.0 ], [ 110.861191744825405, -6.863914804021265, 0.0 ], [ 110.861286644105306, -6.863710887026367, 0.0 ], [ 110.861448152873905, -6.863710560994446, 0.0 ], [ 110.861284305883103, -6.864306424564453, 0.0 ], [ 110.862094022953897, -6.864501119664479, 0.0 ], [ 110.862099025568796, -6.864813561518604, 0.0 ], [ 110.862278394327006, -6.864907638682025, 0.0 ], [ 110.862248158263199, -6.865256723565933, 0.0 ], [ 110.861709855574702, -6.865126374233573, 0.0 ], [ 110.8617010008156, -6.8653070502486, 0.0 ], [ 110.861837673125194, -6.865361968776805, 0.0 ], [ 110.861821275239095, -6.865525109478412, 0.0 ], [ 110.861928274617597, -6.865576898096912, 0.0 ], [ 110.861881131081503, -6.865753514900926, 0.0 ], [ 110.861766421285097, -6.865755388799402, 0.0 ], [ 110.861359888962696, -6.865720141108495, 0.0 ], [ 110.861295022877997, -6.865961967673812, 0.0 ], [ 110.861216005352304, -6.865993007617925, 0.0 ], [ 110.861196374839494, -6.86609815353847, 0.0 ], [ 110.861383219746401, -6.86615844328889, 0.0 ], [ 110.861367845342002, -6.866259662918651, 0.0 ], [ 110.861277773048599, -6.86621211449499, 0.0 ], [ 110.861263620109, -6.866324189090641, 0.0 ], [ 110.861203743600996, -6.86635918109809, 0.0 ], [ 110.860880531070606, -6.866295874539976, 0.0 ], [ 110.860806248763197, -6.86635352861625, 0.0 ], [ 110.860251317053098, -6.866386051172235, 0.0 ], [ 110.859879952028805, -6.866327981463249, 0.0 ], [ 110.859810601472105, -6.866539212836133, 0.0 ], [ 110.859777984742394, -6.866815544110633, 0.0 ], [ 110.859903072532703, -6.866841707374674, 0.0 ], [ 110.860003827058904, -6.866606029946774, 0.0 ], [ 110.860388221769995, -6.866597173234897, 0.0 ], [ 110.861056340762502, -6.866664305670319, 0.0 ], [ 110.861658637529004, -6.866670632408794, 0.0 ], [ 110.862033212951999, -6.866704736611847, 0.0 ], [ 110.862259617495297, -6.866851160716938, 0.0 ], [ 110.862469235397597, -6.866872921404457, 0.0 ], [ 110.862455555218006, -6.867204490359897, 0.0 ], [ 110.862467169103397, -6.867403960263903, 0.0 ], [ 110.862650035018902, -6.867505655936749, 0.0 ], [ 110.862645168231893, -6.867649182810984, 0.0 ], [ 110.862700086568395, -6.867770268981698, 0.0 ], [ 110.862835024808504, -6.867746872400429, 0.0 ], [ 110.863027587151805, -6.867807434331333, 0.0 ], [ 110.863339694865601, -6.867925033796647, 0.0 ], [ 110.863217504298007, -6.868978610383171, 0.0 ], [ 110.863699992886495, -6.869010329686262, 0.0 ], [ 110.863942096952002, -6.869047899796056, 0.0 ], [ 110.864007835499805, -6.868946336889555, 0.0 ], [ 110.863822651823895, -6.868299575043544, 0.0 ], [ 110.864161888372905, -6.868266949746257, 0.0 ], [ 110.864765326980901, -6.868392011118907, 0.0 ], [ 110.865251094255299, -6.868596859192967, 0.0 ], [ 110.865610361903705, -6.86868391514163, 0.0 ], [ 110.866337291512295, -6.86899969239855, 0.0 ], [ 110.866666440749, -6.869288780269266, 0.0 ], [ 110.866990498757303, -6.869716459928898, 0.0 ], [ 110.867103348497295, -6.869886157752598, 0.0 ], [ 110.867194238509796, -6.870036180686644, 0.0 ], [ 110.8677097493335, -6.870453928791644, 0.0 ], [ 110.867898208009194, -6.87058130577859, 0.0 ], [ 110.868047291558398, -6.870398154055605, 0.0 ], [ 110.868277996956195, -6.869927000505643, 0.0 ], [ 110.867607671895001, -6.869155166760689, 0.0 ], [ 110.867095026071198, -6.868671099518862, 0.0 ], [ 110.8671875979079, -6.868398566392526, 0.0 ], [ 110.867095523765002, -6.868374129647818, 0.0 ], [ 110.867019370193304, -6.868591265233672, 0.0 ], [ 110.866846899630602, -6.868453932599859, 0.0 ], [ 110.866905583665996, -6.868188530735558, 0.0 ], [ 110.866669802526204, -6.868143067377497, 0.0 ], [ 110.866691682887307, -6.867993316824743, 0.0 ], [ 110.866782843920404, -6.867965042796039, 0.0 ], [ 110.866803725217494, -6.867887822962969, 0.0 ], [ 110.866713543551796, -6.867860605115578, 0.0 ], [ 110.866781035318297, -6.867659546590419, 0.0 ], [ 110.866937005546404, -6.867759042727002, 0.0 ], [ 110.867038746395195, -6.867570192160116, 0.0 ], [ 110.866794137154002, -6.867453440568466, 0.0 ], [ 110.866920005993407, -6.866976922249838, 0.0 ], [ 110.866820760869601, -6.867039715441356, 0.0 ], [ 110.866574094676196, -6.868177526479054, 0.0 ], [ 110.866313311493897, -6.868036229065368, 0.0 ], [ 110.865940316727404, -6.867771219004432, 0.0 ], [ 110.865694058238603, -6.867604514413766, 0.0 ], [ 110.865683317005093, -6.867387344894743, 0.0 ], [ 110.865616886499694, -6.867319269848526, 0.0 ], [ 110.865697839675903, -6.866883907898858, 0.0 ], [ 110.865446477928501, -6.866827164380688, 0.0 ], [ 110.865143139162498, -6.866790575496287, 0.0 ], [ 110.864889698201395, -6.866760983990819, 0.0 ], [ 110.864667513537398, -6.866718816197422, 0.0 ], [ 110.864598756301206, -6.866694469020943, 0.0 ], [ 110.864518646929895, -6.866635896183344, 0.0 ], [ 110.864379756452095, -6.86668650218759, 0.0 ], [ 110.864286358092798, -6.866635695165134, 0.0 ], [ 110.864027699418799, -6.866629945632127, 0.0 ], [ 110.864015276296499, -6.866339692418109, 0.0 ], [ 110.864056774650095, -6.866215523481967, 0.0 ], [ 110.864261653904506, -6.866169904691072, 0.0 ], [ 110.864378584463495, -6.866214749418407, 0.0 ], [ 110.864409605936402, -6.866197192966538, 0.0 ], [ 110.864400483702696, -6.866083585446695, 0.0 ], [ 110.8642384692359, -6.866007724652518, 0.0 ], [ 110.864260165858198, -6.865763173560237, 0.0 ], [ 110.864303301854505, -6.86555148281595, 0.0 ], [ 110.864414796567402, -6.865506684717132, 0.0 ], [ 110.864482543027194, -6.865326427785863, 0.0 ], [ 110.864739354832395, -6.865416013446532, 0.0 ], [ 110.864838190396995, -6.865536935619691, 0.0 ], [ 110.865117294841596, -6.865612632919467, 0.0 ], [ 110.865200968379099, -6.865479886354409, 0.0 ], [ 110.865339797314704, -6.865422656718407, 0.0 ], [ 110.866064352286003, -6.865604044837339, 0.0 ], [ 110.866331096045499, -6.865642558280181, 0.0 ], [ 110.866364221819197, -6.865813770973187, 0.0 ], [ 110.866933119960393, -6.865911229417298, 0.0 ], [ 110.866993902199795, -6.865953062151732, 0.0 ], [ 110.866945638200704, -6.866195615400114, 0.0 ], [ 110.866923605055604, -6.866468314221803, 0.0 ], [ 110.867051619662405, -6.8665548676186, 0.0 ], [ 110.867131687988405, -6.866267926494166, 0.0 ], [ 110.867210034517001, -6.866219289234886, 0.0 ], [ 110.867429106316294, -6.866267036257268, 0.0 ], [ 110.867544458785702, -6.865794799445649, 0.0 ], [ 110.867405243293902, -6.865704564449864, 0.0 ], [ 110.867423167539002, -6.865566211437597, 0.0 ], [ 110.867408359525598, -6.865475155901709, 0.0 ], [ 110.867443711606398, -6.86540305041497, 0.0 ], [ 110.867626507918104, -6.865399142393328, 0.0 ], [ 110.868303056406504, -6.865533054744722, 0.0 ], [ 110.868321690594101, -6.865540374144235, 0.0 ], [ 110.869031570627897, -6.86572870382661, 0.0 ], [ 110.869280647426294, -6.865836007823093, 0.0 ], [ 110.869227805362598, -6.866082574123964, 0.0 ], [ 110.869573115158104, -6.866258729701332, 0.0 ], [ 110.869715347260595, -6.866073705138191, 0.0 ], [ 110.869875859665896, -6.866127124261475, 0.0 ], [ 110.869959140969797, -6.866026602282962, 0.0 ], [ 110.870487219108298, -6.866199175203759, 0.0 ], [ 110.8709066634338, -6.86636772871566, 0.0 ], [ 110.871452625603794, -6.866471857948961, 0.0 ], [ 110.871398745854705, -6.866597633429844, 0.0 ], [ 110.871513045479205, -6.866657566806775, 0.0 ], [ 110.871548750088493, -6.866544571581363, 0.0 ], [ 110.872137894814699, -6.866685315420002, 0.0 ], [ 110.872401436079002, -6.866788569263937, 0.0 ], [ 110.872351966301096, -6.867341434997989, 0.0 ], [ 110.873092551570295, -6.867416340101403, 0.0 ], [ 110.873121361576494, -6.867592522513704, 0.0 ], [ 110.873441354137299, -6.867543083626933, 0.0 ], [ 110.873412642502899, -6.867085941946472, 0.0 ], [ 110.873341433243297, -6.866688249764418, 0.0 ], [ 110.873314984209998, -6.866262310166168, 0.0 ], [ 110.873394038524495, -6.866015366379779, 0.0 ], [ 110.873457794963997, -6.865859614547025, 0.0 ], [ 110.873269366641594, -6.865825716879566, 0.0 ], [ 110.873156580025295, -6.865898791785748, 0.0 ], [ 110.873066423518097, -6.865873539024614, 0.0 ], [ 110.873010390946902, -6.865982414036893, 0.0 ], [ 110.872111112423994, -6.865702109986865, 0.0 ], [ 110.871999512790595, -6.865979281318816, 0.0 ], [ 110.871361743340998, -6.86572089201896, 0.0 ], [ 110.871443697648502, -6.865152028065393, 0.0 ], [ 110.871146081136899, -6.865022777557097, 0.0 ], [ 110.870466106851893, -6.864853690351983, 0.0 ], [ 110.8703682876789, -6.864806353148968, 0.0 ], [ 110.870367303155803, -6.864725795938187, 0.0 ], [ 110.871493972932896, -6.864938084317616, 0.0 ], [ 110.873039353580893, -6.865202550501548, 0.0 ], [ 110.873640335325902, -6.865298077300181, 0.0 ], [ 110.873865994448394, -6.865378299327729, 0.0 ], [ 110.874816985797807, -6.865515107820568, 0.0 ], [ 110.877354051064302, -6.865853713960544, 0.0 ], [ 110.879846617209196, -6.866277874193059, 0.0 ], [ 110.880316890965204, -6.866329316254711, 0.0 ], [ 110.879596158851598, -6.866556184214667, 0.0 ], [ 110.8788745037198, -6.866848926913497, 0.0 ], [ 110.878145392564903, -6.867289809466014, 0.0 ], [ 110.877752146173904, -6.868326748399488, 0.0 ], [ 110.877882929507194, -6.869042020904573, 0.0 ], [ 110.877934069743802, -6.870294061203976, 0.0 ], [ 110.878122523934195, -6.870779778117043, 0.0 ], [ 110.878536421941305, -6.872042732392673, 0.0 ], [ 110.878951145577503, -6.87484860123952, 0.0 ], [ 110.879137579665795, -6.87639758908125, 0.0 ], [ 110.879093527106093, -6.877471596458336, 0.0 ], [ 110.879529320618502, -6.878893359720605, 0.0 ], [ 110.879737822415706, -6.879198432718371, 0.0 ], [ 110.880079444098996, -6.879914715979343, 0.0 ], [ 110.880601433973894, -6.880814581914246, 0.0 ], [ 110.881428135289198, -6.88379238139053, 0.0 ], [ 110.8817279570643, -6.884796688115303, 0.0 ], [ 110.881974436713904, -6.885860860851449, 0.0 ], [ 110.882155277671998, -6.88669188193678, 0.0 ], [ 110.882247481963901, -6.887169107498625, 0.0 ], [ 110.881750650100997, -6.88710699167742, 0.0 ], [ 110.881744915866605, -6.886908171810862, 0.0 ], [ 110.881626653870896, -6.886824693708062, 0.0 ], [ 110.8816351811831, -6.886697382326295, 0.0 ], [ 110.881412856519702, -6.886592007991879, 0.0 ], [ 110.881235994060603, -6.886592688607328, 0.0 ], [ 110.880971696068599, -6.886473196456628, 0.0 ], [ 110.880833208015801, -6.886548799636993, 0.0 ], [ 110.880326542685495, -6.88642882815271, 0.0 ], [ 110.880108639016598, -6.886330627199773, 0.0 ], [ 110.879721072745895, -6.886319665492602, 0.0 ], [ 110.879532265626906, -6.886286781641229, 0.0 ], [ 110.879491180486596, -6.886396089831657, 0.0 ], [ 110.879019565540304, -6.886340951706105, 0.0 ], [ 110.878713547727997, -6.886255185709125, 0.0 ], [ 110.878568123170595, -6.886298273983822, 0.0 ], [ 110.878406450961705, -6.886209112383357, 0.0 ], [ 110.877521776605306, -6.886043381961715, 0.0 ], [ 110.877382733636495, -6.886031093015095, 0.0 ], [ 110.877261870332205, -6.886461121858572, 0.0 ], [ 110.876973767948996, -6.886395197301308, 0.0 ], [ 110.877112944666294, -6.885851432948717, 0.0 ], [ 110.876676031593306, -6.88573848648908, 0.0 ], [ 110.876143550977403, -6.885567641918131, 0.0 ], [ 110.875760390613294, -6.885429196374778, 0.0 ], [ 110.875529308343303, -6.885394580896265, 0.0 ], [ 110.875242974384093, -6.885349167383406, 0.0 ], [ 110.875085755516906, -6.885303598048184, 0.0 ], [ 110.875169562838295, -6.884914226215633, 0.0 ], [ 110.874954694058104, -6.88472257224501, 0.0 ], [ 110.8744794956134, -6.884731782628484, 0.0 ], [ 110.874335365536297, -6.885113072389448, 0.0 ], [ 110.873981424185601, -6.885019325140583, 0.0 ], [ 110.873812334337003, -6.884935712879803, 0.0 ], [ 110.873532639023395, -6.884811077573112, 0.0 ], [ 110.873685688165494, -6.884511955164246, 0.0 ], [ 110.873827836439105, -6.884096395950689, 0.0 ], [ 110.873912446696806, -6.883739305967675, 0.0 ], [ 110.874063984760795, -6.883404656366733, 0.0 ], [ 110.874116371410906, -6.883334751767356, 0.0 ], [ 110.874147976201996, -6.883288955628953, 0.0 ], [ 110.8745239847823, -6.882922038596962, 0.0 ], [ 110.874787257900095, -6.882777802424905, 0.0 ], [ 110.874898253611093, -6.882450102267626, 0.0 ], [ 110.875199379481401, -6.882037570120884, 0.0 ], [ 110.875849268245702, -6.88169250642692, 0.0 ], [ 110.876460992368905, -6.881346187569005, 0.0 ], [ 110.876847207997102, -6.881176681595204, 0.0 ], [ 110.877106778370703, -6.881064394859206, 0.0 ], [ 110.877685704397393, -6.880632269149505, 0.0 ], [ 110.878381003968897, -6.880471978733137, 0.0 ], [ 110.878415430973106, -6.880448294072846, 0.0 ], [ 110.879272117795196, -6.879985167154202, 0.0 ], [ 110.879523292096906, -6.879792024844023, 0.0 ], [ 110.879827249174994, -6.87948805578097, 0.0 ], [ 110.879693675768806, -6.879279258145385, 0.0 ], [ 110.879608810207898, -6.879194648538608, 0.0 ], [ 110.879195207298906, -6.879497261312867, 0.0 ], [ 110.879181465978704, -6.879522814708259, 0.0 ], [ 110.878011201212004, -6.880058371237563, 0.0 ], [ 110.877864477535098, -6.880107199649152, 0.0 ], [ 110.877774601187099, -6.879888860364912, 0.0 ], [ 110.877687860030605, -6.879838529790862, 0.0 ], [ 110.876586803584203, -6.880481587332149, 0.0 ], [ 110.8756677221903, -6.881028497014967, 0.0 ], [ 110.874628032328303, -6.881667239583109, 0.0 ], [ 110.874340353572407, -6.881776308288314, 0.0 ], [ 110.874059332939396, -6.881818004528728, 0.0 ], [ 110.873916354554495, -6.882100909448876, 0.0 ], [ 110.873557925202803, -6.882489422809645, 0.0 ], [ 110.873352090222397, -6.882684969647031, 0.0 ], [ 110.873087618913104, -6.883307315808353, 0.0 ], [ 110.872564827245895, -6.88311858406726, 0.0 ], [ 110.872277809512596, -6.884067540648496, 0.0 ], [ 110.870955263898097, -6.8836233220693, 0.0 ], [ 110.870026167959594, -6.883462170140361, 0.0 ], [ 110.869419721331994, -6.883438597790454, 0.0 ], [ 110.868633485508298, -6.883494857867007, 0.0 ], [ 110.868392863607994, -6.883587770334056, 0.0 ], [ 110.867778910470093, -6.883482471279616, 0.0 ], [ 110.867209909515793, -6.88342367245219, 0.0 ], [ 110.867067094802806, -6.883318420357984, 0.0 ], [ 110.866956466679696, -6.883035527324805, 0.0 ], [ 110.866943927820202, -6.88274820129277, 0.0 ], [ 110.866929102200302, -6.882452974422277, 0.0 ], [ 110.866943014696304, -6.882124378293979, 0.0 ], [ 110.8668644909759, -6.881946119829389, 0.0 ], [ 110.866813110931304, -6.881703705013105, 0.0 ], [ 110.866522689801897, -6.881585606493787, 0.0 ], [ 110.866490488597705, -6.881697535940188, 0.0 ], [ 110.866589930000501, -6.882105110776979, 0.0 ], [ 110.866643450450894, -6.882747036220995, 0.0 ], [ 110.866641266932007, -6.883050037707721, 0.0 ], [ 110.866675890113996, -6.883750034267837, 0.0 ], [ 110.866651985961099, -6.884050332569915, 0.0 ], [ 110.866690966585395, -6.884501856534581, 0.0 ], [ 110.867117887564305, -6.88457912801095, 0.0 ], [ 110.867782318837996, -6.884679301258373, 0.0 ], [ 110.868197387318205, -6.88471111690883, 0.0 ], [ 110.868878929832803, -6.884577095333841, 0.0 ], [ 110.869123149773898, -6.884512987881467, 0.0 ], [ 110.869564141350807, -6.884401745961735, 0.0 ], [ 110.869568348505993, -6.884573471624329, 0.0 ], [ 110.870128051558297, -6.88471988726661, 0.0 ], [ 110.870094573182499, -6.884872106867021, 0.0 ], [ 110.870237318873194, -6.884990177336756, 0.0 ], [ 110.870640934951794, -6.885146440417795, 0.0 ], [ 110.870690100537203, -6.885219328416078, 0.0 ], [ 110.870656307524698, -6.885448405719463, 0.0 ], [ 110.870869493276004, -6.885483632069804, 0.0 ], [ 110.870919142475202, -6.88540718896029, 0.0 ], [ 110.871117271300804, -6.885421765450643, 0.0 ], [ 110.871076010253603, -6.885518406599438, 0.0 ], [ 110.871193829525296, -6.885615068407956, 0.0 ], [ 110.871263328005, -6.88552612834913, 0.0 ], [ 110.871409321589596, -6.88565457288574, 0.0 ], [ 110.871523340165595, -6.885734383179598, 0.0 ], [ 110.871560127976394, -6.885788942833782, 0.0 ], [ 110.871718490343298, -6.885842422549625, 0.0 ], [ 110.871660736033306, -6.886077581435233, 0.0 ], [ 110.872524490734406, -6.886352364981488, 0.0 ], [ 110.872234021917095, -6.887155899897919, 0.0 ], [ 110.872942219265894, -6.887488940199522, 0.0 ], [ 110.872983904821396, -6.887640427816526, 0.0 ], [ 110.872811645642599, -6.888226926911657, 0.0 ], [ 110.872733821099899, -6.888702145007808, 0.0 ], [ 110.872534376892901, -6.889234018215001, 0.0 ], [ 110.872353415188996, -6.889546819566622, 0.0 ], [ 110.872158594595504, -6.890113860404759, 0.0 ], [ 110.8720491874044, -6.890378664266496, 0.0 ], [ 110.871950068073502, -6.890828250551968, 0.0 ], [ 110.871850055919495, -6.891175280254294, 0.0 ], [ 110.871646915994901, -6.891431163799782, 0.0 ], [ 110.871538468412695, -6.891672369724355, 0.0 ], [ 110.871397485872606, -6.891997151933498, 0.0 ], [ 110.871266305001399, -6.892184959632865, 0.0 ], [ 110.8712416484518, -6.892422050157148, 0.0 ], [ 110.871208709003596, -6.892742689385704, 0.0 ] ] ] ] } },
{ "type": "Feature", "properties": { "Name": "KEDUNGWINONG", "VILLAGES": "Kedungwinong", "CC_4": "3318010011", "SUB_DIST": "Sukolilo", "DISTRICT": "Pati", "GID_4": "IDN.10.21.15.7_1", "AREA_HA": 224 }, "geometry": { "type": "MultiPolygon", "coordinates": [ [ [ [ 110.893334110538703, -6.937514600830734, 0.0 ], [ 110.893745770896004, -6.937183934229317, 0.0 ], [ 110.893756039356703, -6.936681088293159, 0.0 ], [ 110.893855039836794, -6.936224084226859, 0.0 ], [ 110.893777959732603, -6.93591967989022, 0.0 ], [ 110.893714332392193, -6.935807972580633, 0.0 ], [ 110.893509689745102, -6.935684642952831, 0.0 ], [ 110.893505978580706, -6.935558220666925, 0.0 ], [ 110.893440471252802, -6.93528588831687, 0.0 ], [ 110.893488710211798, -6.934828981043817, 0.0 ], [ 110.893409280790493, -6.934621782216087, 0.0 ], [ 110.893142979619697, -6.934000438546594, 0.0 ], [ 110.893016057353705, -6.93335952829703, 0.0 ], [ 110.892839303144399, -6.933202910319068, 0.0 ], [ 110.892640397306096, -6.932521270601077, 0.0 ], [ 110.892720722729294, -6.932841888511664, 0.0 ], [ 110.892687287576095, -6.932645615636017, 0.0 ], [ 110.892637095217495, -6.93258410844772, 0.0 ], [ 110.892600569357, -6.932458823527756, 0.0 ], [ 110.893251610531394, -6.932265909381382, 0.0 ], [ 110.893483615477095, -6.932040698899245, 0.0 ], [ 110.894044359612195, -6.931671209888747, 0.0 ], [ 110.894414999560794, -6.931177760743676, 0.0 ], [ 110.895275685311802, -6.930611764441581, 0.0 ], [ 110.895634571732202, -6.930591921024005, 0.0 ], [ 110.895569442383803, -6.93117085419945, 0.0 ], [ 110.895728230827999, -6.93120885237754, 0.0 ], [ 110.895750371576995, -6.930506327664276, 0.0 ], [ 110.896044641482902, -6.930501936364852, 0.0 ], [ 110.896082232644304, -6.930644931725655, 0.0 ], [ 110.896134408979805, -6.931136464739843, 0.0 ], [ 110.896136273046693, -6.931513429241137, 0.0 ], [ 110.896075467813105, -6.931745805438549, 0.0 ], [ 110.896089207991594, -6.932311448899577, 0.0 ], [ 110.896167729769601, -6.932563000489466, 0.0 ], [ 110.896178525425199, -6.932574800275073, 0.0 ], [ 110.896528444285295, -6.932907853252298, 0.0 ], [ 110.896803519558105, -6.933222635675893, 0.0 ], [ 110.896836375671896, -6.933385058780495, 0.0 ], [ 110.897120465624596, -6.933496625348161, 0.0 ], [ 110.897081367111099, -6.933884563172184, 0.0 ], [ 110.897256731218206, -6.933914606105366, 0.0 ], [ 110.897435634807195, -6.934028030703377, 0.0 ], [ 110.897823994139998, -6.934116389985265, 0.0 ], [ 110.898240436056497, -6.934211321914376, 0.0 ], [ 110.898357661515305, -6.933491857205079, 0.0 ], [ 110.898422497821898, -6.933520562746446, 0.0 ], [ 110.898983568370497, -6.933573955516214, 0.0 ], [ 110.899013640151793, -6.933196292634766, 0.0 ], [ 110.899679600589295, -6.933116980595233, 0.0 ], [ 110.899687091740006, -6.932925895120045, 0.0 ], [ 110.900084224276299, -6.9328398618597, 0.0 ], [ 110.900105089367798, -6.931989579896073, 0.0 ], [ 110.9004074345156, -6.931969620086705, 0.0 ], [ 110.900598099233605, -6.932038624027625, 0.0 ], [ 110.900715857988601, -6.931814227247066, 0.0 ], [ 110.900808006002407, -6.931884654605728, 0.0 ], [ 110.900965140725006, -6.931962254841306, 0.0 ], [ 110.901211930749497, -6.931731047684824, 0.0 ], [ 110.901180002710504, -6.931485199430144, 0.0 ], [ 110.901490716558399, -6.931496458370127, 0.0 ], [ 110.901511942193594, -6.931702178804017, 0.0 ], [ 110.901412505330001, -6.93187679686644, 0.0 ], [ 110.901212585957197, -6.932041284947811, 0.0 ], [ 110.901140736987202, -6.932340042052343, 0.0 ], [ 110.901221940598901, -6.932566570004982, 0.0 ], [ 110.901307746334595, -6.932712220159725, 0.0 ], [ 110.9013514708477, -6.932983026745931, 0.0 ], [ 110.901527624627093, -6.932982868475763, 0.0 ], [ 110.901540252677506, -6.933183147839513, 0.0 ], [ 110.901517762243998, -6.933355722390212, 0.0 ], [ 110.901477881946207, -6.933859246035342, 0.0 ], [ 110.901397510839402, -6.934273387739133, 0.0 ], [ 110.900975496969096, -6.934348120388821, 0.0 ], [ 110.900942850754703, -6.934776290950243, 0.0 ], [ 110.901331772361004, -6.934751737834149, 0.0 ], [ 110.901369338090802, -6.934422221188228, 0.0 ], [ 110.901678581180093, -6.934501628871113, 0.0 ], [ 110.901807336026906, -6.934329520859227, 0.0 ], [ 110.901503823996904, -6.934269509833085, 0.0 ], [ 110.901460112062907, -6.934158069725641, 0.0 ], [ 110.901509319188193, -6.933763066522812, 0.0 ], [ 110.901788289464093, -6.933892639937812, 0.0 ], [ 110.901836115380803, -6.933240947833943, 0.0 ], [ 110.901600831899898, -6.93316155243815, 0.0 ], [ 110.901607158791094, -6.933000699809766, 0.0 ], [ 110.901630497872802, -6.932787674845259, 0.0 ], [ 110.901835299816796, -6.932856345146453, 0.0 ], [ 110.902021740122095, -6.932756874341419, 0.0 ], [ 110.902032272218904, -6.932516484788363, 0.0 ], [ 110.902256676557201, -6.932536313882574, 0.0 ], [ 110.902314613663805, -6.932336617785599, 0.0 ], [ 110.9025602043193, -6.932337717577765, 0.0 ], [ 110.902654134789898, -6.932061720605113, 0.0 ], [ 110.902329020840895, -6.931654634802237, 0.0 ], [ 110.902272460338295, -6.931464247547146, 0.0 ], [ 110.902163073409895, -6.931385532871648, 0.0 ], [ 110.901816183851096, -6.931393885987468, 0.0 ], [ 110.901631224261394, -6.931404770809178, 0.0 ], [ 110.901191413849602, -6.931415314536669, 0.0 ], [ 110.900980280299805, -6.931314015477017, 0.0 ], [ 110.900996175541295, -6.931000043118459, 0.0 ], [ 110.9004293840012, -6.930932934926544, 0.0 ], [ 110.900189530230406, -6.931042806392504, 0.0 ], [ 110.900197294433099, -6.931355709221673, 0.0 ], [ 110.900077170739607, -6.931081659030706, 0.0 ], [ 110.900130052593994, -6.930800818023603, 0.0 ], [ 110.900195961811605, -6.93056369535728, 0.0 ], [ 110.900501574942993, -6.930527841352555, 0.0 ], [ 110.901606029176904, -6.930706431379024, 0.0 ], [ 110.902027741973498, -6.930786680633271, 0.0 ], [ 110.902611196569794, -6.930691110460253, 0.0 ], [ 110.903150702357095, -6.930799238818124, 0.0 ], [ 110.903228704583896, -6.930615495582694, 0.0 ], [ 110.903441487503002, -6.930689432468369, 0.0 ], [ 110.903464164839605, -6.930714901906156, 0.0 ], [ 110.903769235571801, -6.930786828863122, 0.0 ], [ 110.904199725829898, -6.930679367409979, 0.0 ], [ 110.904171789472699, -6.930392321564425, 0.0 ], [ 110.904123014647098, -6.929951778690524, 0.0 ], [ 110.903858566867399, -6.929695521225064, 0.0 ], [ 110.903631496937606, -6.929663781717712, 0.0 ], [ 110.903401093017095, -6.929714870364127, 0.0 ], [ 110.903322490057903, -6.929775163889823, 0.0 ], [ 110.903088752726404, -6.929674606073061, 0.0 ], [ 110.902871300822895, -6.92951476363476, 0.0 ], [ 110.902527801632701, -6.92942053200712, 0.0 ], [ 110.902362218381796, -6.929261050806327, 0.0 ], [ 110.902436670089998, -6.928701631570465, 0.0 ], [ 110.902002902392198, -6.928642073225983, 0.0 ], [ 110.902021885922593, -6.928359585772569, 0.0 ], [ 110.9023330610583, -6.928315815000497, 0.0 ], [ 110.902526055159299, -6.928415724972675, 0.0 ], [ 110.902857828869898, -6.928209536975896, 0.0 ], [ 110.902869142687905, -6.928069045424952, 0.0 ], [ 110.902748388623806, -6.928071565053817, 0.0 ], [ 110.902722108947401, -6.927857765798195, 0.0 ], [ 110.901944806457706, -6.928173249425209, 0.0 ], [ 110.901502027314706, -6.928471523450115, 0.0 ], [ 110.900877123573494, -6.928910054516998, 0.0 ], [ 110.900366402144996, -6.929396677653563, 0.0 ], [ 110.900412372511198, -6.929807412165944, 0.0 ], [ 110.899893739095702, -6.930319983478389, 0.0 ], [ 110.899536363870396, -6.930267960292615, 0.0 ], [ 110.899280757636404, -6.930078690994243, 0.0 ], [ 110.899188088573396, -6.929888717998035, 0.0 ], [ 110.898256456709106, -6.930019686536778, 0.0 ], [ 110.897759348714402, -6.930044603377659, 0.0 ], [ 110.897727094588902, -6.93007220938994, 0.0 ], [ 110.8970930923319, -6.930185060438733, 0.0 ], [ 110.896355870786607, -6.930191749778071, 0.0 ], [ 110.895369304526795, -6.930342301066335, 0.0 ], [ 110.895077807788496, -6.930497996511797, 0.0 ], [ 110.894611026374093, -6.930889320470879, 0.0 ], [ 110.893764049152395, -6.931636435289777, 0.0 ], [ 110.893221834089402, -6.932176829712949, 0.0 ], [ 110.892585756074098, -6.932242609954535, 0.0 ], [ 110.892503040832693, -6.932101367460222, 0.0 ], [ 110.892049248476695, -6.931844459413831, 0.0 ], [ 110.891739943995503, -6.931662121848023, 0.0 ], [ 110.891355987696102, -6.93148847547905, 0.0 ], [ 110.891334679894797, -6.93148890060508, 0.0 ], [ 110.890900949948602, -6.931312981195802, 0.0 ], [ 110.890436189309796, -6.931185116619629, 0.0 ], [ 110.890186066852195, -6.930948633893622, 0.0 ], [ 110.889968853570593, -6.930631863079289, 0.0 ], [ 110.889797922118902, -6.930130900798533, 0.0 ], [ 110.889785591233405, -6.929533832210972, 0.0 ], [ 110.889996850219603, -6.928941140264578, 0.0 ], [ 110.890397949080906, -6.928682896692972, 0.0 ], [ 110.890800883152195, -6.928657044772852, 0.0 ], [ 110.891439386118506, -6.928561621654381, 0.0 ], [ 110.891587808813895, -6.92843110155618, 0.0 ], [ 110.891674780257404, -6.927893479956587, 0.0 ], [ 110.891792266684604, -6.927147462511916, 0.0 ], [ 110.891741570985005, -6.926919256126157, 0.0 ], [ 110.891323252301007, -6.926596839671911, 0.0 ], [ 110.891320726599503, -6.926129481269608, 0.0 ], [ 110.891447578435802, -6.925621915248126, 0.0 ], [ 110.891492830921095, -6.9250857787644, 0.0 ], [ 110.8919465644383, -6.925215363546934, 0.0 ], [ 110.892341490808107, -6.925299881430456, 0.0 ], [ 110.892574179442605, -6.925377757220441, 0.0 ], [ 110.892588473930402, -6.925393512089084, 0.0 ], [ 110.892935798431694, -6.925418348112174, 0.0 ], [ 110.893351612647294, -6.925523570557282, 0.0 ], [ 110.893756656005493, -6.925690898120515, 0.0 ], [ 110.893965883967695, -6.925890349142396, 0.0 ], [ 110.894320468215795, -6.926174715956169, 0.0 ], [ 110.894658315427606, -6.926513373086922, 0.0 ], [ 110.894695599547205, -6.926557019973476, 0.0 ], [ 110.895145618160598, -6.926750552947416, 0.0 ], [ 110.895549966602999, -6.927031460046461, 0.0 ], [ 110.896202107749104, -6.926987282844893, 0.0 ], [ 110.896965096524895, -6.926968001886242, 0.0 ], [ 110.898137996092899, -6.926657357354428, 0.0 ], [ 110.898861466928594, -6.926611558045735, 0.0 ], [ 110.899430514717594, -6.926684461425195, 0.0 ], [ 110.900234421680096, -6.92686258314893, 0.0 ], [ 110.901057497860094, -6.926931390246581, 0.0 ], [ 110.901623306842694, -6.926818745085542, 0.0 ], [ 110.901886090482705, -6.926779529718518, 0.0 ], [ 110.902050166254199, -6.926787238628006, 0.0 ], [ 110.902210168950404, -6.926689541174184, 0.0 ], [ 110.902421751630598, -6.926625387757753, 0.0 ], [ 110.902475504799298, -6.926593772344811, 0.0 ], [ 110.902722712928295, -6.926486873493719, 0.0 ], [ 110.903240454633803, -6.926163091121365, 0.0 ], [ 110.904560259759606, -6.925403063842267, 0.0 ], [ 110.905857604765799, -6.925016757404833, 0.0 ], [ 110.906618551097196, -6.924960278678335, 0.0 ], [ 110.907013957043105, -6.925200121595756, 0.0 ], [ 110.907125167158298, -6.925530503244245, 0.0 ], [ 110.907550745916595, -6.925860603867646, 0.0 ], [ 110.907526972888604, -6.925921954909648, 0.0 ], [ 110.908215225655496, -6.926177052372543, 0.0 ], [ 110.9081184532034, -6.926379834233872, 0.0 ], [ 110.907883753501807, -6.926540710116164, 0.0 ], [ 110.907738984217602, -6.926812107678407, 0.0 ], [ 110.907755569389096, -6.926956766532768, 0.0 ], [ 110.908244378934995, -6.927108060093622, 0.0 ], [ 110.908304400011403, -6.927402886048076, 0.0 ], [ 110.908240725978402, -6.927582667904203, 0.0 ], [ 110.908078387436305, -6.927520329619091, 0.0 ], [ 110.9079366096461, -6.927389451211629, 0.0 ], [ 110.907565500126097, -6.927222378087448, 0.0 ], [ 110.907473589219904, -6.927079583307807, 0.0 ], [ 110.907426767502699, -6.926618484998619, 0.0 ], [ 110.907265046869398, -6.926675277143896, 0.0 ], [ 110.9072006184728, -6.926846357543668, 0.0 ], [ 110.907120088876397, -6.92711461697965, 0.0 ], [ 110.906823304923506, -6.927146538653957, 0.0 ], [ 110.9066861934174, -6.927441441514387, 0.0 ], [ 110.906687595424899, -6.927476320720514, 0.0 ], [ 110.906402102109794, -6.927607353077318, 0.0 ], [ 110.906376000997398, -6.927774971163378, 0.0 ], [ 110.906542479656693, -6.928037702223526, 0.0 ], [ 110.906339523373006, -6.92806328024257, 0.0 ], [ 110.906280459166993, -6.928396052471069, 0.0 ], [ 110.906629644672506, -6.928404839607522, 0.0 ], [ 110.906671640146001, -6.928592955717839, 0.0 ], [ 110.906797301474398, -6.928975666565218, 0.0 ], [ 110.906639537543995, -6.929019318904718, 0.0 ], [ 110.906450543555295, -6.929079275251953, 0.0 ], [ 110.906047600985303, -6.92892747020928, 0.0 ], [ 110.906100170469998, -6.92938391873486, 0.0 ], [ 110.906137396661805, -6.929770677333617, 0.0 ], [ 110.906235206554697, -6.93038521462663, 0.0 ], [ 110.906278366524802, -6.930879401384945, 0.0 ], [ 110.906801443777198, -6.930872999101771, 0.0 ], [ 110.906957183819401, -6.931205311678482, 0.0 ], [ 110.907116408641699, -6.931188934660698, 0.0 ], [ 110.907038101980604, -6.930755901625782, 0.0 ], [ 110.907063877278702, -6.930752896527819, 0.0 ], [ 110.907115508048093, -6.930748463412797, 0.0 ], [ 110.907572689074996, -6.930572121177312, 0.0 ], [ 110.907654942312504, -6.931078003237134, 0.0 ], [ 110.908025765367697, -6.931081216610769, 0.0 ], [ 110.907954636250196, -6.930573971196313, 0.0 ], [ 110.908240098811106, -6.930580089186012, 0.0 ], [ 110.908273530944896, -6.930964496851496, 0.0 ], [ 110.908387014042702, -6.93125080871587, 0.0 ], [ 110.908897142844395, -6.931204040596639, 0.0 ], [ 110.908938515342001, -6.931010286256132, 0.0 ], [ 110.909027692987493, -6.930972892206593, 0.0 ], [ 110.909252796704095, -6.930883968935794, 0.0 ], [ 110.909426146859204, -6.931220314611291, 0.0 ], [ 110.909561607659398, -6.93117541140707, 0.0 ], [ 110.909388626128305, -6.930645741887748, 0.0 ], [ 110.909348440952897, -6.930393257759262, 0.0 ], [ 110.909256829228596, -6.930416415703041, 0.0 ], [ 110.908991159828105, -6.930378044349388, 0.0 ], [ 110.908881141732095, -6.930091097484071, 0.0 ], [ 110.908838511179596, -6.929733175695487, 0.0 ], [ 110.909055468062107, -6.929717605747679, 0.0 ], [ 110.909367021968905, -6.929633070844969, 0.0 ], [ 110.909240032001094, -6.929229209637766, 0.0 ], [ 110.908992056606806, -6.928837531880463, 0.0 ], [ 110.909025352368303, -6.928694643088992, 0.0 ], [ 110.909007669876999, -6.92851385707005, 0.0 ], [ 110.908865795311598, -6.928384175342085, 0.0 ], [ 110.908717371443302, -6.927903386571658, 0.0 ], [ 110.908587086253803, -6.92783918982101, 0.0 ], [ 110.908299050557105, -6.927845039627227, 0.0 ], [ 110.908348069510296, -6.927302504476029, 0.0 ], [ 110.908395726655897, -6.927059583902426, 0.0 ], [ 110.908496713894493, -6.926700309477332, 0.0 ], [ 110.908812734644698, -6.926702959219804, 0.0 ], [ 110.908881935409397, -6.926393638048268, 0.0 ], [ 110.908613627736301, -6.926379650079703, 0.0 ], [ 110.908626788696395, -6.9261374977783, 0.0 ], [ 110.908652285211403, -6.926136423082002, 0.0 ], [ 110.908694362369104, -6.926133484504873, 0.0 ], [ 110.909688716564006, -6.925995444995531, 0.0 ], [ 110.910562467916904, -6.925484385556745, 0.0 ], [ 110.910484680103906, -6.925643420267954, 0.0 ], [ 110.910192495881105, -6.926123201273912, 0.0 ], [ 110.909798051688895, -6.926865642367156, 0.0 ], [ 110.909651918661496, -6.927404292629997, 0.0 ], [ 110.909835310123697, -6.927785745930212, 0.0 ], [ 110.910066882293904, -6.927913810384195, 0.0 ], [ 110.910477937440206, -6.927620281315091, 0.0 ], [ 110.910630569599903, -6.92768535564081, 0.0 ], [ 110.910640152255496, -6.927871178125764, 0.0 ], [ 110.9101657210242, -6.928574138838851, 0.0 ], [ 110.910457829367502, -6.928993874549874, 0.0 ], [ 110.911433279024493, -6.929042735333255, 0.0 ], [ 110.9115107402109, -6.929591649237399, 0.0 ], [ 110.911881985109005, -6.930134952814228, 0.0 ], [ 110.9120510515543, -6.930482575855299, 0.0 ], [ 110.911889494726296, -6.930646336263672, 0.0 ], [ 110.9119090854349, -6.930814054296588, 0.0 ], [ 110.912280322197503, -6.930887177976652, 0.0 ], [ 110.912442895643096, -6.931293428701622, 0.0 ], [ 110.912539364118004, -6.931680951029349, 0.0 ], [ 110.912499357439998, -6.932345921295151, 0.0 ], [ 110.912065658742605, -6.932292617962239, 0.0 ], [ 110.911733530740406, -6.932179774242097, 0.0 ], [ 110.911686337571098, -6.932697786453439, 0.0 ], [ 110.911456601673507, -6.932819447830558, 0.0 ], [ 110.911487868614799, -6.933529381439331, 0.0 ], [ 110.912107163057897, -6.933530244347632, 0.0 ], [ 110.912330128642097, -6.934320108034409, 0.0 ], [ 110.913029031861996, -6.934300734651168, 0.0 ], [ 110.913219783487705, -6.934459340871045, 0.0 ], [ 110.913292504556097, -6.934766886291216, 0.0 ], [ 110.913203672612099, -6.935082751677823, 0.0 ], [ 110.913087840331698, -6.934931496895548, 0.0 ], [ 110.912882395145303, -6.935008939592981, 0.0 ], [ 110.912820359240499, -6.935080503578064, 0.0 ], [ 110.912560832737796, -6.935093394472453, 0.0 ], [ 110.912662747660306, -6.935344741347559, 0.0 ], [ 110.912683878348403, -6.935366965784779, 0.0 ], [ 110.912717788230196, -6.935641869653617, 0.0 ], [ 110.912567519746403, -6.935646993070232, 0.0 ], [ 110.912375605343598, -6.935621222945219, 0.0 ], [ 110.912218620170094, -6.935608275050514, 0.0 ], [ 110.912060327802095, -6.935528190962795, 0.0 ], [ 110.911930540411603, -6.935585034254849, 0.0 ], [ 110.911678665781096, -6.935626379078244, 0.0 ], [ 110.911718459983604, -6.935897221893923, 0.0 ], [ 110.911543265203605, -6.935906185766179, 0.0 ], [ 110.911240004023796, -6.935990675947952, 0.0 ], [ 110.9109021547699, -6.936046794480565, 0.0 ], [ 110.910742162090202, -6.93578505207719, 0.0 ], [ 110.910526052643903, -6.935765696001829, 0.0 ], [ 110.910211373378999, -6.935667740409173, 0.0 ], [ 110.910173594997005, -6.93566921247613, 0.0 ], [ 110.910135842211901, -6.935670495747711, 0.0 ], [ 110.909871477063007, -6.935664070873544, 0.0 ], [ 110.909486851003507, -6.93551812868359, 0.0 ], [ 110.909432803893694, -6.935795960834487, 0.0 ], [ 110.909353888929999, -6.936317583560187, 0.0 ], [ 110.909189972713804, -6.936665015391274, 0.0 ], [ 110.909185256587094, -6.9368113591567, 0.0 ], [ 110.909235965468497, -6.936979458411121, 0.0 ], [ 110.909226487882407, -6.937284647548217, 0.0 ], [ 110.909171074486295, -6.937689417547818, 0.0 ], [ 110.909181117060299, -6.938146532649433, 0.0 ], [ 110.908690849680895, -6.937894580703504, 0.0 ], [ 110.908353456217796, -6.937940088084522, 0.0 ], [ 110.907997315625707, -6.938006367215563, 0.0 ], [ 110.908010967574498, -6.938460624668474, 0.0 ], [ 110.907846443973497, -6.938446098134069, 0.0 ], [ 110.907804079949202, -6.938325790700887, 0.0 ], [ 110.907721441873605, -6.937928059192257, 0.0 ], [ 110.907641938699101, -6.938024846829033, 0.0 ], [ 110.907651823635007, -6.938353205792625, 0.0 ], [ 110.907234294734394, -6.938340564523828, 0.0 ], [ 110.907262402515798, -6.938071900618628, 0.0 ], [ 110.907122853131, -6.938076874955935, 0.0 ], [ 110.907044186704795, -6.937664791050675, 0.0 ], [ 110.907012949077497, -6.937352626473456, 0.0 ], [ 110.906763413771301, -6.937213685959556, 0.0 ], [ 110.906609382240504, -6.937261533345165, 0.0 ], [ 110.906747373222103, -6.938040056711218, 0.0 ], [ 110.906520835130294, -6.938044606136446, 0.0 ], [ 110.906550018013505, -6.938268796693158, 0.0 ], [ 110.906397216884201, -6.938243766182119, 0.0 ], [ 110.905948488414793, -6.938238922880881, 0.0 ], [ 110.905482989768402, -6.938207383732494, 0.0 ], [ 110.905159636713904, -6.93819625978252, 0.0 ], [ 110.905016271062607, -6.938194060937764, 0.0 ], [ 110.904848792136903, -6.938170243389087, 0.0 ], [ 110.904213670665698, -6.938115874619446, 0.0 ], [ 110.904246268408798, -6.93710973608164, 0.0 ], [ 110.904038644532903, -6.937065945467462, 0.0 ], [ 110.904022994973701, -6.93812145285821, 0.0 ], [ 110.9038106829166, -6.938131082705563, 0.0 ], [ 110.903292812143704, -6.93810760161401, 0.0 ], [ 110.903145395911594, -6.937097977773939, 0.0 ], [ 110.902949871994096, -6.937085651309622, 0.0 ], [ 110.903047890690402, -6.938104688376622, 0.0 ], [ 110.902887452206201, -6.938123174230288, 0.0 ], [ 110.902475934322894, -6.938172899621615, 0.0 ], [ 110.902003184475106, -6.938206370464533, 0.0 ], [ 110.902021598710903, -6.938057821473917, 0.0 ], [ 110.9016281592951, -6.937954562626329, 0.0 ], [ 110.901363053386902, -6.937672636478029, 0.0 ], [ 110.901113112090698, -6.937602118637056, 0.0 ], [ 110.901082120497406, -6.937611655725156, 0.0 ], [ 110.900757850201899, -6.93756376329008, 0.0 ], [ 110.900372029143597, -6.937460931699182, 0.0 ], [ 110.900089035015796, -6.937489916794414, 0.0 ], [ 110.899990107035094, -6.937690404564829, 0.0 ], [ 110.899576849864403, -6.937541699732633, 0.0 ], [ 110.899554469654603, -6.937132453236839, 0.0 ], [ 110.899282536946401, -6.937074775529045, 0.0 ], [ 110.8993222048788, -6.937518561916981, 0.0 ], [ 110.899131780655097, -6.937437923034157, 0.0 ], [ 110.897511334572599, -6.937048493917115, 0.0 ], [ 110.897493680795094, -6.936633547422328, 0.0 ], [ 110.897537400067904, -6.935854954411222, 0.0 ], [ 110.897169918404998, -6.935769998429318, 0.0 ], [ 110.897124135376401, -6.936433069278535, 0.0 ], [ 110.896921873740197, -6.936533078499888, 0.0 ], [ 110.896673797797703, -6.936498242688459, 0.0 ], [ 110.896736360844102, -6.935924650408136, 0.0 ], [ 110.896530383476602, -6.935890925685574, 0.0 ], [ 110.896356860314498, -6.936431467853813, 0.0 ], [ 110.896019956018506, -6.936416087132661, 0.0 ], [ 110.895922344461596, -6.936194765061391, 0.0 ], [ 110.895465766529995, -6.936279537034386, 0.0 ], [ 110.895034629206705, -6.936301317317536, 0.0 ], [ 110.894660696288696, -6.936308357108434, 0.0 ], [ 110.894503708607203, -6.936616307973946, 0.0 ], [ 110.8942823563102, -6.936618034604544, 0.0 ], [ 110.8941371789914, -6.936721566055335, 0.0 ], [ 110.893958042925703, -6.936828994909908, 0.0 ], [ 110.893824176481601, -6.93684667253283, 0.0 ], [ 110.893814201841494, -6.937102205037561, 0.0 ], [ 110.894314362814796, -6.937063390414372, 0.0 ], [ 110.894442164883003, -6.937138954494166, 0.0 ], [ 110.894877843638895, -6.937085491216002, 0.0 ], [ 110.894758514203701, -6.937467445814202, 0.0 ], [ 110.894637392382094, -6.937517356351335, 0.0 ], [ 110.894441612577893, -6.937439212162549, 0.0 ], [ 110.8941547690969, -6.937425736491748, 0.0 ], [ 110.893972131623102, -6.937447885404266, 0.0 ], [ 110.893845783967905, -6.937397666976823, 0.0 ], [ 110.893334110538703, -6.937514600830734, 0.0 ] ] ] ] } },
{ "type": "Feature", "properties": { "Name": "KLAMBU", "VILLAGES": "Klambu", "CC_4": "3315150005", "SUB_DIST": "Klambu", "DISTRICT": "Grobogan", "GID_4": "IDN.10.9.9.3_1", "AREA_HA": 249 }, "geometry": { "type": "MultiPolygon", "coordinates": [ [ [ [ 110.781366927504607, -6.993481455314832, 0.0 ], [ 110.781314900391905, -6.993679929884988, 0.0 ], [ 110.781194883457403, -6.995104643458927, 0.0 ], [ 110.781077574033503, -6.995690403429917, 0.0 ], [ 110.781142427281296, -6.995956818319698, 0.0 ], [ 110.7812048496599, -6.99621438541818, 0.0 ], [ 110.781557044606302, -6.996777901984262, 0.0 ], [ 110.781856700282006, -6.997185822970071, 0.0 ], [ 110.781859369321197, -6.997201156001704, 0.0 ], [ 110.782291324613794, -6.997590295229218, 0.0 ], [ 110.782842497587595, -6.99792076083815, 0.0 ], [ 110.783447925680306, -6.998282302732464, 0.0 ], [ 110.783606846851598, -6.998268894019379, 0.0 ], [ 110.783889372595596, -6.998307003727721, 0.0 ], [ 110.784546113568595, -6.998584948008398, 0.0 ], [ 110.784705862798106, -6.998727817751899, 0.0 ], [ 110.784978796644197, -6.998905784652488, 0.0 ], [ 110.784988441759594, -6.998918529714918, 0.0 ], [ 110.785406099455599, -6.999153629695634, 0.0 ], [ 110.785471442283693, -6.999190244283435, 0.0 ], [ 110.785700003488103, -6.999371299769609, 0.0 ], [ 110.785718181372602, -6.999383159906002, 0.0 ], [ 110.786192346806004, -6.99956041048478, 0.0 ], [ 110.786534157790996, -6.999732672244524, 0.0 ], [ 110.786828695433996, -6.999790566574428, 0.0 ], [ 110.787260997461502, -7.000003110633154, 0.0 ], [ 110.787555688337505, -7.000159777831835, 0.0 ], [ 110.788025120026106, -7.000691505422963, 0.0 ], [ 110.788196550088799, -7.000850982710206, 0.0 ], [ 110.788620942520595, -7.001018250648278, 0.0 ], [ 110.789143606404707, -7.001258019518474, 0.0 ], [ 110.789695160131501, -7.001445838263329, 0.0 ], [ 110.790126229835494, -7.001557476590073, 0.0 ], [ 110.790743104857398, -7.001817913341061, 0.0 ], [ 110.791638695002206, -7.002089139054815, 0.0 ], [ 110.792063284009799, -7.002175440522242, 0.0 ], [ 110.792463249118796, -7.00227032292682, 0.0 ], [ 110.792371295876805, -7.002483312438714, 0.0 ], [ 110.792574444220705, -7.002589142979869, 0.0 ], [ 110.793054289969206, -7.002567847060786, 0.0 ], [ 110.793262116301094, -7.002377614260465, 0.0 ], [ 110.794148657431705, -7.002420581020679, 0.0 ], [ 110.794194507814098, -7.002599689844631, 0.0 ], [ 110.794323555464203, -7.00298363393764, 0.0 ], [ 110.794849434865398, -7.003412648343891, 0.0 ], [ 110.795301773300693, -7.003434365161803, 0.0 ], [ 110.795680221448507, -7.00340538436572, 0.0 ], [ 110.795708371767702, -7.003405511874343, 0.0 ], [ 110.795792852144999, -7.003406101049521, 0.0 ], [ 110.796029515834903, -7.003338170042904, 0.0 ], [ 110.7960573312279, -7.003323162785907, 0.0 ], [ 110.796357038148798, -7.003431255242008, 0.0 ], [ 110.795949725326196, -7.004728072243779, 0.0 ], [ 110.793820028249698, -7.004581307166991, 0.0 ], [ 110.793727544232993, -7.004941340373639, 0.0 ], [ 110.793508067565298, -7.004969470064082, 0.0 ], [ 110.793337983116203, -7.005347927958087, 0.0 ], [ 110.793165903609705, -7.005256006794451, 0.0 ], [ 110.793147547488005, -7.004926567597176, 0.0 ], [ 110.793346535097001, -7.004375467272976, 0.0 ], [ 110.793370780002604, -7.003760512608348, 0.0 ], [ 110.793541007510598, -7.002927392888509, 0.0 ], [ 110.793574436334595, -7.00254218258851, 0.0 ], [ 110.793293458317805, -7.002593798908729, 0.0 ], [ 110.792486029568195, -7.002784309499548, 0.0 ], [ 110.792275517877997, -7.002892139713301, 0.0 ], [ 110.791835295152595, -7.002935417302091, 0.0 ], [ 110.791806113276294, -7.00293459733801, 0.0 ], [ 110.791393027912605, -7.00309843214522, 0.0 ], [ 110.791254985169004, -7.003576236387085, 0.0 ], [ 110.791268431497301, -7.003628899321958, 0.0 ], [ 110.791440906663198, -7.004285441488528, 0.0 ], [ 110.791761904584902, -7.004668200273134, 0.0 ], [ 110.792425721461598, -7.004855332662922, 0.0 ], [ 110.792452445547298, -7.004855897259741, 0.0 ], [ 110.792835639691305, -7.004932266006587, 0.0 ], [ 110.792952475488093, -7.005359245103087, 0.0 ], [ 110.792932390803202, -7.005388565863498, 0.0 ], [ 110.792859720624094, -7.005735508757206, 0.0 ], [ 110.792986529215796, -7.005985504742801, 0.0 ], [ 110.792692509418302, -7.006628479804462, 0.0 ], [ 110.792318639210706, -7.007778893777449, 0.0 ], [ 110.792367074171395, -7.008386305294106, 0.0 ], [ 110.792572351458503, -7.009089452671949, 0.0 ], [ 110.792823383616707, -7.009678505861508, 0.0 ], [ 110.793703087551606, -7.010268848561121, 0.0 ], [ 110.794076646074501, -7.010567174499939, 0.0 ], [ 110.794133464579502, -7.010603120973911, 0.0 ], [ 110.794834290791499, -7.010941038914673, 0.0 ], [ 110.795935479209206, -7.011505288731532, 0.0 ], [ 110.796271033794199, -7.011468005897527, 0.0 ], [ 110.797200749476602, -7.011595368729586, 0.0 ], [ 110.797877923251605, -7.011643672288985, 0.0 ], [ 110.798140397648297, -7.011135109983786, 0.0 ], [ 110.7981440764718, -7.01089229565807, 0.0 ], [ 110.798383295332798, -7.010189963872646, 0.0 ], [ 110.798389223673396, -7.010463188054651, 0.0 ], [ 110.798513001207596, -7.010981773469603, 0.0 ], [ 110.798664283933505, -7.01131552458151, 0.0 ], [ 110.798795131847399, -7.011643147927772, 0.0 ], [ 110.799146590959396, -7.012060090891509, 0.0 ], [ 110.799612978219599, -7.012595873288858, 0.0 ], [ 110.799372960661003, -7.012626523341753, 0.0 ], [ 110.798987686401205, -7.012722927342769, 0.0 ], [ 110.798459934489699, -7.01270599732397, 0.0 ], [ 110.798219970543997, -7.012990722752323, 0.0 ], [ 110.798138206163202, -7.013441955566506, 0.0 ], [ 110.798121843053494, -7.013871596595898, 0.0 ], [ 110.7977200466715, -7.01411410578979, 0.0 ], [ 110.797343274049794, -7.014063232464685, 0.0 ], [ 110.797188926466106, -7.014011764991895, 0.0 ], [ 110.797064569465704, -7.014441826843733, 0.0 ], [ 110.797061116876307, -7.014463152053809, 0.0 ], [ 110.796965769545196, -7.014837467825025, 0.0 ], [ 110.796809979149003, -7.015156024573461, 0.0 ], [ 110.796861146956601, -7.015405961465714, 0.0 ], [ 110.797022970969607, -7.01583896249381, 0.0 ], [ 110.797214821285607, -7.016109636238619, 0.0 ], [ 110.797554733073596, -7.016423718866879, 0.0 ], [ 110.796647208960906, -7.016779102308538, 0.0 ], [ 110.795721557375899, -7.017039760334133, 0.0 ], [ 110.794963184232003, -7.017237437320852, 0.0 ], [ 110.794188767632093, -7.017623502483143, 0.0 ], [ 110.794456605030206, -7.016493181734384, 0.0 ], [ 110.794619836229202, -7.015766705103027, 0.0 ], [ 110.7946021236191, -7.015147179501398, 0.0 ], [ 110.794542869744504, -7.014811687591944, 0.0 ], [ 110.794569732463003, -7.014457891628993, 0.0 ], [ 110.794521282838403, -7.01414751872627, 0.0 ], [ 110.794150100420396, -7.014105039706384, 0.0 ], [ 110.794398019815006, -7.013765825552557, 0.0 ], [ 110.794105465149798, -7.013615078901498, 0.0 ], [ 110.793838900596896, -7.013626545175155, 0.0 ], [ 110.793629001286305, -7.013417483024138, 0.0 ], [ 110.793619843423201, -7.01315898407062, 0.0 ], [ 110.792788399264495, -7.012656891416229, 0.0 ], [ 110.792140305761293, -7.012633987360565, 0.0 ], [ 110.791563604178407, -7.012671916502246, 0.0 ], [ 110.791334836343097, -7.012915542508259, 0.0 ], [ 110.791272891395593, -7.012710637431273, 0.0 ], [ 110.791138349152305, -7.012692754464867, 0.0 ], [ 110.790915912312499, -7.012732524203645, 0.0 ], [ 110.790665634426801, -7.012656768485066, 0.0 ], [ 110.790262879619107, -7.012491684601375, 0.0 ], [ 110.7907299372892, -7.011836345425055, 0.0 ], [ 110.790476240358302, -7.011576413338926, 0.0 ], [ 110.788945604892405, -7.010793188435251, 0.0 ], [ 110.788215253834807, -7.01031955174053, 0.0 ], [ 110.787484780202306, -7.00985611102941, 0.0 ], [ 110.786724207869199, -7.010706286412953, 0.0 ], [ 110.788184811118995, -7.011515017559339, 0.0 ], [ 110.789048545541604, -7.012029200858047, 0.0 ], [ 110.789599549238702, -7.01230634391356, 0.0 ], [ 110.789919228729403, -7.01269574612291, 0.0 ], [ 110.790458204578499, -7.012785006830168, 0.0 ], [ 110.790491430123396, -7.012802877979822, 0.0 ], [ 110.790943498158597, -7.012875870517685, 0.0 ], [ 110.791180188542398, -7.012857433338215, 0.0 ], [ 110.7910893037498, -7.012999324838992, 0.0 ], [ 110.791204328472702, -7.013051285688913, 0.0 ], [ 110.790805039056195, -7.013415588442517, 0.0 ], [ 110.790177675853897, -7.014044840251896, 0.0 ], [ 110.789969278074395, -7.014207386096787, 0.0 ], [ 110.789510537139705, -7.014475956137453, 0.0 ], [ 110.788899327512894, -7.014825619336107, 0.0 ], [ 110.788337000164603, -7.015024461917402, 0.0 ], [ 110.787619560247194, -7.015174667750188, 0.0 ], [ 110.786912709343397, -7.015366982099039, 0.0 ], [ 110.786221878857205, -7.015659886342305, 0.0 ], [ 110.785781850484398, -7.016056634601336, 0.0 ], [ 110.785468360867199, -7.016263431651782, 0.0 ], [ 110.785211524588902, -7.016104126236516, 0.0 ], [ 110.784511608906897, -7.015978741335125, 0.0 ], [ 110.784092068389896, -7.015636096812604, 0.0 ], [ 110.784040215124605, -7.01516996948397, 0.0 ], [ 110.784263134573905, -7.014337923912775, 0.0 ], [ 110.784757996817106, -7.013251631181182, 0.0 ], [ 110.784900467491298, -7.012679261152845, 0.0 ], [ 110.7849836094408, -7.012289385672045, 0.0 ], [ 110.7849270383103, -7.01182490995405, 0.0 ], [ 110.784467165210899, -7.011304582505857, 0.0 ], [ 110.784577655093003, -7.011127804194343, 0.0 ], [ 110.784805171391994, -7.010759160539203, 0.0 ], [ 110.785145809668094, -7.010256717234935, 0.0 ], [ 110.785267571312602, -7.009904846253749, 0.0 ], [ 110.785364999796002, -7.009644297224059, 0.0 ], [ 110.785352194829798, -7.009398205802086, 0.0 ], [ 110.785267999566202, -7.009238535760539, 0.0 ], [ 110.784923268370804, -7.00888792159585, 0.0 ], [ 110.784486525124507, -7.00870946868907, 0.0 ], [ 110.783933083752601, -7.008389320376248, 0.0 ], [ 110.7831690028476, -7.007863196829632, 0.0 ], [ 110.782862157563599, -7.007480029464261, 0.0 ], [ 110.782685635261402, -7.006797198907327, 0.0 ], [ 110.782499743859603, -7.006021364060553, 0.0 ], [ 110.782320360395005, -7.00576551504035, 0.0 ], [ 110.781614251561095, -7.005706933275865, 0.0 ], [ 110.780472814538996, -7.005445450718878, 0.0 ], [ 110.779727296183694, -7.00520026212901, 0.0 ], [ 110.779079389963997, -7.004453656114407, 0.0 ], [ 110.777713733258295, -7.001671435271945, 0.0 ], [ 110.777131338333405, -7.000083965814654, 0.0 ], [ 110.777366683628102, -6.999025582619835, 0.0 ], [ 110.777645315538194, -6.998149500959594, 0.0 ], [ 110.778287994849705, -6.995364890360965, 0.0 ], [ 110.778338649938604, -6.994014536477665, 0.0 ], [ 110.778670558168798, -6.992377498572177, 0.0 ], [ 110.778991612529197, -6.992469772580398, 0.0 ], [ 110.779775976696101, -6.992859812400567, 0.0 ], [ 110.781050926928003, -6.993062777980493, 0.0 ], [ 110.781366927504607, -6.993481455314832, 0.0 ] ] ] ] } },
{ "type": "Feature", "properties": { "Name": "KOSEKAN", "VILLAGES": "Kosekan", "CC_4": "3318110024", "SUB_DIST": "Gabus", "DISTRICT": "Pati", "GID_4": "IDN.10.21.4.10_1", "AREA_HA": 107 }, "geometry": { "type": "MultiPolygon", "coordinates": [ [ [ [ 111.010949732078004, -6.803351727757923, 0.0 ], [ 111.010656323210995, -6.802934420719319, 0.0 ], [ 111.011371172954796, -6.802283155754563, 0.0 ], [ 111.012763514909295, -6.801231083753096, 0.0 ], [ 111.014236427998199, -6.800204856179016, 0.0 ], [ 111.015352435214993, -6.799250998791713, 0.0 ], [ 111.0160956032706, -6.79833492889676, 0.0 ], [ 111.017000695108194, -6.797802935738146, 0.0 ], [ 111.017941766065604, -6.797066273897087, 0.0 ], [ 111.019445966728199, -6.796524753975227, 0.0 ], [ 111.020434652679, -6.796365312211565, 0.0 ], [ 111.020410478467795, -6.796924022022408, 0.0 ], [ 111.020551572803001, -6.797297004700017, 0.0 ], [ 111.020468198342598, -6.79836027929129, 0.0 ], [ 111.020506124797194, -6.798958079836926, 0.0 ], [ 111.020452934883394, -6.799813149066296, 0.0 ], [ 111.020436198999306, -6.800580226447304, 0.0 ], [ 111.020415410436101, -6.801039838718431, 0.0 ], [ 111.020525630832594, -6.801469231312383, 0.0 ], [ 111.020521994914901, -6.802142359181769, 0.0 ], [ 111.020446958561095, -6.802917862248686, 0.0 ], [ 111.020392394195994, -6.802992697503059, 0.0 ], [ 111.020251861936003, -6.802928759573686, 0.0 ], [ 111.020226930852402, -6.803103242753145, 0.0 ], [ 111.020348891976994, -6.803239403781362, 0.0 ], [ 111.020360253552198, -6.803417865801499, 0.0 ], [ 111.020311951164004, -6.803722828515892, 0.0 ], [ 111.0203037399545, -6.80377927173416, 0.0 ], [ 111.020292024086203, -6.803859891291475, 0.0 ], [ 111.020382369693195, -6.803887466204844, 0.0 ], [ 111.020413055373695, -6.803832706842091, 0.0 ], [ 111.020533215910604, -6.803831320819008, 0.0 ], [ 111.020937916513006, -6.803960921211152, 0.0 ], [ 111.020946388180505, -6.804128261516556, 0.0 ], [ 111.020921690888898, -6.804222875750099, 0.0 ], [ 111.021013791025695, -6.804283373406879, 0.0 ], [ 111.020956108933007, -6.804485563443472, 0.0 ], [ 111.020540587836393, -6.804471614429247, 0.0 ], [ 111.020484269922093, -6.804522846900956, 0.0 ], [ 111.0205606511132, -6.804584186455125, 0.0 ], [ 111.021080121694098, -6.804655822649652, 0.0 ], [ 111.021236304757906, -6.804701017826921, 0.0 ], [ 111.021307589093695, -6.805089830778272, 0.0 ], [ 111.021283653911397, -6.805295143760392, 0.0 ], [ 111.021521747931899, -6.805385783119833, 0.0 ], [ 111.021794685588006, -6.805440563919239, 0.0 ], [ 111.021904579278299, -6.805038823487422, 0.0 ], [ 111.022313675617099, -6.805029841740969, 0.0 ], [ 111.022416201352002, -6.804373428319759, 0.0 ], [ 111.023089204361995, -6.804392855291185, 0.0 ], [ 111.023188152528306, -6.80387540817179, 0.0 ], [ 111.023225788466902, -6.803532214441466, 0.0 ], [ 111.023373557987199, -6.803587292918369, 0.0 ], [ 111.023525203620196, -6.803494155078884, 0.0 ], [ 111.023535574518206, -6.803260736807237, 0.0 ], [ 111.023323317904897, -6.803179941916432, 0.0 ], [ 111.023260271629894, -6.802868978536082, 0.0 ], [ 111.023257815601895, -6.80283253850552, 0.0 ], [ 111.023221239591294, -6.802487710142, 0.0 ], [ 111.023149947397798, -6.802372956137773, 0.0 ], [ 111.023034277052602, -6.802240184033041, 0.0 ], [ 111.022900420923506, -6.802142080261319, 0.0 ], [ 111.022903340171993, -6.802099153815859, 0.0 ], [ 111.022987957268498, -6.801376107002604, 0.0 ], [ 111.022774192093394, -6.801302262313484, 0.0 ], [ 111.022759056202702, -6.801002906933048, 0.0 ], [ 111.022608654521903, -6.800999987157, 0.0 ], [ 111.022603944937501, -6.800588230462607, 0.0 ], [ 111.022647303338999, -6.80051676709835, 0.0 ], [ 111.022663761243805, -6.800404159810216, 0.0 ], [ 111.022818428767707, -6.800469572842895, 0.0 ], [ 111.022870031213301, -6.800298284076168, 0.0 ], [ 111.0227383226608, -6.800209041694314, 0.0 ], [ 111.022703466273597, -6.799812872179803, 0.0 ], [ 111.022727035142196, -6.799441107083409, 0.0 ], [ 111.022753861213303, -6.79885478272698, 0.0 ], [ 111.022757218885999, -6.798591934234292, 0.0 ], [ 111.022807258063096, -6.798245225636872, 0.0 ], [ 111.022843806283106, -6.797998457601916, 0.0 ], [ 111.0229116313688, -6.797978373856506, 0.0 ], [ 111.022918993129693, -6.797875519667723, 0.0 ], [ 111.022868479760504, -6.797806238091936, 0.0 ], [ 111.023040186425703, -6.797402169497168, 0.0 ], [ 111.023097028597206, -6.797274848368371, 0.0 ], [ 111.023297124845996, -6.797083138343534, 0.0 ], [ 111.0231763193581, -6.797015089091325, 0.0 ], [ 111.022897985228994, -6.79699846594627, 0.0 ], [ 111.022904777336706, -6.79673321079143, 0.0 ], [ 111.023066920877199, -6.796739522643628, 0.0 ], [ 111.023128073864001, -6.796750471073637, 0.0 ], [ 111.023190218351502, -6.796687502740175, 0.0 ], [ 111.023232287647303, -6.796541854395032, 0.0 ], [ 111.023285395670698, -6.796287304549842, 0.0 ], [ 111.023298388643596, -6.796152464183235, 0.0 ], [ 111.023307809857002, -6.79606095365632, 0.0 ], [ 111.023931620722905, -6.795868330895282, 0.0 ], [ 111.024056486101998, -6.795761295690331, 0.0 ], [ 111.024185903105106, -6.795653478962382, 0.0 ], [ 111.025186064015699, -6.79563009469775, 0.0 ], [ 111.025153353069499, -6.796005079740885, 0.0 ], [ 111.024964965697094, -6.796075454084311, 0.0 ], [ 111.0249284644309, -6.796550807077362, 0.0 ], [ 111.024879923040999, -6.796831655659012, 0.0 ], [ 111.024692305946701, -6.79730400282571, 0.0 ], [ 111.024532669065394, -6.797826255763026, 0.0 ], [ 111.0244028100077, -6.798348785205463, 0.0 ], [ 111.024263683119798, -6.798910744516966, 0.0 ], [ 111.024211248371699, -6.799270860142796, 0.0 ], [ 111.024268006814793, -6.799815254618511, 0.0 ], [ 111.024282296375205, -6.800256356904473, 0.0 ], [ 111.024161578526304, -6.800475279133169, 0.0 ], [ 111.024218330850303, -6.800833822827258, 0.0 ], [ 111.024271200884201, -6.801340572756833, 0.0 ], [ 111.024261293295496, -6.801572647973028, 0.0 ], [ 111.024205221883506, -6.802075522577396, 0.0 ], [ 111.024211538149601, -6.802279686986495, 0.0 ], [ 111.024086002202907, -6.802883712091067, 0.0 ], [ 111.024048891036799, -6.803266264151964, 0.0 ], [ 111.023834360262001, -6.80323299123244, 0.0 ], [ 111.023769621095695, -6.803542016082796, 0.0 ], [ 111.023659168843494, -6.803594869941317, 0.0 ], [ 111.023533875368997, -6.80355287246256, 0.0 ], [ 111.023430067486402, -6.803611452361531, 0.0 ], [ 111.023403728070406, -6.803728155617882, 0.0 ], [ 111.023350876351003, -6.803813249479285, 0.0 ], [ 111.023374005209902, -6.803975008933084, 0.0 ], [ 111.023547382391698, -6.804051001822931, 0.0 ], [ 111.023896370164195, -6.804097258447539, 0.0 ], [ 111.023963269784502, -6.804118227113014, 0.0 ], [ 111.023931184480801, -6.804260108608196, 0.0 ], [ 111.023925035172098, -6.804380790277395, 0.0 ], [ 111.023869324880295, -6.804849597007089, 0.0 ], [ 111.023863720011505, -6.805145845041547, 0.0 ], [ 111.023873495024006, -6.80524367924713, 0.0 ], [ 111.023940354184006, -6.805262346888946, 0.0 ], [ 111.023944907415796, -6.8054226440939, 0.0 ], [ 111.023881579721504, -6.806068081943386, 0.0 ], [ 111.023863792099206, -6.806268251176771, 0.0 ], [ 111.023715361800797, -6.806265650630276, 0.0 ], [ 111.023429900618694, -6.806241475620073, 0.0 ], [ 111.023194299596696, -6.80627675933899, 0.0 ], [ 111.022904969227497, -6.806189201471135, 0.0 ], [ 111.022709932538802, -6.80608575613453, 0.0 ], [ 111.022647136161794, -6.806067083982198, 0.0 ], [ 111.022301747975405, -6.805999025054346, 0.0 ], [ 111.022064323580693, -6.805949146886929, 0.0 ], [ 111.021840483599306, -6.80591814692109, 0.0 ], [ 111.0215801883745, -6.805918216425065, 0.0 ], [ 111.021150325551702, -6.805878851864482, 0.0 ], [ 111.021104894265207, -6.805979931785394, 0.0 ], [ 111.020783143575201, -6.805948760394766, 0.0 ], [ 111.020728657276706, -6.80617092336233, 0.0 ], [ 111.020710784259407, -6.806436610905812, 0.0 ], [ 111.020648340265296, -6.806742981119916, 0.0 ], [ 111.020361026532498, -6.806759800313519, 0.0 ], [ 111.020282339366901, -6.806759596161289, 0.0 ], [ 111.0200405605204, -6.80664980636839, 0.0 ], [ 111.019753764861605, -6.806633255677682, 0.0 ], [ 111.019488987108303, -6.806628053946016, 0.0 ], [ 111.019070169080393, -6.806627243859183, 0.0 ], [ 111.018735882762797, -6.806622137712703, 0.0 ], [ 111.018560660124393, -6.806622158337723, 0.0 ], [ 111.018268632036694, -6.80662233693198, 0.0 ], [ 111.018061984881996, -6.806638933550703, 0.0 ], [ 111.017961034392897, -6.806781143178384, 0.0 ], [ 111.0174185892607, -6.806786633051514, 0.0 ], [ 111.017220507157703, -6.8068562881774, 0.0 ], [ 111.016940134276595, -6.806856296538739, 0.0 ], [ 111.016733177292593, -6.806819047381879, 0.0 ], [ 111.016561332205796, -6.806786811907625, 0.0 ], [ 111.016214355676297, -6.80681901610561, 0.0 ], [ 111.015940114581397, -6.806759847197468, 0.0 ], [ 111.015647024903899, -6.806683370266413, 0.0 ], [ 111.015435375046394, -6.806650455628306, 0.0 ], [ 111.015204477554093, -6.806589275109411, 0.0 ], [ 111.014972840686099, -6.806526103402947, 0.0 ], [ 111.014803733523706, -6.806441967674733, 0.0 ], [ 111.014508444693604, -6.806423603813164, 0.0 ], [ 111.014298963330603, -6.806497737748555, 0.0 ], [ 111.014160057182906, -6.806475347780094, 0.0 ], [ 111.013950747783795, -6.80644105286293, 0.0 ], [ 111.013783493973193, -6.80640639118727, 0.0 ], [ 111.013615215813104, -6.806382638417338, 0.0 ], [ 111.013526154637006, -6.80667155437483, 0.0 ], [ 111.0134782984439, -6.807049074526497, 0.0 ], [ 111.013448698881106, -6.807160585457001, 0.0 ], [ 111.013403638825295, -6.807284333701136, 0.0 ], [ 111.013200749335795, -6.807264433118454, 0.0 ], [ 111.012835912317001, -6.807053811102275, 0.0 ], [ 111.012518222278501, -6.806881551604699, 0.0 ], [ 111.012573436409994, -6.806668824148064, 0.0 ], [ 111.012631815976206, -6.806494033723847, 0.0 ], [ 111.012210873252101, -6.806345187404991, 0.0 ], [ 111.012283864879805, -6.805835031638122, 0.0 ], [ 111.012428997049298, -6.805817279080514, 0.0 ], [ 111.012402765911702, -6.805557360223718, 0.0 ], [ 111.012309843306298, -6.805519697138221, 0.0 ], [ 111.012425463544005, -6.805358644677597, 0.0 ], [ 111.012495744520606, -6.805013701291542, 0.0 ], [ 111.012398569784807, -6.804756783843821, 0.0 ], [ 111.012234743373199, -6.80463239773866, 0.0 ], [ 111.011862904145104, -6.804631843384875, 0.0 ], [ 111.011628343127995, -6.804774825535238, 0.0 ], [ 111.011487990158003, -6.804912839504508, 0.0 ], [ 111.011482192341603, -6.804918814329977, 0.0 ], [ 111.011228674043707, -6.805151567517178, 0.0 ], [ 111.011092680913094, -6.805254000123964, 0.0 ], [ 111.010996852226398, -6.805253201385515, 0.0 ], [ 111.010943622604998, -6.805135309786368, 0.0 ], [ 111.010845908542606, -6.805047959549487, 0.0 ], [ 111.010926876782506, -6.804595792863791, 0.0 ], [ 111.0104387844748, -6.8044282382449, 0.0 ], [ 111.010466633611102, -6.803970036834717, 0.0 ], [ 111.010590807574104, -6.80363463422279, 0.0 ], [ 111.010777871940107, -6.803581876614181, 0.0 ], [ 111.010949732078004, -6.803351727757923, 0.0 ] ] ] ] } },
{ "type": "Feature", "properties": { "Name": "KUTUK", "VILLAGES": "Kutuk", "CC_4": "3319040007", "SUB_DIST": "Undaan", "DISTRICT": "Kudus", "GID_4": "IDN.10.19.10.5_1", "AREA_HA": 422 }, "geometry": { "type": "MultiPolygon", "coordinates": [ [ [ [ 110.824568710403298, -6.936532961089208, 0.0 ], [ 110.826784659793006, -6.937072421845587, 0.0 ], [ 110.826721191928101, -6.937298000956838, 0.0 ], [ 110.826836339794397, -6.937461392582413, 0.0 ], [ 110.826708609541001, -6.938002812746577, 0.0 ], [ 110.826976479617201, -6.938019467373227, 0.0 ], [ 110.827006871251996, -6.938237199869789, 0.0 ], [ 110.8271643534612, -6.938432151446065, 0.0 ], [ 110.827047334942407, -6.938479333349178, 0.0 ], [ 110.827062236758707, -6.938802566753741, 0.0 ], [ 110.827221889674306, -6.938806562995296, 0.0 ], [ 110.827213213685994, -6.939169082442606, 0.0 ], [ 110.827206580520297, -6.939413698165469, 0.0 ], [ 110.827420381190095, -6.939473462248459, 0.0 ], [ 110.827412454581903, -6.939748859046471, 0.0 ], [ 110.827118721659502, -6.939736066835615, 0.0 ], [ 110.827179445736604, -6.939999006621544, 0.0 ], [ 110.827239220320706, -6.940270669471267, 0.0 ], [ 110.827626943387401, -6.940351614426056, 0.0 ], [ 110.827625432826807, -6.940729248677038, 0.0 ], [ 110.827867315635302, -6.940774090739862, 0.0 ], [ 110.827983268965994, -6.940917156933443, 0.0 ], [ 110.827982846165796, -6.940928101299219, 0.0 ], [ 110.828171019039004, -6.941406213818055, 0.0 ], [ 110.828433558992799, -6.941306332267083, 0.0 ], [ 110.828527230524401, -6.942174477040685, 0.0 ], [ 110.828525407960996, -6.942223064884971, 0.0 ], [ 110.828487014104596, -6.943248349061935, 0.0 ], [ 110.828613992106, -6.944362125560952, 0.0 ], [ 110.828783269696203, -6.945070595070449, 0.0 ], [ 110.828979835301197, -6.945086569704213, 0.0 ], [ 110.828917987634597, -6.944749737969568, 0.0 ], [ 110.828785287030499, -6.944300736174094, 0.0 ], [ 110.828719067256799, -6.943644762714291, 0.0 ], [ 110.828748510587502, -6.942915960753375, 0.0 ], [ 110.828831979352003, -6.942418204549847, 0.0 ], [ 110.828786991065996, -6.942071800724217, 0.0 ], [ 110.828810924112702, -6.941277859965373, 0.0 ], [ 110.828665149297095, -6.940608414045004, 0.0 ], [ 110.828226223279103, -6.939475621683182, 0.0 ], [ 110.828028646801201, -6.939158707661542, 0.0 ], [ 110.828210410459903, -6.939261154858363, 0.0 ], [ 110.828201733033296, -6.938747072440436, 0.0 ], [ 110.828423691113301, -6.938599194518959, 0.0 ], [ 110.828843200592303, -6.938480365843074, 0.0 ], [ 110.829234521813405, -6.938346543263146, 0.0 ], [ 110.829229609726596, -6.937912709764249, 0.0 ], [ 110.829791656702, -6.937897586120588, 0.0 ], [ 110.830338688780998, -6.938032437698952, 0.0 ], [ 110.830613566592305, -6.937534834748856, 0.0 ], [ 110.8312947093155, -6.936631332532322, 0.0 ], [ 110.831609026616405, -6.936135621501432, 0.0 ], [ 110.831886926740694, -6.936227885448971, 0.0 ], [ 110.831983715793797, -6.935978667469493, 0.0 ], [ 110.832152198800401, -6.936103386337231, 0.0 ], [ 110.832141063650297, -6.936708140570765, 0.0 ], [ 110.832355472854601, -6.936769653616558, 0.0 ], [ 110.832406154654294, -6.935821505209004, 0.0 ], [ 110.832672650932494, -6.935773097148611, 0.0 ], [ 110.833812878452505, -6.935916636114275, 0.0 ], [ 110.834835709479293, -6.935916291853395, 0.0 ], [ 110.834845137629202, -6.935672232579901, 0.0 ], [ 110.833987401196197, -6.935528323507922, 0.0 ], [ 110.833185792645295, -6.935398275350344, 0.0 ], [ 110.833096293077404, -6.935398286807924, 0.0 ], [ 110.832740610309898, -6.93525328700458, 0.0 ], [ 110.832349485944803, -6.935456023081233, 0.0 ], [ 110.831947748230903, -6.93535464788247, 0.0 ], [ 110.831964481852694, -6.935122287922014, 0.0 ], [ 110.831545684503098, -6.935107756558498, 0.0 ], [ 110.8315312426828, -6.934917970122771, 0.0 ], [ 110.8312462039449, -6.934476959716783, 0.0 ], [ 110.831094656422493, -6.934031716568793, 0.0 ], [ 110.830803570824301, -6.933355654693588, 0.0 ], [ 110.830678614427796, -6.932809351712192, 0.0 ], [ 110.830935058188601, -6.93177146484839, 0.0 ], [ 110.831803186818306, -6.931816187488643, 0.0 ], [ 110.831835478427294, -6.931596727871955, 0.0 ], [ 110.831104664408898, -6.931345625049804, 0.0 ], [ 110.831287211388897, -6.930610285284289, 0.0 ], [ 110.831445026291107, -6.929981657501572, 0.0 ], [ 110.831745170038403, -6.929937464989301, 0.0 ], [ 110.8320738632559, -6.929299697482091, 0.0 ], [ 110.832422140838105, -6.928653622527393, 0.0 ], [ 110.832742430653497, -6.928593131342209, 0.0 ], [ 110.832774474761905, -6.92819697507104, 0.0 ], [ 110.832376031661795, -6.928043758500969, 0.0 ], [ 110.832250593539797, -6.926627627975242, 0.0 ], [ 110.832593338368397, -6.92665689581987, 0.0 ], [ 110.832734221951796, -6.926450887796081, 0.0 ], [ 110.8322812231808, -6.926309923726973, 0.0 ], [ 110.832327650495998, -6.925863351504856, 0.0 ], [ 110.832579193272906, -6.925715321613521, 0.0 ], [ 110.832658103122199, -6.925618433462899, 0.0 ], [ 110.833458263999205, -6.925961922245609, 0.0 ], [ 110.833674060562203, -6.925686377189863, 0.0 ], [ 110.834232949146298, -6.925947468833849, 0.0 ], [ 110.834754415864793, -6.925918444370014, 0.0 ], [ 110.835050608980694, -6.925773549377667, 0.0 ], [ 110.835102619771206, -6.925174358439859, 0.0 ], [ 110.834582745394002, -6.924686535848181, 0.0 ], [ 110.833877779250699, -6.924298711496135, 0.0 ], [ 110.833883118767901, -6.923907627041625, 0.0 ], [ 110.833425673257807, -6.923832908135129, 0.0 ], [ 110.833402838530503, -6.923620201629209, 0.0 ], [ 110.833175561720594, -6.923680916846424, 0.0 ], [ 110.833027234705099, -6.923787307602969, 0.0 ], [ 110.833357871238903, -6.923207141408216, 0.0 ], [ 110.834254851888304, -6.923512676621636, 0.0 ], [ 110.834375691351497, -6.923436373850749, 0.0 ], [ 110.835755426182502, -6.923664121946317, 0.0 ], [ 110.836259813401696, -6.923511522049458, 0.0 ], [ 110.836182330375706, -6.922789259640925, 0.0 ], [ 110.835716002767398, -6.922229006563217, 0.0 ], [ 110.834581369980796, -6.922120062604033, 0.0 ], [ 110.834680304901497, -6.920620347195018, 0.0 ], [ 110.833590024132306, -6.920571931882613, 0.0 ], [ 110.833698141269593, -6.919290291828377, 0.0 ], [ 110.833929092711998, -6.918922267184893, 0.0 ], [ 110.835037559887198, -6.918955126733822, 0.0 ], [ 110.835324706610606, -6.918770230540788, 0.0 ], [ 110.8362094695173, -6.918770078006025, 0.0 ], [ 110.836224358635505, -6.918612500811585, 0.0 ], [ 110.836525076203003, -6.917132320857025, 0.0 ], [ 110.840033144629004, -6.918039116736152, 0.0 ], [ 110.841426669529696, -6.918595220722502, 0.0 ], [ 110.845154888065693, -6.920129934218703, 0.0 ], [ 110.845021168777293, -6.920389041779798, 0.0 ], [ 110.8452197228834, -6.922134606820602, 0.0 ], [ 110.845630768767705, -6.92421364633592, 0.0 ], [ 110.846321910792298, -6.925779400942689, 0.0 ], [ 110.847091609771098, -6.926622321222829, 0.0 ], [ 110.847269421904301, -6.927311116368442, 0.0 ], [ 110.8478825658121, -6.9292451251895, 0.0 ], [ 110.848059898909199, -6.930184095650185, 0.0 ], [ 110.848082467998793, -6.931159922885776, 0.0 ], [ 110.847937981077607, -6.931769158807464, 0.0 ], [ 110.844737626868294, -6.935461921487431, 0.0 ], [ 110.844119320969298, -6.935870182197681, 0.0 ], [ 110.842688401073502, -6.936274966337344, 0.0 ], [ 110.841760222183893, -6.936354121995619, 0.0 ], [ 110.839353990199498, -6.936709487836421, 0.0 ], [ 110.837378668808597, -6.937138055178098, 0.0 ], [ 110.837644078363297, -6.937622691224752, 0.0 ], [ 110.837887661807201, -6.938390227346346, 0.0 ], [ 110.838574810174407, -6.940212386478301, 0.0 ], [ 110.839590385576102, -6.94283159677516, 0.0 ], [ 110.838320148513901, -6.943033408692427, 0.0 ], [ 110.835635960683803, -6.943049600058922, 0.0 ], [ 110.833131350931296, -6.94262088841737, 0.0 ], [ 110.832567179920702, -6.942496719368719, 0.0 ], [ 110.832050634569399, -6.944415896021437, 0.0 ], [ 110.831445165900107, -6.944401082282627, 0.0 ], [ 110.831396889521301, -6.945141420801437, 0.0 ], [ 110.831236511472596, -6.945375863445627, 0.0 ], [ 110.830264501402198, -6.945302801809216, 0.0 ], [ 110.828675052379594, -6.945229565075497, 0.0 ], [ 110.827820517539394, -6.945200462128883, 0.0 ], [ 110.827339524886895, -6.94584164091513, 0.0 ], [ 110.826429724225406, -6.945841846421143, 0.0 ], [ 110.824739015645505, -6.945653526891203, 0.0 ], [ 110.823559995438799, -6.945332852734076, 0.0 ], [ 110.823690162967395, -6.944416545557536, 0.0 ], [ 110.823043850072395, -6.944192182276885, 0.0 ], [ 110.823297296573998, -6.941991150442782, 0.0 ], [ 110.823535123605495, -6.940515049374362, 0.0 ], [ 110.823180809585907, -6.940425010663365, 0.0 ], [ 110.823296228299796, -6.939453399413308, 0.0 ], [ 110.824568710403298, -6.936532961089208, 0.0 ] ] ] ] } },
{ "type": "Feature", "properties": { "Name": "PESAGI", "VILLAGES": "Pesagi", "CC_4": "3318020013", "SUB_DIST": "Kayen", "DISTRICT": "Pati", "GID_4": "IDN.10.21.10.9_1", "AREA_HA": 262 }, "geometry": { "type": "MultiPolygon", "coordinates": [ [ [ [ 110.972087094346406, -6.873552408931387, 0.0 ], [ 110.971487213525094, -6.873413116600567, 0.0 ], [ 110.971221928076602, -6.873313958930818, 0.0 ], [ 110.971035763723904, -6.873273627468076, 0.0 ], [ 110.970928278214103, -6.87327330667608, 0.0 ], [ 110.970778871993005, -6.873452565362093, 0.0 ], [ 110.970650789815295, -6.873383029746264, 0.0 ], [ 110.970475422845496, -6.873598764995098, 0.0 ], [ 110.970558909854304, -6.873666553133569, 0.0 ], [ 110.970578382374399, -6.87376243287689, 0.0 ], [ 110.970367687850697, -6.873770789321052, 0.0 ], [ 110.970297286944103, -6.873922040770899, 0.0 ], [ 110.970421070837901, -6.874017344931634, 0.0 ], [ 110.970407504925603, -6.874228641847502, 0.0 ], [ 110.970584793462706, -6.874265809962955, 0.0 ], [ 110.970627574742295, -6.874483083988276, 0.0 ], [ 110.970605218310993, -6.874668180624115, 0.0 ], [ 110.970435147916305, -6.874816255601252, 0.0 ], [ 110.970425142684405, -6.874954510088637, 0.0 ], [ 110.970002099330401, -6.874939563094624, 0.0 ], [ 110.969747107255401, -6.874894995760089, 0.0 ], [ 110.969744847103996, -6.875190058749513, 0.0 ], [ 110.969582793716995, -6.875130374976552, 0.0 ], [ 110.969255633535894, -6.874954446079235, 0.0 ], [ 110.968729448225403, -6.874684139491007, 0.0 ], [ 110.968725816271004, -6.874390872201475, 0.0 ], [ 110.968732071611996, -6.874199340067985, 0.0 ], [ 110.968767712938501, -6.873467570381614, 0.0 ], [ 110.968593893935207, -6.873199661340217, 0.0 ], [ 110.968412912007807, -6.87285972459214, 0.0 ], [ 110.968430754514898, -6.872469941964297, 0.0 ], [ 110.968468874310901, -6.871920894944086, 0.0 ], [ 110.968068456558498, -6.871621780253925, 0.0 ], [ 110.967978551263101, -6.871459162854253, 0.0 ], [ 110.967977180204898, -6.871362583366626, 0.0 ], [ 110.968143000676093, -6.870978125186801, 0.0 ], [ 110.968261484097695, -6.870509789630561, 0.0 ], [ 110.968132090479997, -6.870291498364608, 0.0 ], [ 110.967672763053997, -6.870164003787421, 0.0 ], [ 110.967687555958193, -6.87007140612353, 0.0 ], [ 110.967228483467807, -6.869920724012295, 0.0 ], [ 110.966902035064507, -6.869873960959613, 0.0 ], [ 110.9667447744784, -6.869750697505554, 0.0 ], [ 110.966650714839602, -6.86937033727992, 0.0 ], [ 110.966624734086395, -6.867774296076328, 0.0 ], [ 110.966677190585102, -6.866127975115184, 0.0 ], [ 110.966726528358294, -6.864687595040683, 0.0 ], [ 110.966596113558197, -6.864092699578181, 0.0 ], [ 110.966499043432805, -6.86364209819407, 0.0 ], [ 110.966299666501797, -6.863006592201406, 0.0 ], [ 110.966225572733705, -6.862507788605781, 0.0 ], [ 110.966112609883297, -6.862056846872645, 0.0 ], [ 110.966092982693297, -6.861433857696011, 0.0 ], [ 110.9661273343918, -6.859888904161436, 0.0 ], [ 110.966227676044795, -6.859228888002412, 0.0 ], [ 110.967098788452404, -6.85937153645983, 0.0 ], [ 110.9674746184307, -6.859418416948681, 0.0 ], [ 110.967935581362298, -6.8595818138915, 0.0 ], [ 110.968967683851403, -6.859797441831942, 0.0 ], [ 110.9694855021325, -6.860029976379045, 0.0 ], [ 110.970365738268001, -6.860407150779339, 0.0 ], [ 110.970542475545898, -6.860530154443811, 0.0 ], [ 110.972275315401305, -6.862064849873907, 0.0 ], [ 110.972505167447196, -6.862324973575081, 0.0 ], [ 110.972568973486801, -6.862424748029776, 0.0 ], [ 110.972950660918499, -6.862685211309215, 0.0 ], [ 110.973282979309204, -6.862825250626849, 0.0 ], [ 110.973908012511004, -6.863109311243051, 0.0 ], [ 110.974960134516706, -6.863422486962522, 0.0 ], [ 110.975552903342304, -6.863556724767265, 0.0 ], [ 110.976465151710798, -6.863769656351719, 0.0 ], [ 110.976609694657, -6.863859816865977, 0.0 ], [ 110.976938581551806, -6.864164446422648, 0.0 ], [ 110.977736398908107, -6.86522974005171, 0.0 ], [ 110.977900015408693, -6.865526715297883, 0.0 ], [ 110.978220830556793, -6.865947046808452, 0.0 ], [ 110.978475689403197, -6.86646673682387, 0.0 ], [ 110.978617006168406, -6.866964867197452, 0.0 ], [ 110.978667997349405, -6.867285929373175, 0.0 ], [ 110.978739627782204, -6.867970345597735, 0.0 ], [ 110.978739730696802, -6.867980267216268, 0.0 ], [ 110.978804594812004, -6.868273996267342, 0.0 ], [ 110.978919724060503, -6.868389443500163, 0.0 ], [ 110.979190221907302, -6.868578905798409, 0.0 ], [ 110.979610179086805, -6.868811248440427, 0.0 ], [ 110.979855019350396, -6.868930715027594, 0.0 ], [ 110.979879926183202, -6.86894897019048, 0.0 ], [ 110.9802254036032, -6.869039776148703, 0.0 ], [ 110.980877607102599, -6.869174543391178, 0.0 ], [ 110.980892879344296, -6.869192362179259, 0.0 ], [ 110.981357337671596, -6.869272091712708, 0.0 ], [ 110.981744177644202, -6.869286252062695, 0.0 ], [ 110.981742323117004, -6.869695068767965, 0.0 ], [ 110.981680954973498, -6.870176653946508, 0.0 ], [ 110.981722193075001, -6.870449063336855, 0.0 ], [ 110.981670883470301, -6.870851931395431, 0.0 ], [ 110.981611714114194, -6.871306407332693, 0.0 ], [ 110.981576873871504, -6.871791245562544, 0.0 ], [ 110.981478809209193, -6.872364022619177, 0.0 ], [ 110.981464109098397, -6.872624606097864, 0.0 ], [ 110.981363257126404, -6.872625728874965, 0.0 ], [ 110.981112356863704, -6.872579182578829, 0.0 ], [ 110.981038713935604, -6.87255821624267, 0.0 ], [ 110.980817300237803, -6.87255343432728, 0.0 ], [ 110.980856464981997, -6.872404600707037, 0.0 ], [ 110.980727739894903, -6.872394572450212, 0.0 ], [ 110.980501024162706, -6.872405018151993, 0.0 ], [ 110.980488780279799, -6.872328623519985, 0.0 ], [ 110.979946869770004, -6.872232152872922, 0.0 ], [ 110.979902879570105, -6.872491049906884, 0.0 ], [ 110.979660112804098, -6.872490057115296, 0.0 ], [ 110.979134216989493, -6.872437898012334, 0.0 ], [ 110.978595585402303, -6.872317843977988, 0.0 ], [ 110.978074268378805, -6.872247948082878, 0.0 ], [ 110.977222740353596, -6.872103850910738, 0.0 ], [ 110.976949509642694, -6.872017832562679, 0.0 ], [ 110.976694525080703, -6.871961443153202, 0.0 ], [ 110.976480764656699, -6.871827702191377, 0.0 ], [ 110.976212074154205, -6.871711908039663, 0.0 ], [ 110.975379394975903, -6.871468646107075, 0.0 ], [ 110.975089307210197, -6.871432507775381, 0.0 ], [ 110.974895925754296, -6.871401286760734, 0.0 ], [ 110.974732589994403, -6.871325942313303, 0.0 ], [ 110.974401944483006, -6.87114513547268, 0.0 ], [ 110.973553733872393, -6.870838273243896, 0.0 ], [ 110.973551951349805, -6.871024290260659, 0.0 ], [ 110.973549810618593, -6.87104517787706, 0.0 ], [ 110.9733700574685, -6.871056332958817, 0.0 ], [ 110.973027021104699, -6.870980316424851, 0.0 ], [ 110.972855961079603, -6.870888139358368, 0.0 ], [ 110.971961811512202, -6.870665563775693, 0.0 ], [ 110.971848382492993, -6.870989605264738, 0.0 ], [ 110.971670636449701, -6.870961761458059, 0.0 ], [ 110.971414300049403, -6.870886745049447, 0.0 ], [ 110.971382528227394, -6.8710801964854, 0.0 ], [ 110.971262582741005, -6.871064420328478, 0.0 ], [ 110.970773907374394, -6.870875949901477, 0.0 ], [ 110.970515519464001, -6.87089857509954, 0.0 ], [ 110.970056101767895, -6.870851009199747, 0.0 ], [ 110.9696676211247, -6.870705939429685, 0.0 ], [ 110.969489068521398, -6.870657167703339, 0.0 ], [ 110.969285232081404, -6.870966618296435, 0.0 ], [ 110.969301726338301, -6.871057562966982, 0.0 ], [ 110.969459498810707, -6.871304183831244, 0.0 ], [ 110.969461358520306, -6.871323507543941, 0.0 ], [ 110.969624405787798, -6.871445062234216, 0.0 ], [ 110.9696046520518, -6.871539180971393, 0.0 ], [ 110.969631153300398, -6.871678859193314, 0.0 ], [ 110.969665032309706, -6.871798403184861, 0.0 ], [ 110.969788056978999, -6.871842199851441, 0.0 ], [ 110.970040346192803, -6.87199251846206, 0.0 ], [ 110.970010101899703, -6.872406384864342, 0.0 ], [ 110.970234030771906, -6.872466190426466, 0.0 ], [ 110.970425152519695, -6.872479763842884, 0.0 ], [ 110.970562591497796, -6.872566243538701, 0.0 ], [ 110.970575164598998, -6.872830469141014, 0.0 ], [ 110.970696754913703, -6.872829188712166, 0.0 ], [ 110.9707400659602, -6.872573152180544, 0.0 ], [ 110.970893370861802, -6.872594134731964, 0.0 ], [ 110.970904409479004, -6.872857505520208, 0.0 ], [ 110.971120336057893, -6.872933006964312, 0.0 ], [ 110.971215310237298, -6.872980016441325, 0.0 ], [ 110.971198237407705, -6.873200648801996, 0.0 ], [ 110.971339675623497, -6.873263755135572, 0.0 ], [ 110.971550806605904, -6.873314441216827, 0.0 ], [ 110.971869277627903, -6.873432119022027, 0.0 ], [ 110.972116243097204, -6.873443668299553, 0.0 ], [ 110.972188549665105, -6.873260152553701, 0.0 ], [ 110.972283007428402, -6.873009256270103, 0.0 ], [ 110.972526089014707, -6.872718259959457, 0.0 ], [ 110.972665019187502, -6.872583249322313, 0.0 ], [ 110.972797882610394, -6.872520665688667, 0.0 ], [ 110.973104890374501, -6.872650697393862, 0.0 ], [ 110.973354552852996, -6.872712219631977, 0.0 ], [ 110.973989283309905, -6.872814666706402, 0.0 ], [ 110.9741164681583, -6.872861758356606, 0.0 ], [ 110.974203129561104, -6.872959266644676, 0.0 ], [ 110.974452382462601, -6.872992355581693, 0.0 ], [ 110.9744729596258, -6.872895745196591, 0.0 ], [ 110.974775454246398, -6.872949590455159, 0.0 ], [ 110.974999621017105, -6.872982586046183, 0.0 ], [ 110.975537149904198, -6.87324824332521, 0.0 ], [ 110.975974616933598, -6.873454700352461, 0.0 ], [ 110.975981143281103, -6.873461728599573, 0.0 ], [ 110.976319603045098, -6.873701252927023, 0.0 ], [ 110.976442489713705, -6.873945121680135, 0.0 ], [ 110.976678526359507, -6.874080092664878, 0.0 ], [ 110.976916922121404, -6.874144724557874, 0.0 ], [ 110.977060601697801, -6.874293110442981, 0.0 ], [ 110.977071337669102, -6.874486642924531, 0.0 ], [ 110.977154425935893, -6.874487384028039, 0.0 ], [ 110.977195793019703, -6.874487432858066, 0.0 ], [ 110.977187736853097, -6.874557287788139, 0.0 ], [ 110.977296915482697, -6.874627047987101, 0.0 ], [ 110.977410489026497, -6.874743170140643, 0.0 ], [ 110.977510141409397, -6.874856391993024, 0.0 ], [ 110.977773362594107, -6.874915625614253, 0.0 ], [ 110.977785352138895, -6.874922137815613, 0.0 ], [ 110.977802476565699, -6.874922244506623, 0.0 ], [ 110.977978772048004, -6.87499364743161, 0.0 ], [ 110.978122201652198, -6.875025369947596, 0.0 ], [ 110.978143621627197, -6.874915165389059, 0.0 ], [ 110.978263280333294, -6.874915064207888, 0.0 ], [ 110.978401487996706, -6.874953463308422, 0.0 ], [ 110.978424493049502, -6.874960059638851, 0.0 ], [ 110.978433623980095, -6.874901231604322, 0.0 ], [ 110.978506181542102, -6.874848685520431, 0.0 ], [ 110.978650381551404, -6.874895427164432, 0.0 ], [ 110.978674679794594, -6.874980422874063, 0.0 ], [ 110.978782177560205, -6.874961137967867, 0.0 ], [ 110.978839984987601, -6.874853419519866, 0.0 ], [ 110.978903103344095, -6.874872661981358, 0.0 ], [ 110.979030902450006, -6.874988251837707, 0.0 ], [ 110.979264078508294, -6.875102571166416, 0.0 ], [ 110.979630995367998, -6.875220922523018, 0.0 ], [ 110.979704804156498, -6.875209288024233, 0.0 ], [ 110.979734203512294, -6.874906021314639, 0.0 ], [ 110.9798314748233, -6.874874356145295, 0.0 ], [ 110.979956655571101, -6.874835540573989, 0.0 ], [ 110.980010609507005, -6.874772823838317, 0.0 ], [ 110.980013393825004, -6.874608957776671, 0.0 ], [ 110.980283257335998, -6.874596728091181, 0.0 ], [ 110.980280879566905, -6.874958467939917, 0.0 ], [ 110.980279168236706, -6.875204149189896, 0.0 ], [ 110.980173391570801, -6.875394683505827, 0.0 ], [ 110.980235920437195, -6.875479910396671, 0.0 ], [ 110.980363900910106, -6.875545679980028, 0.0 ], [ 110.980628663675105, -6.875582834821798, 0.0 ], [ 110.981309182696094, -6.875669695327711, 0.0 ], [ 110.981620228076693, -6.875758154754777, 0.0 ], [ 110.982069501629397, -6.875828093048307, 0.0 ], [ 110.982161142348403, -6.875896215738637, 0.0 ], [ 110.982590199275094, -6.875976760445061, 0.0 ], [ 110.982776099784004, -6.876013984596598, 0.0 ], [ 110.983076391508206, -6.876068186589841, 0.0 ], [ 110.983333083825102, -6.876124460244518, 0.0 ], [ 110.983283511424403, -6.876742175871894, 0.0 ], [ 110.983351271348695, -6.876947803299929, 0.0 ], [ 110.983371825363804, -6.876831445125934, 0.0 ], [ 110.983663144846801, -6.876831178750767, 0.0 ], [ 110.983686262334302, -6.87695943330116, 0.0 ], [ 110.983577827774099, -6.876984875879433, 0.0 ], [ 110.983593598204607, -6.877059962610068, 0.0 ], [ 110.983681660043999, -6.877102167033169, 0.0 ], [ 110.983648172784498, -6.877227191451046, 0.0 ], [ 110.983467903799905, -6.877236732906265, 0.0 ], [ 110.983260301234097, -6.877313540437699, 0.0 ], [ 110.983247636634601, -6.877617020123979, 0.0 ], [ 110.9834518441683, -6.877798168993866, 0.0 ], [ 110.983704192198303, -6.87803296512153, 0.0 ], [ 110.983888294932896, -6.87822503933307, 0.0 ], [ 110.984095625447495, -6.878359356360238, 0.0 ], [ 110.984318366802796, -6.878409471244379, 0.0 ], [ 110.984291453194402, -6.877867158757333, 0.0 ], [ 110.984519733138598, -6.877861930745885, 0.0 ], [ 110.9845807812126, -6.877815245785261, 0.0 ], [ 110.984573879290494, -6.877726493582999, 0.0 ], [ 110.984590017999594, -6.87726911821819, 0.0 ], [ 110.984516291895503, -6.877138161885138, 0.0 ], [ 110.9843691406179, -6.877139269618335, 0.0 ], [ 110.984285526062706, -6.877081391509205, 0.0 ], [ 110.984215172733897, -6.877029052480166, 0.0 ], [ 110.984182865844801, -6.876739423920874, 0.0 ], [ 110.984260968635496, -6.876738611695104, 0.0 ], [ 110.984435836459497, -6.876732228401008, 0.0 ], [ 110.984420556189406, -6.876594675935117, 0.0 ], [ 110.984356058672205, -6.876517613889616, 0.0 ], [ 110.9843241051327, -6.876183241682909, 0.0 ], [ 110.984375144219499, -6.87618939946022, 0.0 ], [ 110.984409286428203, -6.875851402849637, 0.0 ], [ 110.984557716794399, -6.875809694789922, 0.0 ], [ 110.984606159731499, -6.875514822411307, 0.0 ], [ 110.984631345924896, -6.875143904339975, 0.0 ], [ 110.984386107977997, -6.87506605105824, 0.0 ], [ 110.984380187126504, -6.874958508445316, 0.0 ], [ 110.984540788841798, -6.874917902344057, 0.0 ], [ 110.984537660852894, -6.87482193809057, 0.0 ], [ 110.9843097183944, -6.874731619108541, 0.0 ], [ 110.984363292088403, -6.874453289889609, 0.0 ], [ 110.984704053831294, -6.874444166041083, 0.0 ], [ 110.984748071787607, -6.874333931383367, 0.0 ], [ 110.984735585459603, -6.874176257840718, 0.0 ], [ 110.984591783154897, -6.874139893017873, 0.0 ], [ 110.984725272928998, -6.873873262044621, 0.0 ], [ 110.9847700314874, -6.873542112292655, 0.0 ], [ 110.985016595772294, -6.873557646325268, 0.0 ], [ 110.985044845363106, -6.873425487385179, 0.0 ], [ 110.985151090365406, -6.873271931081002, 0.0 ], [ 110.985373774645197, -6.873304730554287, 0.0 ], [ 110.985673682818003, -6.873304495737965, 0.0 ], [ 110.987110598583499, -6.873468276137179, 0.0 ], [ 110.987159377148103, -6.87336820424359, 0.0 ], [ 110.987281114434694, -6.873178963542568, 0.0 ], [ 110.987290140833593, -6.873308409359443, 0.0 ], [ 110.9872833820056, -6.873517656635327, 0.0 ], [ 110.986997632761501, -6.873933667234259, 0.0 ], [ 110.987202181749794, -6.873919977962887, 0.0 ], [ 110.987656538866503, -6.873982013979445, 0.0 ], [ 110.987943358163804, -6.874006363339783, 0.0 ], [ 110.988215269134898, -6.874006378442127, 0.0 ], [ 110.988500001411595, -6.874061136378084, 0.0 ], [ 110.988762001770098, -6.874122703476757, 0.0 ], [ 110.9891483091981, -6.874198436934067, 0.0 ], [ 110.990016416332594, -6.874322596689078, 0.0 ], [ 110.9903257509215, -6.874365849866116, 0.0 ], [ 110.990742692297303, -6.874386672037839, 0.0 ], [ 110.991246225344298, -6.87446637995747, 0.0 ], [ 110.991720398275902, -6.874555809631408, 0.0 ], [ 110.991807658841395, -6.874654099068354, 0.0 ], [ 110.991805163949905, -6.87492055786617, 0.0 ], [ 110.991808984131694, -6.87529718628169, 0.0 ], [ 110.991756550082599, -6.87559510211179, 0.0 ], [ 110.991741438007907, -6.876093218693351, 0.0 ], [ 110.993140055810798, -6.876599152078531, 0.0 ], [ 110.989832993463494, -6.88337222080094, 0.0 ], [ 110.989490292662396, -6.883329402316351, 0.0 ], [ 110.989397493636602, -6.883405781455058, 0.0 ], [ 110.989161262808096, -6.883536345726077, 0.0 ], [ 110.988939092845698, -6.883610845337935, 0.0 ], [ 110.988814911684798, -6.883637788346471, 0.0 ], [ 110.988646356048605, -6.883631050343816, 0.0 ], [ 110.988473614360402, -6.883563407735882, 0.0 ], [ 110.988195343130002, -6.883461183642953, 0.0 ], [ 110.9878235944323, -6.883282140626134, 0.0 ], [ 110.987747785669598, -6.883194196365922, 0.0 ], [ 110.987639012802106, -6.883115320098193, 0.0 ], [ 110.987550055599797, -6.88299225571624, 0.0 ], [ 110.987475343947395, -6.88291035329646, 0.0 ], [ 110.987388091580499, -6.882760642015016, 0.0 ], [ 110.987308425627006, -6.882537504306855, 0.0 ], [ 110.987142643819197, -6.882360230678467, 0.0 ], [ 110.986975954084798, -6.882219177781798, 0.0 ], [ 110.986896528794105, -6.882040660092627, 0.0 ], [ 110.986593779358202, -6.881882267060669, 0.0 ], [ 110.986339501135305, -6.881742471428296, 0.0 ], [ 110.9861710145004, -6.881598583070853, 0.0 ], [ 110.985949136109994, -6.88133528332426, 0.0 ], [ 110.985754254164704, -6.881054021169008, 0.0 ], [ 110.985604453147602, -6.880873591824272, 0.0 ], [ 110.985359790614694, -6.880655869194361, 0.0 ], [ 110.985266885181701, -6.880666866170091, 0.0 ], [ 110.984934712306199, -6.880759622419398, 0.0 ], [ 110.984811041798594, -6.880711031612951, 0.0 ], [ 110.984548258579693, -6.88063958464586, 0.0 ], [ 110.984353374032295, -6.880550765747803, 0.0 ], [ 110.984260732988503, -6.880431878678786, 0.0 ], [ 110.984317540480603, -6.880275214493579, 0.0 ], [ 110.984381795891395, -6.880108401793671, 0.0 ], [ 110.984445992443597, -6.879868205109686, 0.0 ], [ 110.984424260571799, -6.879681199496467, 0.0 ], [ 110.984397968336097, -6.87950490508547, 0.0 ], [ 110.984292268852101, -6.879403534084972, 0.0 ], [ 110.984152611966806, -6.879294854281293, 0.0 ], [ 110.984073242310302, -6.879144603891007, 0.0 ], [ 110.983971258774901, -6.879024851174767, 0.0 ], [ 110.983920011607395, -6.878928823086705, 0.0 ], [ 110.983814081134597, -6.878863964370741, 0.0 ], [ 110.983523325730999, -6.878759580090145, 0.0 ], [ 110.983305009513302, -6.87871981171868, 0.0 ], [ 110.983070530139003, -6.878739932953524, 0.0 ], [ 110.982962875114396, -6.878724604126814, 0.0 ], [ 110.982832690834897, -6.878637005277542, 0.0 ], [ 110.982685291937599, -6.878527099598829, 0.0 ], [ 110.982550989644594, -6.878409955178706, 0.0 ], [ 110.982408829967895, -6.878267849496678, 0.0 ], [ 110.982306705188904, -6.878144887056641, 0.0 ], [ 110.982171768794302, -6.877915641425117, 0.0 ], [ 110.982097828145498, -6.877758131874988, 0.0 ], [ 110.982100000749895, -6.877579258654199, 0.0 ], [ 110.982149532371807, -6.877270268612056, 0.0 ], [ 110.981896076700096, -6.877020768723507, 0.0 ], [ 110.9817187322937, -6.876851980723639, 0.0 ], [ 110.981423027059904, -6.87657997960504, 0.0 ], [ 110.981232488587594, -6.876420085689596, 0.0 ], [ 110.981007458295096, -6.876332500372103, 0.0 ], [ 110.980841361731393, -6.876298977887628, 0.0 ], [ 110.980657982116895, -6.876298654258433, 0.0 ], [ 110.980502822840904, -6.876253623300514, 0.0 ], [ 110.980332240652999, -6.876186459973387, 0.0 ], [ 110.980073362566202, -6.876157957729677, 0.0 ], [ 110.979626506258597, -6.876124578097269, 0.0 ], [ 110.979438669302994, -6.876147391626371, 0.0 ], [ 110.9792876363407, -6.876090156962664, 0.0 ], [ 110.978945433713093, -6.875986437616056, 0.0 ], [ 110.978659031210896, -6.87600787528058, 0.0 ], [ 110.978383399258107, -6.876039360754539, 0.0 ], [ 110.978275243592606, -6.876012565926203, 0.0 ], [ 110.978037512315396, -6.875991293578165, 0.0 ], [ 110.977743887231497, -6.875991122414684, 0.0 ], [ 110.977476750705307, -6.875991196683865, 0.0 ], [ 110.977067269503706, -6.876114300691745, 0.0 ], [ 110.976807722290502, -6.876114416061952, 0.0 ], [ 110.976554808095202, -6.876198128470185, 0.0 ], [ 110.976491328666896, -6.876203269914146, 0.0 ], [ 110.975998540528195, -6.876124914749386, 0.0 ], [ 110.975651718100593, -6.876066979684145, 0.0 ], [ 110.975436684313706, -6.876040200696334, 0.0 ], [ 110.975092939416996, -6.876050745442026, 0.0 ], [ 110.974911621501093, -6.876013417485189, 0.0 ], [ 110.974519143173694, -6.875991823175363, 0.0 ], [ 110.973954388746094, -6.875958955304285, 0.0 ], [ 110.973629358470603, -6.87602416242664, 0.0 ], [ 110.973254364119697, -6.876040428684565, 0.0 ], [ 110.973088540410302, -6.875997185716027, 0.0 ], [ 110.972527040821504, -6.876003180964976, 0.0 ], [ 110.972089413311807, -6.875987014494318, 0.0 ], [ 110.971859490164107, -6.875987297741391, 0.0 ], [ 110.971463661101296, -6.875982165654138, 0.0 ], [ 110.971227331408997, -6.875966049307692, 0.0 ], [ 110.9708276422474, -6.875983001243975, 0.0 ], [ 110.970640765127399, -6.875983338021499, 0.0 ], [ 110.970579328694697, -6.875956920779189, 0.0 ], [ 110.970794678561802, -6.87574737090997, 0.0 ], [ 110.971029062759797, -6.875464477495188, 0.0 ], [ 110.971164033239603, -6.875217491847654, 0.0 ], [ 110.971332352374901, -6.875167363405557, 0.0 ], [ 110.971561707357694, -6.874966918333555, 0.0 ], [ 110.971655616078493, -6.874838901776799, 0.0 ], [ 110.971739842291797, -6.874662413751981, 0.0 ], [ 110.971800651461507, -6.874661482705052, 0.0 ], [ 110.9718601308724, -6.874466847574828, 0.0 ], [ 110.971909887080102, -6.874178818405151, 0.0 ], [ 110.971973642494703, -6.873986876409083, 0.0 ], [ 110.972023109304601, -6.873832680252203, 0.0 ], [ 110.972087094346406, -6.873552408931387, 0.0 ] ] ] ] } },
{ "type": "Feature", "properties": { "Name": "PRAWOTO", "VILLAGES": "Prawoto", "CC_4": "3318010002", "SUB_DIST": "Sukolilo", "DISTRICT": "Pati", "GID_4": "IDN.10.21.15.11_1", "AREA_HA": 733 }, "geometry": { "type": "MultiPolygon", "coordinates": [ [ [ [ 110.810333509910194, -6.965742977914639, 0.0 ], [ 110.810055847609704, -6.965954389944726, 0.0 ], [ 110.809963696769699, -6.965643081740957, 0.0 ], [ 110.8091605593022, -6.964046228475147, 0.0 ], [ 110.808219614294899, -6.962176114465166, 0.0 ], [ 110.807731423611997, -6.961192666920556, 0.0 ], [ 110.807239897882596, -6.960258200973257, 0.0 ], [ 110.807288062511802, -6.957786053715252, 0.0 ], [ 110.807340853649606, -6.956014837580078, 0.0 ], [ 110.807332735378907, -6.955465076634469, 0.0 ], [ 110.8069729390091, -6.955416469557564, 0.0 ], [ 110.806455611922402, -6.955397002447739, 0.0 ], [ 110.803960000627498, -6.955338127729161, 0.0 ], [ 110.803825263897295, -6.955367549513375, 0.0 ], [ 110.803654440466801, -6.9553624224191, 0.0 ], [ 110.804492424928, -6.954719299879594, 0.0 ], [ 110.804827525811405, -6.954412733937767, 0.0 ], [ 110.804452010624601, -6.95308550689814, 0.0 ], [ 110.804856599397297, -6.952765598008056, 0.0 ], [ 110.804885437347806, -6.952574958162409, 0.0 ], [ 110.804885438078799, -6.952568016355698, 0.0 ], [ 110.8048653234369, -6.952391565324028, 0.0 ], [ 110.804454841536696, -6.952334387612035, 0.0 ], [ 110.804414735545507, -6.952341609668915, 0.0 ], [ 110.804869294508407, -6.949884778766492, 0.0 ], [ 110.806567365905394, -6.950619479060192, 0.0 ], [ 110.808699535294593, -6.951559803744453, 0.0 ], [ 110.810136671808905, -6.952219416110148, 0.0 ], [ 110.810567116485899, -6.951064093143859, 0.0 ], [ 110.810462169282502, -6.950868181522563, 0.0 ], [ 110.810068766922299, -6.950521450063475, 0.0 ], [ 110.809562364104707, -6.949738560198714, 0.0 ], [ 110.809419099536001, -6.949089234790933, 0.0 ], [ 110.8094685996995, -6.948564786574432, 0.0 ], [ 110.809577397239707, -6.948218133712356, 0.0 ], [ 110.809646216211306, -6.947066299933993, 0.0 ], [ 110.809564279665196, -6.946617203073324, 0.0 ], [ 110.809380573205502, -6.946333102661924, 0.0 ], [ 110.809388420178095, -6.946002597781842, 0.0 ], [ 110.810923763388004, -6.945752105539068, 0.0 ], [ 110.811619924645697, -6.945050210783355, 0.0 ], [ 110.8116294621707, -6.944257797950097, 0.0 ], [ 110.811791314498805, -6.943483926919062, 0.0 ], [ 110.812131991682705, -6.942550001545591, 0.0 ], [ 110.812334259510706, -6.941701171101274, 0.0 ], [ 110.812373731604794, -6.941507126214201, 0.0 ], [ 110.811989374963304, -6.941286833605329, 0.0 ], [ 110.811237562504303, -6.941085761612338, 0.0 ], [ 110.811151361616595, -6.940813934178576, 0.0 ], [ 110.811242643552603, -6.940391447810422, 0.0 ], [ 110.811464072706897, -6.94003968319061, 0.0 ], [ 110.812636099629501, -6.940341993366371, 0.0 ], [ 110.813724060994502, -6.940589118933211, 0.0 ], [ 110.814668810655604, -6.940455961117398, 0.0 ], [ 110.814573239312196, -6.939790200378638, 0.0 ], [ 110.816658161253699, -6.938713619004909, 0.0 ], [ 110.816831180545705, -6.938317013319566, 0.0 ], [ 110.817465030023499, -6.938367509566935, 0.0 ], [ 110.818120245825995, -6.938519359429237, 0.0 ], [ 110.820530016078393, -6.939610906620045, 0.0 ], [ 110.822030622075701, -6.940158664360814, 0.0 ], [ 110.823401021018498, -6.940553394947676, 0.0 ], [ 110.823175529202501, -6.942257551488911, 0.0 ], [ 110.8230306592544, -6.943103963190609, 0.0 ], [ 110.822871681357, -6.944249996971698, 0.0 ], [ 110.822994366000401, -6.944426358117733, 0.0 ], [ 110.823529474467804, -6.944488985448482, 0.0 ], [ 110.823479608558898, -6.94538674317589, 0.0 ], [ 110.824409681060402, -6.945686155585851, 0.0 ], [ 110.824811886578303, -6.945778298178751, 0.0 ], [ 110.825996998784802, -6.945953371970088, 0.0 ], [ 110.827340770142399, -6.945985824434617, 0.0 ], [ 110.827889021296699, -6.945277291905295, 0.0 ], [ 110.828634107087893, -6.945378412709486, 0.0 ], [ 110.829569415289498, -6.945370821138397, 0.0 ], [ 110.831092492694196, -6.945531829650167, 0.0 ], [ 110.831500022094104, -6.945308161802428, 0.0 ], [ 110.831501653419593, -6.944569331591206, 0.0 ], [ 110.832167340717305, -6.944688889731594, 0.0 ], [ 110.832722263685397, -6.942740113488078, 0.0 ], [ 110.835998775002096, -6.943205947298985, 0.0 ], [ 110.8379110178861, -6.943380488521463, 0.0 ], [ 110.838950852825405, -6.943267712749871, 0.0 ], [ 110.839551237308299, -6.943033150746599, 0.0 ], [ 110.839666655795597, -6.943153109716906, 0.0 ], [ 110.840522121493606, -6.943038820665647, 0.0 ], [ 110.840853506807804, -6.943230794716719, 0.0 ], [ 110.840582851632306, -6.944496260342012, 0.0 ], [ 110.840637483571498, -6.946017015197253, 0.0 ], [ 110.841021314419095, -6.946759429694952, 0.0 ], [ 110.841218234359502, -6.947337576929391, 0.0 ], [ 110.841820912686103, -6.948103296513278, 0.0 ], [ 110.842115437908404, -6.948888183721444, 0.0 ], [ 110.842316081333706, -6.949259368400323, 0.0 ], [ 110.842751406245199, -6.949730845926271, 0.0 ], [ 110.843127881828195, -6.950458166214712, 0.0 ], [ 110.8434241844772, -6.95060191300567, 0.0 ], [ 110.8453236413702, -6.950837591459385, 0.0 ], [ 110.847022709662795, -6.950927819027203, 0.0 ], [ 110.848507549192504, -6.951199823879061, 0.0 ], [ 110.848374693767099, -6.952181613808636, 0.0 ], [ 110.847684502682398, -6.953005499906339, 0.0 ], [ 110.846325008504095, -6.952960760693893, 0.0 ], [ 110.8449041190175, -6.953264949073199, 0.0 ], [ 110.844406055977203, -6.953389257795936, 0.0 ], [ 110.842424799016399, -6.954754756714634, 0.0 ], [ 110.841220151966596, -6.955294636116424, 0.0 ], [ 110.840376715934397, -6.955403582462455, 0.0 ], [ 110.840204531929004, -6.955755143182643, 0.0 ], [ 110.839722256567498, -6.956098295978545, 0.0 ], [ 110.838898052521003, -6.956156407140433, 0.0 ], [ 110.838868113249205, -6.956171641077371, 0.0 ], [ 110.836982870915804, -6.956817264064153, 0.0 ], [ 110.836945083426002, -6.957802436382141, 0.0 ], [ 110.836588786922604, -6.957861105270547, 0.0 ], [ 110.836359059085197, -6.95784170412059, 0.0 ], [ 110.836349432128102, -6.957499779023053, 0.0 ], [ 110.836014750638796, -6.957724680595591, 0.0 ], [ 110.8356336958838, -6.957642984238833, 0.0 ], [ 110.835444284186806, -6.957641695872898, 0.0 ], [ 110.835288277722697, -6.957776191412041, 0.0 ], [ 110.835038059037501, -6.957750538982626, 0.0 ], [ 110.835114545226901, -6.957543955593837, 0.0 ], [ 110.834951673625994, -6.957406589352535, 0.0 ], [ 110.834777280729796, -6.957251478633697, 0.0 ], [ 110.834714905448905, -6.957110406208229, 0.0 ], [ 110.834484569890094, -6.957094702718745, 0.0 ], [ 110.834303631483905, -6.957526559772001, 0.0 ], [ 110.833858213694299, -6.957382999978046, 0.0 ], [ 110.833861597272403, -6.957159910720518, 0.0 ], [ 110.833738210049404, -6.957064984644902, 0.0 ], [ 110.833503477183399, -6.956904121876178, 0.0 ], [ 110.833432779320702, -6.95678658563071, 0.0 ], [ 110.833302553194699, -6.956785697298606, 0.0 ], [ 110.833127157401805, -6.956914235750077, 0.0 ], [ 110.832737233214701, -6.956940221457978, 0.0 ], [ 110.832637635925096, -6.957225745273675, 0.0 ], [ 110.832500664817701, -6.957068455215703, 0.0 ], [ 110.832177726669798, -6.957108546721533, 0.0 ], [ 110.831249564909896, -6.957058726061273, 0.0 ], [ 110.831279107794799, -6.957257920900417, 0.0 ], [ 110.830895806652606, -6.957295566861032, 0.0 ], [ 110.830853303086599, -6.957935030247017, 0.0 ], [ 110.830029786536699, -6.958166069447404, 0.0 ], [ 110.829857937548496, -6.958180043845028, 0.0 ], [ 110.829278449865299, -6.956595916340154, 0.0 ], [ 110.8292474203556, -6.956537796174842, 0.0 ], [ 110.829084007652298, -6.955880671737089, 0.0 ], [ 110.829247978217097, -6.953892896920711, 0.0 ], [ 110.829372671296497, -6.95262343992987, 0.0 ], [ 110.829762824681296, -6.951193527491807, 0.0 ], [ 110.8299393141032, -6.950251862157408, 0.0 ], [ 110.829670481927494, -6.949023923826467, 0.0 ], [ 110.829664778509894, -6.948919005366663, 0.0 ], [ 110.829531645817099, -6.946982660070129, 0.0 ], [ 110.829367306733403, -6.945597961991546, 0.0 ], [ 110.829339834210998, -6.94542118189518, 0.0 ], [ 110.829125635983701, -6.945402549113879, 0.0 ], [ 110.828835140180203, -6.945436546241786, 0.0 ], [ 110.828781191063598, -6.946272065166958, 0.0 ], [ 110.828580171952495, -6.94739151709346, 0.0 ], [ 110.828238431889702, -6.947791227107106, 0.0 ], [ 110.827463484430396, -6.947989600254932, 0.0 ], [ 110.826915926667098, -6.947910668345807, 0.0 ], [ 110.827676359911905, -6.948197094759449, 0.0 ], [ 110.828394136266496, -6.948126291554012, 0.0 ], [ 110.828837082448899, -6.947890079503693, 0.0 ], [ 110.828917546710599, -6.948207407839344, 0.0 ], [ 110.829041429222599, -6.948773575945095, 0.0 ], [ 110.8290383079039, -6.948881698122523, 0.0 ], [ 110.829150159104998, -6.949684596595095, 0.0 ], [ 110.8292991154634, -6.950192453421935, 0.0 ], [ 110.829250341112797, -6.950634337036115, 0.0 ], [ 110.829034071528795, -6.951208043851059, 0.0 ], [ 110.828940258564899, -6.951784528811454, 0.0 ], [ 110.828911117274103, -6.952647443747986, 0.0 ], [ 110.828735004823201, -6.953050584466196, 0.0 ], [ 110.828990091260593, -6.95354930661786, 0.0 ], [ 110.829020754895197, -6.954834945421165, 0.0 ], [ 110.828871967250294, -6.955774347021042, 0.0 ], [ 110.829308885729205, -6.957260692415256, 0.0 ], [ 110.829550200905203, -6.958036628850254, 0.0 ], [ 110.829531879651597, -6.958254218111351, 0.0 ], [ 110.829567736191706, -6.95838442656872, 0.0 ], [ 110.829243841108607, -6.958464165905581, 0.0 ], [ 110.828929686028204, -6.958498144822926, 0.0 ], [ 110.828851450574703, -6.958422275702643, 0.0 ], [ 110.828801117322101, -6.958422181219898, 0.0 ], [ 110.8284686856598, -6.958458496102264, 0.0 ], [ 110.828086838957901, -6.958307069374582, 0.0 ], [ 110.827910686586605, -6.958244819314029, 0.0 ], [ 110.827879596346904, -6.958224620400499, 0.0 ], [ 110.827845807725495, -6.958224346272337, 0.0 ], [ 110.827529662636294, -6.958093846391901, 0.0 ], [ 110.827165222843405, -6.958155924138919, 0.0 ], [ 110.826856900078894, -6.9583279299211, 0.0 ], [ 110.826840163097003, -6.958327579057078, 0.0 ], [ 110.826510543650002, -6.958364804698508, 0.0 ], [ 110.826357879322899, -6.958404203594519, 0.0 ], [ 110.825956457963002, -6.958430697247098, 0.0 ], [ 110.825948107720507, -6.958430492756449, 0.0 ], [ 110.825325771318106, -6.958638221476583, 0.0 ], [ 110.825188758709999, -6.958483113704244, 0.0 ], [ 110.824899917141394, -6.958539110754809, 0.0 ], [ 110.824711081877197, -6.958716348745622, 0.0 ], [ 110.824452397725807, -6.958763482491709, 0.0 ], [ 110.824444234097598, -6.958763511083325, 0.0 ], [ 110.823968951450894, -6.958601475729227, 0.0 ], [ 110.823451866059301, -6.958437986824256, 0.0 ], [ 110.823435436119894, -6.958438362915407, 0.0 ], [ 110.823283430488502, -6.95836928643043, 0.0 ], [ 110.823114700913806, -6.958578461359488, 0.0 ], [ 110.823202371105396, -6.958782233793332, 0.0 ], [ 110.823077425772794, -6.959431316400462, 0.0 ], [ 110.822989607960693, -6.959835418399017, 0.0 ], [ 110.822976218406296, -6.960144257505634, 0.0 ], [ 110.8226684885948, -6.960239170710613, 0.0 ], [ 110.822434386265002, -6.960453363890299, 0.0 ], [ 110.822018759371502, -6.960589629782471, 0.0 ], [ 110.821961389479796, -6.960819071866439, 0.0 ], [ 110.821849706858799, -6.960962975829343, 0.0 ], [ 110.821618297650204, -6.961042139390272, 0.0 ], [ 110.821514601080494, -6.961229371951604, 0.0 ], [ 110.821674030430003, -6.961253082562957, 0.0 ], [ 110.821600689542294, -6.961485032335877, 0.0 ], [ 110.821390564662195, -6.961691665530099, 0.0 ], [ 110.821098159685704, -6.961978312388383, 0.0 ], [ 110.820865709133201, -6.962371831450452, 0.0 ], [ 110.820585744174707, -6.962591376620479, 0.0 ], [ 110.820388801869598, -6.962795310293406, 0.0 ], [ 110.820064373814603, -6.96275239421036, 0.0 ], [ 110.820293366851502, -6.962519673025753, 0.0 ], [ 110.820195864321605, -6.962404653331774, 0.0 ], [ 110.819875278735296, -6.962555790522014, 0.0 ], [ 110.819644813326605, -6.962594740054479, 0.0 ], [ 110.819500140437299, -6.962443983700831, 0.0 ], [ 110.819259067118907, -6.962380935463533, 0.0 ], [ 110.819241656107394, -6.962370448518799, 0.0 ], [ 110.818622145315402, -6.962370302520441, 0.0 ], [ 110.818531550589796, -6.962591499300878, 0.0 ], [ 110.818568395499199, -6.962797350469163, 0.0 ], [ 110.818902374691703, -6.96295831996485, 0.0 ], [ 110.819150777443298, -6.962913255364871, 0.0 ], [ 110.819247813325504, -6.962736994105558, 0.0 ], [ 110.819261811449493, -6.962556059941098, 0.0 ], [ 110.819311917028699, -6.962475108615735, 0.0 ], [ 110.819297830631797, -6.96269783479362, 0.0 ], [ 110.819349776366707, -6.962825702447169, 0.0 ], [ 110.819517306058401, -6.962883641909763, 0.0 ], [ 110.819542258841807, -6.962963543284189, 0.0 ], [ 110.819517355553899, -6.963069384019994, 0.0 ], [ 110.819162490289202, -6.963066732897163, 0.0 ], [ 110.819065824852501, -6.96344432745894, 0.0 ], [ 110.819018367803494, -6.963720444737229, 0.0 ], [ 110.818952791110604, -6.963875643093941, 0.0 ], [ 110.818550225304094, -6.963978491166908, 0.0 ], [ 110.818527820615898, -6.963994971649553, 0.0 ], [ 110.817905371431195, -6.964229491807144, 0.0 ], [ 110.817897688260004, -6.964229435065297, 0.0 ], [ 110.816941607647095, -6.96461099373363, 0.0 ], [ 110.8167027992382, -6.96461029199237, 0.0 ], [ 110.816434275733201, -6.96460950202515, 0.0 ], [ 110.816436374107795, -6.964311976409705, 0.0 ], [ 110.816448040891899, -6.964255637894086, 0.0 ], [ 110.816589195972696, -6.963943264710484, 0.0 ], [ 110.816906771508897, -6.963501428206875, 0.0 ], [ 110.817013369980401, -6.963209005696458, 0.0 ], [ 110.816826970665304, -6.962718054788214, 0.0 ], [ 110.816544468655195, -6.962621764272289, 0.0 ], [ 110.816129049136293, -6.962683434651185, 0.0 ], [ 110.815817397140904, -6.962943425606726, 0.0 ], [ 110.8155410108442, -6.963358619320271, 0.0 ], [ 110.815502982016397, -6.963830422141879, 0.0 ], [ 110.815415050314897, -6.964164639343842, 0.0 ], [ 110.815582294272801, -6.964411012284519, 0.0 ], [ 110.815798910952793, -6.964579938877807, 0.0 ], [ 110.815751934833798, -6.964753032936398, 0.0 ], [ 110.815753983480803, -6.964908679034163, 0.0 ], [ 110.814796312534597, -6.965213360161339, 0.0 ], [ 110.814264581187601, -6.965290203871255, 0.0 ], [ 110.814294041418407, -6.965071279336572, 0.0 ], [ 110.814769792827704, -6.964996118283133, 0.0 ], [ 110.814940502899205, -6.964348666019037, 0.0 ], [ 110.815035985560996, -6.963978351045079, 0.0 ], [ 110.815166758556401, -6.963482269660044, 0.0 ], [ 110.815279388631296, -6.963114993133418, 0.0 ], [ 110.815289397046101, -6.963092663376144, 0.0 ], [ 110.815396209607798, -6.96277344805631, 0.0 ], [ 110.815399339044404, -6.962716123230804, 0.0 ], [ 110.815436217087594, -6.962542744618447, 0.0 ], [ 110.815087588985307, -6.962553696967946, 0.0 ], [ 110.814735248691903, -6.96281581371426, 0.0 ], [ 110.814275549219403, -6.962847248825326, 0.0 ], [ 110.814136335442399, -6.962600769948417, 0.0 ], [ 110.814081062062897, -6.962577087962555, 0.0 ], [ 110.813715524603694, -6.962593315380362, 0.0 ], [ 110.813706376040003, -6.962593196158402, 0.0 ], [ 110.813048805256301, -6.962831022941778, 0.0 ], [ 110.812605122291401, -6.963001349414934, 0.0 ], [ 110.812519707942897, -6.963435690386588, 0.0 ], [ 110.812327563333596, -6.964293113613961, 0.0 ], [ 110.812244618337601, -6.964789412157439, 0.0 ], [ 110.812009936301493, -6.965370690530799, 0.0 ], [ 110.8119404092906, -6.965553734994545, 0.0 ], [ 110.811869497249106, -6.965715911611037, 0.0 ], [ 110.811651887561894, -6.965655573606229, 0.0 ], [ 110.811297097576897, -6.965613814619087, 0.0 ], [ 110.810939755388901, -6.96555792757615, 0.0 ], [ 110.810780003060501, -6.965538724925659, 0.0 ], [ 110.8105869438714, -6.965710702833583, 0.0 ], [ 110.810484039075902, -6.965788152036322, 0.0 ], [ 110.810333509910194, -6.965742977914639, 0.0 ] ] ] ] } },
{ "type": "Feature", "properties": { "Name": "ROGOMULYO", "VILLAGES": "Rogomulyo", "CC_4": "3318020014", "SUB_DIST": "Kayen", "DISTRICT": "Pati", "GID_4": "IDN.10.21.10.11_1", "AREA_HA": 139 }, "geometry": { "type": "MultiPolygon", "coordinates": [ [ [ [ 110.997230949434794, -6.870701750524941, 0.0 ], [ 110.996781136196105, -6.87052317452505, 0.0 ], [ 110.996731521874395, -6.870674578455057, 0.0 ], [ 110.996932289458798, -6.870792471011886, 0.0 ], [ 110.996928411325598, -6.870854469210094, 0.0 ], [ 110.996788162329196, -6.870869628080713, 0.0 ], [ 110.9967679288592, -6.871001528938681, 0.0 ], [ 110.996579769135593, -6.870956038074752, 0.0 ], [ 110.996431716197407, -6.871338618494561, 0.0 ], [ 110.996112457503003, -6.871205056781403, 0.0 ], [ 110.996025447691096, -6.871395059530375, 0.0 ], [ 110.995965032376304, -6.87193341304843, 0.0 ], [ 110.995897740222105, -6.872030970313676, 0.0 ], [ 110.995502166661694, -6.872646608981836, 0.0 ], [ 110.995403223903295, -6.872846450905254, 0.0 ], [ 110.995240303582193, -6.87310791504104, 0.0 ], [ 110.995054387809404, -6.873420843908669, 0.0 ], [ 110.9948956325062, -6.873761163704835, 0.0 ], [ 110.994681360884002, -6.874128926568912, 0.0 ], [ 110.994578062451197, -6.874403120180848, 0.0 ], [ 110.994546024249104, -6.87478844784069, 0.0 ], [ 110.994559685304296, -6.875106788343729, 0.0 ], [ 110.994817729393901, -6.875256475770909, 0.0 ], [ 110.994892435873595, -6.87525600354412, 0.0 ], [ 110.995017009033504, -6.875255321249237, 0.0 ], [ 110.995343539323102, -6.875336698097417, 0.0 ], [ 110.995624202923906, -6.875391375380966, 0.0 ], [ 110.995907838417097, -6.875462483543552, 0.0 ], [ 110.995960016784593, -6.875429173141406, 0.0 ], [ 110.996068436768994, -6.87538928823675, 0.0 ], [ 110.996191922256102, -6.875322266811279, 0.0 ], [ 110.996435028213199, -6.875355226365985, 0.0 ], [ 110.996560000028097, -6.875394227498811, 0.0 ], [ 110.996728212232995, -6.875466560718154, 0.0 ], [ 110.9968377754454, -6.875426499506247, 0.0 ], [ 110.996836075692698, -6.875326594344733, 0.0 ], [ 110.996881155702496, -6.874982569123663, 0.0 ], [ 110.997225547495006, -6.874931212126734, 0.0 ], [ 110.997192407440295, -6.875037808135359, 0.0 ], [ 110.997192347510193, -6.875044847673681, 0.0 ], [ 110.997196875712902, -6.875203956615919, 0.0 ], [ 110.9971771473503, -6.875299329541434, 0.0 ], [ 110.997231913523805, -6.875373940882071, 0.0 ], [ 110.997413255301495, -6.875287570444231, 0.0 ], [ 110.997442554910904, -6.875143642396186, 0.0 ], [ 110.997688971509703, -6.875110495402589, 0.0 ], [ 110.997643497197402, -6.874862909516455, 0.0 ], [ 110.9976718324926, -6.874529539238579, 0.0 ], [ 110.997827658510801, -6.874561459850865, 0.0 ], [ 110.997889325905305, -6.874725981065414, 0.0 ], [ 110.997994066004495, -6.874711333501949, 0.0 ], [ 110.998022206237806, -6.874592187230491, 0.0 ], [ 110.998098394516504, -6.874622256511234, 0.0 ], [ 110.998364297694494, -6.874704857285927, 0.0 ], [ 110.998506147411206, -6.87477124533549, 0.0 ], [ 110.998574420359304, -6.874821557065327, 0.0 ], [ 110.998523047008305, -6.875047663858078, 0.0 ], [ 110.998685074649202, -6.875062850658111, 0.0 ], [ 110.998748528920302, -6.875180689161659, 0.0 ], [ 110.998905159640799, -6.875238901636672, 0.0 ], [ 110.999072328636203, -6.875167084210714, 0.0 ], [ 110.999179558840893, -6.875211584096314, 0.0 ], [ 110.999563319085198, -6.875283470418842, 0.0 ], [ 110.999573764132506, -6.875168976081532, 0.0 ], [ 110.999616970536906, -6.87505802655049, 0.0 ], [ 110.999753693250497, -6.875189843110124, 0.0 ], [ 110.999848062986402, -6.875117033132613, 0.0 ], [ 110.999914324043601, -6.87519757271729, 0.0 ], [ 111.000020350721002, -6.875334931587433, 0.0 ], [ 111.000230576770306, -6.875335355366841, 0.0 ], [ 111.000222598522797, -6.875427088168276, 0.0 ], [ 111.000268266239104, -6.875620110633325, 0.0 ], [ 111.000338361755496, -6.875728805002765, 0.0 ], [ 111.000661584248903, -6.875762604484783, 0.0 ], [ 111.000926935654604, -6.875802491370493, 0.0 ], [ 111.001172700112804, -6.875875112461366, 0.0 ], [ 111.001329915489293, -6.875497837619529, 0.0 ], [ 111.001441384572104, -6.875539889900302, 0.0 ], [ 111.001297238675093, -6.875927838379987, 0.0 ], [ 111.001677714574996, -6.876017936353216, 0.0 ], [ 111.001667253748906, -6.876144678851169, 0.0 ], [ 111.001792862059901, -6.876194845347539, 0.0 ], [ 111.001834453669204, -6.876250365094763, 0.0 ], [ 111.002011371096103, -6.876299390356724, 0.0 ], [ 111.002198847601093, -6.876341678371758, 0.0 ], [ 111.0023578025598, -6.876335720348932, 0.0 ], [ 111.002465625756699, -6.876299142132765, 0.0 ], [ 111.002575073479306, -6.87615081386153, 0.0 ], [ 111.002672168905306, -6.876213167810132, 0.0 ], [ 111.002602794669997, -6.876366013348038, 0.0 ], [ 111.002720125301593, -6.876443897146531, 0.0 ], [ 111.002918899522101, -6.876437728520084, 0.0 ], [ 111.002954290265507, -6.876371760474133, 0.0 ], [ 111.003027606520206, -6.87603796883768, 0.0 ], [ 111.003154436639804, -6.876037406367585, 0.0 ], [ 111.003212377705694, -6.876112915659579, 0.0 ], [ 111.003311681835498, -6.876181848477285, 0.0 ], [ 111.003359648571504, -6.876131870930295, 0.0 ], [ 111.003418500487598, -6.875763209286485, 0.0 ], [ 111.003501091914998, -6.875789929192202, 0.0 ], [ 111.003467162113097, -6.876132011776516, 0.0 ], [ 111.003428280759906, -6.87624405164884, 0.0 ], [ 111.003389988808095, -6.876444067480507, 0.0 ], [ 111.003653967272399, -6.876524213147676, 0.0 ], [ 111.003608231995301, -6.87705539146147, 0.0 ], [ 111.003546124966903, -6.877182925582177, 0.0 ], [ 111.003276452458095, -6.877685560821057, 0.0 ], [ 111.003158882311496, -6.877896277703578, 0.0 ], [ 111.003183691949403, -6.877562458523166, 0.0 ], [ 111.003060843909907, -6.877485047211414, 0.0 ], [ 111.002495959972606, -6.877290687390568, 0.0 ], [ 111.002495128441794, -6.877051427540867, 0.0 ], [ 111.002028814138697, -6.877023932440919, 0.0 ], [ 111.002042182737597, -6.876924683717252, 0.0 ], [ 111.001939502525801, -6.876865860881557, 0.0 ], [ 111.001926498158198, -6.876782111828647, 0.0 ], [ 111.001935345238607, -6.87666051440458, 0.0 ], [ 111.002071646350103, -6.876660020254962, 0.0 ], [ 111.002287415532706, -6.876641303099338, 0.0 ], [ 111.002310047615495, -6.876529496190465, 0.0 ], [ 111.002161427951904, -6.876479333428756, 0.0 ], [ 111.002020287730105, -6.876358317136237, 0.0 ], [ 111.001708524201106, -6.876261206391005, 0.0 ], [ 111.001663024865294, -6.876352633516146, 0.0 ], [ 111.001502643956201, -6.876313603662831, 0.0 ], [ 111.001340398492403, -6.87637214536978, 0.0 ], [ 111.001266097139407, -6.876684578391811, 0.0 ], [ 111.001308668592003, -6.876835716611684, 0.0 ], [ 111.001352542720895, -6.876953472385956, 0.0 ], [ 111.001517272529995, -6.876977564356711, 0.0 ], [ 111.0014784880279, -6.877165737788484, 0.0 ], [ 111.000821228534605, -6.877066873310869, 0.0 ], [ 111.000132815280793, -6.876988974866793, 0.0 ], [ 110.9993258716529, -6.876869702256178, 0.0 ], [ 110.998395741549501, -6.876765673378822, 0.0 ], [ 110.997130131205907, -6.876562316609247, 0.0 ], [ 110.996602134026901, -6.87652897928078, 0.0 ], [ 110.996017028700194, -6.876451652022965, 0.0 ], [ 110.995617628658806, -6.876389273140401, 0.0 ], [ 110.9956295252708, -6.876222884548004, 0.0 ], [ 110.995736980328701, -6.876146567605557, 0.0 ], [ 110.995777179125398, -6.876039221251138, 0.0 ], [ 110.995790795555806, -6.875881353387891, 0.0 ], [ 110.995871275368899, -6.875718284226637, 0.0 ], [ 110.995882128070804, -6.875524913282688, 0.0 ], [ 110.995526260807495, -6.875415520506327, 0.0 ], [ 110.995244193623805, -6.87532478235856, 0.0 ], [ 110.995054745153595, -6.87536375292766, 0.0 ], [ 110.994817749707394, -6.875345611929163, 0.0 ], [ 110.994665152018896, -6.87523615709829, 0.0 ], [ 110.994569405121695, -6.875203360536689, 0.0 ], [ 110.994504828509207, -6.875694515950149, 0.0 ], [ 110.994330613812707, -6.876306876888579, 0.0 ], [ 110.994241391005204, -6.876291783621287, 0.0 ], [ 110.993302644216897, -6.87624601781363, 0.0 ], [ 110.993153665696894, -6.876557876555981, 0.0 ], [ 110.991741214357802, -6.876071322762106, 0.0 ], [ 110.991759304542995, -6.875924511833433, 0.0 ], [ 110.991840540455797, -6.875338992970809, 0.0 ], [ 110.991823494608994, -6.8746767121833, 0.0 ], [ 110.991756959292204, -6.874540427723926, 0.0 ], [ 110.991267342634899, -6.874440157064474, 0.0 ], [ 110.990674270901494, -6.874369345857907, 0.0 ], [ 110.989173414921893, -6.874158471787982, 0.0 ], [ 110.988622073657893, -6.874093062815822, 0.0 ], [ 110.987495655692499, -6.873920673700789, 0.0 ], [ 110.987054832715003, -6.87387606142059, 0.0 ], [ 110.987364660267602, -6.873460897363171, 0.0 ], [ 110.987333076271, -6.873085660330525, 0.0 ], [ 110.987890139406304, -6.873190622381435, 0.0 ], [ 110.988588571326204, -6.873240072536242, 0.0 ], [ 110.988626604655394, -6.872995387006256, 0.0 ], [ 110.988375328408793, -6.872933914697872, 0.0 ], [ 110.988417931757397, -6.872710141766134, 0.0 ], [ 110.988501705054802, -6.872709144129778, 0.0 ], [ 110.988803609767601, -6.872687682207994, 0.0 ], [ 110.989368640403896, -6.872784647968309, 0.0 ], [ 110.989400478278995, -6.872696267940223, 0.0 ], [ 110.989520655421003, -6.872696328103722, 0.0 ], [ 110.989801691945104, -6.872752131410065, 0.0 ], [ 110.990121694382907, -6.872707634565296, 0.0 ], [ 110.990375402421293, -6.872634299677593, 0.0 ], [ 110.990674369714299, -6.872621983118217, 0.0 ], [ 110.991291246904694, -6.872675134720938, 0.0 ], [ 110.991839576233701, -6.872730329245261, 0.0 ], [ 110.991883394022494, -6.872482790566928, 0.0 ], [ 110.991989464930995, -6.87245542746482, 0.0 ], [ 110.992430605601598, -6.872677309241127, 0.0 ], [ 110.992909105697393, -6.873017008830212, 0.0 ], [ 110.992912260397205, -6.873417816347176, 0.0 ], [ 110.992786605947202, -6.874114733730905, 0.0 ], [ 110.992893103938599, -6.874196344102526, 0.0 ], [ 110.992976416199994, -6.874310603211297, 0.0 ], [ 110.993042465020594, -6.874493200172992, 0.0 ], [ 110.993121358183203, -6.874595956918259, 0.0 ], [ 110.993517014655495, -6.874657983637727, 0.0 ], [ 110.9940100812167, -6.874738245030169, 0.0 ], [ 110.994474153684607, -6.874808744956009, 0.0 ], [ 110.994482634568797, -6.874510153977706, 0.0 ], [ 110.994546947472401, -6.874224982200366, 0.0 ], [ 110.994665590293494, -6.874025225563756, 0.0 ], [ 110.994741793668098, -6.873790473969447, 0.0 ], [ 110.995046401277804, -6.87328250043538, 0.0 ], [ 110.995146391796794, -6.873040764678745, 0.0 ], [ 110.9952662143575, -6.872852890512511, 0.0 ], [ 110.995547634814201, -6.872415716469668, 0.0 ], [ 110.995821708547496, -6.871946219309149, 0.0 ], [ 110.995715572952506, -6.871941680962662, 0.0 ], [ 110.995279863974602, -6.871854135319011, 0.0 ], [ 110.994390135136399, -6.871648447369266, 0.0 ], [ 110.992802869325004, -6.871418346508814, 0.0 ], [ 110.992315109097007, -6.871306871745301, 0.0 ], [ 110.991645990367502, -6.871145070826574, 0.0 ], [ 110.990479390008502, -6.87098015361639, 0.0 ], [ 110.989689599075504, -6.870910568494327, 0.0 ], [ 110.989316020478498, -6.870870167509636, 0.0 ], [ 110.989273495004696, -6.871006274401529, 0.0 ], [ 110.989173022970704, -6.871025672282309, 0.0 ], [ 110.988797344608102, -6.870978901958885, 0.0 ], [ 110.988805988408501, -6.870765293331804, 0.0 ], [ 110.988828138782793, -6.870371656515121, 0.0 ], [ 110.988907062418093, -6.869703645070395, 0.0 ], [ 110.988994697860605, -6.869399255984209, 0.0 ], [ 110.989120795667404, -6.868124611492822, 0.0 ], [ 110.988857860635903, -6.867674878156001, 0.0 ], [ 110.9888633498921, -6.86737471168047, 0.0 ], [ 110.9889530759297, -6.866969500370677, 0.0 ], [ 110.989131383646793, -6.86695931715176, 0.0 ], [ 110.989146922747807, -6.866831959335069, 0.0 ], [ 110.989469316387002, -6.866860970749336, 0.0 ], [ 110.989454590942501, -6.866772478601487, 0.0 ], [ 110.989785677355698, -6.866729830131896, 0.0 ], [ 110.989816339503307, -6.866673631818116, 0.0 ], [ 110.990216618142, -6.866752649169524, 0.0 ], [ 110.990228455364999, -6.866829029710386, 0.0 ], [ 110.990278716046305, -6.866978630414485, 0.0 ], [ 110.990359811646698, -6.867015253408304, 0.0 ], [ 110.990381095284405, -6.867143742604592, 0.0 ], [ 110.990928876588299, -6.867166924976285, 0.0 ], [ 110.990971184544406, -6.867034077246908, 0.0 ], [ 110.991072748735505, -6.867031905314257, 0.0 ], [ 110.991227108378695, -6.867009962532342, 0.0 ], [ 110.991585340486097, -6.86708913352055, 0.0 ], [ 110.991826127881694, -6.8671172190165, 0.0 ], [ 110.991938006327004, -6.86715151572099, 0.0 ], [ 110.992053321534399, -6.867287796387567, 0.0 ], [ 110.9921953203161, -6.867275706492635, 0.0 ], [ 110.992350220156993, -6.867205644549399, 0.0 ], [ 110.992469817945803, -6.86714348873841, 0.0 ], [ 110.993066689616995, -6.867223639087954, 0.0 ], [ 110.993006067462105, -6.867446788937986, 0.0 ], [ 110.993255531516098, -6.867512161209874, 0.0 ], [ 110.993292420731805, -6.867597633479957, 0.0 ], [ 110.993430192256795, -6.867592990139526, 0.0 ], [ 110.993455381413796, -6.86767153294286, 0.0 ], [ 110.993856250386202, -6.867774379201368, 0.0 ], [ 110.993916844359404, -6.867655870913357, 0.0 ], [ 110.9941857763055, -6.867682431364349, 0.0 ], [ 110.994494167175503, -6.867851242238094, 0.0 ], [ 110.994613169210496, -6.867806320241602, 0.0 ], [ 110.994854402296895, -6.867859160453319, 0.0 ], [ 110.994923377205694, -6.867570748661999, 0.0 ], [ 110.995004455908401, -6.867568557349625, 0.0 ], [ 110.995275963781395, -6.867639187401922, 0.0 ], [ 110.995494969011602, -6.867769184336133, 0.0 ], [ 110.995493217814996, -6.867899655302641, 0.0 ], [ 110.995603484070699, -6.867907668385974, 0.0 ], [ 110.9956595801916, -6.867778242866949, 0.0 ], [ 110.995757393758296, -6.867868798865773, 0.0 ], [ 110.995937592770105, -6.868049214610334, 0.0 ], [ 110.995920062536101, -6.868181684981591, 0.0 ], [ 110.996031942430903, -6.868190249990635, 0.0 ], [ 110.995999541264894, -6.868305115515144, 0.0 ], [ 110.995997127908396, -6.868512411889696, 0.0 ], [ 110.996647722608301, -6.868794174772428, 0.0 ], [ 110.9967093038169, -6.868640448760295, 0.0 ], [ 110.9967859868961, -6.868336162890914, 0.0 ], [ 110.996850870237296, -6.868107981184406, 0.0 ], [ 110.996924751933605, -6.867714424516937, 0.0 ], [ 110.996881768605505, -6.867684748553583, 0.0 ], [ 110.996718996466896, -6.867624831551506, 0.0 ], [ 110.996424238340495, -6.867472656871004, 0.0 ], [ 110.996316590590794, -6.867336275812557, 0.0 ], [ 110.996262201531295, -6.866981716067173, 0.0 ], [ 110.996068276414505, -6.866862346752702, 0.0 ], [ 110.995701926671202, -6.866645879361811, 0.0 ], [ 110.995545349458794, -6.866455922316633, 0.0 ], [ 110.995697547345998, -6.866092343307014, 0.0 ], [ 110.995905588957299, -6.865627658517388, 0.0 ], [ 110.995890520900502, -6.865540060959392, 0.0 ], [ 110.995133533581907, -6.865374140280362, 0.0 ], [ 110.994693086560702, -6.865219726443011, 0.0 ], [ 110.994648985209807, -6.865309902523592, 0.0 ], [ 110.994286167133396, -6.865223999588668, 0.0 ], [ 110.993479364872101, -6.864902659063366, 0.0 ], [ 110.9935535708141, -6.864692295326072, 0.0 ], [ 110.993516676838198, -6.864625063315753, 0.0 ], [ 110.992925111938803, -6.864350138719558, 0.0 ], [ 110.992838649481797, -6.864207492961675, 0.0 ], [ 110.992790261801503, -6.863946690585486, 0.0 ], [ 110.992760769186603, -6.863500623197433, 0.0 ], [ 110.992678153788901, -6.863180619622453, 0.0 ], [ 110.9925547728959, -6.863167059301998, 0.0 ], [ 110.992224813311495, -6.863113447451012, 0.0 ], [ 110.992012164584395, -6.863099586593768, 0.0 ], [ 110.992016768978104, -6.862820627242075, 0.0 ], [ 110.991874456111304, -6.862810450404764, 0.0 ], [ 110.991786781792996, -6.86358019487738, 0.0 ], [ 110.991477420988005, -6.863554310864968, 0.0 ], [ 110.991578248350805, -6.863278734927158, 0.0 ], [ 110.991809027768795, -6.862778512377868, 0.0 ], [ 110.991986000406897, -6.862482901102812, 0.0 ], [ 110.992208715562001, -6.862313770003516, 0.0 ], [ 110.992525106851204, -6.862192198509166, 0.0 ], [ 110.992802293925706, -6.862199735821226, 0.0 ], [ 110.993244137104298, -6.862198000546699, 0.0 ], [ 110.994936209526998, -6.862360767543913, 0.0 ], [ 110.995893851190601, -6.862440448254169, 0.0 ], [ 110.997049487674005, -6.862550750119706, 0.0 ], [ 110.997698230005994, -6.86262693303483, 0.0 ], [ 110.998259858418507, -6.862680527667528, 0.0 ], [ 110.998821886890696, -6.862673959738433, 0.0 ], [ 110.998870852312294, -6.863006170278375, 0.0 ], [ 110.999234747034393, -6.863145048501825, 0.0 ], [ 110.9995851220757, -6.863166602489892, 0.0 ], [ 110.999898302362297, -6.863168234124541, 0.0 ], [ 111.000210785996899, -6.863295183505197, 0.0 ], [ 111.000780378265901, -6.863439126585642, 0.0 ], [ 111.000694253255105, -6.86348296780965, 0.0 ], [ 111.000205952611395, -6.863466153605132, 0.0 ], [ 111.000156263137598, -6.863705019628072, 0.0 ], [ 111.000050559030697, -6.863730118811104, 0.0 ], [ 111.000031968928795, -6.864078248176892, 0.0 ], [ 111.000019004090106, -6.864276662772648, 0.0 ], [ 110.999998771661495, -6.86454844601686, 0.0 ], [ 111.000016149723294, -6.864625973559302, 0.0 ], [ 110.999962462699898, -6.864801049098386, 0.0 ], [ 110.999929635268302, -6.864934059003578, 0.0 ], [ 110.999819448922494, -6.864923708498385, 0.0 ], [ 110.9996982377954, -6.865303299976879, 0.0 ], [ 110.999940427046099, -6.865449060838465, 0.0 ], [ 110.999787376365504, -6.865740074612081, 0.0 ], [ 110.999521016299497, -6.865631052388539, 0.0 ], [ 110.999561102986902, -6.865826134818564, 0.0 ], [ 110.999699501991699, -6.865901917666489, 0.0 ], [ 110.999580235767795, -6.866233785271971, 0.0 ], [ 110.9993347906438, -6.866155012550928, 0.0 ], [ 110.999279578117594, -6.866520427157241, 0.0 ], [ 110.999235138107693, -6.86669000700842, 0.0 ], [ 110.999354807935006, -6.86672494921079, 0.0 ], [ 110.999488137019299, -6.866747476424555, 0.0 ], [ 110.999533612819405, -6.866616235631168, 0.0 ], [ 110.999587868988797, -6.866505364077055, 0.0 ], [ 111.000177619076993, -6.866685489451926, 0.0 ], [ 111.000222298477297, -6.866524758605057, 0.0 ], [ 110.9996912334787, -6.866348856367906, 0.0 ], [ 110.999692554489101, -6.866302230558025, 0.0 ], [ 110.999917914362001, -6.866319932994521, 0.0 ], [ 110.999900724674404, -6.866203795699112, 0.0 ], [ 110.999884556415694, -6.866133326994179, 0.0 ], [ 110.999772107778298, -6.866048120985052, 0.0 ], [ 110.999819848605995, -6.865962314291656, 0.0 ], [ 110.999986847178405, -6.866025751821436, 0.0 ], [ 110.999997365346104, -6.865716236786877, 0.0 ], [ 110.999957828807197, -6.865676587008491, 0.0 ], [ 110.999989154977101, -6.865575915959507, 0.0 ], [ 111.000102064766907, -6.865324724744703, 0.0 ], [ 111.000142511030802, -6.865263663838262, 0.0 ], [ 111.000261343553504, -6.86496692278544, 0.0 ], [ 111.000359468179497, -6.864769193867219, 0.0 ], [ 111.000534695417002, -6.864352479057578, 0.0 ], [ 111.000702531468207, -6.863905867858387, 0.0 ], [ 111.001002973669699, -6.864063566196048, 0.0 ], [ 111.001063578592905, -6.863995915920369, 0.0 ], [ 111.001160312148301, -6.863917213966956, 0.0 ], [ 111.001343199668, -6.863830215562773, 0.0 ], [ 111.001494858950196, -6.863813701665717, 0.0 ], [ 111.001730089353899, -6.863819163417239, 0.0 ], [ 111.001900105489099, -6.863856808244855, 0.0 ], [ 111.001850048997497, -6.863559855085802, 0.0 ], [ 111.002604949489196, -6.863978786900736, 0.0 ], [ 111.003057728932703, -6.864399902835819, 0.0 ], [ 111.002802410340394, -6.865263237921124, 0.0 ], [ 111.002793884400901, -6.865258293097178, 0.0 ], [ 111.003005637170105, -6.865750038926318, 0.0 ], [ 111.003369536541001, -6.866283702160312, 0.0 ], [ 111.002986560117506, -6.8670112104722, 0.0 ], [ 111.003263637840703, -6.867763737184214, 0.0 ], [ 111.003892644335906, -6.86802798246175, 0.0 ], [ 111.004010603770396, -6.868080515033389, 0.0 ], [ 111.004002041993999, -6.868356429397902, 0.0 ], [ 111.00397429729, -6.868601147941477, 0.0 ], [ 111.0038899882735, -6.869257674442595, 0.0 ], [ 111.003685405127698, -6.870765554748687, 0.0 ], [ 111.0035839305515, -6.871096973582347, 0.0 ], [ 111.003378970397094, -6.871753753027615, 0.0 ], [ 111.003242496702001, -6.872222144482189, 0.0 ], [ 111.003186763345596, -6.872335136498449, 0.0 ], [ 111.003118965858306, -6.872454263632935, 0.0 ], [ 111.003046192328597, -6.872529698496229, 0.0 ], [ 111.003037429796606, -6.872617152052313, 0.0 ], [ 111.002941253596902, -6.872612880151212, 0.0 ], [ 111.002795702970602, -6.872548540527477, 0.0 ], [ 111.002822898493207, -6.872383984720749, 0.0 ], [ 111.002702804591294, -6.87235492972958, 0.0 ], [ 111.002564877850105, -6.872639716568955, 0.0 ], [ 111.0023063168086, -6.872539392602775, 0.0 ], [ 111.002059391310098, -6.872493587282121, 0.0 ], [ 111.002071027943003, -6.872393960207518, 0.0 ], [ 111.001917104582404, -6.872364266338285, 0.0 ], [ 111.001890243523704, -6.872426993908241, 0.0 ], [ 111.001805052571697, -6.872553735972906, 0.0 ], [ 111.001575161203803, -6.872534216064013, 0.0 ], [ 111.001398800875705, -6.872464104350846, 0.0 ], [ 111.001172290942094, -6.872407537891769, 0.0 ], [ 111.001179288190002, -6.872121390980779, 0.0 ], [ 111.001042654647193, -6.87207585947104, 0.0 ], [ 111.001013596754305, -6.87229232612961, 0.0 ], [ 111.000805140568701, -6.87225128963376, 0.0 ], [ 111.000875236307905, -6.872049348067609, 0.0 ], [ 111.000619412409804, -6.871965857676659, 0.0 ], [ 111.000577636210195, -6.872090143073675, 0.0 ], [ 111.000411249060903, -6.872084785438195, 0.0 ], [ 111.000404415010806, -6.872186281090397, 0.0 ], [ 111.000288999940295, -6.872195548777924, 0.0 ], [ 111.000296592547599, -6.871719849335023, 0.0 ], [ 110.999997222264795, -6.871723299576544, 0.0 ], [ 110.999946024888004, -6.871690457292559, 0.0 ], [ 110.999898889717798, -6.871633465478878, 0.0 ], [ 110.999861698018293, -6.87149262642452, 0.0 ], [ 110.999802165838602, -6.871346718196809, 0.0 ], [ 110.999716587883796, -6.871180323253465, 0.0 ], [ 110.999694281525805, -6.871150270603932, 0.0 ], [ 110.999513990999603, -6.871040544629768, 0.0 ], [ 110.999433643070603, -6.870896654086474, 0.0 ], [ 110.999474187942994, -6.870747967612964, 0.0 ], [ 110.999643464603807, -6.870568702673227, 0.0 ], [ 110.999698295151404, -6.870359600669982, 0.0 ], [ 110.999708081871205, -6.870161794255264, 0.0 ], [ 110.999532040448699, -6.870088258548457, 0.0 ], [ 110.999360676613605, -6.870087830688719, 0.0 ], [ 110.999347706648507, -6.870017420251711, 0.0 ], [ 110.999365920635796, -6.869852353275304, 0.0 ], [ 110.999181135161507, -6.869785548939673, 0.0 ], [ 110.998280718744496, -6.86949745122265, 0.0 ], [ 110.998313241630598, -6.8693793151435, 0.0 ], [ 110.999184830455505, -6.869644971241549, 0.0 ], [ 110.999331387969406, -6.869671089911717, 0.0 ], [ 110.999404465749194, -6.86962382683304, 0.0 ], [ 110.999410020881101, -6.869553504910047, 0.0 ], [ 110.9994879673783, -6.869454815527131, 0.0 ], [ 110.999752373258403, -6.869274837861448, 0.0 ], [ 110.999831378371496, -6.869175261599716, 0.0 ], [ 110.999819142095603, -6.868989323493464, 0.0 ], [ 110.9996761533626, -6.868922481672728, 0.0 ], [ 110.999584673387403, -6.868878354613894, 0.0 ], [ 110.999197488160505, -6.86876316809849, 0.0 ], [ 110.998686997585807, -6.868594523849192, 0.0 ], [ 110.998715114395097, -6.868430859691497, 0.0 ], [ 110.998575770231497, -6.868352224980113, 0.0 ], [ 110.998512361610295, -6.868348017710393, 0.0 ], [ 110.998061805075494, -6.868161182483731, 0.0 ], [ 110.997786653762105, -6.867982113267781, 0.0 ], [ 110.997892492871898, -6.867636672564551, 0.0 ], [ 110.998502308821898, -6.867866825107021, 0.0 ], [ 110.998468000104495, -6.867986411898887, 0.0 ], [ 110.998652417108801, -6.868062294834378, 0.0 ], [ 110.998717041050895, -6.868012125868406, 0.0 ], [ 110.998753832535996, -6.868050114851833, 0.0 ], [ 110.998877021730394, -6.868066369392594, 0.0 ], [ 110.999011922696198, -6.867800722032236, 0.0 ], [ 110.999392143915998, -6.867901746105182, 0.0 ], [ 110.999547185732993, -6.86728488193478, 0.0 ], [ 110.999419164779496, -6.867229565253039, 0.0 ], [ 110.999289767561507, -6.867180362428158, 0.0 ], [ 110.9993374928234, -6.867053284680456, 0.0 ], [ 110.999401471091304, -6.867062300945379, 0.0 ], [ 110.999536371152104, -6.867115942436749, 0.0 ], [ 110.999574064084598, -6.867052259805217, 0.0 ], [ 110.9996298867365, -6.86684321391267, 0.0 ], [ 110.999509919342799, -6.866793515821649, 0.0 ], [ 110.999332012217806, -6.866756241654331, 0.0 ], [ 110.999147326392503, -6.866700041497693, 0.0 ], [ 110.999121765592307, -6.866724012341598, 0.0 ], [ 110.999087437150095, -6.866801074852325, 0.0 ], [ 110.999007166556893, -6.866794361139051, 0.0 ], [ 110.998330777909501, -6.866694002916424, 0.0 ], [ 110.997927586422094, -6.86692427216811, 0.0 ], [ 110.997912871911396, -6.867128655004771, 0.0 ], [ 110.997910958961498, -6.867411018305146, 0.0 ], [ 110.9979469617696, -6.867560979514646, 0.0 ], [ 110.997421529449198, -6.867713099304893, 0.0 ], [ 110.997310410841806, -6.867768725112792, 0.0 ], [ 110.997069594195395, -6.867712029304396, 0.0 ], [ 110.9970267627575, -6.867857254127546, 0.0 ], [ 110.996834191220898, -6.868665475981288, 0.0 ], [ 110.996860347293904, -6.868788160000933, 0.0 ], [ 110.997043211994097, -6.868905267751135, 0.0 ], [ 110.996976075074798, -6.869145863864556, 0.0 ], [ 110.997115796333006, -6.869162511399251, 0.0 ], [ 110.997292594017296, -6.869171918711942, 0.0 ], [ 110.997331918346106, -6.869111217879432, 0.0 ], [ 110.997533571213495, -6.869109879027154, 0.0 ], [ 110.997688863484996, -6.869092259590158, 0.0 ], [ 110.997566328971601, -6.869458410291569, 0.0 ], [ 110.997403389718201, -6.869496478165219, 0.0 ], [ 110.997390827238206, -6.869679443262917, 0.0 ], [ 110.997466684071398, -6.869692277571439, 0.0 ], [ 110.997403354484206, -6.869867653427468, 0.0 ], [ 110.997219824047903, -6.870383224611465, 0.0 ], [ 110.9972759801785, -6.870415498097078, 0.0 ], [ 110.9972853051936, -6.87042084587666, 0.0 ], [ 110.997504227961201, -6.870495397259718, 0.0 ], [ 110.997361504335601, -6.870645770730687, 0.0 ], [ 110.997264724928996, -6.870640100367786, 0.0 ], [ 110.997230949434794, -6.870701750524941, 0.0 ] ] ] ] } },
{ "type": "Feature", "properties": { "Name": "SAMBIREJO", "VILLAGES": "Sambirejo", "CC_4": "3318110013", "SUB_DIST": "Gabus", "DISTRICT": "Pati", "GID_4": "IDN.10.21.4.16_1", "AREA_HA": 90 }, "geometry": { "type": "MultiPolygon", "coordinates": [ [ [ [ 111.019279138317401, -6.821282189096451, 0.0 ], [ 111.020763220977003, -6.818141743325304, 0.0 ], [ 111.021492150568349, -6.816697018009114, 0.0 ], [ 111.024142442758304, -6.81790676810361, 0.0 ], [ 111.024116047471693, -6.818222109911075, 0.0 ], [ 111.024372491122307, -6.81831658804497, 0.0 ], [ 111.024627954429803, -6.818296297625887, 0.0 ], [ 111.0246603718562, -6.818397322909826, 0.0 ], [ 111.025013983514796, -6.818433290800294, 0.0 ], [ 111.025106951474299, -6.818075560119881, 0.0 ], [ 111.025268786156403, -6.818099029837168, 0.0 ], [ 111.025264939956102, -6.8182955803636, 0.0 ], [ 111.025416217478295, -6.818341650584346, 0.0 ], [ 111.025438251151002, -6.818600820884964, 0.0 ], [ 111.025359294483707, -6.818969744359208, 0.0 ], [ 111.025350354462603, -6.819324003984073, 0.0 ], [ 111.025272717078394, -6.819827623866268, 0.0 ], [ 111.025307044250297, -6.820203060748675, 0.0 ], [ 111.025882955042306, -6.82036644464854, 0.0 ], [ 111.025923137461106, -6.820276518374664, 0.0 ], [ 111.0259538768087, -6.819740667840715, 0.0 ], [ 111.026000804995206, -6.819334758028864, 0.0 ], [ 111.025987446754499, -6.818799528583699, 0.0 ], [ 111.026044270243901, -6.818304531513216, 0.0 ], [ 111.026067875809602, -6.817994942138351, 0.0 ], [ 111.026150843700705, -6.817728437477731, 0.0 ], [ 111.0262549866965, -6.817135504531611, 0.0 ], [ 111.026373286569694, -6.816171582267978, 0.0 ], [ 111.026457748144395, -6.815494838616263, 0.0 ], [ 111.026416842983807, -6.814914641859506, 0.0 ], [ 111.026164515328304, -6.814360023242316, 0.0 ], [ 111.025938914541499, -6.813919889834112, 0.0 ], [ 111.026052800928895, -6.813621837140476, 0.0 ], [ 111.0260039154998, -6.813472941730097, 0.0 ], [ 111.0258309028074, -6.813128406636863, 0.0 ], [ 111.025823500498703, -6.813117948870475, 0.0 ], [ 111.025379239333901, -6.812844909151603, 0.0 ], [ 111.025371424758603, -6.812834170272866, 0.0 ], [ 111.025081608293803, -6.81281320417832, 0.0 ], [ 111.0243107410313, -6.812833707701021, 0.0 ], [ 111.023676042489299, -6.812772369661515, 0.0 ], [ 111.023454132112207, -6.81274175710765, 0.0 ], [ 111.023683860412007, -6.812173177655652, 0.0 ], [ 111.024100847138797, -6.811421033430589, 0.0 ], [ 111.024103221384394, -6.811196225653155, 0.0 ], [ 111.024059005177506, -6.811148785042772, 0.0 ], [ 111.023902711828597, -6.811014389202648, 0.0 ], [ 111.023714175124795, -6.81088676769826, 0.0 ], [ 111.023622044659703, -6.810806640231921, 0.0 ], [ 111.023709544610298, -6.810495882776063, 0.0 ], [ 111.023898141210793, -6.809968733264227, 0.0 ], [ 111.024095188670202, -6.809876197268607, 0.0 ], [ 111.024505387225105, -6.810041382960225, 0.0 ], [ 111.024911679509003, -6.810104803693727, 0.0 ], [ 111.024890964374407, -6.810220363876513, 0.0 ], [ 111.024975964007993, -6.810215879723823, 0.0 ], [ 111.025513366332305, -6.810395703197571, 0.0 ], [ 111.025714450374707, -6.81009683065261, 0.0 ], [ 111.025769790601302, -6.809943954371079, 0.0 ], [ 111.0259966744851, -6.809697548085475, 0.0 ], [ 111.026518253676898, -6.809859922891713, 0.0 ], [ 111.026490085386797, -6.810311404087908, 0.0 ], [ 111.026475820070303, -6.810820874752118, 0.0 ], [ 111.026499620782104, -6.811378992457566, 0.0 ], [ 111.026582740059297, -6.811446338463424, 0.0 ], [ 111.027031767880004, -6.811555776582553, 0.0 ], [ 111.026993522472196, -6.811843804328852, 0.0 ], [ 111.026978169616498, -6.812383712026691, 0.0 ], [ 111.027000956222295, -6.812511106872635, 0.0 ], [ 111.026950937738803, -6.812616968944332, 0.0 ], [ 111.026764908328104, -6.812684396141526, 0.0 ], [ 111.026595261456194, -6.812636734865406, 0.0 ], [ 111.026322475128296, -6.812703893401311, 0.0 ], [ 111.026212598220894, -6.813507975237232, 0.0 ], [ 111.026152903788002, -6.813921482065908, 0.0 ], [ 111.026327105154095, -6.814027502775578, 0.0 ], [ 111.027500310286698, -6.814272786988117, 0.0 ], [ 111.027415191440099, -6.814594391151337, 0.0 ], [ 111.028143542939006, -6.814946216163704, 0.0 ], [ 111.028152110286896, -6.815510440897638, 0.0 ], [ 111.028496395163103, -6.815597034988367, 0.0 ], [ 111.028518987898593, -6.815952085544005, 0.0 ], [ 111.028472640666607, -6.816041627794323, 0.0 ], [ 111.028247704443999, -6.815944709987001, 0.0 ], [ 111.027996887060596, -6.815861602866148, 0.0 ], [ 111.027892668597005, -6.815621885275982, 0.0 ], [ 111.027465279121898, -6.815526649173731, 0.0 ], [ 111.027205234552994, -6.815598316166884, 0.0 ], [ 111.027021327094801, -6.815630433944999, 0.0 ], [ 111.026640070764699, -6.815534374196541, 0.0 ], [ 111.026572373891298, -6.815724753878555, 0.0 ], [ 111.026518581545602, -6.816049897401715, 0.0 ], [ 111.026472107270294, -6.816652700895579, 0.0 ], [ 111.026370662832406, -6.817338712523237, 0.0 ], [ 111.026211075454299, -6.817933449033024, 0.0 ], [ 111.026212289213703, -6.817964903187033, 0.0 ], [ 111.026214112618106, -6.818011741618946, 0.0 ], [ 111.026169900433899, -6.818517886674969, 0.0 ], [ 111.0260996027705, -6.819276345568634, 0.0 ], [ 111.026077589235101, -6.819875309704758, 0.0 ], [ 111.026146561567302, -6.820236412071309, 0.0 ], [ 111.026291066246998, -6.820269620157744, 0.0 ], [ 111.026623516975704, -6.820353323718253, 0.0 ], [ 111.027147923455601, -6.820354733182864, 0.0 ], [ 111.0275963030155, -6.820337503388783, 0.0 ], [ 111.028241586282803, -6.820262158909983, 0.0 ], [ 111.028744323996193, -6.820227542010124, 0.0 ], [ 111.028828728446499, -6.819824334304506, 0.0 ], [ 111.028952871215196, -6.818737876741192, 0.0 ], [ 111.029334375324595, -6.81873775988209, 0.0 ], [ 111.030212659013003, -6.81900776045499, 0.0 ], [ 111.030867240282205, -6.81908015223189, 0.0 ], [ 111.030907713867904, -6.819080468329078, 0.0 ], [ 111.031518761148703, -6.819204719665332, 0.0 ], [ 111.031547775977202, -6.819453948077393, 0.0 ], [ 111.031428769066096, -6.820124796302688, 0.0 ], [ 111.031432964846701, -6.82031253138496, 0.0 ], [ 111.031908246574105, -6.820532841477228, 0.0 ], [ 111.031907339863807, -6.820657769823876, 0.0 ], [ 111.031998920286497, -6.820790600514893, 0.0 ], [ 111.031927998407795, -6.820963378613998, 0.0 ], [ 111.031918956033195, -6.821132154036054, 0.0 ], [ 111.031993562923802, -6.821198399397823, 0.0 ], [ 111.031938579463798, -6.821443435924123, 0.0 ], [ 111.032045252026904, -6.821687883138291, 0.0 ], [ 111.031987574195796, -6.822182954125696, 0.0 ], [ 111.032411630747703, -6.822251277659293, 0.0 ], [ 111.032329941545498, -6.823003293964875, 0.0 ], [ 111.032243761525805, -6.823694946412557, 0.0 ], [ 111.031970344667798, -6.824367592728079, 0.0 ], [ 111.031638930639204, -6.824313066138726, 0.0 ], [ 111.030757408294804, -6.824117271466272, 0.0 ], [ 111.029724272400301, -6.823885541731856, 0.0 ], [ 111.028702382761097, -6.823690478779238, 0.0 ], [ 111.0284690705125, -6.824423816805794, 0.0 ], [ 111.028450594190502, -6.824578360757786, 0.0 ], [ 111.028154455642806, -6.824446651552936, 0.0 ], [ 111.027821425572199, -6.824409814354119, 0.0 ], [ 111.027246555760499, -6.824218821238334, 0.0 ], [ 111.026487315736901, -6.824250023150617, 0.0 ], [ 111.026237859502004, -6.824195101987224, 0.0 ], [ 111.025644419334498, -6.824092948954343, 0.0 ], [ 111.025286516906604, -6.823974120329694, 0.0 ], [ 111.025146107086996, -6.823958277637966, 0.0 ], [ 111.025079606721405, -6.824140462468742, 0.0 ], [ 111.024256544374296, -6.823933648539956, 0.0 ], [ 111.024175953325198, -6.824295295348551, 0.0 ], [ 111.023565585982894, -6.824170691921382, 0.0 ], [ 111.023475870211499, -6.824469448407617, 0.0 ], [ 111.022975090385401, -6.82440908342276, 0.0 ], [ 111.022158665, -6.824325638450373, 0.0 ], [ 111.021414566941999, -6.824233812494906, 0.0 ], [ 111.021119750185704, -6.824202701204369, 0.0 ], [ 111.021226673107293, -6.823876299473513, 0.0 ], [ 111.021209007497703, -6.82361108378273, 0.0 ], [ 111.021349212300393, -6.823056540191024, 0.0 ], [ 111.021143275439101, -6.823115760020274, 0.0 ], [ 111.020862722665996, -6.822980704660568, 0.0 ], [ 111.020723464646906, -6.822820154713114, 0.0 ], [ 111.020843538907897, -6.822585188491505, 0.0 ], [ 111.020756347000599, -6.822047429832456, 0.0 ], [ 111.020809946825906, -6.821800496261402, 0.0 ], [ 111.020752566666999, -6.821612530192227, 0.0 ], [ 111.020164252838299, -6.821506333246028, 0.0 ], [ 111.019626527049098, -6.821475254865472, 0.0 ], [ 111.019384464670296, -6.821374547013495, 0.0 ], [ 111.019279138317401, -6.821282189096451, 0.0 ] ] ] ] } },
{ "type": "Feature", "properties": { "Name": "SUNDOLUHUR", "VILLAGES": "Sundoluhur", "CC_4": "3318020017", "SUB_DIST": "Kayen", "DISTRICT": "Pati", "GID_4": "IDN.10.21.10.15_1", "AREA_HA": 204 }, "geometry": { "type": "MultiPolygon", "coordinates": [ [ [ [ 111.000478052599107, -6.849562378470431, 0.0 ], [ 111.000527383457396, -6.849113565833079, 0.0 ], [ 111.000657245151899, -6.848592812048929, 0.0 ], [ 111.000773165672598, -6.848070181499412, 0.0 ], [ 111.000867916757798, -6.847712105475498, 0.0 ], [ 111.000914989951994, -6.847330922101774, 0.0 ], [ 111.001062505903604, -6.84690523487005, 0.0 ], [ 111.001175031210806, -6.846501551835168, 0.0 ], [ 111.001405886644307, -6.845866813173357, 0.0 ], [ 111.001568929135104, -6.845440589881556, 0.0 ], [ 111.001754175907806, -6.844926715319336, 0.0 ], [ 111.002721066283996, -6.845204631654179, 0.0 ], [ 111.002848029241804, -6.844759736721864, 0.0 ], [ 111.0029874197065, -6.843810240804943, 0.0 ], [ 111.003098364341895, -6.842881737657522, 0.0 ], [ 111.003192889677194, -6.842237182065412, 0.0 ], [ 111.003237016217099, -6.84204228231284, 0.0 ], [ 111.003480496341098, -6.842055011090407, 0.0 ], [ 111.003675165141203, -6.842133401069352, 0.0 ], [ 111.003905743370694, -6.842297413043517, 0.0 ], [ 111.004018477693904, -6.842450571201811, 0.0 ], [ 111.004167451206698, -6.842490345356897, 0.0 ], [ 111.004128098271906, -6.842638816979198, 0.0 ], [ 111.004364041301301, -6.84267202410294, 0.0 ], [ 111.004407372158298, -6.84263414578461, 0.0 ], [ 111.004619035166797, -6.84271574320938, 0.0 ], [ 111.004631138980997, -6.842880550184418, 0.0 ], [ 111.004783636151302, -6.842763607064449, 0.0 ], [ 111.005414600714204, -6.842677359284674, 0.0 ], [ 111.005578025530298, -6.842639389970206, 0.0 ], [ 111.005718981207096, -6.842495623602056, 0.0 ], [ 111.005730335927396, -6.842285143552697, 0.0 ], [ 111.006054662725106, -6.842267334752217, 0.0 ], [ 111.006280768186301, -6.842080212249721, 0.0 ], [ 111.006506556443398, -6.842031649718237, 0.0 ], [ 111.007077913301302, -6.841946449107815, 0.0 ], [ 111.007128242850897, -6.84174348993401, 0.0 ], [ 111.007653079264799, -6.84169770690839, 0.0 ], [ 111.007718447015407, -6.841512366478502, 0.0 ], [ 111.008179860478705, -6.84157085855863, 0.0 ], [ 111.008226903810794, -6.842054946144221, 0.0 ], [ 111.008579564109993, -6.842084779950854, 0.0 ], [ 111.008668103257094, -6.842037104046701, 0.0 ], [ 111.009135065841505, -6.842072849979381, 0.0 ], [ 111.009033402967205, -6.842408638825354, 0.0 ], [ 111.009388844418694, -6.842460086319271, 0.0 ], [ 111.008992028035607, -6.843456726528054, 0.0 ], [ 111.009359174651706, -6.843608492341171, 0.0 ], [ 111.009219047156407, -6.843941810591933, 0.0 ], [ 111.008927082205105, -6.843778714785862, 0.0 ], [ 111.008838934916895, -6.843964157904042, 0.0 ], [ 111.009208827272801, -6.844042368661801, 0.0 ], [ 111.009050697382406, -6.844395323228295, 0.0 ], [ 111.009359052506397, -6.844444615336419, 0.0 ], [ 111.009433196538694, -6.844326805514276, 0.0 ], [ 111.009603336951201, -6.844362129903244, 0.0 ], [ 111.009756122800397, -6.844401019256162, 0.0 ], [ 111.009834918587202, -6.844317610582811, 0.0 ], [ 111.009915555271604, -6.844085364849784, 0.0 ], [ 111.0099440656642, -6.844018988270792, 0.0 ], [ 111.009946008644306, -6.843985675582095, 0.0 ], [ 111.010124836084998, -6.843975997818605, 0.0 ], [ 111.010939317798801, -6.844106988038897, 0.0 ], [ 111.011199767281397, -6.844185869835057, 0.0 ], [ 111.011561159335599, -6.844190562591286, 0.0 ], [ 111.011576470100195, -6.844002692146464, 0.0 ], [ 111.011424593363103, -6.843989403662391, 0.0 ], [ 111.011287192051199, -6.843998925841728, 0.0 ], [ 111.011281505463799, -6.844061351655709, 0.0 ], [ 111.011213378577096, -6.844093749810531, 0.0 ], [ 111.010879851036805, -6.84405520328021, 0.0 ], [ 111.010493245892704, -6.843993438604964, 0.0 ], [ 111.010500775632593, -6.843856657831977, 0.0 ], [ 111.010343281253597, -6.84377755364089, 0.0 ], [ 111.010365132382006, -6.843602504188403, 0.0 ], [ 111.010616010805194, -6.843644935463716, 0.0 ], [ 111.010722316827597, -6.843275038019485, 0.0 ], [ 111.010606066790501, -6.843183715388165, 0.0 ], [ 111.010220614731296, -6.843194785040148, 0.0 ], [ 111.010154931675402, -6.843142749108519, 0.0 ], [ 111.010177676400303, -6.842909156822295, 0.0 ], [ 111.010251005856006, -6.842708671156045, 0.0 ], [ 111.010750779777894, -6.842780573685793, 0.0 ], [ 111.010894965805207, -6.842723528517411, 0.0 ], [ 111.011089381514594, -6.842741867262514, 0.0 ], [ 111.011451464642306, -6.842735547367511, 0.0 ], [ 111.011887576580506, -6.842682628695155, 0.0 ], [ 111.012912554099699, -6.842941350282922, 0.0 ], [ 111.013099079485997, -6.842999073662019, 0.0 ], [ 111.014408701841305, -6.84332888738968, 0.0 ], [ 111.014783964880607, -6.843334893298175, 0.0 ], [ 111.016145566219507, -6.843716661048046, 0.0 ], [ 111.016646544790106, -6.84387112517737, 0.0 ], [ 111.017070278017101, -6.84396634555584, 0.0 ], [ 111.017152324764396, -6.844117389797677, 0.0 ], [ 111.017822335898899, -6.844443707353197, 0.0 ], [ 111.017911901309702, -6.844621793225853, 0.0 ], [ 111.017822777506197, -6.844653934341363, 0.0 ], [ 111.017939313531201, -6.844761269058183, 0.0 ], [ 111.018176877438705, -6.84499400553599, 0.0 ], [ 111.018437477438198, -6.845603833264263, 0.0 ], [ 111.018537324518206, -6.845814603655962, 0.0 ], [ 111.0187644989212, -6.846163489323347, 0.0 ], [ 111.018976345447797, -6.846466685102611, 0.0 ], [ 111.018648708549804, -6.847491236036046, 0.0 ], [ 111.018527662406498, -6.847991945509273, 0.0 ], [ 111.018271572203204, -6.848461136417064, 0.0 ], [ 111.018293629406898, -6.848560143232291, 0.0 ], [ 111.018184494968594, -6.849037121537453, 0.0 ], [ 111.018143275213106, -6.849617311516394, 0.0 ], [ 111.017921248942798, -6.849641563001599, 0.0 ], [ 111.017892018721298, -6.849698868153896, 0.0 ], [ 111.017810428524001, -6.849887764912268, 0.0 ], [ 111.017706064499606, -6.850035025615766, 0.0 ], [ 111.017635403184698, -6.85020231946699, 0.0 ], [ 111.016616178312603, -6.850043414180852, 0.0 ], [ 111.016488288087501, -6.850826697892002, 0.0 ], [ 111.016426181524807, -6.851260255579442, 0.0 ], [ 111.016012100094201, -6.851513836709334, 0.0 ], [ 111.015812583237604, -6.851859819176609, 0.0 ], [ 111.015517800352498, -6.851803017441273, 0.0 ], [ 111.015354672611494, -6.851718598657675, 0.0 ], [ 111.015196728323403, -6.851647621799668, 0.0 ], [ 111.014872329695294, -6.851639250428427, 0.0 ], [ 111.014786640347594, -6.851629468589401, 0.0 ], [ 111.014738880879904, -6.851393809363546, 0.0 ], [ 111.014647643261, -6.851454325447278, 0.0 ], [ 111.014666223537304, -6.851696374273868, 0.0 ], [ 111.014410279007507, -6.851718951339504, 0.0 ], [ 111.014348074654293, -6.85179288003197, 0.0 ], [ 111.014289650027905, -6.851880062011858, 0.0 ], [ 111.014175316256001, -6.851884405352797, 0.0 ], [ 111.013969380505102, -6.851883754745129, 0.0 ], [ 111.013754483673395, -6.851883156614549, 0.0 ], [ 111.013649096689903, -6.851887083078946, 0.0 ], [ 111.013530217829398, -6.852048008708477, 0.0 ], [ 111.013383736326006, -6.852314330725532, 0.0 ], [ 111.013284105186898, -6.852333676727069, 0.0 ], [ 111.012666299452405, -6.852168383627744, 0.0 ], [ 111.012652481562199, -6.851903312919582, 0.0 ], [ 111.012674936622801, -6.851813466277283, 0.0 ], [ 111.012506873095802, -6.851449265553939, 0.0 ], [ 111.012383181551101, -6.851236904110291, 0.0 ], [ 111.012382919291696, -6.850953256310356, 0.0 ], [ 111.012419111925297, -6.850762100402499, 0.0 ], [ 111.012485097368597, -6.850622365375236, 0.0 ], [ 111.012497676777897, -6.850270835771897, 0.0 ], [ 111.012495520609605, -6.850188495422581, 0.0 ], [ 111.012666266456307, -6.850263673907988, 0.0 ], [ 111.012797035002194, -6.850263804924041, 0.0 ], [ 111.012984749209195, -6.850233607176762, 0.0 ], [ 111.012974480285095, -6.850078135026886, 0.0 ], [ 111.012805726440405, -6.85005591897935, 0.0 ], [ 111.012761003126002, -6.84978522252227, 0.0 ], [ 111.0124653430168, -6.849769020790404, 0.0 ], [ 111.012389468201803, -6.849604989891422, 0.0 ], [ 111.012087738165306, -6.849545312769248, 0.0 ], [ 111.012023782808299, -6.849491153607397, 0.0 ], [ 111.011948738192501, -6.849354189031224, 0.0 ], [ 111.011946789880696, -6.849255900162489, 0.0 ], [ 111.011839090928305, -6.849170818086798, 0.0 ], [ 111.011641569043604, -6.849040529977154, 0.0 ], [ 111.011588424020005, -6.848980755175398, 0.0 ], [ 111.011533229688297, -6.848782236910175, 0.0 ], [ 111.0115166857925, -6.848379041572141, 0.0 ], [ 111.011600481246603, -6.84793175258389, 0.0 ], [ 111.011540237395494, -6.847668066133914, 0.0 ], [ 111.011448143626097, -6.847427932743051, 0.0 ], [ 111.011381323120503, -6.84735551318224, 0.0 ], [ 111.011207264255802, -6.847305334198357, 0.0 ], [ 111.010989148109701, -6.84724972830203, 0.0 ], [ 111.010847537062801, -6.847267243861707, 0.0 ], [ 111.010877048319301, -6.847011002660293, 0.0 ], [ 111.010587154909402, -6.846916606802107, 0.0 ], [ 111.010561616495394, -6.846699250270012, 0.0 ], [ 111.010008522924394, -6.846638001338232, 0.0 ], [ 111.009669620201294, -6.846570375947811, 0.0 ], [ 111.009377723225199, -6.846570197613038, 0.0 ], [ 111.009216449350504, -6.846539107754419, 0.0 ], [ 111.009282809069703, -6.846284257042973, 0.0 ], [ 111.009353709945501, -6.846222202408208, 0.0 ], [ 111.009578590580503, -6.846302252684732, 0.0 ], [ 111.009581658237806, -6.846117772278511, 0.0 ], [ 111.009363855393204, -6.846000394342012, 0.0 ], [ 111.009400153484506, -6.84584950879217, 0.0 ], [ 111.009116675250795, -6.845791355276949, 0.0 ], [ 111.008925073048502, -6.845707460200956, 0.0 ], [ 111.008946910942797, -6.845422160964407, 0.0 ], [ 111.009167893219995, -6.845469783453344, 0.0 ], [ 111.009246735596307, -6.845428049204999, 0.0 ], [ 111.0093428563289, -6.845130637716277, 0.0 ], [ 111.009519260614198, -6.845124380121334, 0.0 ], [ 111.009736880173904, -6.845146043328389, 0.0 ], [ 111.009821242247895, -6.844782808769211, 0.0 ], [ 111.009583518758504, -6.844709722019353, 0.0 ], [ 111.009375165018398, -6.844702889512579, 0.0 ], [ 111.009330751760601, -6.844690540188284, 0.0 ], [ 111.009348569741704, -6.844585915657617, 0.0 ], [ 111.009328983625295, -6.844525559098237, 0.0 ], [ 111.009282250504199, -6.844513212849415, 0.0 ], [ 111.009207948277606, -6.84449264241426, 0.0 ], [ 111.009003607592504, -6.844484064684595, 0.0 ], [ 111.008773389853701, -6.844398953983912, 0.0 ], [ 111.008645390939193, -6.844472385071914, 0.0 ], [ 111.008670710579693, -6.844666178785868, 0.0 ], [ 111.008897005083, -6.844709013822912, 0.0 ], [ 111.008814180501403, -6.844986255385507, 0.0 ], [ 111.008247873718403, -6.844951392127877, 0.0 ], [ 111.008214726539407, -6.844671959079698, 0.0 ], [ 111.007992918352599, -6.844485947773114, 0.0 ], [ 111.007911030727797, -6.844350440686653, 0.0 ], [ 111.007770641280302, -6.844244090212979, 0.0 ], [ 111.007567438934501, -6.844300828266863, 0.0 ], [ 111.007395757348903, -6.844206248430749, 0.0 ], [ 111.007227873609196, -6.844123108112491, 0.0 ], [ 111.007086020366501, -6.844025662820986, 0.0 ], [ 111.0070156063491, -6.843887665697471, 0.0 ], [ 111.006968186161899, -6.843761103897802, 0.0 ], [ 111.006791859583004, -6.843665955342707, 0.0 ], [ 111.006564392018802, -6.843630638688825, 0.0 ], [ 111.006398800809905, -6.843568442205221, 0.0 ], [ 111.006304761461394, -6.843809615538485, 0.0 ], [ 111.006223895540401, -6.843781934445431, 0.0 ], [ 111.006224631251698, -6.843949099356784, 0.0 ], [ 111.006494573246599, -6.843988368984214, 0.0 ], [ 111.006482069387204, -6.844244740431783, 0.0 ], [ 111.005575809681105, -6.844007227538825, 0.0 ], [ 111.005322065839394, -6.843921061563496, 0.0 ], [ 111.005000913827999, -6.843833594942378, 0.0 ], [ 111.004522946924993, -6.843719376499504, 0.0 ], [ 111.004180391493804, -6.843649940960247, 0.0 ], [ 111.004007575042607, -6.843602623681985, 0.0 ], [ 111.003823312273099, -6.843595411142763, 0.0 ], [ 111.003439726225807, -6.843880868756166, 0.0 ], [ 111.003412561364101, -6.844214340021721, 0.0 ], [ 111.003318120233999, -6.845280202234971, 0.0 ], [ 111.003403080929601, -6.84535573331494, 0.0 ], [ 111.005244272118702, -6.84556536499996, 0.0 ], [ 111.005725780438496, -6.846228294820147, 0.0 ], [ 111.006657008486599, -6.84668091863538, 0.0 ], [ 111.006646925839803, -6.846841681463776, 0.0 ], [ 111.006761516807501, -6.846934127575513, 0.0 ], [ 111.006769295798804, -6.847178164786878, 0.0 ], [ 111.006799939422507, -6.847245461649599, 0.0 ], [ 111.006738069895704, -6.847392782152738, 0.0 ], [ 111.006740502097003, -6.847497184488007, 0.0 ], [ 111.006597147289298, -6.847588957953289, 0.0 ], [ 111.006219138299699, -6.847857841872719, 0.0 ], [ 111.007123292874397, -6.848030059323199, 0.0 ], [ 111.007074051892701, -6.848184260048985, 0.0 ], [ 111.006892914785197, -6.848529216727105, 0.0 ], [ 111.006753816481407, -6.848926604517036, 0.0 ], [ 111.0065499063153, -6.848903549775819, 0.0 ], [ 111.006486397658193, -6.848983939541329, 0.0 ], [ 111.006347897196406, -6.848954777169072, 0.0 ], [ 111.006058108782398, -6.849991548846206, 0.0 ], [ 111.005862148219705, -6.850597850175348, 0.0 ], [ 111.006327537277201, -6.850754341227314, 0.0 ], [ 111.006042859287902, -6.851357498048636, 0.0 ], [ 111.005578201151593, -6.85120136123117, 0.0 ], [ 111.005348400974, -6.851822781278003, 0.0 ], [ 111.005081973717907, -6.851732457471781, 0.0 ], [ 111.005170714009694, -6.851388374508209, 0.0 ], [ 111.004999178707195, -6.85125127328079, 0.0 ], [ 111.004891990415402, -6.85172161890463, 0.0 ], [ 111.004650319092306, -6.851623051767878, 0.0 ], [ 111.004741542969995, -6.851334089518075, 0.0 ], [ 111.004492250414799, -6.851262718924957, 0.0 ], [ 111.003949629087899, -6.851140972884263, 0.0 ], [ 111.003839280821097, -6.851453607488132, 0.0 ], [ 111.003283135123993, -6.85133377834142, 0.0 ], [ 111.003048811735795, -6.851800902085572, 0.0 ], [ 111.003520909068101, -6.851953187513499, 0.0 ], [ 111.003669199205405, -6.851456940050209, 0.0 ], [ 111.004787258753495, -6.851740715378694, 0.0 ], [ 111.004671249972205, -6.852225423217122, 0.0 ], [ 111.005258509397805, -6.852307319174327, 0.0 ], [ 111.005409696183605, -6.851864683618053, 0.0 ], [ 111.005735839791399, -6.851961664064008, 0.0 ], [ 111.005475381799201, -6.852596723590539, 0.0 ], [ 111.004870249172399, -6.852345835542687, 0.0 ], [ 111.004713658388994, -6.853196576750443, 0.0 ], [ 111.005153180698798, -6.853381280129083, 0.0 ], [ 111.005036750903699, -6.85363146280871, 0.0 ], [ 111.004322614659998, -6.853470988943977, 0.0 ], [ 111.004259632902205, -6.853654160976965, 0.0 ], [ 111.004559194534806, -6.853788972752541, 0.0 ], [ 111.004586428822293, -6.853896443419596, 0.0 ], [ 111.0049010023032, -6.853986754964856, 0.0 ], [ 111.004697121179404, -6.854471597204444, 0.0 ], [ 111.004393045061093, -6.854427288417011, 0.0 ], [ 111.004346377956693, -6.854542156626198, 0.0 ], [ 111.004620578842903, -6.854590015930001, 0.0 ], [ 111.004550398339703, -6.854708811963645, 0.0 ], [ 111.003942813496707, -6.854604587933981, 0.0 ], [ 111.003895798982597, -6.855058350501496, 0.0 ], [ 111.003934753197896, -6.855154975297755, 0.0 ], [ 111.004161716908101, -6.855208994420711, 0.0 ], [ 111.004063959604693, -6.855336927933285, 0.0 ], [ 111.003951836410906, -6.855307106099442, 0.0 ], [ 111.003949500103005, -6.85539965073504, 0.0 ], [ 111.003989355748104, -6.855399909440123, 0.0 ], [ 111.003961667237704, -6.855548735170819, 0.0 ], [ 111.004165037221696, -6.855604052074145, 0.0 ], [ 111.004297828676201, -6.8556289077755, 0.0 ], [ 111.004341170429498, -6.855566527086992, 0.0 ], [ 111.004502818371904, -6.855579664488412, 0.0 ], [ 111.004873627185006, -6.855667887127725, 0.0 ], [ 111.005202417942996, -6.855714105747771, 0.0 ], [ 111.005284466728597, -6.855424115410282, 0.0 ], [ 111.004488707183995, -6.85526336129401, 0.0 ], [ 111.004584719798601, -6.854939566678235, 0.0 ], [ 111.005433897190699, -6.855075668506544, 0.0 ], [ 111.005545190354496, -6.854787818283886, 0.0 ], [ 111.005061814638296, -6.854656456755722, 0.0 ], [ 111.005070099120402, -6.854543571035326, 0.0 ], [ 111.004967720764299, -6.854470932859025, 0.0 ], [ 111.004860576542498, -6.854440123937606, 0.0 ], [ 111.004883887520904, -6.854267102658956, 0.0 ], [ 111.005479890035602, -6.854421778911273, 0.0 ], [ 111.005604199659501, -6.853940939894971, 0.0 ], [ 111.0057124515981, -6.853825664209435, 0.0 ], [ 111.005338921168502, -6.85371869883901, 0.0 ], [ 111.005351646654802, -6.853607321334984, 0.0 ], [ 111.005173008184499, -6.853543740824297, 0.0 ], [ 111.005257770771493, -6.853455092454771, 0.0 ], [ 111.005575022057101, -6.853527324250295, 0.0 ], [ 111.005609664958399, -6.853393367138271, 0.0 ], [ 111.005620337473005, -6.853263721199196, 0.0 ], [ 111.006742542582302, -6.853427877634061, 0.0 ], [ 111.006708849203605, -6.853097566636708, 0.0 ], [ 111.006061538648794, -6.853015323054855, 0.0 ], [ 111.006092958398398, -6.852744312736623, 0.0 ], [ 111.0060719224644, -6.852530559164594, 0.0 ], [ 111.005664547116098, -6.85245894475237, 0.0 ], [ 111.005799914661694, -6.852162416307645, 0.0 ], [ 111.006058120535101, -6.852223882299032, 0.0 ], [ 111.006115954252195, -6.852073767319486, 0.0 ], [ 111.006253296213501, -6.852070740738938, 0.0 ], [ 111.006320220541298, -6.851921933979413, 0.0 ], [ 111.006937435780898, -6.852019954540763, 0.0 ], [ 111.007009074591096, -6.851847846586557, 0.0 ], [ 111.006817821122098, -6.851818347609989, 0.0 ], [ 111.006831672117997, -6.851662717725117, 0.0 ], [ 111.006528025089196, -6.851602683449702, 0.0 ], [ 111.006754133028807, -6.851090542168564, 0.0 ], [ 111.0063547542603, -6.850977217590845, 0.0 ], [ 111.006386897240006, -6.850802798320852, 0.0 ], [ 111.006737025449596, -6.850876066695167, 0.0 ], [ 111.006728552204805, -6.850818811719918, 0.0 ], [ 111.006683589633994, -6.85073358535205, 0.0 ], [ 111.0067000346925, -6.850640721449319, 0.0 ], [ 111.006507007684803, -6.850558903228707, 0.0 ], [ 111.006637145098097, -6.850219519278816, 0.0 ], [ 111.006925007156994, -6.850253857929119, 0.0 ], [ 111.006809115161204, -6.85077036054073, 0.0 ], [ 111.007091987452696, -6.850831115182197, 0.0 ], [ 111.007107474162794, -6.850660219930595, 0.0 ], [ 111.007201074012798, -6.850678207122589, 0.0 ], [ 111.007255035468603, -6.850313419313005, 0.0 ], [ 111.007385812535304, -6.85037936178863, 0.0 ], [ 111.007364390019404, -6.85061645849351, 0.0 ], [ 111.007535780483906, -6.850635873438968, 0.0 ], [ 111.007774474094902, -6.850654095996202, 0.0 ], [ 111.0077931677165, -6.851069242885616, 0.0 ], [ 111.007776866435293, -6.851138498385749, 0.0 ], [ 111.007501380508401, -6.851078921408692, 0.0 ], [ 111.007456800812605, -6.851255890461028, 0.0 ], [ 111.007622642389293, -6.851318006854521, 0.0 ], [ 111.007554549413797, -6.851427702872606, 0.0 ], [ 111.007720853274805, -6.851455747877946, 0.0 ], [ 111.007661589777499, -6.851851338811977, 0.0 ], [ 111.007989043202102, -6.851906418557286, 0.0 ], [ 111.008089995692799, -6.851411274988683, 0.0 ], [ 111.008137741312296, -6.851022745211791, 0.0 ], [ 111.008229188842805, -6.850540320481411, 0.0 ], [ 111.0084712569152, -6.850496240301446, 0.0 ], [ 111.008423351807195, -6.850748016559306, 0.0 ], [ 111.008476864669802, -6.850874789300537, 0.0 ], [ 111.008520354377396, -6.850940499239185, 0.0 ], [ 111.008724446717295, -6.850992919261827, 0.0 ], [ 111.0087422286487, -6.850888501746556, 0.0 ], [ 111.0088303155608, -6.850953877424129, 0.0 ], [ 111.009091286947395, -6.850993070941649, 0.0 ], [ 111.009211617836996, -6.850993165390836, 0.0 ], [ 111.009284967961193, -6.850948115566799, 0.0 ], [ 111.009473318582494, -6.850955920558452, 0.0 ], [ 111.009377953946498, -6.851372928937347, 0.0 ], [ 111.009658261495005, -6.851541967213593, 0.0 ], [ 111.009706302030395, -6.851512389581296, 0.0 ], [ 111.009760773861899, -6.851583845807221, 0.0 ], [ 111.009668470508899, -6.852244429740736, 0.0 ], [ 111.010099240276801, -6.852219936088014, 0.0 ], [ 111.010334173630298, -6.85225851131356, 0.0 ], [ 111.010288264933394, -6.852518723757916, 0.0 ], [ 111.010370271487105, -6.852669282763652, 0.0 ], [ 111.010332906913902, -6.85300151039776, 0.0 ], [ 111.010787943776606, -6.853173861178804, 0.0 ], [ 111.010767616390197, -6.853297959171368, 0.0 ], [ 111.010434857778307, -6.853233788901116, 0.0 ], [ 111.010410177349897, -6.853310545033629, 0.0 ], [ 111.0107077272814, -6.85341211654665, 0.0 ], [ 111.010714528747897, -6.853487430584353, 0.0 ], [ 111.010397750262896, -6.853542320948043, 0.0 ], [ 111.010384604002994, -6.853733086416837, 0.0 ], [ 111.010481616318003, -6.853739626168275, 0.0 ], [ 111.010480577736004, -6.853850015552134, 0.0 ], [ 111.010954832507096, -6.853957980834299, 0.0 ], [ 111.011041274294101, -6.853714735762395, 0.0 ], [ 111.0109332032916, -6.853553929775232, 0.0 ], [ 111.010772817741596, -6.853468524457012, 0.0 ], [ 111.010853781557202, -6.853368157931817, 0.0 ], [ 111.011144542882704, -6.853379877510967, 0.0 ], [ 111.011774644353693, -6.853577349441546, 0.0 ], [ 111.0119599121128, -6.853714913343389, 0.0 ], [ 111.011966566721398, -6.853851994381254, 0.0 ], [ 111.0118934086872, -6.854248474028942, 0.0 ], [ 111.011878340006504, -6.854337309304774, 0.0 ], [ 111.0112953884245, -6.85504421485117, 0.0 ], [ 111.010918267906305, -6.855782573695882, 0.0 ], [ 111.010627478684896, -6.856545283317296, 0.0 ], [ 111.010402052388699, -6.857257301065295, 0.0 ], [ 111.010444655232504, -6.857376610645255, 0.0 ], [ 111.010336772135503, -6.857649687773252, 0.0 ], [ 111.0103317643689, -6.858354996167541, 0.0 ], [ 111.010253093197093, -6.858606898539489, 0.0 ], [ 111.010236182384304, -6.85872116452924, 0.0 ], [ 111.010258525867101, -6.859033152260572, 0.0 ], [ 111.008121955255007, -6.85892019538089, 0.0 ], [ 111.007263595819495, -6.858868030992802, 0.0 ], [ 111.006434221036002, -6.858808975314168, 0.0 ], [ 111.005281639680703, -6.858675361175663, 0.0 ], [ 111.004659569268796, -6.858620843337273, 0.0 ], [ 111.004241619672797, -6.858547809620442, 0.0 ], [ 111.003752461312203, -6.858486760119622, 0.0 ], [ 111.003119948362396, -6.858382977451986, 0.0 ], [ 111.003251105843404, -6.858089887188282, 0.0 ], [ 111.003664154836102, -6.858191003387604, 0.0 ], [ 111.003837387408097, -6.857871501928174, 0.0 ], [ 111.004135157518803, -6.857987209417065, 0.0 ], [ 111.004329303781503, -6.857582521683814, 0.0 ], [ 111.004141433321195, -6.857455548857725, 0.0 ], [ 111.004177737340001, -6.857248340934558, 0.0 ], [ 111.003737479114207, -6.857002943188311, 0.0 ], [ 111.003854952921301, -6.856728785227689, 0.0 ], [ 111.004352978636604, -6.856856305260598, 0.0 ], [ 111.004837623613696, -6.856917203958907, 0.0 ], [ 111.005109531073899, -6.857023529720708, 0.0 ], [ 111.005206585493397, -6.856725722015268, 0.0 ], [ 111.004717583345197, -6.856595100774665, 0.0 ], [ 111.004738428921101, -6.8563170069027, 0.0 ], [ 111.004372509286497, -6.856228854282002, 0.0 ], [ 111.004480541714599, -6.855827442353991, 0.0 ], [ 111.004440284836093, -6.855732700184584, 0.0 ], [ 111.004331969998503, -6.855697909390925, 0.0 ], [ 111.004241959291093, -6.855721325564224, 0.0 ], [ 111.004140520208296, -6.855756938273344, 0.0 ], [ 111.002386050547003, -6.855559203468824, 0.0 ], [ 111.002218242008595, -6.855514630889128, 0.0 ], [ 111.001897847306296, -6.856255999720603, 0.0 ], [ 111.001791068338093, -6.85621233476542, 0.0 ], [ 111.001799338390498, -6.855912707491431, 0.0 ], [ 111.0016341543583, -6.855874476411716, 0.0 ], [ 111.001562352622798, -6.855712883962784, 0.0 ], [ 111.001198148647603, -6.855723305702255, 0.0 ], [ 111.001210703166095, -6.855380980453036, 0.0 ], [ 111.001076145260498, -6.855273551855158, 0.0 ], [ 111.000885972010806, -6.855177000987789, 0.0 ], [ 111.000337396127804, -6.855170036282537, 0.0 ], [ 111.000260739080105, -6.855540513750316, 0.0 ], [ 111.000063112419497, -6.855564797844474, 0.0 ], [ 110.9999581549732, -6.855517732270682, 0.0 ], [ 110.999815551290197, -6.855550350368834, 0.0 ], [ 110.999513259454702, -6.855655681589459, 0.0 ], [ 110.999297511119806, -6.85563311361132, 0.0 ], [ 110.999398368468206, -6.855380596008992, 0.0 ], [ 110.999582132201198, -6.854869974728945, 0.0 ], [ 110.999678678226005, -6.854502146759121, 0.0 ], [ 110.999824195586996, -6.854009698932259, 0.0 ], [ 111.000008073773401, -6.853461329026083, 0.0 ], [ 111.000121215434703, -6.853026687378503, 0.0 ], [ 111.000139632278902, -6.852841875170601, 0.0 ], [ 111.000256680184904, -6.851712314691578, 0.0 ], [ 111.000284625846206, -6.851527818101603, 0.0 ], [ 111.000338944443101, -6.850778939225878, 0.0 ], [ 111.000374660761494, -6.850373793318714, 0.0 ], [ 111.000478052599107, -6.849562378470431, 0.0 ] ] ] ] } },
{ "type": "Feature", "properties": { "Name": "SUKOLILO", "VILLAGES": "Sukolilo", "CC_4": "3318010010", "SUB_DIST": "Sukolilo", "DISTRICT": "Pati", "GID_4": "IDN.10.21.15.12_1", "AREA_HA": 115 }, "geometry": { "type": "MultiPolygon", "coordinates": [ [ [ [ 110.913954182774106, -6.93118494200082, 0.0 ], [ 110.913079803602599, -6.9313953138514, 0.0 ], [ 110.9131539574106, -6.931539678028269, 0.0 ], [ 110.913157441466893, -6.931650805755987, 0.0 ], [ 110.913167560441593, -6.93184958475676, 0.0 ], [ 110.912992469088294, -6.931911370292384, 0.0 ], [ 110.912799934848195, -6.931941482861823, 0.0 ], [ 110.912694050132103, -6.931620517500647, 0.0 ], [ 110.912593844005698, -6.931359152215264, 0.0 ], [ 110.912412227448996, -6.93102530613744, 0.0 ], [ 110.912417020275797, -6.93081112997248, 0.0 ], [ 110.912229705839593, -6.930645234918599, 0.0 ], [ 110.912098869741698, -6.930310880924234, 0.0 ], [ 110.911525902820898, -6.92960320951572, 0.0 ], [ 110.911449494122394, -6.929038052985968, 0.0 ], [ 110.910434252907294, -6.9289469731018, 0.0 ], [ 110.910228586843402, -6.928562378131123, 0.0 ], [ 110.910672599450905, -6.927877911931288, 0.0 ], [ 110.910697618653501, -6.927692876575504, 0.0 ], [ 110.910505204480998, -6.927583987634523, 0.0 ], [ 110.910246991561294, -6.927714645780246, 0.0 ], [ 110.910062288676798, -6.927874028659165, 0.0 ], [ 110.909859515994498, -6.927786855511386, 0.0 ], [ 110.909708903671103, -6.927381469722567, 0.0 ], [ 110.909825920737603, -6.926897398248595, 0.0 ], [ 110.910115877352595, -6.926332228901388, 0.0 ], [ 110.9105337833021, -6.925699590249144, 0.0 ], [ 110.9106420475824, -6.92546362956106, 0.0 ], [ 110.910705764858903, -6.925423408273005, 0.0 ], [ 110.911190788424506, -6.925151505991845, 0.0 ], [ 110.911307166876597, -6.925130786834746, 0.0 ], [ 110.911639976653305, -6.92514174385617, 0.0 ], [ 110.911836250027804, -6.925149475524676, 0.0 ], [ 110.912089796776996, -6.925237115376294, 0.0 ], [ 110.912434103472407, -6.925346928226322, 0.0 ], [ 110.912678097917606, -6.925442499045785, 0.0 ], [ 110.912901264707898, -6.925518343979376, 0.0 ], [ 110.913088802208094, -6.925516614597498, 0.0 ], [ 110.913353254250495, -6.925511304756085, 0.0 ], [ 110.913373524361006, -6.925144664430643, 0.0 ], [ 110.913553035354099, -6.92485728138394, 0.0 ], [ 110.913927689875706, -6.924808814450251, 0.0 ], [ 110.914069287230404, -6.924811336285012, 0.0 ], [ 110.914383268898902, -6.924798356770137, 0.0 ], [ 110.914670540610302, -6.924837076752874, 0.0 ], [ 110.914928983683097, -6.924906758793826, 0.0 ], [ 110.915237814126897, -6.924599738904693, 0.0 ], [ 110.9151182964561, -6.924365271647603, 0.0 ], [ 110.914875629411995, -6.923927700087047, 0.0 ], [ 110.914828224130602, -6.923810899006298, 0.0 ], [ 110.915548700196695, -6.923590010839369, 0.0 ], [ 110.915956231553906, -6.923646566983309, 0.0 ], [ 110.9161135077414, -6.923697091162182, 0.0 ], [ 110.916071338865194, -6.923939236283413, 0.0 ], [ 110.916165797537502, -6.923731563399741, 0.0 ], [ 110.916351144875506, -6.923721287032319, 0.0 ], [ 110.916620802276597, -6.923722736108396, 0.0 ], [ 110.916721107192203, -6.923687929776704, 0.0 ], [ 110.916845288154605, -6.923610165981398, 0.0 ], [ 110.917049579759194, -6.923516427989926, 0.0 ], [ 110.917095599769794, -6.923441169601272, 0.0 ], [ 110.917106051809398, -6.923246802531599, 0.0 ], [ 110.917139036628001, -6.923079065528656, 0.0 ], [ 110.917062945393496, -6.922931980214075, 0.0 ], [ 110.916878066191899, -6.92288124787783, 0.0 ], [ 110.916807060461593, -6.922863879253337, 0.0 ], [ 110.916893706645197, -6.922113907371564, 0.0 ], [ 110.916967297484504, -6.922183656732857, 0.0 ], [ 110.917066808992402, -6.922139293093346, 0.0 ], [ 110.917074589551802, -6.922260680103728, 0.0 ], [ 110.917321338423605, -6.92227546303007, 0.0 ], [ 110.917381346168099, -6.922175260525655, 0.0 ], [ 110.917532698778501, -6.922202931841941, 0.0 ], [ 110.917618759363407, -6.921951884788808, 0.0 ], [ 110.918524070052399, -6.921983958060025, 0.0 ], [ 110.918757038564905, -6.921975183010201, 0.0 ], [ 110.919039307108605, -6.922001484782019, 0.0 ], [ 110.919407200215602, -6.921979285310869, 0.0 ], [ 110.919804794465193, -6.921985061402546, 0.0 ], [ 110.919923857497807, -6.922326157814272, 0.0 ], [ 110.9199655999832, -6.922413272641952, 0.0 ], [ 110.9199033583062, -6.922530896041644, 0.0 ], [ 110.919856642941696, -6.92254139254344, 0.0 ], [ 110.919790868195307, -6.922693683635639, 0.0 ], [ 110.9197758304865, -6.92287062862509, 0.0 ], [ 110.919748073104998, -6.922931717938788, 0.0 ], [ 110.919883116674498, -6.922990861714729, 0.0 ], [ 110.920097784291002, -6.923037042839497, 0.0 ], [ 110.920206885375705, -6.923067191720197, 0.0 ], [ 110.920275047537004, -6.923239812080339, 0.0 ], [ 110.920307173594907, -6.923341905128176, 0.0 ], [ 110.920432452183505, -6.923623128938257, 0.0 ], [ 110.920657115338003, -6.923656107719335, 0.0 ], [ 110.921110814652295, -6.923670299942528, 0.0 ], [ 110.921545838856602, -6.923697715727476, 0.0 ], [ 110.921399297973807, -6.923154512955008, 0.0 ], [ 110.921226625709906, -6.92255798241458, 0.0 ], [ 110.921034675011299, -6.92190702017669, 0.0 ], [ 110.921625463420497, -6.92179492742706, 0.0 ], [ 110.922031704782299, -6.921731305674188, 0.0 ], [ 110.922343239019199, -6.921727116209686, 0.0 ], [ 110.922777463528803, -6.92173480081971, 0.0 ], [ 110.923000210480296, -6.921724231199057, 0.0 ], [ 110.923141425619207, -6.921774634170066, 0.0 ], [ 110.923413014699804, -6.921656485710207, 0.0 ], [ 110.923427119718397, -6.92135204757566, 0.0 ], [ 110.923222939186203, -6.921101647106727, 0.0 ], [ 110.922933142693495, -6.920800958707683, 0.0 ], [ 110.922365294765896, -6.920264648075968, 0.0 ], [ 110.922299280169099, -6.920184889431059, 0.0 ], [ 110.922325823205696, -6.919887691588027, 0.0 ], [ 110.922467492085502, -6.919753709052678, 0.0 ], [ 110.922762529322796, -6.919655154620531, 0.0 ], [ 110.9234928520316, -6.919587205596214, 0.0 ], [ 110.923987763366597, -6.919666763171743, 0.0 ], [ 110.9246228749805, -6.919728124987206, 0.0 ], [ 110.924990434250205, -6.919738319749924, 0.0 ], [ 110.925321136651405, -6.920145406272286, 0.0 ], [ 110.925486792396796, -6.920334097832931, 0.0 ], [ 110.925667150257595, -6.920540141646747, 0.0 ], [ 110.925811635017794, -6.920868938473568, 0.0 ], [ 110.925945988554204, -6.921116176522669, 0.0 ], [ 110.925989645764602, -6.921204521690026, 0.0 ], [ 110.926019824547396, -6.921665903121199, 0.0 ], [ 110.926103868694895, -6.922407309349843, 0.0 ], [ 110.926151470931799, -6.922877799415896, 0.0 ], [ 110.926175634465594, -6.923272888493547, 0.0 ], [ 110.926198047974495, -6.923646946428723, 0.0 ], [ 110.926204882913595, -6.92388847611973, 0.0 ], [ 110.926256281365397, -6.924072282037365, 0.0 ], [ 110.926289257931799, -6.924245755945692, 0.0 ], [ 110.9266125514865, -6.924231132609249, 0.0 ], [ 110.9274293890454, -6.924168154665815, 0.0 ], [ 110.928157839518903, -6.924114624063748, 0.0 ], [ 110.928452164954393, -6.924098619378215, 0.0 ], [ 110.929190945677405, -6.92404432879699, 0.0 ], [ 110.929458039191701, -6.924030054524199, 0.0 ], [ 110.929729314196194, -6.923983456883978, 0.0 ], [ 110.929809553827099, -6.924664354526557, 0.0 ], [ 110.929835714607506, -6.924836581305934, 0.0 ], [ 110.929755775221096, -6.924917500374189, 0.0 ], [ 110.929691630070096, -6.924980767551512, 0.0 ], [ 110.929589708582697, -6.924993700610687, 0.0 ], [ 110.929380417116505, -6.92492601614239, 0.0 ], [ 110.929186932951296, -6.925003244806397, 0.0 ], [ 110.929041055744506, -6.925114347386197, 0.0 ], [ 110.928845586268096, -6.925212375565331, 0.0 ], [ 110.928683261115907, -6.925246189262102, 0.0 ], [ 110.928575863407701, -6.925310209102786, 0.0 ], [ 110.928549386944098, -6.925437249612862, 0.0 ], [ 110.928482876814797, -6.925536755539179, 0.0 ], [ 110.928295998455496, -6.925505854297103, 0.0 ], [ 110.928182235313301, -6.925489007980565, 0.0 ], [ 110.9281649038209, -6.925266519953876, 0.0 ], [ 110.927993685406094, -6.925261076740848, 0.0 ], [ 110.927912361071094, -6.92483220330824, 0.0 ], [ 110.927615294532004, -6.924856064982245, 0.0 ], [ 110.9275882727311, -6.924927284213913, 0.0 ], [ 110.927347948975196, -6.924990099129682, 0.0 ], [ 110.927306209949805, -6.925170224081034, 0.0 ], [ 110.927045827888506, -6.925264537019213, 0.0 ], [ 110.927045843773996, -6.925268525470079, 0.0 ], [ 110.927069966049203, -6.925621113048312, 0.0 ], [ 110.926886184635407, -6.925553963491875, 0.0 ], [ 110.926766630596205, -6.925524428529019, 0.0 ], [ 110.926542208820905, -6.925564006091169, 0.0 ], [ 110.926485638924902, -6.925696092289231, 0.0 ], [ 110.926479524835003, -6.925824917238842, 0.0 ], [ 110.926415841604395, -6.925899052668385, 0.0 ], [ 110.926158101899304, -6.926057140187911, 0.0 ], [ 110.9261310435746, -6.926163719972256, 0.0 ], [ 110.926015177127596, -6.926159298280392, 0.0 ], [ 110.925934794954998, -6.926044809610293, 0.0 ], [ 110.925874063868903, -6.925922376017199, 0.0 ], [ 110.925821644027295, -6.925883780574105, 0.0 ], [ 110.925693656868503, -6.925993438535365, 0.0 ], [ 110.925541048750503, -6.926080340461401, 0.0 ], [ 110.9254409922939, -6.926186205273749, 0.0 ], [ 110.925354001105205, -6.926297101217058, 0.0 ], [ 110.925248752866096, -6.926310577017182, 0.0 ], [ 110.925160153156995, -6.926358297093763, 0.0 ], [ 110.925015707210605, -6.926426210735573, 0.0 ], [ 110.9250067400408, -6.926470978320153, 0.0 ], [ 110.925129336199007, -6.926511181885379, 0.0 ], [ 110.925122991618196, -6.92674994123919, 0.0 ], [ 110.925111972911594, -6.926898789066196, 0.0 ], [ 110.925134336111697, -6.926976338345546, 0.0 ], [ 110.925160271781905, -6.927012547510952, 0.0 ], [ 110.925862991377002, -6.926982130004494, 0.0 ], [ 110.926669874247906, -6.926809785069463, 0.0 ], [ 110.927107607986599, -6.926757480895184, 0.0 ], [ 110.927118865761202, -6.927436121579891, 0.0 ], [ 110.926542898672693, -6.927570336897922, 0.0 ], [ 110.926119472894499, -6.927657998350462, 0.0 ], [ 110.926113527147393, -6.927657966132418, 0.0 ], [ 110.925754550547296, -6.927749853641239, 0.0 ], [ 110.925224395357802, -6.927885873188714, 0.0 ], [ 110.925150654358006, -6.927748752451132, 0.0 ], [ 110.9249028802476, -6.927768016001507, 0.0 ], [ 110.923784918722106, -6.927582634842034, 0.0 ], [ 110.923681685045196, -6.927582265116595, 0.0 ], [ 110.923675516730199, -6.927586366809958, 0.0 ], [ 110.923539641240694, -6.927499312748218, 0.0 ], [ 110.923341161720103, -6.927527980672083, 0.0 ], [ 110.923331322356802, -6.927432960133088, 0.0 ], [ 110.923859602372104, -6.926805932323533, 0.0 ], [ 110.923922727650293, -6.926637196789192, 0.0 ], [ 110.923215413616802, -6.926140107145794, 0.0 ], [ 110.922896792028098, -6.925809436045259, 0.0 ], [ 110.9228789618723, -6.925786658585063, 0.0 ], [ 110.922389311827502, -6.925208214690557, 0.0 ], [ 110.922117866422596, -6.924966104012722, 0.0 ], [ 110.921948064888795, -6.925818208941047, 0.0 ], [ 110.922107372939493, -6.926096720276167, 0.0 ], [ 110.922538438171003, -6.926236221110546, 0.0 ], [ 110.9226017124804, -6.925937816168133, 0.0 ], [ 110.922830384935196, -6.926049196572208, 0.0 ], [ 110.922795640090897, -6.926233618399382, 0.0 ], [ 110.9225842236429, -6.926575863146529, 0.0 ], [ 110.922451527915698, -6.926918939080113, 0.0 ], [ 110.922044715898096, -6.926785144623761, 0.0 ], [ 110.921938793886198, -6.92686765849778, 0.0 ], [ 110.921653729548595, -6.926780070651661, 0.0 ], [ 110.921530035142695, -6.926800980608, 0.0 ], [ 110.921513042933697, -6.927082264234425, 0.0 ], [ 110.921475355073596, -6.927240188887184, 0.0 ], [ 110.921408232706, -6.927694903602415, 0.0 ], [ 110.921746032613498, -6.927765873908371, 0.0 ], [ 110.921874204456998, -6.927339785125089, 0.0 ], [ 110.921933629816095, -6.927260565596482, 0.0 ], [ 110.922392293023194, -6.927266891365448, 0.0 ], [ 110.922676896632197, -6.927288581483817, 0.0 ], [ 110.923014973899498, -6.927567570142289, 0.0 ], [ 110.923204914152294, -6.927650281075871, 0.0 ], [ 110.923498511996897, -6.927931981748763, 0.0 ], [ 110.924067446425695, -6.928021168542434, 0.0 ], [ 110.924391675838194, -6.92808507437474, 0.0 ], [ 110.9243078264833, -6.928201318185197, 0.0 ], [ 110.923517474757006, -6.928279690098038, 0.0 ], [ 110.923241894705299, -6.928375726910456, 0.0 ], [ 110.923101187249401, -6.928063059057181, 0.0 ], [ 110.922940315966102, -6.928000009098325, 0.0 ], [ 110.922451191888797, -6.928087378283493, 0.0 ], [ 110.922363879123907, -6.928381475437766, 0.0 ], [ 110.922319278815493, -6.928672459309846, 0.0 ], [ 110.922340007982001, -6.928739474933771, 0.0 ], [ 110.922252630990101, -6.929081215179801, 0.0 ], [ 110.921919951090999, -6.929221105401842, 0.0 ], [ 110.921543247254306, -6.92931466356066, 0.0 ], [ 110.921155499199799, -6.929415082699865, 0.0 ], [ 110.921045690872603, -6.929330507502534, 0.0 ], [ 110.921015139903005, -6.929124592334799, 0.0 ], [ 110.921089908928494, -6.928761048150363, 0.0 ], [ 110.921076061457001, -6.928677946251667, 0.0 ], [ 110.920814317560698, -6.928643448892674, 0.0 ], [ 110.920722948247104, -6.929128050933862, 0.0 ], [ 110.920108903297503, -6.929100565188429, 0.0 ], [ 110.9200231150554, -6.928967973461355, 0.0 ], [ 110.919871103043207, -6.928997673815833, 0.0 ], [ 110.919868829317807, -6.929241461322268, 0.0 ], [ 110.919777147504405, -6.929322482406221, 0.0 ], [ 110.919771995057502, -6.929322463865697, 0.0 ], [ 110.919551187765805, -6.92935186683461, 0.0 ], [ 110.919453730887696, -6.929357258281435, 0.0 ], [ 110.919438964195805, -6.929444590407082, 0.0 ], [ 110.919350689680499, -6.929421383344248, 0.0 ], [ 110.919234517845297, -6.929437507256559, 0.0 ], [ 110.919141472449098, -6.929531682725612, 0.0 ], [ 110.919095946077903, -6.92963386112508, 0.0 ], [ 110.919062799475498, -6.929753466330304, 0.0 ], [ 110.919101443749895, -6.929986825585962, 0.0 ], [ 110.918709500149902, -6.930159829973467, 0.0 ], [ 110.918553488302095, -6.92985711910601, 0.0 ], [ 110.918500668382904, -6.929681650739936, 0.0 ], [ 110.918507189238596, -6.929447469401873, 0.0 ], [ 110.918505388819995, -6.929436304861641, 0.0 ], [ 110.918460223589506, -6.929084406118839, 0.0 ], [ 110.918412299494094, -6.928873626916466, 0.0 ], [ 110.918436086233001, -6.928779251329102, 0.0 ], [ 110.918584537485003, -6.928802382414454, 0.0 ], [ 110.918712873576496, -6.928680403658487, 0.0 ], [ 110.918830542927196, -6.928442504368826, 0.0 ], [ 110.918845887467896, -6.928269394591549, 0.0 ], [ 110.918897485137407, -6.928135924067949, 0.0 ], [ 110.918723610330602, -6.928096237190225, 0.0 ], [ 110.918592774118807, -6.928054574098091, 0.0 ], [ 110.918491068386999, -6.928145516021499, 0.0 ], [ 110.918423089065499, -6.928284341024485, 0.0 ], [ 110.9183307480357, -6.928331892937897, 0.0 ], [ 110.917973830589105, -6.928305886172512, 0.0 ], [ 110.917902670387804, -6.928281530673322, 0.0 ], [ 110.9179731244474, -6.928095786595336, 0.0 ], [ 110.918035821114202, -6.927932507858969, 0.0 ], [ 110.9180964302506, -6.927860463574701, 0.0 ], [ 110.918452756384099, -6.927825726198895, 0.0 ], [ 110.918539478677502, -6.927761942822309, 0.0 ], [ 110.918569255115102, -6.927517462699586, 0.0 ], [ 110.918529494622007, -6.927472838088648, 0.0 ], [ 110.918433229888507, -6.927636942565513, 0.0 ], [ 110.918260023120098, -6.927727506134695, 0.0 ], [ 110.918133841694697, -6.927685687234888, 0.0 ], [ 110.918377256078998, -6.927455572482207, 0.0 ], [ 110.918443560884896, -6.927341144218023, 0.0 ], [ 110.918470498741101, -6.927154622600822, 0.0 ], [ 110.918478136650904, -6.927068284716111, 0.0 ], [ 110.918362920728498, -6.927027315230912, 0.0 ], [ 110.918308480817899, -6.926917796090386, 0.0 ], [ 110.918271553485496, -6.926798876829304, 0.0 ], [ 110.918271576618196, -6.926544420067603, 0.0 ], [ 110.918158991339197, -6.926423960030988, 0.0 ], [ 110.918167660143197, -6.926286555997875, 0.0 ], [ 110.918111854658207, -6.926038373241583, 0.0 ], [ 110.9180004753117, -6.925855816675327, 0.0 ], [ 110.917926662864403, -6.925599094971681, 0.0 ], [ 110.917897409425905, -6.925395186962229, 0.0 ], [ 110.917876311867204, -6.925124895649086, 0.0 ], [ 110.917869596552194, -6.924942619715508, 0.0 ], [ 110.917742131749094, -6.924955418540249, 0.0 ], [ 110.917717862744496, -6.925155496727225, 0.0 ], [ 110.917596237753003, -6.925154837679776, 0.0 ], [ 110.917337559515303, -6.925158025015033, 0.0 ], [ 110.917184292264807, -6.925139365232367, 0.0 ], [ 110.917049302379198, -6.925094166860688, 0.0 ], [ 110.916908130943298, -6.92504113276341, 0.0 ], [ 110.916523498656503, -6.925038387558629, 0.0 ], [ 110.916502078676601, -6.925076974554407, 0.0 ], [ 110.916524640295407, -6.925481373487023, 0.0 ], [ 110.916519889675598, -6.92583019788878, 0.0 ], [ 110.916521042599101, -6.926177239585231, 0.0 ], [ 110.916516682250901, -6.926182489658726, 0.0 ], [ 110.916506767924403, -6.926319231548253, 0.0 ], [ 110.916499741638901, -6.926519474549318, 0.0 ], [ 110.916496359273097, -6.926584308893436, 0.0 ], [ 110.916497666708096, -6.926598084594247, 0.0 ], [ 110.916366901164906, -6.926654557406899, 0.0 ], [ 110.916321361564499, -6.926798606954535, 0.0 ], [ 110.916319519137403, -6.926995345943154, 0.0 ], [ 110.916347497249205, -6.927268191136267, 0.0 ], [ 110.916352409753699, -6.927285104610986, 0.0 ], [ 110.916381129837404, -6.927403008830094, 0.0 ], [ 110.916359925453506, -6.92745899884138, 0.0 ], [ 110.916173579707305, -6.927459524705974, 0.0 ], [ 110.916088832751598, -6.927514171276241, 0.0 ], [ 110.916010785378802, -6.927603108972299, 0.0 ], [ 110.915954612220602, -6.927711937957558, 0.0 ], [ 110.915789697717699, -6.927763343839632, 0.0 ], [ 110.915650737765105, -6.927795177716502, 0.0 ], [ 110.915578215685798, -6.927746576443552, 0.0 ], [ 110.915449787701505, -6.927829579847335, 0.0 ], [ 110.915112864472803, -6.927864281034636, 0.0 ], [ 110.915212722535799, -6.928251683659419, 0.0 ], [ 110.915239406321703, -6.92858741915461, 0.0 ], [ 110.915412057560602, -6.928726526258698, 0.0 ], [ 110.915405134478405, -6.928830227812845, 0.0 ], [ 110.915374708382998, -6.928893214760701, 0.0 ], [ 110.915273275773501, -6.928928785873836, 0.0 ], [ 110.915074826170198, -6.928952534019064, 0.0 ], [ 110.915012477584895, -6.928958175565588, 0.0 ], [ 110.914691489230194, -6.929019591548524, 0.0 ], [ 110.9146193739941, -6.929013297004694, 0.0 ], [ 110.9146583566977, -6.929402956573026, 0.0 ], [ 110.914783126143206, -6.929503447310185, 0.0 ], [ 110.914963200196098, -6.929636211355779, 0.0 ], [ 110.914878110222801, -6.929907456387236, 0.0 ], [ 110.914892070058798, -6.929986980256258, 0.0 ], [ 110.914981978809905, -6.930068068339321, 0.0 ], [ 110.915074407915796, -6.930160758157671, 0.0 ], [ 110.915111035150403, -6.930241998150007, 0.0 ], [ 110.914895516490901, -6.9303801407959, 0.0 ], [ 110.914904130509697, -6.930606399440178, 0.0 ], [ 110.914883331452998, -6.930892640825467, 0.0 ], [ 110.914670662568795, -6.930893896455424, 0.0 ], [ 110.914447400238103, -6.930840748329279, 0.0 ], [ 110.9143423995137, -6.930808787975549, 0.0 ], [ 110.914068745997497, -6.930808828577959, 0.0 ], [ 110.914045663837001, -6.930898238597759, 0.0 ], [ 110.914050716560197, -6.931033538377689, 0.0 ], [ 110.914028254022597, -6.931122355805518, 0.0 ], [ 110.913954182774106, -6.93118494200082, 0.0 ] ] ] ] } },
{ "type": "Feature", "properties": { "Name": "TALUN", "VILLAGES": "Talun", "CC_4": "3318020015", "SUB_DIST": "Kayen", "DISTRICT": "Pati", "GID_4": "IDN.10.21.10.16_1", "AREA_HA": 676 }, "geometry": { "type": "MultiPolygon", "coordinates": [ [ [ [ 110.982095305993298, -6.869222118706459, 0.0 ], [ 110.981557900003494, -6.869218302664363, 0.0 ], [ 110.981283484604205, -6.869202110653523, 0.0 ], [ 110.980793337699097, -6.869101445675017, 0.0 ], [ 110.980119806173803, -6.868966255992306, 0.0 ], [ 110.9797117277799, -6.868820107679111, 0.0 ], [ 110.979277678036695, -6.868575814826683, 0.0 ], [ 110.978917924666405, -6.8683259142251, 0.0 ], [ 110.978783938478401, -6.868013623586006, 0.0 ], [ 110.978740811103293, -6.867712308937583, 0.0 ], [ 110.978712423386796, -6.867065783329481, 0.0 ], [ 110.978539935148703, -6.866532927666348, 0.0 ], [ 110.978057223526207, -6.865655791985519, 0.0 ], [ 110.977707520259798, -6.865117375224942, 0.0 ], [ 110.977122045941499, -6.864308819177668, 0.0 ], [ 110.976573786159193, -6.863756522663973, 0.0 ], [ 110.975805181872602, -6.863594904529093, 0.0 ], [ 110.975005769388005, -6.863371745124111, 0.0 ], [ 110.973985184999094, -6.863100721866894, 0.0 ], [ 110.973318274388006, -6.862857329311156, 0.0 ], [ 110.972606388751799, -6.86239623976002, 0.0 ], [ 110.972525426414606, -6.862237432989215, 0.0 ], [ 110.972124305106206, -6.861806900501146, 0.0 ], [ 110.971458233167297, -6.861189408482518, 0.0 ], [ 110.970981563756496, -6.860817663977857, 0.0 ], [ 110.970478804582598, -6.86040428552512, 0.0 ], [ 110.969596859258502, -6.860011456024309, 0.0 ], [ 110.969049025954106, -6.859781683460017, 0.0 ], [ 110.968697976408905, -6.85968348926589, 0.0 ], [ 110.967788112584003, -6.859483682947178, 0.0 ], [ 110.967158046479099, -6.859272017523534, 0.0 ], [ 110.966241679037793, -6.859153388146029, 0.0 ], [ 110.964183645769793, -6.858754510114899, 0.0 ], [ 110.962801212970206, -6.858493091600979, 0.0 ], [ 110.961193447837701, -6.858261833148705, 0.0 ], [ 110.960634593990406, -6.858112447513695, 0.0 ], [ 110.959959367119396, -6.858086375295831, 0.0 ], [ 110.959596925499, -6.857871221342817, 0.0 ], [ 110.959405393244793, -6.857595676215292, 0.0 ], [ 110.959174350070697, -6.85716771774022, 0.0 ], [ 110.958900761793998, -6.856285219974207, 0.0 ], [ 110.958546597628001, -6.855072967208757, 0.0 ], [ 110.957783571819505, -6.852633799621541, 0.0 ], [ 110.957183482702405, -6.851006639151129, 0.0 ], [ 110.956278084214205, -6.848896699830604, 0.0 ], [ 110.955891218667801, -6.848280212231009, 0.0 ], [ 110.955268211169894, -6.847408408515243, 0.0 ], [ 110.9581270343336, -6.846328229489851, 0.0 ], [ 110.959393546786998, -6.845720059500676, 0.0 ], [ 110.961138209157099, -6.845208802750261, 0.0 ], [ 110.962451929851198, -6.844678666417043, 0.0 ], [ 110.963800475624794, -6.844125456061597, 0.0 ], [ 110.9647526659882, -6.843387674950337, 0.0 ], [ 110.967833232543995, -6.840946666566331, 0.0 ], [ 110.969951182256906, -6.839432955313936, 0.0 ], [ 110.972480265804506, -6.837697382182171, 0.0 ], [ 110.973978992406302, -6.836467750096793, 0.0 ], [ 110.9746021014967, -6.836647470586354, 0.0 ], [ 110.975487022762096, -6.836983049474474, 0.0 ], [ 110.976286790400096, -6.837408804609, 0.0 ], [ 110.977401607458503, -6.838101436598207, 0.0 ], [ 110.978528993297999, -6.838969417036849, 0.0 ], [ 110.979243453823003, -6.839508532495524, 0.0 ], [ 110.979994478668701, -6.840093728673017, 0.0 ], [ 110.980866357462503, -6.840736940346925, 0.0 ], [ 110.982118856086899, -6.841665413223199, 0.0 ], [ 110.982182091203398, -6.841911709908962, 0.0 ], [ 110.982368363218896, -6.843378694553153, 0.0 ], [ 110.982330537235498, -6.843712769769622, 0.0 ], [ 110.982448784633405, -6.84404801619636, 0.0 ], [ 110.982510524584697, -6.844413020798997, 0.0 ], [ 110.982502353050407, -6.844882195856731, 0.0 ], [ 110.982322117422896, -6.845606130703514, 0.0 ], [ 110.982051770322897, -6.846361539509959, 0.0 ], [ 110.982067926484106, -6.846535514514144, 0.0 ], [ 110.982157106770998, -6.846695681609075, 0.0 ], [ 110.982085452768203, -6.846988816184428, 0.0 ], [ 110.981972193044598, -6.847504128825635, 0.0 ], [ 110.981902397302903, -6.84832074674711, 0.0 ], [ 110.9820278952877, -6.849512678121957, 0.0 ], [ 110.982352015496502, -6.850656910066642, 0.0 ], [ 110.982537769214204, -6.850957791627281, 0.0 ], [ 110.982666609253101, -6.851537791276356, 0.0 ], [ 110.982930591935201, -6.851796024000929, 0.0 ], [ 110.986178779490004, -6.852371268048405, 0.0 ], [ 110.986137179325993, -6.852662819305797, 0.0 ], [ 110.9863464396512, -6.853305343655184, 0.0 ], [ 110.986535256220094, -6.853710655724322, 0.0 ], [ 110.9870164813657, -6.854124890543551, 0.0 ], [ 110.987392320935498, -6.854411009462095, 0.0 ], [ 110.988685258566093, -6.854984692541898, 0.0 ], [ 110.988957574721695, -6.855155798396673, 0.0 ], [ 110.989087212440594, -6.855426644458172, 0.0 ], [ 110.989322193789405, -6.856472676139727, 0.0 ], [ 110.989032987416607, -6.858049151994571, 0.0 ], [ 110.988474575007899, -6.8580683305636, 0.0 ], [ 110.988364059734707, -6.85853044557221, 0.0 ], [ 110.988309418989999, -6.858673577883785, 0.0 ], [ 110.988367479963102, -6.858875861961144, 0.0 ], [ 110.988488441601902, -6.859623298790718, 0.0 ], [ 110.988317775923704, -6.859677079900904, 0.0 ], [ 110.987856057196396, -6.859636464055051, 0.0 ], [ 110.987535493494704, -6.859734667907582, 0.0 ], [ 110.987256268467803, -6.85979425827859, 0.0 ], [ 110.986784152547898, -6.859458632782498, 0.0 ], [ 110.986685948009907, -6.85982722183031, 0.0 ], [ 110.986319847073105, -6.859753686186343, 0.0 ], [ 110.9862309438995, -6.86026903944428, 0.0 ], [ 110.986160138203203, -6.860434830131325, 0.0 ], [ 110.985901872347398, -6.86035036232313, 0.0 ], [ 110.985947034699507, -6.860194649778419, 0.0 ], [ 110.985893854998594, -6.860106131790598, 0.0 ], [ 110.985872017225105, -6.860106210287201, 0.0 ], [ 110.985724553832299, -6.860088797755291, 0.0 ], [ 110.985585695466597, -6.860153925772828, 0.0 ], [ 110.985471043659501, -6.860597802490563, 0.0 ], [ 110.985469446412495, -6.860613944779212, 0.0 ], [ 110.985338440932594, -6.86056507989025, 0.0 ], [ 110.985385154981699, -6.860332415601532, 0.0 ], [ 110.9852935475853, -6.860270673042127, 0.0 ], [ 110.985260950875698, -6.860060638180805, 0.0 ], [ 110.985041366049899, -6.860071861111829, 0.0 ], [ 110.985002955890707, -6.860177779632058, 0.0 ], [ 110.984919356104697, -6.860229663327554, 0.0 ], [ 110.984710230340596, -6.860177546836469, 0.0 ], [ 110.984699388537095, -6.860177525353551, 0.0 ], [ 110.984747813303599, -6.860005095268416, 0.0 ], [ 110.984639676046399, -6.859900987612681, 0.0 ], [ 110.984472936460804, -6.859864954361346, 0.0 ], [ 110.984473263454007, -6.859783665544152, 0.0 ], [ 110.984326700965099, -6.859723233049029, 0.0 ], [ 110.984271339030798, -6.859804459150852, 0.0 ], [ 110.984125006214498, -6.859785198777582, 0.0 ], [ 110.984108353333994, -6.859988125137605, 0.0 ], [ 110.983993472027393, -6.860012314720171, 0.0 ], [ 110.983869046180999, -6.859945739877326, 0.0 ], [ 110.983599702037296, -6.859742224906014, 0.0 ], [ 110.983246191294597, -6.859672092407547, 0.0 ], [ 110.983199114651299, -6.859974120498024, 0.0 ], [ 110.983441380312001, -6.860083991796025, 0.0 ], [ 110.983387736030295, -6.860606025617413, 0.0 ], [ 110.983583650238003, -6.860556977408587, 0.0 ], [ 110.983618184183499, -6.860475842195165, 0.0 ], [ 110.984273223944996, -6.860558166535732, 0.0 ], [ 110.984216047085496, -6.860919207067866, 0.0 ], [ 110.984449955859304, -6.860972402451719, 0.0 ], [ 110.984374202221503, -6.861358097471093, 0.0 ], [ 110.984215426259993, -6.861243443127662, 0.0 ], [ 110.984158828429898, -6.861469601755106, 0.0 ], [ 110.984017250014602, -6.861439158482916, 0.0 ], [ 110.983813013994194, -6.862071898330612, 0.0 ], [ 110.983819552793705, -6.862093230838258, 0.0 ], [ 110.983778225926997, -6.862034241483936, 0.0 ], [ 110.983645980904001, -6.861985206352035, 0.0 ], [ 110.983625366712104, -6.862113981992442, 0.0 ], [ 110.983474122186493, -6.862092188804152, 0.0 ], [ 110.983501565302902, -6.861752025289018, 0.0 ], [ 110.983113956430302, -6.861677793558481, 0.0 ], [ 110.983029375545101, -6.862091860900768, 0.0 ], [ 110.9831580365463, -6.862123459575556, 0.0 ], [ 110.983074445453497, -6.86261077630579, 0.0 ], [ 110.982941034467601, -6.86257795753132, 0.0 ], [ 110.982792101752295, -6.863141161668895, 0.0 ], [ 110.982568243466901, -6.863104541535503, 0.0 ], [ 110.982362161836505, -6.863039985918524, 0.0 ], [ 110.982207016397894, -6.863615778953745, 0.0 ], [ 110.982081147421994, -6.863614735289964, 0.0 ], [ 110.9819662526765, -6.863633555221205, 0.0 ], [ 110.981815517000697, -6.863981350955002, 0.0 ], [ 110.981704334875701, -6.863920655890778, 0.0 ], [ 110.981806831151204, -6.863463046804923, 0.0 ], [ 110.981849965145301, -6.863153774641334, 0.0 ], [ 110.9810788182739, -6.86310078754451, 0.0 ], [ 110.981070159493498, -6.863465618673344, 0.0 ], [ 110.980833558940702, -6.863420801431723, 0.0 ], [ 110.980843946592501, -6.863084597016239, 0.0 ], [ 110.980833827620302, -6.862948389900107, 0.0 ], [ 110.9806213913037, -6.862881326872782, 0.0 ], [ 110.980629230634804, -6.862706046026084, 0.0 ], [ 110.980404131321194, -6.862683298164836, 0.0 ], [ 110.980360949986206, -6.863303498510895, 0.0 ], [ 110.980083260539701, -6.863290998181955, 0.0 ], [ 110.980099746707197, -6.8630719940964, 0.0 ], [ 110.979821885980002, -6.863068552260078, 0.0 ], [ 110.979772139626405, -6.863625399569256, 0.0 ], [ 110.979818753896396, -6.863664255212935, 0.0 ], [ 110.980338720439804, -6.86375503425204, 0.0 ], [ 110.980780582499094, -6.863802327427376, 0.0 ], [ 110.9807777559556, -6.864953483209118, 0.0 ], [ 110.981081115260196, -6.865115283558731, 0.0 ], [ 110.981190216627894, -6.865337844733806, 0.0 ], [ 110.981186319462495, -6.865517331832081, 0.0 ], [ 110.981199232556904, -6.865665401109143, 0.0 ], [ 110.981277933942906, -6.865707586696171, 0.0 ], [ 110.981427342072195, -6.865782377340962, 0.0 ], [ 110.981408373950302, -6.865931079655837, 0.0 ], [ 110.981440512721306, -6.866049452730627, 0.0 ], [ 110.981551618610695, -6.866178708716029, 0.0 ], [ 110.981319473173698, -6.866611791603643, 0.0 ], [ 110.981109931306406, -6.86692733341355, 0.0 ], [ 110.980875596481894, -6.866914820862713, 0.0 ], [ 110.980863213534604, -6.867134624999319, 0.0 ], [ 110.980756184447898, -6.867121674988978, 0.0 ], [ 110.980304577661997, -6.867122576877238, 0.0 ], [ 110.980027385809294, -6.86722572116845, 0.0 ], [ 110.979963450934505, -6.867797146441555, 0.0 ], [ 110.980842054982404, -6.868066514796687, 0.0 ], [ 110.9815144386111, -6.868120034558138, 0.0 ], [ 110.981640116035607, -6.868432184495216, 0.0 ], [ 110.981702296875596, -6.868811987381021, 0.0 ], [ 110.982148331834296, -6.868866992514995, 0.0 ], [ 110.982095305993298, -6.869222118706459, 0.0 ] ] ] ] } },
{ "type": "Feature", "properties": { "Name": "TERKESI", "VILLAGES": "Terkesi", "CC_4": "3315150007", "SUB_DIST": "Klambu", "DISTRICT": "Pati", "GID_4": "IDN.10.9.9.8_1", "AREA_HA": 382 }, "geometry": { "type": "MultiPolygon", "coordinates": [ [ [ [ 110.790387230223999, -7.001599741651748, 0.0 ], [ 110.789546117527195, -7.001309612165724, 0.0 ], [ 110.788587308372101, -7.000917538315563, 0.0 ], [ 110.788045267536702, -7.000612112527843, 0.0 ], [ 110.787565200613599, -7.000052930755751, 0.0 ], [ 110.786724308338904, -6.999701216380241, 0.0 ], [ 110.786019771772004, -6.999384225688787, 0.0 ], [ 110.785615109753294, -6.999174687664472, 0.0 ], [ 110.784755864360406, -6.998684407329026, 0.0 ], [ 110.784601325458496, -6.998530146103293, 0.0 ], [ 110.783624352830202, -6.998160756974285, 0.0 ], [ 110.783410792745897, -6.998218315973176, 0.0 ], [ 110.782873230370001, -6.997841186780947, 0.0 ], [ 110.782300763421503, -6.997498881684438, 0.0 ], [ 110.781987784763402, -6.997147366574622, 0.0 ], [ 110.7816423009305, -6.996751407101593, 0.0 ], [ 110.781313292103903, -6.996235978336461, 0.0 ], [ 110.781200365296399, -6.995641559900244, 0.0 ], [ 110.781319154460405, -6.994805530704475, 0.0 ], [ 110.781386589610506, -6.994365425034184, 0.0 ], [ 110.781448135426402, -6.993470606527619, 0.0 ], [ 110.781104796198903, -6.99298474075632, 0.0 ], [ 110.780929181816404, -6.992948720861404, 0.0 ], [ 110.780456810201997, -6.992867308223849, 0.0 ], [ 110.780139950119803, -6.992832538910447, 0.0 ], [ 110.779760449713294, -6.992703642577808, 0.0 ], [ 110.779455309186204, -6.99259737841201, 0.0 ], [ 110.778958412459701, -6.992294602141364, 0.0 ], [ 110.778880361267596, -6.992303321419743, 0.0 ], [ 110.778642275935297, -6.992337983726615, 0.0 ], [ 110.778247723777397, -6.992237937158483, 0.0 ], [ 110.777831274995606, -6.992070363362994, 0.0 ], [ 110.777279246535898, -6.991851287045693, 0.0 ], [ 110.777019218571397, -6.991793265296595, 0.0 ], [ 110.776416265484002, -6.99155716917487, 0.0 ], [ 110.7758446070319, -6.991351145216039, 0.0 ], [ 110.775491471983301, -6.991228033630071, 0.0 ], [ 110.775124051721207, -6.991216108777547, 0.0 ], [ 110.7747563330026, -6.99114204377108, 0.0 ], [ 110.7747243118407, -6.990996727837242, 0.0 ], [ 110.774228049480499, -6.991039505989955, 0.0 ], [ 110.773583420305201, -6.991092364313449, 0.0 ], [ 110.773262022418393, -6.99091445422175, 0.0 ], [ 110.773142358620106, -6.99077915144569, 0.0 ], [ 110.773162472076194, -6.990494430882232, 0.0 ], [ 110.773171340618703, -6.990085057085651, 0.0 ], [ 110.773169914915798, -6.989824138157347, 0.0 ], [ 110.773096527202796, -6.989247697438067, 0.0 ], [ 110.7728625546806, -6.988700770708764, 0.0 ], [ 110.772645471031097, -6.98828017752671, 0.0 ], [ 110.772410409082894, -6.98793182847731, 0.0 ], [ 110.772230052582401, -6.987532334248615, 0.0 ], [ 110.771965077892901, -6.987363569473604, 0.0 ], [ 110.771992414553296, -6.987145687243882, 0.0 ], [ 110.771634128877196, -6.987046863433114, 0.0 ], [ 110.771429874773602, -6.986741395657614, 0.0 ], [ 110.771063738775396, -6.986393997952999, 0.0 ], [ 110.770468673542496, -6.98585082301408, 0.0 ], [ 110.7698314338421, -6.985476213620127, 0.0 ], [ 110.769970542489901, -6.985265561493918, 0.0 ], [ 110.769613303859003, -6.985002342182955, 0.0 ], [ 110.769406219637602, -6.985161597794533, 0.0 ], [ 110.769015051803095, -6.985002883974667, 0.0 ], [ 110.769003088952303, -6.985001824045233, 0.0 ], [ 110.768627201740898, -6.984581190838792, 0.0 ], [ 110.768554428026803, -6.984208459132227, 0.0 ], [ 110.7683813100696, -6.983931957753572, 0.0 ], [ 110.768157572014104, -6.983565838762832, 0.0 ], [ 110.767999775295806, -6.983007915222409, 0.0 ], [ 110.767791823729496, -6.982270790177722, 0.0 ], [ 110.767926694213998, -6.982009037587421, 0.0 ], [ 110.768111549664596, -6.981639844240617, 0.0 ], [ 110.768266141343105, -6.981300861863172, 0.0 ], [ 110.768500913333895, -6.980833785429224, 0.0 ], [ 110.768782355317697, -6.98053595092627, 0.0 ], [ 110.768966558226595, -6.980181437944335, 0.0 ], [ 110.769298886943005, -6.980381452719455, 0.0 ], [ 110.7693325541007, -6.980621174279783, 0.0 ], [ 110.7696022583916, -6.980701518898739, 0.0 ], [ 110.770025173203607, -6.980653412469453, 0.0 ], [ 110.772015591956304, -6.980527919132782, 0.0 ], [ 110.772256402268297, -6.980089820930205, 0.0 ], [ 110.772448578996105, -6.979834872139929, 0.0 ], [ 110.7726379543208, -6.979895483672111, 0.0 ], [ 110.772763489165399, -6.979810895095007, 0.0 ], [ 110.7728045653339, -6.979594267437887, 0.0 ], [ 110.774152764020997, -6.979968074927598, 0.0 ], [ 110.774153583139395, -6.979846157402894, 0.0 ], [ 110.773806258552995, -6.979689610165885, 0.0 ], [ 110.773935751316401, -6.9792593519051, 0.0 ], [ 110.773565036875297, -6.979112277536183, 0.0 ], [ 110.773401288571904, -6.979673092281605, 0.0 ], [ 110.772978837398995, -6.979494503008154, 0.0 ], [ 110.772984777864096, -6.979351843426634, 0.0 ], [ 110.772699777904805, -6.979251790054782, 0.0 ], [ 110.772656119029506, -6.979147256704215, 0.0 ], [ 110.773256741014805, -6.978325114156104, 0.0 ], [ 110.772831071265301, -6.978014758212836, 0.0 ], [ 110.772615577510095, -6.977790430850449, 0.0 ], [ 110.772633059900599, -6.977581066028379, 0.0 ], [ 110.772866973486401, -6.977322558410301, 0.0 ], [ 110.773790823654807, -6.976278558146898, 0.0 ], [ 110.774183585402795, -6.976022162028682, 0.0 ], [ 110.775075249199503, -6.976264474478183, 0.0 ], [ 110.775330973751394, -6.976322597108418, 0.0 ], [ 110.775139287585802, -6.977357921688555, 0.0 ], [ 110.774763784490801, -6.978943449050966, 0.0 ], [ 110.774718443462604, -6.979480876995839, 0.0 ], [ 110.775456424300302, -6.979792445388512, 0.0 ], [ 110.775525657945806, -6.979449436329494, 0.0 ], [ 110.775655515415295, -6.979521449591298, 0.0 ], [ 110.775779134832703, -6.979728169324042, 0.0 ], [ 110.776159922232196, -6.979920994358277, 0.0 ], [ 110.776550370480194, -6.980054627353793, 0.0 ], [ 110.777107189365907, -6.980107850729951, 0.0 ], [ 110.777219004964394, -6.979505606957419, 0.0 ], [ 110.777248662541297, -6.979026918130778, 0.0 ], [ 110.777442334383196, -6.979056945542202, 0.0 ], [ 110.777559989431793, -6.978878356257451, 0.0 ], [ 110.777528079799097, -6.978622048007075, 0.0 ], [ 110.777601486178696, -6.978492230047058, 0.0 ], [ 110.777855331962797, -6.978510472871312, 0.0 ], [ 110.778123928045602, -6.9783778630366, 0.0 ], [ 110.778245921335397, -6.978059365549837, 0.0 ], [ 110.777914983017894, -6.977877394119053, 0.0 ], [ 110.777943468686203, -6.977459205578648, 0.0 ], [ 110.777732077468599, -6.977321599394358, 0.0 ], [ 110.777774866517206, -6.977033190458496, 0.0 ], [ 110.778677086096494, -6.977285511577636, 0.0 ], [ 110.780935019359404, -6.978091449466914, 0.0 ], [ 110.782869858111397, -6.97884022983486, 0.0 ], [ 110.783793357271193, -6.979034398975251, 0.0 ], [ 110.783972060893603, -6.979040467906739, 0.0 ], [ 110.784627967062704, -6.978365747605605, 0.0 ], [ 110.785827144044404, -6.976955874303861, 0.0 ], [ 110.786845547439498, -6.97330454417812, 0.0 ], [ 110.786989473909898, -6.973343915289646, 0.0 ], [ 110.787736291690706, -6.973617830401498, 0.0 ], [ 110.787920070510594, -6.973855944955631, 0.0 ], [ 110.788393491417594, -6.974024820855242, 0.0 ], [ 110.788442871750107, -6.974318768344621, 0.0 ], [ 110.788445716545894, -6.974825765835528, 0.0 ], [ 110.788574064123296, -6.975135726989661, 0.0 ], [ 110.789221337923294, -6.975432652282458, 0.0 ], [ 110.788808663931107, -6.976044394237649, 0.0 ], [ 110.787881955538097, -6.977038885818607, 0.0 ], [ 110.787581677589202, -6.977021734611371, 0.0 ], [ 110.787381891809702, -6.977213541991193, 0.0 ], [ 110.7872240578739, -6.97758016215202, 0.0 ], [ 110.787490831327204, -6.977479248681504, 0.0 ], [ 110.787377599747003, -6.977788796846376, 0.0 ], [ 110.787003142951406, -6.978543889341396, 0.0 ], [ 110.786397690687195, -6.980083225890456, 0.0 ], [ 110.785814995089595, -6.981538925567316, 0.0 ], [ 110.785408485591503, -6.981628208382644, 0.0 ], [ 110.785346269372297, -6.982054532471119, 0.0 ], [ 110.785196717936401, -6.982233946469947, 0.0 ], [ 110.785230010052103, -6.983776375726611, 0.0 ], [ 110.785487046254602, -6.983923529986571, 0.0 ], [ 110.785430000993202, -6.984807144528196, 0.0 ], [ 110.785767107365501, -6.984973171673042, 0.0 ], [ 110.785751870452501, -6.985359598644061, 0.0 ], [ 110.786189600677105, -6.98554665338675, 0.0 ], [ 110.786455211495394, -6.985794208833461, 0.0 ], [ 110.786634713466896, -6.986141753356931, 0.0 ], [ 110.7870279333344, -6.98701477870206, 0.0 ], [ 110.787567268440199, -6.987890829793123, 0.0 ], [ 110.787602819921901, -6.987948266054228, 0.0 ], [ 110.788200283043693, -6.988234127341178, 0.0 ], [ 110.788240095934597, -6.988233941759741, 0.0 ], [ 110.789450143956799, -6.988718516794941, 0.0 ], [ 110.789952351275701, -6.988906239760519, 0.0 ], [ 110.790004171204302, -6.988908092082553, 0.0 ], [ 110.790017092731304, -6.98890824427507, 0.0 ], [ 110.791082876295604, -6.989342967716956, 0.0 ], [ 110.791145676117793, -6.989374870517187, 0.0 ], [ 110.791821239479702, -6.989725519418467, 0.0 ], [ 110.792151128519507, -6.990035331085013, 0.0 ], [ 110.792320987632195, -6.990238678585504, 0.0 ], [ 110.792409734960998, -6.990352727100964, 0.0 ], [ 110.792318494700098, -6.990610375397361, 0.0 ], [ 110.791952766503201, -6.990549623981061, 0.0 ], [ 110.791531195129295, -6.990643645522654, 0.0 ], [ 110.791090553714398, -6.990639347698349, 0.0 ], [ 110.789869859302499, -6.990519742597012, 0.0 ], [ 110.789785734351895, -6.990291754372282, 0.0 ], [ 110.789449196018396, -6.990146246659482, 0.0 ], [ 110.789083213941396, -6.990147364443501, 0.0 ], [ 110.788958502255696, -6.990252407191269, 0.0 ], [ 110.7887932524484, -6.99018749598349, 0.0 ], [ 110.788680652180801, -6.990889392555792, 0.0 ], [ 110.789293453797001, -6.991029853385461, 0.0 ], [ 110.789326551042507, -6.991332746242523, 0.0 ], [ 110.789465041617802, -6.991502939017491, 0.0 ], [ 110.789374723842698, -6.992305244370413, 0.0 ], [ 110.789524666780295, -6.992565877745095, 0.0 ], [ 110.789570248616897, -6.993011406189424, 0.0 ], [ 110.790965316808197, -6.99325730158556, 0.0 ], [ 110.7909817700193, -6.993902785138094, 0.0 ], [ 110.791837658573399, -6.994194521167272, 0.0 ], [ 110.791880155090595, -6.994196214011051, 0.0 ], [ 110.792263678478193, -6.994306529023503, 0.0 ], [ 110.792672523847301, -6.994442850036611, 0.0 ], [ 110.793412335280607, -6.994451693108704, 0.0 ], [ 110.793477578524005, -6.995139374070495, 0.0 ], [ 110.791837468540194, -6.994881830336632, 0.0 ], [ 110.791156265605395, -6.994968893356866, 0.0 ], [ 110.791096360250407, -6.995447098151921, 0.0 ], [ 110.791124261687997, -6.995829914232959, 0.0 ], [ 110.790936044041203, -6.995959852677325, 0.0 ], [ 110.7909396786863, -6.996314367891053, 0.0 ], [ 110.790955773259299, -6.996657386067421, 0.0 ], [ 110.790784467999103, -6.997024791310802, 0.0 ], [ 110.791338182854204, -6.997241333127342, 0.0 ], [ 110.7914314079473, -6.997527552617365, 0.0 ], [ 110.791730162939899, -6.997619431930679, 0.0 ], [ 110.791779832125897, -6.997635574200161, 0.0 ], [ 110.792016125761805, -6.997777103345377, 0.0 ], [ 110.792005275479696, -6.998117493043844, 0.0 ], [ 110.791774206434198, -6.998018862847651, 0.0 ], [ 110.791526510174194, -6.997887520354733, 0.0 ], [ 110.791504396519102, -6.998284766988164, 0.0 ], [ 110.791707425249399, -6.998326903937294, 0.0 ], [ 110.791760014775903, -6.99863909099466, 0.0 ], [ 110.792118570556795, -6.998781292772041, 0.0 ], [ 110.792217291831307, -6.998804361304092, 0.0 ], [ 110.792592081193604, -6.999011868239768, 0.0 ], [ 110.792826378544603, -6.999218517457159, 0.0 ], [ 110.7930395871565, -6.999244874510536, 0.0 ], [ 110.793365068123705, -6.999491523441307, 0.0 ], [ 110.793416340599904, -6.999859538173094, 0.0 ], [ 110.793571275337797, -7.000560846463301, 0.0 ], [ 110.793532424290404, -7.001450766861206, 0.0 ], [ 110.793370008616705, -7.001384908587012, 0.0 ], [ 110.793027665537707, -7.001131008462404, 0.0 ], [ 110.792605902752896, -7.000971403427484, 0.0 ], [ 110.792275671285594, -7.001011088756679, 0.0 ], [ 110.792389651568399, -7.001274652789823, 0.0 ], [ 110.792394880147299, -7.0016472960303, 0.0 ], [ 110.792362820406694, -7.001898813070464, 0.0 ], [ 110.792455237540693, -7.002163891358507, 0.0 ], [ 110.792391282246996, -7.002207160386138, 0.0 ], [ 110.791286197673003, -7.001874877541366, 0.0 ], [ 110.790387230223999, -7.001599741651748, 0.0 ] ] ] ] } },
{ "type": "Feature", "properties": { "Name": "TLOGOAYU", "VILLAGES": "Tlogoayu", "CC_4": "3318110003", "SUB_DIST": "Gabus", "DISTRICT": "Pati", "GID_4": "IDN.10.21.4.23_1", "AREA_HA": 327 }, "geometry": { "type": "MultiPolygon", "coordinates": [ [ [ [ 111.015191788675494, -6.831177615168611, 0.0 ], [ 111.015116061626401, -6.831184476904152, 0.0 ], [ 111.015098996585607, -6.831047019414171, 0.0 ], [ 111.015148987791804, -6.831031975206549, 0.0 ], [ 111.015133769512005, -6.830979168291189, 0.0 ], [ 111.015577649351101, -6.831082985080259, 0.0 ], [ 111.015663919003401, -6.830986005007145, 0.0 ], [ 111.015898580638193, -6.830132394566782, 0.0 ], [ 111.016399993688495, -6.8302770093639, 0.0 ], [ 111.016655233409296, -6.83031077533509, 0.0 ], [ 111.018077729655701, -6.830683262479155, 0.0 ], [ 111.018299789257995, -6.8306902906308, 0.0 ], [ 111.018814354914298, -6.830802980571343, 0.0 ], [ 111.019987539238599, -6.831032249316744, 0.0 ], [ 111.020114951699597, -6.830933652410432, 0.0 ], [ 111.020189726143798, -6.830244167507323, 0.0 ], [ 111.020293442010697, -6.829601862174224, 0.0 ], [ 111.020298556529298, -6.829473970650219, 0.0 ], [ 111.020370726924298, -6.829320040142459, 0.0 ], [ 111.020458480833, -6.829359653827989, 0.0 ], [ 111.020425089591498, -6.829549220655093, 0.0 ], [ 111.020758412293205, -6.829633191980014, 0.0 ], [ 111.020836690391604, -6.829119896118121, 0.0 ], [ 111.020591603909395, -6.829004954227925, 0.0 ], [ 111.020244854968894, -6.82891507833822, 0.0 ], [ 111.019965775291297, -6.828856179969584, 0.0 ], [ 111.019943733884304, -6.828856395078373, 0.0 ], [ 111.018122808373207, -6.828471879896034, 0.0 ], [ 111.017597390463706, -6.828427778678223, 0.0 ], [ 111.017587311671704, -6.828533510179676, 0.0 ], [ 111.017245141527098, -6.828421301840189, 0.0 ], [ 111.0169692461469, -6.828335648725431, 0.0 ], [ 111.017014588324898, -6.828051511582355, 0.0 ], [ 111.016670011377897, -6.828030079976655, 0.0 ], [ 111.016614622086905, -6.828167149570239, 0.0 ], [ 111.016425810301499, -6.828104306661706, 0.0 ], [ 111.016565515213401, -6.827650726590193, 0.0 ], [ 111.016399982723996, -6.827570230664854, 0.0 ], [ 111.015920269156794, -6.827419704401244, 0.0 ], [ 111.015838984290596, -6.827399558183765, 0.0 ], [ 111.016109019616593, -6.826562270574192, 0.0 ], [ 111.016857187025593, -6.826666805788966, 0.0 ], [ 111.016991165411198, -6.82637835022546, 0.0 ], [ 111.016017575559204, -6.826344263405461, 0.0 ], [ 111.015613450391101, -6.82625589320352, 0.0 ], [ 111.015636161766096, -6.82539339053658, 0.0 ], [ 111.015505683430405, -6.825282548689196, 0.0 ], [ 111.014187961572006, -6.82523285781496, 0.0 ], [ 111.013796391841396, -6.825239284896877, 0.0 ], [ 111.013685358445699, -6.825697639704707, 0.0 ], [ 111.013487504810101, -6.82602503531776, 0.0 ], [ 111.013387931687205, -6.825985216096065, 0.0 ], [ 111.013371814770096, -6.825881436152325, 0.0 ], [ 111.0127774785051, -6.825831910789798, 0.0 ], [ 111.012496824727407, -6.825823863166169, 0.0 ], [ 111.011989659435002, -6.825789471968476, 0.0 ], [ 111.011977992223393, -6.825585362714182, 0.0 ], [ 111.011702232170705, -6.825586045857817, 0.0 ], [ 111.0116885909041, -6.825820968192839, 0.0 ], [ 111.011952806088104, -6.825877105013632, 0.0 ], [ 111.012507928563195, -6.825895764498969, 0.0 ], [ 111.012383723807503, -6.826531107656708, 0.0 ], [ 111.011801371191098, -6.82640519347002, 0.0 ], [ 111.011441536320504, -6.826381354815099, 0.0 ], [ 111.011384797050795, -6.826320886030774, 0.0 ], [ 111.011402902286605, -6.825853308784955, 0.0 ], [ 111.011145853792698, -6.825854397848815, 0.0 ], [ 111.011116099616999, -6.826198882673313, 0.0 ], [ 111.011078542668102, -6.826306074821943, 0.0 ], [ 111.010567388222995, -6.826266245436992, 0.0 ], [ 111.010889251421602, -6.826550497732338, 0.0 ], [ 111.011279808530901, -6.826800185853554, 0.0 ], [ 111.011910938837801, -6.827242737105697, 0.0 ], [ 111.012118276237501, -6.82737708445179, 0.0 ], [ 111.012138647295302, -6.827048454330259, 0.0 ], [ 111.012174676038001, -6.826674907467482, 0.0 ], [ 111.012504691654698, -6.826740372502933, 0.0 ], [ 111.012522550979895, -6.826944172468825, 0.0 ], [ 111.012483469661007, -6.827509454722955, 0.0 ], [ 111.012433170336195, -6.82763749722363, 0.0 ], [ 111.0129772759894, -6.82773309946587, 0.0 ], [ 111.014029592491795, -6.82777414879923, 0.0 ], [ 111.014490716189698, -6.827751720269384, 0.0 ], [ 111.014717000626206, -6.827784630831016, 0.0 ], [ 111.014746344131595, -6.828711803746911, 0.0 ], [ 111.014871620914207, -6.82879566851934, 0.0 ], [ 111.0148950513356, -6.828908616097856, 0.0 ], [ 111.014651782404798, -6.82895716917696, 0.0 ], [ 111.014733829190206, -6.829130608184309, 0.0 ], [ 111.015017258484306, -6.829139704448728, 0.0 ], [ 111.014887667922693, -6.829576549842888, 0.0 ], [ 111.014772532949195, -6.829853273388259, 0.0 ], [ 111.014543233667396, -6.830416679994351, 0.0 ], [ 111.014386877237897, -6.830519414964608, 0.0 ], [ 111.0142516133442, -6.830526496290091, 0.0 ], [ 111.0142464507515, -6.830620980511402, 0.0 ], [ 111.014126348612194, -6.830627134717878, 0.0 ], [ 111.014129012222497, -6.830720306150627, 0.0 ], [ 111.014925923965805, -6.830955249998929, 0.0 ], [ 111.015013243133595, -6.831064235959581, 0.0 ], [ 111.014923421581003, -6.831077639554052, 0.0 ], [ 111.014843254940203, -6.830957754302773, 0.0 ], [ 111.014515948374495, -6.830872218551924, 0.0 ], [ 111.014060904304699, -6.830784850408125, 0.0 ], [ 111.014045432566107, -6.830784780931353, 0.0 ], [ 111.013741666014894, -6.830725225779117, 0.0 ], [ 111.013730930840595, -6.83064062342681, 0.0 ], [ 111.0131690650759, -6.830614082526075, 0.0 ], [ 111.0131482504339, -6.830919852397577, 0.0 ], [ 111.013213564257995, -6.830950131075681, 0.0 ], [ 111.013098535242094, -6.831587072022709, 0.0 ], [ 111.013442437559306, -6.831722361612691, 0.0 ], [ 111.013423529863303, -6.832450442673432, 0.0 ], [ 111.013282673031497, -6.832900840009667, 0.0 ], [ 111.013337340330906, -6.833036164393685, 0.0 ], [ 111.013220529772894, -6.833335694457672, 0.0 ], [ 111.012647337422706, -6.833364430900447, 0.0 ], [ 111.011664576947396, -6.83302974198758, 0.0 ], [ 111.010656167351598, -6.832701985226768, 0.0 ], [ 111.010474244191101, -6.832515017135784, 0.0 ], [ 111.010540199887103, -6.832043023949781, 0.0 ], [ 111.010544312548305, -6.831471658472687, 0.0 ], [ 111.010197982042399, -6.830777141717841, 0.0 ], [ 111.009988754974799, -6.830301269384106, 0.0 ], [ 111.009876847815406, -6.829769452877727, 0.0 ], [ 111.009746269710107, -6.828954430729469, 0.0 ], [ 111.009785282052505, -6.828029673021448, 0.0 ], [ 111.009849017670305, -6.827177238732141, 0.0 ], [ 111.009889516724101, -6.826509895415473, 0.0 ], [ 111.009874845793902, -6.826310064614282, 0.0 ], [ 111.009850653579093, -6.825853593511898, 0.0 ], [ 111.007625134088997, -6.82485760004092, 0.0 ], [ 111.006429807834493, -6.824362031491219, 0.0 ], [ 111.006126353472297, -6.824226901528932, 0.0 ], [ 111.006148742455295, -6.822031214006009, 0.0 ], [ 111.006212143119996, -6.821297601640744, 0.0 ], [ 111.0062578981982, -6.82055164935793, 0.0 ], [ 111.0061553945132, -6.820067066185779, 0.0 ], [ 111.006069591629497, -6.819808579801903, 0.0 ], [ 111.006117656348394, -6.819021808922044, 0.0 ], [ 111.006424561011798, -6.819246729078257, 0.0 ], [ 111.006824902050496, -6.819273883690549, 0.0 ], [ 111.00746002724, -6.819320139351347, 0.0 ], [ 111.007897735538094, -6.819274182606678, 0.0 ], [ 111.008593084065694, -6.819152617093105, 0.0 ], [ 111.009509287260002, -6.819152496458922, 0.0 ], [ 111.010089973434006, -6.819152549004303, 0.0 ], [ 111.010271530319997, -6.819391511426064, 0.0 ], [ 111.010324241330594, -6.81899138237412, 0.0 ], [ 111.010338206019298, -6.818150729520066, 0.0 ], [ 111.010345401064697, -6.817314594096429, 0.0 ], [ 111.010376593366203, -6.816755538272212, 0.0 ], [ 111.009184919438994, -6.817042523080321, 0.0 ], [ 111.007585128224804, -6.817274512771482, 0.0 ], [ 111.007536435417293, -6.817273831414608, 0.0 ], [ 111.007479553847205, -6.817273927148557, 0.0 ], [ 111.007414544311601, -6.817274099688318, 0.0 ], [ 111.006197163105597, -6.817438079327992, 0.0 ], [ 111.005845481187293, -6.817473817638232, 0.0 ], [ 111.005925071488903, -6.817840360002579, 0.0 ], [ 111.005985896045104, -6.818219679375782, 0.0 ], [ 111.005969025389803, -6.818351173176892, 0.0 ], [ 111.005787805966904, -6.817870650803847, 0.0 ], [ 111.005520779812599, -6.817862797029988, 0.0 ], [ 111.004896018244906, -6.81819582660899, 0.0 ], [ 111.004175140355898, -6.818119845786828, 0.0 ], [ 111.003526313860206, -6.818349032325491, 0.0 ], [ 111.001251992253302, -6.818565443120496, 0.0 ], [ 111.000319395173804, -6.818607949236676, 0.0 ], [ 111.000081908091104, -6.81867818731764, 0.0 ], [ 110.999641997280506, -6.818735337305056, 0.0 ], [ 110.999436031478893, -6.81875118468361, 0.0 ], [ 110.999430898985906, -6.819051523192497, 0.0 ], [ 110.999033931048899, -6.818928147169651, 0.0 ], [ 110.998259588455994, -6.81952657133552, 0.0 ], [ 110.998003006260404, -6.81934092157056, 0.0 ], [ 110.997656759768901, -6.819327305624959, 0.0 ], [ 110.997561772115105, -6.82022903540575, 0.0 ], [ 110.997541939022298, -6.82031554413307, 0.0 ], [ 110.997315060409093, -6.820531838503008, 0.0 ], [ 110.997154108302198, -6.820463004193466, 0.0 ], [ 110.996764921818595, -6.820681147211005, 0.0 ], [ 110.996647193767103, -6.820681149248736, 0.0 ], [ 110.996507858767799, -6.820763396379629, 0.0 ], [ 110.996434942317904, -6.820793150375681, 0.0 ], [ 110.996301346031004, -6.820681142276184, 0.0 ], [ 110.996169478087893, -6.820703721698857, 0.0 ], [ 110.996064153404106, -6.820852460886146, 0.0 ], [ 110.996008310241095, -6.820918522342478, 0.0 ], [ 110.995807698476398, -6.820969529488691, 0.0 ], [ 110.995718434993094, -6.82105620829771, 0.0 ], [ 110.995595713376701, -6.821049040247566, 0.0 ], [ 110.995507295956699, -6.820911252725432, 0.0 ], [ 110.9953268459236, -6.820925660042183, 0.0 ], [ 110.994622470302303, -6.820689270718423, 0.0 ], [ 110.994121758991099, -6.820778369691927, 0.0 ], [ 110.993284488080505, -6.820711319969516, 0.0 ], [ 110.992852214700605, -6.820621501787498, 0.0 ], [ 110.993517136081195, -6.819565733792933, 0.0 ], [ 110.994251826041605, -6.818645979099531, 0.0 ], [ 110.994599743435799, -6.81780273066342, 0.0 ], [ 110.994817011230197, -6.817126189436077, 0.0 ], [ 110.9949928917557, -6.815727398360968, 0.0 ], [ 110.995094546119503, -6.815277654575887, 0.0 ], [ 110.995208583295707, -6.814984515733681, 0.0 ], [ 110.995479764517, -6.81395699595916, 0.0 ], [ 110.996042290446596, -6.81310506493345, 0.0 ], [ 110.996874857569097, -6.812111250627093, 0.0 ], [ 110.998163591437802, -6.811401737406129, 0.0 ], [ 110.999044969328693, -6.811206370084026, 0.0 ], [ 111.000776694784705, -6.810964213805916, 0.0 ], [ 111.001924082246106, -6.81037778062388, 0.0 ], [ 111.002966439376493, -6.810035785953912, 0.0 ], [ 111.004378953278902, -6.809819241743369, 0.0 ], [ 111.004687753295997, -6.809693847391932, 0.0 ], [ 111.004574116374698, -6.810166013769891, 0.0 ], [ 111.004561745616897, -6.810373821760054, 0.0 ], [ 111.005840639459905, -6.810554597339425, 0.0 ], [ 111.005864752562402, -6.810554588186231, 0.0 ], [ 111.006465598292294, -6.81066300980345, 0.0 ], [ 111.006983007742306, -6.810470633986036, 0.0 ], [ 111.007422875753804, -6.809307968465381, 0.0 ], [ 111.007396287208607, -6.808955531552701, 0.0 ], [ 111.007401682547595, -6.808915964431666, 0.0 ], [ 111.007597697400101, -6.808050133179214, 0.0 ], [ 111.007607541122596, -6.807980528570507, 0.0 ], [ 111.007611489687505, -6.807952611423648, 0.0 ], [ 111.007847700974907, -6.807374956240778, 0.0 ], [ 111.008773479890493, -6.80521178451794, 0.0 ], [ 111.009525561261597, -6.803811977986777, 0.0 ], [ 111.0101515187404, -6.803928795479298, 0.0 ], [ 111.010209229727195, -6.804518905767236, 0.0 ], [ 111.010095474155193, -6.805393438866961, 0.0 ], [ 111.0101437521148, -6.805608896595472, 0.0 ], [ 111.010611360862498, -6.805938032172973, 0.0 ], [ 111.010340934097997, -6.806931226583487, 0.0 ], [ 111.010124944044094, -6.808002486740539, 0.0 ], [ 111.009958348223293, -6.808375514043796, 0.0 ], [ 111.009834412524299, -6.80902598191247, 0.0 ], [ 111.009843863552504, -6.809221118819694, 0.0 ], [ 111.010018389410007, -6.809305756494799, 0.0 ], [ 111.010105184919695, -6.809631981845579, 0.0 ], [ 111.010162016719903, -6.80994581252327, 0.0 ], [ 111.010341226377193, -6.81047875327277, 0.0 ], [ 111.010206756613798, -6.810791038460578, 0.0 ], [ 111.010245035694098, -6.811135914954159, 0.0 ], [ 111.010435070253607, -6.811236710334287, 0.0 ], [ 111.010471038481597, -6.812190409218111, 0.0 ], [ 111.010379010285902, -6.812799167533628, 0.0 ], [ 111.010186758081304, -6.813927867383907, 0.0 ], [ 111.010119062313805, -6.814748317162111, 0.0 ], [ 111.010106761174498, -6.81561138909103, 0.0 ], [ 111.010181906521694, -6.816316100632355, 0.0 ], [ 111.010687731784799, -6.816340044684699, 0.0 ], [ 111.011953929129305, -6.816568356785033, 0.0 ], [ 111.012599730327494, -6.816454661273878, 0.0 ], [ 111.013220555457096, -6.81639656833244, 0.0 ], [ 111.013794740727704, -6.817005053312877, 0.0 ], [ 111.014289586924505, -6.817267291915417, 0.0 ], [ 111.014382585737195, -6.817376574663281, 0.0 ], [ 111.014863382706295, -6.81730826875195, 0.0 ], [ 111.015870238126595, -6.817484983814969, 0.0 ], [ 111.016304879464698, -6.817700247827356, 0.0 ], [ 111.016262791646398, -6.818599467387825, 0.0 ], [ 111.016138869938104, -6.819733377704431, 0.0 ], [ 111.016109205495496, -6.820286027537456, 0.0 ], [ 111.017197612069197, -6.820873343682967, 0.0 ], [ 111.018113307717201, -6.821217889124261, 0.0 ], [ 111.018800167890603, -6.821349389311013, 0.0 ], [ 111.019233330002294, -6.82137666776501, 0.0 ], [ 111.020723596339195, -6.821654802375989, 0.0 ], [ 111.020763660233698, -6.821846265214138, 0.0 ], [ 111.020689977268304, -6.82202263519733, 0.0 ], [ 111.020777457875994, -6.822330147840418, 0.0 ], [ 111.020819368229397, -6.82259262860548, 0.0 ], [ 111.020713514088698, -6.822826448134545, 0.0 ], [ 111.020974369826604, -6.823107273414607, 0.0 ], [ 111.021125882711402, -6.823170673820158, 0.0 ], [ 111.021334388442597, -6.823094765580194, 0.0 ], [ 111.0211953636354, -6.823533933659786, 0.0 ], [ 111.0212057289976, -6.823792127325866, 0.0 ], [ 111.021113871937601, -6.824166342427488, 0.0 ], [ 111.021488545934204, -6.824296995603999, 0.0 ], [ 111.021385715681205, -6.824718100777505, 0.0 ], [ 111.021099547538199, -6.824660394744095, 0.0 ], [ 111.021049931587598, -6.824438610887493, 0.0 ], [ 111.019960074053699, -6.824190759179015, 0.0 ], [ 111.019701460605802, -6.824143196648873, 0.0 ], [ 111.019468877686805, -6.824071260049577, 0.0 ], [ 111.018988007526204, -6.823926899235266, 0.0 ], [ 111.018517854088898, -6.823915103666436, 0.0 ], [ 111.018162429927102, -6.82378286923115, 0.0 ], [ 111.017772478138397, -6.82456941908477, 0.0 ], [ 111.018144886761405, -6.82468488970629, 0.0 ], [ 111.018391519602403, -6.824707658380698, 0.0 ], [ 111.0183796467512, -6.825110817106048, 0.0 ], [ 111.018575323011106, -6.825269924375686, 0.0 ], [ 111.018854124421495, -6.825269782835663, 0.0 ], [ 111.018837866067003, -6.825475728540614, 0.0 ], [ 111.018675971842995, -6.826021129470947, 0.0 ], [ 111.018657071989793, -6.826264608765631, 0.0 ], [ 111.019161482364794, -6.826321026651009, 0.0 ], [ 111.019013171012901, -6.827330650122965, 0.0 ], [ 111.019893751758801, -6.827360132551591, 0.0 ], [ 111.019824180848602, -6.82801591386174, 0.0 ], [ 111.020055034459901, -6.828161275155399, 0.0 ], [ 111.020229018130607, -6.828289323185875, 0.0 ], [ 111.020546694791193, -6.828382085268828, 0.0 ], [ 111.020637231067298, -6.828492430666937, 0.0 ], [ 111.020836994596095, -6.828567905331963, 0.0 ], [ 111.021249329506503, -6.828680794812398, 0.0 ], [ 111.021195901994901, -6.828998614659013, 0.0 ], [ 111.021313113863101, -6.8291246376884, 0.0 ], [ 111.021313369978003, -6.829423843655389, 0.0 ], [ 111.021933184118197, -6.829573610751818, 0.0 ], [ 111.021846254059994, -6.830611021790851, 0.0 ], [ 111.021780533293693, -6.831157450089098, 0.0 ], [ 111.021784421140595, -6.831389566246248, 0.0 ], [ 111.021428210768505, -6.831315025005466, 0.0 ], [ 111.021095579074597, -6.831284392370281, 0.0 ], [ 111.020732936170106, -6.831209439678258, 0.0 ], [ 111.020465702331705, -6.831221541709442, 0.0 ], [ 111.0201287883596, -6.831233573349197, 0.0 ], [ 111.019976013977399, -6.831252991239205, 0.0 ], [ 111.019804675991594, -6.831340538989513, 0.0 ], [ 111.019231709308698, -6.831321378179381, 0.0 ], [ 111.018973310567105, -6.831265200678104, 0.0 ], [ 111.018738604679598, -6.83124663498343, 0.0 ], [ 111.018573683423895, -6.831259095719953, 0.0 ], [ 111.018446638780603, -6.831252797130266, 0.0 ], [ 111.018237692652605, -6.831271356314302, 0.0 ], [ 111.018190715958397, -6.831370817857116, 0.0 ], [ 111.018186403464298, -6.83158419675412, 0.0 ], [ 111.017934666816899, -6.831529856293714, 0.0 ], [ 111.017747395534101, -6.831529834377439, 0.0 ], [ 111.017618454496699, -6.831475134460557, 0.0 ], [ 111.017485931312706, -6.83146297335824, 0.0 ], [ 111.017311962046904, -6.831499693564041, 0.0 ], [ 111.017156353431602, -6.831376568316682, 0.0 ], [ 111.017042700975693, -6.831283569191266, 0.0 ], [ 111.016883362149997, -6.831214631321602, 0.0 ], [ 111.016789087166003, -6.831289460551233, 0.0 ], [ 111.016760999268797, -6.831401097872653, 0.0 ], [ 111.016548784372603, -6.831308097955732, 0.0 ], [ 111.016333621732301, -6.831277010514818, 0.0 ], [ 111.0162129948108, -6.831245675242076, 0.0 ], [ 111.015990682276495, -6.831258534384946, 0.0 ], [ 111.015825329566994, -6.831246488463609, 0.0 ], [ 111.015697102938603, -6.831214956340496, 0.0 ], [ 111.015473189223599, -6.831195915319272, 0.0 ], [ 111.015383705508498, -6.831195631070241, 0.0 ], [ 111.015191788675494, -6.831177615168611, 0.0 ] ] ] ] } },
{ "type": "Feature", "properties": { "Name": "WEGIL", "VILLAGES": "Wegil", "CC_4": "3318010003", "SUB_DIST": "Prawoto", "DISTRICT": "Pati", "GID_4": "IDN.10.21.15.15_1", "AREA_HA": 671 }, "geometry": { "type": "MultiPolygon", "coordinates": [ [ [ [ 110.838920523789298, -6.959161917528283, 0.0 ], [ 110.839681787175905, -6.959174838014142, 0.0 ], [ 110.839721562844503, -6.959427928641293, 0.0 ], [ 110.839596538374806, -6.95956239577654, 0.0 ], [ 110.839284120555504, -6.959755671675784, 0.0 ], [ 110.838738778470201, -6.959962723455699, 0.0 ], [ 110.838434044555498, -6.960019006034975, 0.0 ], [ 110.838240586993294, -6.960008584276689, 0.0 ], [ 110.837910799084, -6.959952927568048, 0.0 ], [ 110.837795068256298, -6.959904147426333, 0.0 ], [ 110.837728921560597, -6.959818760583256, 0.0 ], [ 110.837729872235698, -6.959605536415616, 0.0 ], [ 110.837734495607094, -6.959393355233015, 0.0 ], [ 110.8377139824739, -6.959269116718569, 0.0 ], [ 110.837473374563302, -6.959251755804408, 0.0 ], [ 110.8372293786923, -6.959239502064483, 0.0 ], [ 110.8370218609613, -6.95918981067555, 0.0 ], [ 110.836965834586906, -6.959168857712736, 0.0 ], [ 110.837022099431394, -6.959102312234698, 0.0 ], [ 110.837055115714804, -6.958892917279084, 0.0 ], [ 110.837108198212803, -6.958782228772566, 0.0 ], [ 110.837284894846704, -6.958829548029574, 0.0 ], [ 110.837520514573797, -6.95889373974278, 0.0 ], [ 110.837544705123307, -6.958781582492986, 0.0 ], [ 110.837824598384799, -6.958828072225477, 0.0 ], [ 110.837820458071704, -6.958750715074359, 0.0 ], [ 110.8376096183611, -6.958661030558338, 0.0 ], [ 110.837621945713096, -6.958383067051778, 0.0 ], [ 110.837376718222103, -6.958293231200679, 0.0 ], [ 110.8372451601482, -6.958260057962836, 0.0 ], [ 110.837260826339403, -6.958033720569294, 0.0 ], [ 110.837052777142802, -6.958030436874871, 0.0 ], [ 110.837010685886796, -6.958105648354648, 0.0 ], [ 110.836810672325697, -6.958125745698015, 0.0 ], [ 110.836698891709901, -6.958163904998236, 0.0 ], [ 110.836607092837895, -6.95815422507142, 0.0 ], [ 110.836500628289798, -6.95814155034132, 0.0 ], [ 110.836529315059096, -6.957971190885022, 0.0 ], [ 110.836922854779601, -6.957931415642779, 0.0 ], [ 110.837070731174805, -6.957885760195985, 0.0 ], [ 110.837083879390804, -6.956941987332325, 0.0 ], [ 110.837494285352705, -6.956823606249065, 0.0 ], [ 110.838417629965505, -6.956465794578943, 0.0 ], [ 110.838846754340594, -6.956358581028496, 0.0 ], [ 110.839694782837498, -6.956199754575514, 0.0 ], [ 110.839833097877602, -6.95618328506849, 0.0 ], [ 110.840196320558903, -6.955919426878227, 0.0 ], [ 110.840368450093493, -6.95576872229945, 0.0 ], [ 110.840404563630898, -6.955528480111893, 0.0 ], [ 110.841387838142396, -6.955328523263657, 0.0 ], [ 110.842347015048901, -6.954971991737939, 0.0 ], [ 110.842866048633297, -6.95459532698212, 0.0 ], [ 110.843728971734706, -6.953959628197985, 0.0 ], [ 110.844365102597493, -6.95363098078717, 0.0 ], [ 110.844666294159893, -6.953438746263473, 0.0 ], [ 110.845468721229295, -6.953264017226352, 0.0 ], [ 110.846306205561604, -6.953116709068158, 0.0 ], [ 110.846761323094796, -6.953088879551452, 0.0 ], [ 110.847276061023507, -6.953108392414277, 0.0 ], [ 110.847777471010701, -6.953152719250455, 0.0 ], [ 110.848207518553096, -6.952580430803537, 0.0 ], [ 110.848476521229102, -6.952253799416164, 0.0 ], [ 110.848621488873206, -6.951148345644556, 0.0 ], [ 110.848623292794201, -6.951060031971488, 0.0 ], [ 110.847683731630994, -6.950873281554443, 0.0 ], [ 110.846595235902399, -6.950743468225226, 0.0 ], [ 110.845856098515199, -6.950678994081511, 0.0 ], [ 110.844999298096496, -6.950611911448364, 0.0 ], [ 110.844321366792499, -6.950567579980686, 0.0 ], [ 110.843451543851003, -6.950447084755489, 0.0 ], [ 110.843223446934203, -6.950414924772713, 0.0 ], [ 110.842797383789701, -6.949669914378855, 0.0 ], [ 110.842350418055503, -6.949190062878067, 0.0 ], [ 110.841925289100502, -6.948028746240656, 0.0 ], [ 110.841282870434597, -6.94718716752218, 0.0 ], [ 110.8411255735015, -6.946734198062535, 0.0 ], [ 110.840828269420101, -6.946134057574797, 0.0 ], [ 110.840732414670597, -6.94604136156237, 0.0 ], [ 110.8406430033139, -6.945451976763449, 0.0 ], [ 110.840641825016505, -6.944485301463544, 0.0 ], [ 110.840830436188099, -6.943772806793132, 0.0 ], [ 110.840939551447605, -6.94323194455319, 0.0 ], [ 110.840671586781298, -6.942847337691523, 0.0 ], [ 110.840091546365002, -6.942952959810006, 0.0 ], [ 110.839728483283807, -6.943029005944746, 0.0 ], [ 110.839661616443905, -6.942882269783452, 0.0 ], [ 110.839450721112399, -6.942179777048935, 0.0 ], [ 110.839069274491294, -6.941256470728596, 0.0 ], [ 110.838612958180903, -6.940123479827191, 0.0 ], [ 110.8381417584541, -6.938919418216757, 0.0 ], [ 110.837786309980103, -6.937889938001408, 0.0 ], [ 110.837522638154496, -6.937237254187553, 0.0 ], [ 110.838227677588407, -6.937085229689389, 0.0 ], [ 110.8391141363022, -6.936927968567212, 0.0 ], [ 110.839781996434596, -6.936789830459145, 0.0 ], [ 110.840540435584501, -6.936699206093843, 0.0 ], [ 110.841278699780801, -6.936623587982448, 0.0 ], [ 110.842451837574998, -6.936429021150183, 0.0 ], [ 110.844149568460395, -6.935971363252947, 0.0 ], [ 110.844574921205094, -6.93572435537229, 0.0 ], [ 110.844880361197596, -6.935504815864422, 0.0 ], [ 110.845372532128494, -6.934928483485441, 0.0 ], [ 110.846105771616806, -6.934080111828185, 0.0 ], [ 110.847665247937201, -6.932238233804572, 0.0 ], [ 110.848066839981797, -6.931776929781491, 0.0 ], [ 110.8479943988239, -6.931962291216493, 0.0 ], [ 110.8481206389866, -6.931971384108563, 0.0 ], [ 110.848224282222603, -6.931955121180861, 0.0 ], [ 110.848237231747106, -6.93185052815137, 0.0 ], [ 110.848354574419602, -6.931743394380143, 0.0 ], [ 110.848439007855703, -6.931743633260298, 0.0 ], [ 110.848562244784802, -6.931783042024198, 0.0 ], [ 110.848633416120194, -6.931480881171267, 0.0 ], [ 110.848525870503394, -6.931499931807662, 0.0 ], [ 110.848485243463102, -6.931554036831217, 0.0 ], [ 110.848353232167895, -6.931504619099983, 0.0 ], [ 110.848316350706199, -6.931367878862759, 0.0 ], [ 110.848168686254695, -6.931312964838155, 0.0 ], [ 110.848218574340805, -6.931002731184168, 0.0 ], [ 110.848110143533702, -6.930053154830151, 0.0 ], [ 110.8480335416412, -6.929320423840334, 0.0 ], [ 110.847681750124593, -6.928494979361048, 0.0 ], [ 110.847564716909304, -6.928240574330191, 0.0 ], [ 110.847511751695606, -6.928124549322042, 0.0 ], [ 110.847318494663298, -6.927343163014397, 0.0 ], [ 110.847676858574701, -6.926983919102176, 0.0 ], [ 110.848783480284098, -6.926404794489764, 0.0 ], [ 110.849410758814997, -6.926195160330743, 0.0 ], [ 110.850646218543304, -6.926197785215069, 0.0 ], [ 110.851600191398504, -6.926164029720678, 0.0 ], [ 110.854598416398801, -6.925951670712328, 0.0 ], [ 110.856179097476002, -6.926145112470577, 0.0 ], [ 110.858017774890001, -6.92706775886574, 0.0 ], [ 110.858471103224403, -6.927689146089831, 0.0 ], [ 110.859446388956201, -6.928677585289817, 0.0 ], [ 110.861398519718406, -6.929495873371469, 0.0 ], [ 110.864013907276998, -6.930366716017983, 0.0 ], [ 110.864574177085203, -6.931006768991041, 0.0 ], [ 110.864542660055406, -6.932624370716708, 0.0 ], [ 110.863773923907601, -6.933623447166829, 0.0 ], [ 110.863104583198606, -6.934670586869295, 0.0 ], [ 110.863098963775101, -6.935719299539427, 0.0 ], [ 110.863876725203397, -6.936914190706439, 0.0 ], [ 110.864702613255602, -6.938081400681059, 0.0 ], [ 110.865278376108407, -6.939048652264227, 0.0 ], [ 110.866708501311706, -6.940573888240172, 0.0 ], [ 110.867813333024898, -6.941455916176824, 0.0 ], [ 110.868998639428796, -6.942734331122351, 0.0 ], [ 110.8694648123154, -6.943097085151632, 0.0 ], [ 110.870407627201899, -6.945289895309246, 0.0 ], [ 110.870101319539202, -6.945375729594891, 0.0 ], [ 110.869601287515906, -6.945427697311139, 0.0 ], [ 110.869508188652304, -6.945485546410969, 0.0 ], [ 110.869446222156697, -6.945162251861921, 0.0 ], [ 110.869145376215101, -6.945307410972584, 0.0 ], [ 110.869167225054099, -6.945562180991518, 0.0 ], [ 110.868463712660102, -6.945737270718373, 0.0 ], [ 110.867860906965007, -6.945908603523044, 0.0 ], [ 110.867316747809895, -6.946136869729804, 0.0 ], [ 110.866707196196103, -6.94650056558273, 0.0 ], [ 110.866357938312802, -6.945687139546901, 0.0 ], [ 110.865453994354993, -6.946014492057153, 0.0 ], [ 110.865647368828206, -6.947209256645316, 0.0 ], [ 110.864540856812894, -6.947843461779857, 0.0 ], [ 110.863715771494896, -6.948413564406493, 0.0 ], [ 110.862895326263398, -6.948784521259297, 0.0 ], [ 110.862573827286894, -6.948993944986968, 0.0 ], [ 110.861841154710206, -6.949278943107982, 0.0 ], [ 110.861299659969205, -6.949218148980552, 0.0 ], [ 110.860740034499202, -6.949119823389099, 0.0 ], [ 110.860173149251594, -6.94898964911734, 0.0 ], [ 110.859871310285598, -6.948896590759505, 0.0 ], [ 110.859834357678693, -6.948075496051797, 0.0 ], [ 110.859293362881502, -6.948406966938663, 0.0 ], [ 110.859238880483502, -6.948607763365739, 0.0 ], [ 110.858929220325507, -6.948643353178996, 0.0 ], [ 110.858430820006106, -6.948541168133789, 0.0 ], [ 110.857845835785795, -6.948543391445704, 0.0 ], [ 110.857621311837406, -6.94853210290024, 0.0 ], [ 110.857576427955195, -6.948215425793197, 0.0 ], [ 110.857355443000301, -6.948160842303585, 0.0 ], [ 110.857339836613505, -6.947843894831088, 0.0 ], [ 110.857377882756197, -6.94783981802054, 0.0 ], [ 110.857457379169404, -6.947642400940128, 0.0 ], [ 110.857304629929203, -6.947422690293223, 0.0 ], [ 110.857276167602294, -6.947213064558267, 0.0 ], [ 110.857116583351399, -6.947133902514488, 0.0 ], [ 110.857260528883998, -6.945779794391193, 0.0 ], [ 110.856425022068393, -6.945725351670973, 0.0 ], [ 110.856101087706193, -6.945658283107869, 0.0 ], [ 110.855965135472005, -6.945475274266106, 0.0 ], [ 110.855047631644197, -6.945386956900349, 0.0 ], [ 110.855083688447493, -6.946565677722632, 0.0 ], [ 110.855258601117697, -6.947081318846363, 0.0 ], [ 110.855307502459397, -6.948227500689195, 0.0 ], [ 110.855363288173194, -6.949191765147709, 0.0 ], [ 110.855425110341898, -6.949743033096103, 0.0 ], [ 110.855073679886601, -6.950014314979043, 0.0 ], [ 110.854581321200698, -6.951147582788351, 0.0 ], [ 110.853951440504204, -6.952270098997437, 0.0 ], [ 110.853629822152399, -6.952617533053882, 0.0 ], [ 110.853175582116293, -6.952952478328458, 0.0 ], [ 110.852968986998306, -6.953299647246909, 0.0 ], [ 110.852753073249701, -6.953479780769017, 0.0 ], [ 110.852454604214699, -6.953711580837192, 0.0 ], [ 110.852530580884107, -6.954016693171833, 0.0 ], [ 110.852161081083807, -6.954460232209167, 0.0 ], [ 110.851631572870403, -6.954770030355008, 0.0 ], [ 110.851468074405602, -6.954683907208032, 0.0 ], [ 110.851335174702299, -6.954418242121332, 0.0 ], [ 110.8512087231924, -6.954021295205374, 0.0 ], [ 110.850531576228093, -6.954191064536616, 0.0 ], [ 110.850547504556005, -6.954477448046532, 0.0 ], [ 110.849948894453405, -6.954578191508188, 0.0 ], [ 110.849251708655004, -6.954816007604328, 0.0 ], [ 110.848908842441105, -6.954881928700287, 0.0 ], [ 110.848196496227999, -6.955178840711567, 0.0 ], [ 110.847796434948293, -6.95516080524396, 0.0 ], [ 110.847689442019799, -6.95519850922515, 0.0 ], [ 110.847512068845802, -6.955115271794765, 0.0 ], [ 110.847338728951499, -6.954932482580142, 0.0 ], [ 110.847257674424498, -6.954657810520292, 0.0 ], [ 110.847253833261405, -6.955260245440069, 0.0 ], [ 110.846949872004004, -6.955481889656412, 0.0 ], [ 110.846736879754104, -6.955458726320499, 0.0 ], [ 110.846706745528607, -6.955331051812155, 0.0 ], [ 110.846385790897301, -6.95538788595454, 0.0 ], [ 110.846302001479899, -6.954905482071357, 0.0 ], [ 110.846017093099903, -6.954928989126355, 0.0 ], [ 110.845660727224498, -6.954940595248083, 0.0 ], [ 110.845288656809501, -6.955029329753966, 0.0 ], [ 110.845460186847006, -6.956151315263526, 0.0 ], [ 110.845302929600393, -6.956130097526072, 0.0 ], [ 110.845245646161402, -6.955852474340385, 0.0 ], [ 110.845085407329506, -6.955656307972969, 0.0 ], [ 110.844858749145899, -6.955661384071774, 0.0 ], [ 110.844599556490394, -6.955772713622635, 0.0 ], [ 110.844546315492494, -6.95621799115483, 0.0 ], [ 110.844377577576495, -6.956424748457052, 0.0 ], [ 110.844187851323099, -6.956427268861778, 0.0 ], [ 110.843982876835497, -6.956381868304105, 0.0 ], [ 110.843783417554803, -6.956431121993321, 0.0 ], [ 110.843558880253198, -6.956500528906251, 0.0 ], [ 110.843293709371395, -6.956645130767605, 0.0 ], [ 110.843279733310496, -6.956864960151621, 0.0 ], [ 110.843080440284197, -6.956852526139625, 0.0 ], [ 110.843041046624805, -6.956722113263776, 0.0 ], [ 110.842872424420804, -6.956672632247042, 0.0 ], [ 110.842605907784403, -6.956509730115527, 0.0 ], [ 110.842096002163501, -6.956571996963808, 0.0 ], [ 110.842002061707902, -6.956529667201361, 0.0 ], [ 110.841704860051095, -6.956630902353727, 0.0 ], [ 110.841669306843201, -6.956629985875295, 0.0 ], [ 110.841488322398405, -6.95676797759189, 0.0 ], [ 110.841488470612404, -6.956923110839099, 0.0 ], [ 110.841295847030594, -6.957010807575156, 0.0 ], [ 110.841357997634503, -6.957393207162904, 0.0 ], [ 110.841211470567103, -6.957407537216042, 0.0 ], [ 110.841147698235204, -6.957229239345722, 0.0 ], [ 110.840790380144696, -6.957393409669123, 0.0 ], [ 110.840427366615899, -6.95743062811966, 0.0 ], [ 110.840392588441503, -6.957273814555356, 0.0 ], [ 110.840005092496099, -6.957268874425586, 0.0 ], [ 110.840043128435099, -6.957830369554317, 0.0 ], [ 110.840332208913495, -6.957869314859658, 0.0 ], [ 110.840626569698301, -6.957790788151824, 0.0 ], [ 110.840663556200795, -6.957777849706898, 0.0 ], [ 110.840952254154999, -6.95772641013479, 0.0 ], [ 110.841011007865902, -6.958565444981955, 0.0 ], [ 110.840401084617, -6.958844882989603, 0.0 ], [ 110.840304368246805, -6.95862795754049, 0.0 ], [ 110.840289124592303, -6.958313400963111, 0.0 ], [ 110.840083509315903, -6.958312816622991, 0.0 ], [ 110.8397472985219, -6.958450490451814, 0.0 ], [ 110.839178730687706, -6.958498410786169, 0.0 ], [ 110.838969745806693, -6.958572330308943, 0.0 ], [ 110.838924783528498, -6.958225144207832, 0.0 ], [ 110.838841098943305, -6.958155464827053, 0.0 ], [ 110.838823834965595, -6.958644549189244, 0.0 ], [ 110.838858257321505, -6.958893478743522, 0.0 ], [ 110.838920523789298, -6.959161917528283, 0.0 ] ] ] ] } },
{ "type": "Feature", "properties": { "Name": "WONOSOCO", "VILLAGES": "Wonosoco", "CC_4": "3319040001", "SUB_DIST": "Undaan", "DISTRICT": "Kudus", "GID_4": "IDN.10.19.10.16_1", "AREA_HA": 175 }, "geometry": { "type": "MultiPolygon", "coordinates": [ [ [ [ 110.794697445149097, -6.960223857218466, 0.0 ], [ 110.793880567912097, -6.959309864187194, 0.0 ], [ 110.795166958570704, -6.955537372076829, 0.0 ], [ 110.798551164322902, -6.955533444368632, 0.0 ], [ 110.804828474017498, -6.955545870213275, 0.0 ], [ 110.806690086824204, -6.955699305336805, 0.0 ], [ 110.807194657465004, -6.956797823360758, 0.0 ], [ 110.807150237324805, -6.960278675088316, 0.0 ], [ 110.807714678146098, -6.961486554579614, 0.0 ], [ 110.808312187525303, -6.962633397896617, 0.0 ], [ 110.809422734073493, -6.964854834755747, 0.0 ], [ 110.809860651060205, -6.965659380104544, 0.0 ], [ 110.809928681419194, -6.966142614757477, 0.0 ], [ 110.809770013831098, -6.966656786603612, 0.0 ], [ 110.808938000544998, -6.9669421547066, 0.0 ], [ 110.808798055397503, -6.966699397566891, 0.0 ], [ 110.808672869981507, -6.966634387058488, 0.0 ], [ 110.808478172878296, -6.967066351024658, 0.0 ], [ 110.807956028863998, -6.96738522985712, 0.0 ], [ 110.807702631555401, -6.967682548239373, 0.0 ], [ 110.8073440879174, -6.968238860738948, 0.0 ], [ 110.807001846470797, -6.968728151121345, 0.0 ], [ 110.806508136138305, -6.969305263878494, 0.0 ], [ 110.806364712540301, -6.969336048122843, 0.0 ], [ 110.806077024807905, -6.969166851973954, 0.0 ], [ 110.806125631760494, -6.968975370896707, 0.0 ], [ 110.806388316548393, -6.96887100543461, 0.0 ], [ 110.806532727999098, -6.968773332924024, 0.0 ], [ 110.806509796475098, -6.968567379241979, 0.0 ], [ 110.806774908217605, -6.968586731994047, 0.0 ], [ 110.806790184393904, -6.968377162780609, 0.0 ], [ 110.806793194056894, -6.968347849438484, 0.0 ], [ 110.806796334187396, -6.968318152485898, 0.0 ], [ 110.806783860571898, -6.968015836300646, 0.0 ], [ 110.806828057080196, -6.968014589131331, 0.0 ], [ 110.806892681053796, -6.967876596432019, 0.0 ], [ 110.806892199180098, -6.967671892381313, 0.0 ], [ 110.8068951062899, -6.967634677759921, 0.0 ], [ 110.807021003096906, -6.967431047836294, 0.0 ], [ 110.807101811078596, -6.96717854871479, 0.0 ], [ 110.807109929147103, -6.967114574913841, 0.0 ], [ 110.807112263277006, -6.96709618231356, 0.0 ], [ 110.807124659512994, -6.966842742802827, 0.0 ], [ 110.807111304720607, -6.966819230193841, 0.0 ], [ 110.8070437384809, -6.966452434089266, 0.0 ], [ 110.806950647025104, -6.966250562242214, 0.0 ], [ 110.806780199495407, -6.966137341548612, 0.0 ], [ 110.806494659802098, -6.966152379623052, 0.0 ], [ 110.806251627456007, -6.966253378500318, 0.0 ], [ 110.806076989560296, -6.966465168379242, 0.0 ], [ 110.806053861466694, -6.966464137364119, 0.0 ], [ 110.805799913629301, -6.966690504598972, 0.0 ], [ 110.805637658718098, -6.966841048005527, 0.0 ], [ 110.805499978116998, -6.9672608859615, 0.0 ], [ 110.805427183043903, -6.96763668289787, 0.0 ], [ 110.805503831946893, -6.96796930478727, 0.0 ], [ 110.805628395530306, -6.96844306585497, 0.0 ], [ 110.805684035086699, -6.968677784200552, 0.0 ], [ 110.805989253520593, -6.968886006580166, 0.0 ], [ 110.806087834476301, -6.968967873470591, 0.0 ], [ 110.806040896450497, -6.969139663371331, 0.0 ], [ 110.806302480319204, -6.969341906618349, 0.0 ], [ 110.806408972198497, -6.969393803868312, 0.0 ], [ 110.806094511983503, -6.969603941594165, 0.0 ], [ 110.805761728106503, -6.96960537380966, 0.0 ], [ 110.805405088481194, -6.969554751916259, 0.0 ], [ 110.805386882407703, -6.969554757378173, 0.0 ], [ 110.805368655538004, -6.969554781720963, 0.0 ], [ 110.805009584044498, -6.969396258474931, 0.0 ], [ 110.804996759812894, -6.969383725779375, 0.0 ], [ 110.804839022137301, -6.969310133003865, 0.0 ], [ 110.804891436333094, -6.968985218180884, 0.0 ], [ 110.804374665015899, -6.968850603560989, 0.0 ], [ 110.804265244253401, -6.968730255374579, 0.0 ], [ 110.804068852504699, -6.968724095752619, 0.0 ], [ 110.803846169867697, -6.96863500462899, 0.0 ], [ 110.803600651814406, -6.96870717643796, 0.0 ], [ 110.803277029716199, -6.968640561291457, 0.0 ], [ 110.803081064847902, -6.968510780403355, 0.0 ], [ 110.803017122208104, -6.968453117705971, 0.0 ], [ 110.802949391766205, -6.968348159579756, 0.0 ], [ 110.802840669554399, -6.968176831011913, 0.0 ], [ 110.802819034538103, -6.967971520414016, 0.0 ], [ 110.802806691361894, -6.967835642544333, 0.0 ], [ 110.802528315759602, -6.967703560905178, 0.0 ], [ 110.802223555766503, -6.967671614831603, 0.0 ], [ 110.802209096159501, -6.967671548855204, 0.0 ], [ 110.802031168554294, -6.967632688972966, 0.0 ], [ 110.801899738102605, -6.967698995061064, 0.0 ], [ 110.801829631973504, -6.967969718178791, 0.0 ], [ 110.801818014372898, -6.968121813354454, 0.0 ], [ 110.801905346488198, -6.96821786130393, 0.0 ], [ 110.801931246734298, -6.968385056823038, 0.0 ], [ 110.801788749404693, -6.968518882852699, 0.0 ], [ 110.801750570244494, -6.968727703487496, 0.0 ], [ 110.801736632298898, -6.968862193603683, 0.0 ], [ 110.801622212510296, -6.968857528519147, 0.0 ], [ 110.801562290202398, -6.968856330964882, 0.0 ], [ 110.801526131761804, -6.968921084767197, 0.0 ], [ 110.801312525495803, -6.968946086136691, 0.0 ], [ 110.801110504714103, -6.968916737334056, 0.0 ], [ 110.800993966237201, -6.968894143982799, 0.0 ], [ 110.800743092995305, -6.968832949362221, 0.0 ], [ 110.8004738889653, -6.968754560647222, 0.0 ], [ 110.800363852776499, -6.968255827979752, 0.0 ], [ 110.800229445782904, -6.967661171981775, 0.0 ], [ 110.799842398191103, -6.966584968847621, 0.0 ], [ 110.799353158824104, -6.965680555116628, 0.0 ], [ 110.798736415257494, -6.96464768462743, 0.0 ], [ 110.798573918791504, -6.964330906398478, 0.0 ], [ 110.797591686484594, -6.963319411085821, 0.0 ], [ 110.796971635149802, -6.962619397049435, 0.0 ], [ 110.7961324829338, -6.961725025455491, 0.0 ], [ 110.794697445149097, -6.960223857218466, 0.0 ] ] ] ] } },
{ "type": "Feature", "properties": { "Name": "WOTAN", "VILLAGES": "Wotan", "CC_4": "3318010013", "SUB_DIST": "Sukolilo", "DISTRICT": "Pati", "GID_4": "IDN.10.21.15.16_1", "AREA_HA": 2113 }, "geometry": { "type": "MultiPolygon", "coordinates": [ [ [ [ 110.910761788712406, -6.876605667680292, 0.0 ], [ 110.910598792767203, -6.877981036037817, 0.0 ], [ 110.910465787960405, -6.878609864705761, 0.0 ], [ 110.910227208036204, -6.878888118385408, 0.0 ], [ 110.909705852073202, -6.879404121936363, 0.0 ], [ 110.909291240329395, -6.879552902364793, 0.0 ], [ 110.908724558174001, -6.87974402160501, 0.0 ], [ 110.908056159966804, -6.880124869331803, 0.0 ], [ 110.906674116963302, -6.880979803316142, 0.0 ], [ 110.905883946431899, -6.881157985192203, 0.0 ], [ 110.904786333808005, -6.881150952058996, 0.0 ], [ 110.902924971704905, -6.881691836328586, 0.0 ], [ 110.901443733491703, -6.882953187529868, 0.0 ], [ 110.900885804462703, -6.884350368059795, 0.0 ], [ 110.900813131111406, -6.885306066429687, 0.0 ], [ 110.900669154307394, -6.887310542287804, 0.0 ], [ 110.900605388493204, -6.887830918052641, 0.0 ], [ 110.900440678729296, -6.888879923641277, 0.0 ], [ 110.900423392331803, -6.889203673622025, 0.0 ], [ 110.900315237535096, -6.890688092443327, 0.0 ], [ 110.900265424979693, -6.892003540475608, 0.0 ], [ 110.900169943612198, -6.892631364487751, 0.0 ], [ 110.900026909970705, -6.893728166862665, 0.0 ], [ 110.899841192352497, -6.895180795657932, 0.0 ], [ 110.899781650634495, -6.896045834401017, 0.0 ], [ 110.899677670092998, -6.896688942456618, 0.0 ], [ 110.899499012685197, -6.897462097529362, 0.0 ], [ 110.899289848570405, -6.898536269816033, 0.0 ], [ 110.899372094416293, -6.898929827770501, 0.0 ], [ 110.899511464942506, -6.89967219392557, 0.0 ], [ 110.899674449561502, -6.900444613475481, 0.0 ], [ 110.899876360104898, -6.901573204996136, 0.0 ], [ 110.9000791827943, -6.902756868404458, 0.0 ], [ 110.900270149595499, -6.904058310729465, 0.0 ], [ 110.900279699224896, -6.904211383848152, 0.0 ], [ 110.900269988841899, -6.904760684776758, 0.0 ], [ 110.9002816239434, -6.905689140058858, 0.0 ], [ 110.9003048756081, -6.9059973105843, 0.0 ], [ 110.900360333145798, -6.906539317050822, 0.0 ], [ 110.900456949560706, -6.907155303050649, 0.0 ], [ 110.900575746381406, -6.907955909010746, 0.0 ], [ 110.900717133351407, -6.908751432555125, 0.0 ], [ 110.901415670361899, -6.909543953487074, 0.0 ], [ 110.901989428242501, -6.909354122982568, 0.0 ], [ 110.902655260466503, -6.909110949838237, 0.0 ], [ 110.903645785420693, -6.908792560592537, 0.0 ], [ 110.904674819819704, -6.908439282398758, 0.0 ], [ 110.9055452079579, -6.908581142713205, 0.0 ], [ 110.906770548643195, -6.908759377656833, 0.0 ], [ 110.907435887945795, -6.908742535199906, 0.0 ], [ 110.907895957485096, -6.909046061659615, 0.0 ], [ 110.908387294995094, -6.909296247867767, 0.0 ], [ 110.909983963590705, -6.910332197113496, 0.0 ], [ 110.910045603637201, -6.910944247994943, 0.0 ], [ 110.910476241057296, -6.911373918718368, 0.0 ], [ 110.910829173497405, -6.911922857781059, 0.0 ], [ 110.911098405415999, -6.913429808941686, 0.0 ], [ 110.911002975194606, -6.914850847903477, 0.0 ], [ 110.910970648228002, -6.915121465879634, 0.0 ], [ 110.910626989023598, -6.916776042220613, 0.0 ], [ 110.910522880465606, -6.917002024184953, 0.0 ], [ 110.910450732181801, -6.917024530780889, 0.0 ], [ 110.910632514262005, -6.915384082135336, 0.0 ], [ 110.910264413221498, -6.915394460906524, 0.0 ], [ 110.910059218259406, -6.915391879535798, 0.0 ], [ 110.910009910652803, -6.915309341840667, 0.0 ], [ 110.9100040127786, -6.914940500536011, 0.0 ], [ 110.909964288764499, -6.914795514150813, 0.0 ], [ 110.910028693789798, -6.914699357444286, 0.0 ], [ 110.910141617239205, -6.91455082988771, 0.0 ], [ 110.910118898729095, -6.914296108939622, 0.0 ], [ 110.909954734488693, -6.914190786845721, 0.0 ], [ 110.909926655952304, -6.913860172016798, 0.0 ], [ 110.909657072015406, -6.913804530891786, 0.0 ], [ 110.909710245836607, -6.91309100874868, 0.0 ], [ 110.909597692170607, -6.912997996143077, 0.0 ], [ 110.909136149454994, -6.912930582629722, 0.0 ], [ 110.909259800276899, -6.91257067755362, 0.0 ], [ 110.909261988331707, -6.912288569882335, 0.0 ], [ 110.909470745789704, -6.912218514470009, 0.0 ], [ 110.909310342681806, -6.911443336283885, 0.0 ], [ 110.909240512995297, -6.911528573160371, 0.0 ], [ 110.909256223717094, -6.911994897467872, 0.0 ], [ 110.909091600775497, -6.912723084451695, 0.0 ], [ 110.908948926176194, -6.913381838186816, 0.0 ], [ 110.909055958813695, -6.913498712106085, 0.0 ], [ 110.908742056675607, -6.913599213207349, 0.0 ], [ 110.908697392015299, -6.914267034558364, 0.0 ], [ 110.908390430122694, -6.914281147943607, 0.0 ], [ 110.908372289323694, -6.915383697543177, 0.0 ], [ 110.908267466258295, -6.915405795686979, 0.0 ], [ 110.908262800033398, -6.914809969958089, 0.0 ], [ 110.908078582972905, -6.914833149052011, 0.0 ], [ 110.907999691247795, -6.91470586445617, 0.0 ], [ 110.907769437268698, -6.914695723097338, 0.0 ], [ 110.907708135207798, -6.914635132304929, 0.0 ], [ 110.907304077462797, -6.914621902469532, 0.0 ], [ 110.907323480913604, -6.914444066014565, 0.0 ], [ 110.906667734447893, -6.914383206767876, 0.0 ], [ 110.906707748541905, -6.914086831399603, 0.0 ], [ 110.906010928982994, -6.914011515442937, 0.0 ], [ 110.905964013247299, -6.914468222109764, 0.0 ], [ 110.906058230541007, -6.914589915936753, 0.0 ], [ 110.905986787103799, -6.9149514176023, 0.0 ], [ 110.905914950603503, -6.915210498833138, 0.0 ], [ 110.906423999160495, -6.915252416501041, 0.0 ], [ 110.906414100539394, -6.915496793067179, 0.0 ], [ 110.905960442845696, -6.915477153182563, 0.0 ], [ 110.905710603197903, -6.915424888639312, 0.0 ], [ 110.905635518479201, -6.915724820536397, 0.0 ], [ 110.905372769124199, -6.915668978082224, 0.0 ], [ 110.905349525490493, -6.915255279143436, 0.0 ], [ 110.904718188321496, -6.915173616460812, 0.0 ], [ 110.904683920461196, -6.914426582281959, 0.0 ], [ 110.904412066737507, -6.914519183058595, 0.0 ], [ 110.903866004891597, -6.914487107392051, 0.0 ], [ 110.9033803776762, -6.914306572680309, 0.0 ], [ 110.903160061220007, -6.914512081914281, 0.0 ], [ 110.9029919156728, -6.91470407623325, 0.0 ], [ 110.902732276536298, -6.914921308435252, 0.0 ], [ 110.902942595510098, -6.915752369258175, 0.0 ], [ 110.902580383914199, -6.915787995868285, 0.0 ], [ 110.902501602471602, -6.916527914446291, 0.0 ], [ 110.902901298653106, -6.916531237444775, 0.0 ], [ 110.902913984936902, -6.916779713541286, 0.0 ], [ 110.902916754822698, -6.917077158493437, 0.0 ], [ 110.902968308708793, -6.917401088473403, 0.0 ], [ 110.902794251361598, -6.917418282190281, 0.0 ], [ 110.902611948750007, -6.917541449289164, 0.0 ], [ 110.902398290338496, -6.917538336118234, 0.0 ], [ 110.902453403170398, -6.917156789609498, 0.0 ], [ 110.902328209564203, -6.917188491862404, 0.0 ], [ 110.902242963366504, -6.917946650325971, 0.0 ], [ 110.902480177493501, -6.918058955717967, 0.0 ], [ 110.902390990382699, -6.918407601487937, 0.0 ], [ 110.902212590693495, -6.918427573330906, 0.0 ], [ 110.9021304194316, -6.918798363950423, 0.0 ], [ 110.902570322156507, -6.918809473984932, 0.0 ], [ 110.902561546768098, -6.919231973248039, 0.0 ], [ 110.902820757149797, -6.919327922019987, 0.0 ], [ 110.902862205018707, -6.919614076830239, 0.0 ], [ 110.902906635597404, -6.919354998118905, 0.0 ], [ 110.903105760107096, -6.919398638749667, 0.0 ], [ 110.903087385693397, -6.920111380854427, 0.0 ], [ 110.902750607974298, -6.920173609086686, 0.0 ], [ 110.902689967720505, -6.920708274637519, 0.0 ], [ 110.902480763155793, -6.922001512968288, 0.0 ], [ 110.902027041021498, -6.921995516545782, 0.0 ], [ 110.901994983831898, -6.922292613823205, 0.0 ], [ 110.902129641124304, -6.922385447517402, 0.0 ], [ 110.902278028665293, -6.922810284226305, 0.0 ], [ 110.902312559779105, -6.923318819266716, 0.0 ], [ 110.902381142324202, -6.923579952455045, 0.0 ], [ 110.902521651488897, -6.923593226596695, 0.0 ], [ 110.903462792948801, -6.92352870339918, 0.0 ], [ 110.904000353624596, -6.923515467134269, 0.0 ], [ 110.904398620293307, -6.923626032865774, 0.0 ], [ 110.905054129918696, -6.923805846447306, 0.0 ], [ 110.9052683337041, -6.923771368171614, 0.0 ], [ 110.904860599639605, -6.923603889131817, 0.0 ], [ 110.904783005822495, -6.923383319904836, 0.0 ], [ 110.905962307282294, -6.923609001565638, 0.0 ], [ 110.906173126290696, -6.922860666556976, 0.0 ], [ 110.905830244924502, -6.922694590555552, 0.0 ], [ 110.905512471131104, -6.922572361951984, 0.0 ], [ 110.905689649962397, -6.922352729120282, 0.0 ], [ 110.906827763078596, -6.922510600707214, 0.0 ], [ 110.9069229481089, -6.923240740791205, 0.0 ], [ 110.9070200592124, -6.9237401815593, 0.0 ], [ 110.907606162304006, -6.92383542031398, 0.0 ], [ 110.907569887591393, -6.924443217377109, 0.0 ], [ 110.907365078929303, -6.924645519895481, 0.0 ], [ 110.907363510006306, -6.925010178562328, 0.0 ], [ 110.907319138930902, -6.925173114661164, 0.0 ], [ 110.907087184511397, -6.925160013289469, 0.0 ], [ 110.906641857165695, -6.924965291872044, 0.0 ], [ 110.906067243802795, -6.924974761071225, 0.0 ], [ 110.905570328819493, -6.925019927526593, 0.0 ], [ 110.904963713632597, -6.925161805017503, 0.0 ], [ 110.904092642350307, -6.925521737564608, 0.0 ], [ 110.903555615901098, -6.925912179675123, 0.0 ], [ 110.902578623495501, -6.926552564308036, 0.0 ], [ 110.902134461384605, -6.926691794951958, 0.0 ], [ 110.901554118364501, -6.926802572505856, 0.0 ], [ 110.900974778026296, -6.926808902759296, 0.0 ], [ 110.900288429641407, -6.926831484520388, 0.0 ], [ 110.899678625613404, -6.926743122814927, 0.0 ], [ 110.899248667436495, -6.926652279050914, 0.0 ], [ 110.898702825314402, -6.926657699625485, 0.0 ], [ 110.898046796509902, -6.926732443801038, 0.0 ], [ 110.8972192217215, -6.926904463112619, 0.0 ], [ 110.896642632968806, -6.926983530704335, 0.0 ], [ 110.896244872255593, -6.927036688781768, 0.0 ], [ 110.895714540276998, -6.927036259679469, 0.0 ], [ 110.895030151156206, -6.92670311273023, 0.0 ], [ 110.894802438568902, -6.926556535957491, 0.0 ], [ 110.894430819094396, -6.926300744862074, 0.0 ], [ 110.894179596919301, -6.926042250746693, 0.0 ], [ 110.893783976681405, -6.925619667379773, 0.0 ], [ 110.893368620961496, -6.925460877257754, 0.0 ], [ 110.892767975826303, -6.925329395274836, 0.0 ], [ 110.892578039455302, -6.925341121541664, 0.0 ], [ 110.892288582774796, -6.925215413702749, 0.0 ], [ 110.891896441233996, -6.92517742849768, 0.0 ], [ 110.891670583997495, -6.925100337495844, 0.0 ], [ 110.891665474247404, -6.924863547226735, 0.0 ], [ 110.891670195147796, -6.924499876692532, 0.0 ], [ 110.891671430024402, -6.924241952320591, 0.0 ], [ 110.891757559595206, -6.924042163484768, 0.0 ], [ 110.891807737552696, -6.923775339435412, 0.0 ], [ 110.891852039008597, -6.923487186360997, 0.0 ], [ 110.891860429743204, -6.923308934795166, 0.0 ], [ 110.891861941917199, -6.922744327058433, 0.0 ], [ 110.891744097942095, -6.92237517392687, 0.0 ], [ 110.891708720683795, -6.92188304696317, 0.0 ], [ 110.8915609580271, -6.921253935003958, 0.0 ], [ 110.891173809472406, -6.920772199422251, 0.0 ], [ 110.890728982442198, -6.920481039192385, 0.0 ], [ 110.890229125484097, -6.920160173720658, 0.0 ], [ 110.889941014537996, -6.920095835136441, 0.0 ], [ 110.888803901960898, -6.919742892394978, 0.0 ], [ 110.887348961075304, -6.919998016050025, 0.0 ], [ 110.886402656121007, -6.919910342200273, 0.0 ], [ 110.885762065385507, -6.919874970181057, 0.0 ], [ 110.884958555000793, -6.919862448391889, 0.0 ], [ 110.884553340835396, -6.919667587013262, 0.0 ], [ 110.884033506719703, -6.919373624364555, 0.0 ], [ 110.883656286066099, -6.919138541453775, 0.0 ], [ 110.883235647287094, -6.918705747554963, 0.0 ], [ 110.882825640533099, -6.918288962613518, 0.0 ], [ 110.881645626033006, -6.918035529618055, 0.0 ], [ 110.881406902574398, -6.917952080642793, 0.0 ], [ 110.881344091849201, -6.918893411727242, 0.0 ], [ 110.880134862620096, -6.919486884271707, 0.0 ], [ 110.879856603931302, -6.919486785112079, 0.0 ], [ 110.879166332827197, -6.919505068328032, 0.0 ], [ 110.878520327912398, -6.919492698842016, 0.0 ], [ 110.877498467330895, -6.919292860441489, 0.0 ], [ 110.876725074822502, -6.91913273771086, 0.0 ], [ 110.875859750165404, -6.918935641114743, 0.0 ], [ 110.875282198560697, -6.918732719771421, 0.0 ], [ 110.874746180217002, -6.918531290058037, 0.0 ], [ 110.873965377491203, -6.918006778874241, 0.0 ], [ 110.873828367968798, -6.917826223009545, 0.0 ], [ 110.873495155227701, -6.917423492235011, 0.0 ], [ 110.872939774000102, -6.916721289543246, 0.0 ], [ 110.872499888822801, -6.916457993994867, 0.0 ], [ 110.871876596307899, -6.916081911819804, 0.0 ], [ 110.870868888155997, -6.915507693727143, 0.0 ], [ 110.869980826515601, -6.914976660417887, 0.0 ], [ 110.868672455406397, -6.914237700281725, 0.0 ], [ 110.8681845404396, -6.91388142120857, 0.0 ], [ 110.8673851946902, -6.91333756923897, 0.0 ], [ 110.866335987555104, -6.912615367098503, 0.0 ], [ 110.8653660090079, -6.912088618297108, 0.0 ], [ 110.864259680696094, -6.911900842635272, 0.0 ], [ 110.863537378389793, -6.911935261659572, 0.0 ], [ 110.862946591785501, -6.911962571504635, 0.0 ], [ 110.862042082945706, -6.911912122506086, 0.0 ], [ 110.861878887045194, -6.911796880779145, 0.0 ], [ 110.861682400143806, -6.911622519755863, 0.0 ], [ 110.861480213278995, -6.911466136133054, 0.0 ], [ 110.8613371358976, -6.911384468031044, 0.0 ], [ 110.8607150666123, -6.910981685914065, 0.0 ], [ 110.860149381795594, -6.911014508205182, 0.0 ], [ 110.859948816911896, -6.910980753723972, 0.0 ], [ 110.859666303871606, -6.910972107087348, 0.0 ], [ 110.858879710873794, -6.910908752556265, 0.0 ], [ 110.858050383207399, -6.910721837859375, 0.0 ], [ 110.857309196377699, -6.910721145283395, 0.0 ], [ 110.856537050203102, -6.910375674741024, 0.0 ], [ 110.856492836239894, -6.910248539925989, 0.0 ], [ 110.855544800434402, -6.909991194804266, 0.0 ], [ 110.854406329496797, -6.909498653936375, 0.0 ], [ 110.853693248823006, -6.909094386988437, 0.0 ], [ 110.853064955778805, -6.908784957476257, 0.0 ], [ 110.852582411811696, -6.908241037867677, 0.0 ], [ 110.852217815102193, -6.908003976002622, 0.0 ], [ 110.851568802759402, -6.908926204827686, 0.0 ], [ 110.850626216558894, -6.910177445077939, 0.0 ], [ 110.850219104359198, -6.910766515410963, 0.0 ], [ 110.850085163183294, -6.910985667018389, 0.0 ], [ 110.849860017956502, -6.911261892039109, 0.0 ], [ 110.849673697735398, -6.911503875845348, 0.0 ], [ 110.849570023545695, -6.911418374220054, 0.0 ], [ 110.849916132507303, -6.910849444737227, 0.0 ], [ 110.850179358587397, -6.910349192213994, 0.0 ], [ 110.850617803959807, -6.909540967413911, 0.0 ], [ 110.851272199155801, -6.908424374030823, 0.0 ], [ 110.851789426511402, -6.907974102072026, 0.0 ], [ 110.8526739802018, -6.90691085671613, 0.0 ], [ 110.853285062360399, -6.906478847558148, 0.0 ], [ 110.854480094131603, -6.904875309209635, 0.0 ], [ 110.855606121015001, -6.903276085119484, 0.0 ], [ 110.855360757418197, -6.902751603707496, 0.0 ], [ 110.854747024433493, -6.902061531873827, 0.0 ], [ 110.8544849972305, -6.901723418267556, 0.0 ], [ 110.854184086031296, -6.901513500895226, 0.0 ], [ 110.854144805300095, -6.901435533318701, 0.0 ], [ 110.854243025934807, -6.901286967241932, 0.0 ], [ 110.853207875051197, -6.900946969516817, 0.0 ], [ 110.852838215376707, -6.900194531142301, 0.0 ], [ 110.852873425500206, -6.897793077817906, 0.0 ], [ 110.854580929831698, -6.898545725673281, 0.0 ], [ 110.855176757275302, -6.89836284098559, 0.0 ], [ 110.855795783496205, -6.897896827868369, 0.0 ], [ 110.856383148790499, -6.897896883003011, 0.0 ], [ 110.856632341257196, -6.898284738566311, 0.0 ], [ 110.857425139007205, -6.89843550539438, 0.0 ], [ 110.858385464314793, -6.897814117366626, 0.0 ], [ 110.860595443338696, -6.897772316124458, 0.0 ], [ 110.860729490926502, -6.897691232244577, 0.0 ], [ 110.861582597390907, -6.897867863512026, 0.0 ], [ 110.862431667537805, -6.897180133675873, 0.0 ], [ 110.863221093236504, -6.896162557528735, 0.0 ], [ 110.864259810656506, -6.893720861695074, 0.0 ], [ 110.864530593679206, -6.893206773951102, 0.0 ], [ 110.864740117437705, -6.892193527405728, 0.0 ], [ 110.865826035583197, -6.892509628954391, 0.0 ], [ 110.866461386288094, -6.892704687124616, 0.0 ], [ 110.867386524786596, -6.892993101728222, 0.0 ], [ 110.8684036048666, -6.893309649825904, 0.0 ], [ 110.8700479630225, -6.893597177138219, 0.0 ], [ 110.871550466835799, -6.893911930812149, 0.0 ], [ 110.871526634586104, -6.894529886071271, 0.0 ], [ 110.871467898877199, -6.894754236735098, 0.0 ], [ 110.871441978496307, -6.89482119386806, 0.0 ], [ 110.871350641161698, -6.89483558627155, 0.0 ], [ 110.871349087608493, -6.894750422800118, 0.0 ], [ 110.871179332724907, -6.894708250305665, 0.0 ], [ 110.871068219518506, -6.894947372913752, 0.0 ], [ 110.870737945455403, -6.894847597267167, 0.0 ], [ 110.870282362457104, -6.894772601594445, 0.0 ], [ 110.870179298358295, -6.89499600369959, 0.0 ], [ 110.869786039104099, -6.894869478779544, 0.0 ], [ 110.869683448629303, -6.894750353405523, 0.0 ], [ 110.869389804326701, -6.894727208562429, 0.0 ], [ 110.869266078732295, -6.895160010839103, 0.0 ], [ 110.869537680203393, -6.895353064277041, 0.0 ], [ 110.869518016004207, -6.895615499070234, 0.0 ], [ 110.869198814276601, -6.895543619452442, 0.0 ], [ 110.8692673433723, -6.896086964520832, 0.0 ], [ 110.869401860494804, -6.896318369918863, 0.0 ], [ 110.869916195413197, -6.896526953107077, 0.0 ], [ 110.870050644122998, -6.896699722389004, 0.0 ], [ 110.869994316358998, -6.89712930459737, 0.0 ], [ 110.869978308737899, -6.897284536784751, 0.0 ], [ 110.870003794895297, -6.898366848474191, 0.0 ], [ 110.869952245404804, -6.899544597171891, 0.0 ], [ 110.869983036329302, -6.899736397062647, 0.0 ], [ 110.869678829133605, -6.899623735399949, 0.0 ], [ 110.869504387663198, -6.90049545602547, 0.0 ], [ 110.869268333730801, -6.901503455404122, 0.0 ], [ 110.869383620697704, -6.901583040701282, 0.0 ], [ 110.869402523367, -6.901652691119405, 0.0 ], [ 110.8692800644084, -6.901999777950301, 0.0 ], [ 110.869129244135706, -6.902440934856028, 0.0 ], [ 110.868814909148696, -6.902367183225938, 0.0 ], [ 110.868735691610695, -6.902478756231832, 0.0 ], [ 110.8686786737494, -6.902972267199996, 0.0 ], [ 110.869110681143695, -6.903142465182639, 0.0 ], [ 110.869382344388995, -6.903294368407171, 0.0 ], [ 110.869396217703198, -6.903389601324022, 0.0 ], [ 110.869234408948898, -6.90374549234865, 0.0 ], [ 110.868809581183299, -6.903643973644828, 0.0 ], [ 110.868690482633596, -6.904169476919151, 0.0 ], [ 110.868600311873394, -6.905205719264684, 0.0 ], [ 110.868410516354501, -6.905197355053248, 0.0 ], [ 110.868265222584398, -6.905771959901305, 0.0 ], [ 110.868125175818605, -6.905838449343774, 0.0 ], [ 110.8681876101206, -6.905479740297561, 0.0 ], [ 110.867592697546101, -6.905418443172609, 0.0 ], [ 110.867473764344297, -6.90589942488262, 0.0 ], [ 110.866577169386304, -6.9062810922584, 0.0 ], [ 110.866301686356906, -6.906509529059648, 0.0 ], [ 110.8655539632733, -6.906678811661437, 0.0 ], [ 110.865257125012207, -6.90670681319657, 0.0 ], [ 110.864820294507794, -6.906620555079074, 0.0 ], [ 110.864640846358199, -6.906565105242793, 0.0 ], [ 110.864592101591398, -6.906501813665139, 0.0 ], [ 110.864534258657002, -6.906436639712036, 0.0 ], [ 110.864125836058804, -6.906441024696413, 0.0 ], [ 110.864003489811495, -6.905065183206624, 0.0 ], [ 110.863726785232799, -6.904984245822552, 0.0 ], [ 110.863679899457196, -6.904658505500434, 0.0 ], [ 110.863290342447797, -6.904533243989099, 0.0 ], [ 110.863421485471804, -6.906350464055208, 0.0 ], [ 110.863169556073203, -6.906426403869459, 0.0 ], [ 110.863092675039596, -6.906501777523398, 0.0 ], [ 110.8630428608909, -6.906724516259404, 0.0 ], [ 110.862991662551906, -6.906776746777044, 0.0 ], [ 110.862477447651898, -6.906552702597237, 0.0 ], [ 110.862553174099105, -6.906315731173555, 0.0 ], [ 110.862262875901393, -6.906241448125371, 0.0 ], [ 110.862260704453504, -6.906531131511879, 0.0 ], [ 110.862456852092393, -6.906706938496431, 0.0 ], [ 110.862941228929998, -6.906925823381685, 0.0 ], [ 110.862729010729794, -6.907332530838694, 0.0 ], [ 110.862499558120504, -6.907210427488963, 0.0 ], [ 110.862433123118706, -6.907330305105786, 0.0 ], [ 110.862275540502793, -6.90721964643748, 0.0 ], [ 110.862175813401294, -6.90732720444202, 0.0 ], [ 110.862623706301207, -6.907594922709612, 0.0 ], [ 110.862472294512798, -6.907804953781804, 0.0 ], [ 110.862058103283999, -6.907519184786405, 0.0 ], [ 110.861862797481905, -6.90791427274104, 0.0 ], [ 110.862211673018507, -6.908189742087337, 0.0 ], [ 110.862255464912096, -6.908239748512708, 0.0 ], [ 110.861625405539897, -6.909358531307483, 0.0 ], [ 110.861402517669504, -6.909611206164837, 0.0 ], [ 110.860569521716599, -6.909928508601509, 0.0 ], [ 110.859817774792305, -6.910225566552022, 0.0 ], [ 110.859597393652095, -6.910275417421915, 0.0 ], [ 110.858980824525403, -6.910859013494264, 0.0 ], [ 110.859240093317496, -6.910899183971821, 0.0 ], [ 110.859725042775295, -6.910952486131373, 0.0 ], [ 110.860043043910693, -6.910894545149269, 0.0 ], [ 110.860536142661104, -6.910615883279388, 0.0 ], [ 110.861381295417502, -6.910333208143583, 0.0 ], [ 110.861911970709599, -6.910133175183061, 0.0 ], [ 110.862373186046895, -6.909983567392182, 0.0 ], [ 110.862745401710797, -6.909375572651972, 0.0 ], [ 110.862956631923595, -6.90877553052893, 0.0 ], [ 110.863284973345202, -6.908035987469924, 0.0 ], [ 110.863513404242298, -6.90761398557729, 0.0 ], [ 110.863966805730797, -6.907161177332317, 0.0 ], [ 110.864205270863906, -6.907029664496053, 0.0 ], [ 110.864800612412594, -6.907193808897345, 0.0 ], [ 110.865930868369404, -6.907398640944644, 0.0 ], [ 110.866171480092504, -6.907390154745023, 0.0 ], [ 110.866428851026498, -6.907075927123019, 0.0 ], [ 110.8667785468066, -6.906923645291363, 0.0 ], [ 110.867349325441396, -6.906726433880712, 0.0 ], [ 110.867444709322299, -6.906706011745727, 0.0 ], [ 110.867469171727507, -6.906895629853194, 0.0 ], [ 110.867717745973593, -6.906950048093755, 0.0 ], [ 110.867661747874607, -6.907149171288059, 0.0 ], [ 110.867938681108797, -6.907314245242737, 0.0 ], [ 110.868324113588301, -6.907430693476307, 0.0 ], [ 110.868408184314404, -6.907517794993494, 0.0 ], [ 110.868285991481997, -6.907731162843574, 0.0 ], [ 110.868275098816895, -6.907841999263921, 0.0 ], [ 110.868274648018698, -6.907937825933224, 0.0 ], [ 110.868794083881596, -6.907711645200727, 0.0 ], [ 110.869314946703199, -6.907517777625642, 0.0 ], [ 110.869353278867905, -6.90764076234638, 0.0 ], [ 110.869169582709702, -6.907961388603339, 0.0 ], [ 110.870003719199801, -6.908361834831482, 0.0 ], [ 110.869804476887097, -6.908805359039426, 0.0 ], [ 110.870092234213402, -6.90905601813129, 0.0 ], [ 110.870282630647196, -6.908525896337118, 0.0 ], [ 110.870474445248107, -6.908744904092242, 0.0 ], [ 110.870358365554793, -6.909182969622994, 0.0 ], [ 110.870738980673494, -6.909238387645224, 0.0 ], [ 110.870901950722796, -6.90899507126533, 0.0 ], [ 110.871122490925501, -6.909147355834859, 0.0 ], [ 110.871511516320894, -6.908533960614139, 0.0 ], [ 110.871111794690407, -6.908332891759129, 0.0 ], [ 110.8709161563674, -6.908186223303702, 0.0 ], [ 110.870727715197305, -6.908097964213729, 0.0 ], [ 110.870871882872194, -6.907836426174961, 0.0 ], [ 110.8706995300264, -6.907681042220723, 0.0 ], [ 110.870780270872103, -6.907536137093118, 0.0 ], [ 110.870580835086201, -6.907421306276111, 0.0 ], [ 110.870670171808101, -6.907164906098229, 0.0 ], [ 110.870493829306596, -6.907111116356106, 0.0 ], [ 110.870621336779493, -6.906807815180769, 0.0 ], [ 110.870621949517101, -6.906605408285065, 0.0 ], [ 110.870377369476202, -6.90653634791777, 0.0 ], [ 110.870295013779995, -6.906482070847495, 0.0 ], [ 110.870317104318005, -6.906420462630204, 0.0 ], [ 110.870340410679802, -6.90642033871532, 0.0 ], [ 110.870490215334598, -6.906375934386253, 0.0 ], [ 110.870502107255106, -6.906244219657951, 0.0 ], [ 110.870825722336306, -6.906356968456289, 0.0 ], [ 110.870936185832406, -6.906274899172886, 0.0 ], [ 110.870937112815895, -6.906268393449731, 0.0 ], [ 110.870548677685306, -6.906063027053513, 0.0 ], [ 110.870651541505197, -6.905778690633725, 0.0 ], [ 110.870760650857207, -6.905676715364292, 0.0 ], [ 110.871348617479001, -6.905970491765438, 0.0 ], [ 110.8714811642526, -6.905771017153025, 0.0 ], [ 110.870809430395894, -6.905349381709187, 0.0 ], [ 110.871171258260901, -6.904670245420357, 0.0 ], [ 110.871697988271904, -6.904987453859137, 0.0 ], [ 110.871849440736597, -6.90502652477717, 0.0 ], [ 110.871975505122606, -6.904792665423036, 0.0 ], [ 110.872322569811104, -6.905003706271732, 0.0 ], [ 110.872399182046607, -6.905048448509983, 0.0 ], [ 110.872480692716195, -6.904984941140554, 0.0 ], [ 110.873251252418299, -6.905026124018066, 0.0 ], [ 110.8732701267501, -6.905568077464611, 0.0 ], [ 110.873304249599499, -6.905711571705781, 0.0 ], [ 110.874354617129498, -6.90524763226774, 0.0 ], [ 110.874470389836006, -6.905273401158596, 0.0 ], [ 110.8747726522205, -6.905060874439444, 0.0 ], [ 110.875276548968401, -6.90466175976835, 0.0 ], [ 110.875458787425003, -6.904116240524484, 0.0 ], [ 110.875439371009605, -6.903608145042289, 0.0 ], [ 110.875360312711905, -6.903519626117826, 0.0 ], [ 110.875588663611097, -6.903303350014204, 0.0 ], [ 110.875488960356094, -6.903112248199621, 0.0 ], [ 110.875309502659604, -6.903074372132695, 0.0 ], [ 110.875075675648901, -6.902792476946216, 0.0 ], [ 110.8745950178794, -6.902382219712763, 0.0 ], [ 110.874031331511105, -6.901834266550336, 0.0 ], [ 110.873676688054601, -6.901457936771634, 0.0 ], [ 110.873136946844497, -6.900975056835116, 0.0 ], [ 110.873131435064295, -6.900960037243602, 0.0 ], [ 110.872710287321496, -6.90060751385897, 0.0 ], [ 110.872426430317304, -6.900387617860448, 0.0 ], [ 110.872143447411503, -6.900077015672258, 0.0 ], [ 110.872121282545095, -6.900023836585085, 0.0 ], [ 110.871997293228105, -6.89984097268736, 0.0 ], [ 110.872026564228904, -6.899682242888733, 0.0 ], [ 110.872024946389104, -6.899635806196724, 0.0 ], [ 110.872064563011193, -6.899062580617104, 0.0 ], [ 110.872135104072399, -6.898592197618674, 0.0 ], [ 110.872134584881294, -6.89857053618335, 0.0 ], [ 110.872267940505395, -6.898189206113284, 0.0 ], [ 110.872290979612202, -6.897917687093284, 0.0 ], [ 110.872382165476495, -6.897447437157018, 0.0 ], [ 110.872482319852693, -6.896930957437341, 0.0 ], [ 110.872583940099005, -6.896484921263015, 0.0 ], [ 110.872672113401407, -6.896005375881146, 0.0 ], [ 110.872690285734507, -6.895949942111978, 0.0 ], [ 110.872793691158606, -6.895532202915769, 0.0 ], [ 110.872799473107705, -6.895455209498417, 0.0 ], [ 110.872801463126905, -6.89542709544125, 0.0 ], [ 110.872852847232394, -6.894970064351877, 0.0 ], [ 110.872853716025503, -6.894959273880745, 0.0 ], [ 110.872926442878594, -6.894722947442361, 0.0 ], [ 110.8727771191746, -6.894747226030604, 0.0 ], [ 110.872629054586199, -6.895013552173022, 0.0 ], [ 110.872559393537401, -6.895535374916502, 0.0 ], [ 110.872205290254897, -6.895426144011549, 0.0 ], [ 110.8722542652866, -6.895094387190796, 0.0 ], [ 110.872059658952693, -6.895011894226675, 0.0 ], [ 110.872128354830906, -6.894706933632811, 0.0 ], [ 110.872217477614996, -6.894082811108064, 0.0 ], [ 110.873315495457902, -6.89436347704015, 0.0 ], [ 110.874134719666202, -6.894512550318407, 0.0 ], [ 110.8749816437698, -6.894492754508314, 0.0 ], [ 110.877547698897402, -6.894234932703765, 0.0 ], [ 110.878350211683696, -6.894236464017176, 0.0 ], [ 110.879614020352506, -6.894161563886366, 0.0 ], [ 110.880559181761299, -6.894078264455744, 0.0 ], [ 110.881878506490196, -6.893661876401725, 0.0 ], [ 110.882762719246401, -6.892971532469018, 0.0 ], [ 110.882996831155793, -6.892418692601645, 0.0 ], [ 110.882966581236701, -6.891932483881471, 0.0 ], [ 110.882975006182704, -6.891468168638561, 0.0 ], [ 110.883056181368502, -6.891015031584426, 0.0 ], [ 110.883007991371201, -6.890698387017228, 0.0 ], [ 110.882989264475796, -6.890390397629654, 0.0 ], [ 110.882946202445396, -6.890133180458036, 0.0 ], [ 110.882899626842203, -6.889706113503598, 0.0 ], [ 110.882784687647302, -6.889359405194861, 0.0 ], [ 110.8827645902835, -6.889105287061692, 0.0 ], [ 110.882727675788701, -6.888949098330235, 0.0 ], [ 110.882738483628501, -6.888801100523578, 0.0 ], [ 110.882677194597306, -6.888787664733763, 0.0 ], [ 110.883958481716107, -6.888916854712592, 0.0 ], [ 110.884279939238695, -6.888894138892868, 0.0 ], [ 110.884782544585505, -6.888759423170195, 0.0 ], [ 110.885274792084402, -6.888723357266243, 0.0 ], [ 110.885704282014601, -6.888700789603364, 0.0 ], [ 110.8864331357411, -6.888723857847439, 0.0 ], [ 110.886796572974603, -6.888736195627859, 0.0 ], [ 110.887219427882897, -6.888761481356927, 0.0 ], [ 110.887322912521, -6.888612735227849, 0.0 ], [ 110.887456142631805, -6.888635451500702, 0.0 ], [ 110.887563938781994, -6.888392448564533, 0.0 ], [ 110.889069365748099, -6.888635263091317, 0.0 ], [ 110.889110348503394, -6.888074675951256, 0.0 ], [ 110.889768458217503, -6.888238289699013, 0.0 ], [ 110.889800880422101, -6.889425474732644, 0.0 ], [ 110.890057699278302, -6.889465215407804, 0.0 ], [ 110.890023035797398, -6.888238637980776, 0.0 ], [ 110.890314639420893, -6.888336933078297, 0.0 ], [ 110.890286870452599, -6.888613887420112, 0.0 ], [ 110.890485551432405, -6.888688994801714, 0.0 ], [ 110.890569736770303, -6.88891895004019, 0.0 ], [ 110.891572583698903, -6.888961296725506, 0.0 ], [ 110.891914108051097, -6.888931540711456, 0.0 ], [ 110.891945469605304, -6.889124308134843, 0.0 ], [ 110.8920449756084, -6.889128103946062, 0.0 ], [ 110.892116443527101, -6.888881490186442, 0.0 ], [ 110.892297345137706, -6.888859488685279, 0.0 ], [ 110.892199501621505, -6.88864788698587, 0.0 ], [ 110.892037178612796, -6.888670476777686, 0.0 ], [ 110.891969023032303, -6.888401822794592, 0.0 ], [ 110.891909860512598, -6.88811704263951, 0.0 ], [ 110.891807152573605, -6.887847651430918, 0.0 ], [ 110.891590971558699, -6.887790926850072, 0.0 ], [ 110.891492020118704, -6.887995675343455, 0.0 ], [ 110.890593402992593, -6.887813003377, 0.0 ], [ 110.890505338549005, -6.888215420751529, 0.0 ], [ 110.889445024887706, -6.888062633484211, 0.0 ], [ 110.888077483941103, -6.887768721116856, 0.0 ], [ 110.887367171826696, -6.887665363378775, 0.0 ], [ 110.887328653777899, -6.887148579959645, 0.0 ], [ 110.885513971054394, -6.886810906331808, 0.0 ], [ 110.885374888251306, -6.887061654616637, 0.0 ], [ 110.884676485714195, -6.886938639830021, 0.0 ], [ 110.884387015462707, -6.886893233016957, 0.0 ], [ 110.884317514218097, -6.88665959450205, 0.0 ], [ 110.884013574289099, -6.886555708945138, 0.0 ], [ 110.884013408702003, -6.886773230688179, 0.0 ], [ 110.883617495617401, -6.886810561691486, 0.0 ], [ 110.883451762072696, -6.886856052598609, 0.0 ], [ 110.883409963893499, -6.886845067880237, 0.0 ], [ 110.883085053405395, -6.886766756357736, 0.0 ], [ 110.883003039230502, -6.887063239903259, 0.0 ], [ 110.883059695987995, -6.887207143516387, 0.0 ], [ 110.8831830810459, -6.887227760876249, 0.0 ], [ 110.883210030652904, -6.88743593516238, 0.0 ], [ 110.883545734961103, -6.887457598413684, 0.0 ], [ 110.8835319342449, -6.887250716110834, 0.0 ], [ 110.884043603137499, -6.887327435970096, 0.0 ], [ 110.883938861527398, -6.888887472264453, 0.0 ], [ 110.883825684764901, -6.888847891523348, 0.0 ], [ 110.883272219673898, -6.888814247949226, 0.0 ], [ 110.882975139812004, -6.888754500094987, 0.0 ], [ 110.882834468738494, -6.88874812729706, 0.0 ], [ 110.882700194437504, -6.888741462282788, 0.0 ], [ 110.882647203873205, -6.888668159252512, 0.0 ], [ 110.882592388082003, -6.888191241092322, 0.0 ], [ 110.882536612006007, -6.888105894920901, 0.0 ], [ 110.882549796046902, -6.887938817375083, 0.0 ], [ 110.882538673075501, -6.887730788034776, 0.0 ], [ 110.882425814465904, -6.887340860689056, 0.0 ], [ 110.882422833517296, -6.88730916292388, 0.0 ], [ 110.8823371102539, -6.88703357678886, 0.0 ], [ 110.882221777462703, -6.886539350153187, 0.0 ], [ 110.882215788232301, -6.886478779000496, 0.0 ], [ 110.882120568836697, -6.885996280508144, 0.0 ], [ 110.881544375473695, -6.883762627845176, 0.0 ], [ 110.881178098685794, -6.88233019487818, 0.0 ], [ 110.880812471946896, -6.881160311911998, 0.0 ], [ 110.880691361571095, -6.880586554777468, 0.0 ], [ 110.880408602549096, -6.880282066592809, 0.0 ], [ 110.880253245963601, -6.879969615477683, 0.0 ], [ 110.880694652240805, -6.879730792709269, 0.0 ], [ 110.880701123467304, -6.879714736263527, 0.0 ], [ 110.880865550116894, -6.879614751606943, 0.0 ], [ 110.880587234188596, -6.879489616964153, 0.0 ], [ 110.880340902877194, -6.879441952824129, 0.0 ], [ 110.880337129259303, -6.879371350365359, 0.0 ], [ 110.880723029566397, -6.879027303545292, 0.0 ], [ 110.880917992603997, -6.878974167109428, 0.0 ], [ 110.880692792481199, -6.879027544128719, 0.0 ], [ 110.880054822317106, -6.87931346361168, 0.0 ], [ 110.879898196985806, -6.879389052222281, 0.0 ], [ 110.879790812429206, -6.879031732141911, 0.0 ], [ 110.8796786117897, -6.878738003381861, 0.0 ], [ 110.879702062734395, -6.87873878057222, 0.0 ], [ 110.879502783022303, -6.877984141017071, 0.0 ], [ 110.879257163180199, -6.877479824620452, 0.0 ], [ 110.8792150574929, -6.876465281395298, 0.0 ], [ 110.879271932377904, -6.875526643002748, 0.0 ], [ 110.879020645713197, -6.874414500793505, 0.0 ], [ 110.878865102521502, -6.873331416156541, 0.0 ], [ 110.878681887255993, -6.872212868277854, 0.0 ], [ 110.878600045122496, -6.871734796548721, 0.0 ], [ 110.878268025978699, -6.870813951252773, 0.0 ], [ 110.878249296975596, -6.870754120193761, 0.0 ], [ 110.878041003696097, -6.869942914791114, 0.0 ], [ 110.877985109890702, -6.868810609527338, 0.0 ], [ 110.877885928737101, -6.868444473285487, 0.0 ], [ 110.878231849966497, -6.867496846487603, 0.0 ], [ 110.879223393453202, -6.866816362810083, 0.0 ], [ 110.880074292084998, -6.866629344865691, 0.0 ], [ 110.880118493787805, -6.867068575107747, 0.0 ], [ 110.882801291861, -6.867298779429045, 0.0 ], [ 110.883213521956407, -6.867253585036907, 0.0 ], [ 110.883384246457695, -6.8665216475549, 0.0 ], [ 110.885395134634095, -6.86666409370319, 0.0 ], [ 110.889588029136405, -6.867010381698051, 0.0 ], [ 110.892019003289903, -6.867460202584768, 0.0 ], [ 110.893584992516594, -6.867682540111916, 0.0 ], [ 110.894498724231099, -6.867639533397979, 0.0 ], [ 110.895025085231197, -6.867639527285176, 0.0 ], [ 110.900416903992806, -6.867585520110318, 0.0 ], [ 110.906553017671001, -6.867632232586954, 0.0 ], [ 110.908733983922403, -6.867642144024352, 0.0 ], [ 110.9123712481437, -6.86775064878279, 0.0 ], [ 110.915720471222599, -6.867624170210933, 0.0 ], [ 110.917692467082105, -6.867652136208145, 0.0 ], [ 110.918731949380899, -6.867623720678322, 0.0 ], [ 110.916796587376297, -6.868091476985526, 0.0 ], [ 110.915151968653802, -6.868827474582131, 0.0 ], [ 110.914425744084596, -6.868915046854463, 0.0 ], [ 110.914338421430202, -6.868772335908894, 0.0 ], [ 110.912019873519696, -6.869352542923112, 0.0 ], [ 110.911399852719001, -6.869923950952303, 0.0 ], [ 110.911451017931398, -6.870373378486191, 0.0 ], [ 110.911329796805404, -6.871136275160092, 0.0 ], [ 110.910532494025603, -6.871450626032471, 0.0 ], [ 110.909894259824299, -6.871736884360764, 0.0 ], [ 110.909458706849904, -6.871868329389247, 0.0 ], [ 110.9093292415007, -6.871532671603156, 0.0 ], [ 110.909180420260498, -6.871532962801811, 0.0 ], [ 110.909125075367299, -6.87175906565481, 0.0 ], [ 110.909149419468704, -6.871961820792285, 0.0 ], [ 110.909067859313595, -6.871586914770834, 0.0 ], [ 110.908499284845405, -6.871667488478939, 0.0 ], [ 110.908667677971394, -6.872204879462936, 0.0 ], [ 110.908896383087196, -6.873650116993275, 0.0 ], [ 110.9088880159795, -6.873769186350344, 0.0 ], [ 110.908635020411495, -6.873795003799026, 0.0 ], [ 110.908504655112694, -6.873672037403926, 0.0 ], [ 110.908414209211102, -6.872443683757046, 0.0 ], [ 110.907749553578398, -6.87245501445545, 0.0 ], [ 110.906945487833895, -6.872625521916254, 0.0 ], [ 110.905910494251202, -6.872710783297163, 0.0 ], [ 110.904670964197294, -6.872911876610351, 0.0 ], [ 110.904203757578699, -6.872880835181135, 0.0 ], [ 110.903991624622506, -6.872574212034584, 0.0 ], [ 110.903751141205703, -6.872413756964733, 0.0 ], [ 110.903256901283498, -6.872270441951667, 0.0 ], [ 110.902728496508701, -6.8720748573402, 0.0 ], [ 110.902689607899305, -6.871828291914759, 0.0 ], [ 110.903676551344205, -6.871783496052249, 0.0 ], [ 110.905347946578999, -6.871789560377636, 0.0 ], [ 110.906989902421998, -6.871574027749774, 0.0 ], [ 110.907967518382193, -6.871434584612475, 0.0 ], [ 110.908788555145193, -6.871360137075909, 0.0 ], [ 110.909147575066299, -6.871256576853188, 0.0 ], [ 110.909633407730794, -6.871126266390082, 0.0 ], [ 110.910139547031307, -6.870989017745445, 0.0 ], [ 110.910619730135906, -6.870633786718614, 0.0 ], [ 110.911195849473302, -6.870468261537806, 0.0 ], [ 110.911341118407705, -6.870358812453389, 0.0 ], [ 110.911314137039597, -6.869974139679189, 0.0 ], [ 110.910643082053497, -6.870094312306337, 0.0 ], [ 110.910230796176407, -6.870184490017167, 0.0 ], [ 110.909595257089094, -6.870532054299735, 0.0 ], [ 110.909553959148397, -6.870544276526404, 0.0 ], [ 110.9083154415612, -6.870878583909501, 0.0 ], [ 110.906873888807098, -6.871092459160916, 0.0 ], [ 110.906854050508201, -6.87109269746299, 0.0 ], [ 110.905548661673194, -6.871169949657425, 0.0 ], [ 110.904015240352905, -6.871204113789517, 0.0 ], [ 110.903240417041403, -6.871328148821246, 0.0 ], [ 110.902607718477398, -6.871437948553097, 0.0 ], [ 110.902258950438195, -6.871439085592077, 0.0 ], [ 110.901625882673102, -6.871422646492194, 0.0 ], [ 110.900911587535802, -6.871408920664484, 0.0 ], [ 110.900689788496905, -6.871422443710207, 0.0 ], [ 110.9004171282415, -6.870300695314109, 0.0 ], [ 110.899657252694098, -6.870436133223132, 0.0 ], [ 110.899897325202105, -6.871487007628086, 0.0 ], [ 110.899040664277805, -6.871490765142135, 0.0 ], [ 110.898368006241498, -6.871589613503769, 0.0 ], [ 110.897632022047304, -6.871670270928459, 0.0 ], [ 110.896936085372104, -6.871778946465565, 0.0 ], [ 110.896224066752197, -6.871544502191434, 0.0 ], [ 110.896164525209301, -6.871516612709147, 0.0 ], [ 110.896118330175298, -6.871516527793734, 0.0 ], [ 110.895369149402399, -6.87129200465944, 0.0 ], [ 110.894855410234001, -6.87127863542288, 0.0 ], [ 110.894497308512797, -6.871380393133174, 0.0 ], [ 110.893802957217702, -6.871533563729387, 0.0 ], [ 110.893503072724997, -6.871325961199743, 0.0 ], [ 110.892968190642705, -6.871032454543136, 0.0 ], [ 110.892641392533804, -6.871127708155869, 0.0 ], [ 110.892643347571294, -6.870813060727845, 0.0 ], [ 110.892415077203793, -6.870760544051635, 0.0 ], [ 110.892259422345205, -6.871070492492954, 0.0 ], [ 110.892226195689801, -6.871070589365599, 0.0 ], [ 110.892103704413003, -6.871091764474179, 0.0 ], [ 110.891974351585603, -6.871346254915884, 0.0 ], [ 110.891473223615506, -6.871351541733595, 0.0 ], [ 110.8914838339293, -6.871113394072565, 0.0 ], [ 110.891368764320802, -6.871037337156649, 0.0 ], [ 110.891425109561595, -6.870515356068313, 0.0 ], [ 110.891389994950003, -6.870394955217645, 0.0 ], [ 110.891541000102194, -6.869855909686089, 0.0 ], [ 110.891037490477601, -6.869731226682766, 0.0 ], [ 110.890515125358405, -6.871039007121901, 0.0 ], [ 110.890309246576507, -6.870934916636044, 0.0 ], [ 110.890043075110995, -6.871273726333716, 0.0 ], [ 110.889888449046396, -6.871311409082228, 0.0 ], [ 110.889646064904099, -6.871388961922395, 0.0 ], [ 110.8887748640241, -6.870982867822876, 0.0 ], [ 110.888435165897505, -6.87112037082092, 0.0 ], [ 110.888057009449795, -6.871682847546849, 0.0 ], [ 110.8876351397533, -6.872119743238009, 0.0 ], [ 110.887555922938006, -6.872328065562045, 0.0 ], [ 110.887927284131806, -6.872576811076327, 0.0 ], [ 110.888527307312899, -6.872832408397146, 0.0 ], [ 110.888839594676, -6.873060502438582, 0.0 ], [ 110.888834212631707, -6.873284142808699, 0.0 ], [ 110.888527072708598, -6.873399396128751, 0.0 ], [ 110.888408097232201, -6.873420173826828, 0.0 ], [ 110.888133234307006, -6.873875731254831, 0.0 ], [ 110.887876119888503, -6.873684429208464, 0.0 ], [ 110.887819827132702, -6.873582591683483, 0.0 ], [ 110.887828943479605, -6.873418808881265, 0.0 ], [ 110.887662125523605, -6.873324631552982, 0.0 ], [ 110.887135592533497, -6.872962364735822, 0.0 ], [ 110.886808344690195, -6.873312892039167, 0.0 ], [ 110.886439220527294, -6.872930462707136, 0.0 ], [ 110.886342057344507, -6.87273377660611, 0.0 ], [ 110.886802631980004, -6.8721441240876, 0.0 ], [ 110.887119088854007, -6.872248736717839, 0.0 ], [ 110.887358074311507, -6.872340236201732, 0.0 ], [ 110.887543845507295, -6.872027209247956, 0.0 ], [ 110.887353457400494, -6.871909143969598, 0.0 ], [ 110.887544767838193, -6.871754165396091, 0.0 ], [ 110.8877269800183, -6.871584734357919, 0.0 ], [ 110.887959784326895, -6.871299691854869, 0.0 ], [ 110.887722450232403, -6.871187211213141, 0.0 ], [ 110.887378934275603, -6.87128945187481, 0.0 ], [ 110.886778464280198, -6.871202317967798, 0.0 ], [ 110.886552387532106, -6.871339922775092, 0.0 ], [ 110.886109560117802, -6.871224533913969, 0.0 ], [ 110.885857009491104, -6.871072365909924, 0.0 ], [ 110.885914717408397, -6.870615735369967, 0.0 ], [ 110.885583448140096, -6.870509925016719, 0.0 ], [ 110.885625418066297, -6.870335062046512, 0.0 ], [ 110.885425481116201, -6.870294626399136, 0.0 ], [ 110.885344852502101, -6.870709766468094, 0.0 ], [ 110.885223022682496, -6.870983072193448, 0.0 ], [ 110.885255201031399, -6.87117403250695, 0.0 ], [ 110.885747069441607, -6.871224577279078, 0.0 ], [ 110.885679879107897, -6.871581711442018, 0.0 ], [ 110.885756858456702, -6.871737987990779, 0.0 ], [ 110.885727838655995, -6.871894734170796, 0.0 ], [ 110.886119565694898, -6.87201546917998, 0.0 ], [ 110.886201129353694, -6.872216098464167, 0.0 ], [ 110.886059418510698, -6.872400143954844, 0.0 ], [ 110.885888111820293, -6.872647326730924, 0.0 ], [ 110.885908006186696, -6.87277969322227, 0.0 ], [ 110.885729588600299, -6.872757174755613, 0.0 ], [ 110.885527938273697, -6.872609927762473, 0.0 ], [ 110.885447742933707, -6.872507984748228, 0.0 ], [ 110.885608638348302, -6.87215268718092, 0.0 ], [ 110.885716077594907, -6.872024922387634, 0.0 ], [ 110.885531720522906, -6.871870861367993, 0.0 ], [ 110.885357596884404, -6.871787601025962, 0.0 ], [ 110.8850824703553, -6.871810901225269, 0.0 ], [ 110.884737895928694, -6.871756354189059, 0.0 ], [ 110.884969061244902, -6.870909527760399, 0.0 ], [ 110.885043659532002, -6.870700067133261, 0.0 ], [ 110.884884881903503, -6.870633990360669, 0.0 ], [ 110.885004460334301, -6.870380459868911, 0.0 ], [ 110.884796664953697, -6.870270677713903, 0.0 ], [ 110.884595519384703, -6.87073891928007, 0.0 ], [ 110.884521995801805, -6.871164382822423, 0.0 ], [ 110.884330625018194, -6.87107572310116, 0.0 ], [ 110.884301642157794, -6.870687420212082, 0.0 ], [ 110.884475135897304, -6.870241332895818, 0.0 ], [ 110.8834087873431, -6.870077354878677, 0.0 ], [ 110.883373233994405, -6.870202144250897, 0.0 ], [ 110.881754833244003, -6.870034890500704, 0.0 ], [ 110.881554824801896, -6.871214526345725, 0.0 ], [ 110.881034479265594, -6.871262639961008, 0.0 ], [ 110.881051091492694, -6.871709127447011, 0.0 ], [ 110.880965998695501, -6.871959469811813, 0.0 ], [ 110.880937639687403, -6.872223081872198, 0.0 ], [ 110.883187659316405, -6.873247444865147, 0.0 ], [ 110.883621004134596, -6.873380922285515, 0.0 ], [ 110.884202384727502, -6.87342774404123, 0.0 ], [ 110.8850601979603, -6.873602258628378, 0.0 ], [ 110.886055451605799, -6.873635337860141, 0.0 ], [ 110.886707873972099, -6.873670592819173, 0.0 ], [ 110.887042416123293, -6.873832045694186, 0.0 ], [ 110.887172906062801, -6.874334589614512, 0.0 ], [ 110.886985372099502, -6.874672395613207, 0.0 ], [ 110.8863477423169, -6.875121860838043, 0.0 ], [ 110.885709529290494, -6.87527335343517, 0.0 ], [ 110.885346437094398, -6.875366995100655, 0.0 ], [ 110.885443256886006, -6.875701386578218, 0.0 ], [ 110.884956725397203, -6.875919732672434, 0.0 ], [ 110.883587899815197, -6.876526221915857, 0.0 ], [ 110.883102376274095, -6.876894016482133, 0.0 ], [ 110.880691681340494, -6.878155488147945, 0.0 ], [ 110.880033301036093, -6.878494297955913, 0.0 ], [ 110.879878791018797, -6.87858794931492, 0.0 ], [ 110.879838570898002, -6.878745045658023, 0.0 ], [ 110.879896807945002, -6.878948185159659, 0.0 ], [ 110.880028423350097, -6.87907698787125, 0.0 ], [ 110.880818635321702, -6.878734531168844, 0.0 ], [ 110.881030777532303, -6.8789002814057, 0.0 ], [ 110.881852661155705, -6.878397580085619, 0.0 ], [ 110.881888734883901, -6.878384956662263, 0.0 ], [ 110.882963739220898, -6.877796156143403, 0.0 ], [ 110.883001154231707, -6.877782656111902, 0.0 ], [ 110.883392949379399, -6.877594730151285, 0.0 ], [ 110.883702113402805, -6.877825010639699, 0.0 ], [ 110.8842437155147, -6.877758387158521, 0.0 ], [ 110.8853234800482, -6.876980948036146, 0.0 ], [ 110.886104061423794, -6.876604175760482, 0.0 ], [ 110.887069526283497, -6.876008048967802, 0.0 ], [ 110.8872862732524, -6.875864962405112, 0.0 ], [ 110.887119385821606, -6.875399576504146, 0.0 ], [ 110.887809003199607, -6.875062331203637, 0.0 ], [ 110.888861788363499, -6.874467962423007, 0.0 ], [ 110.889551133668107, -6.873937819287011, 0.0 ], [ 110.890503677454404, -6.873044643970422, 0.0 ], [ 110.890518212502599, -6.873029015552008, 0.0 ], [ 110.890938173413204, -6.872673641558225, 0.0 ], [ 110.892073098846794, -6.871876868593572, 0.0 ], [ 110.892086821810295, -6.871876867507511, 0.0 ], [ 110.892812375672307, -6.871793363620588, 0.0 ], [ 110.893410569349697, -6.871854441045641, 0.0 ], [ 110.893709881806203, -6.872214296613145, 0.0 ], [ 110.894116791072307, -6.872201807645428, 0.0 ], [ 110.894953801675399, -6.871949561177669, 0.0 ], [ 110.895476321005106, -6.871938498571279, 0.0 ], [ 110.895548379607206, -6.871980573642969, 0.0 ], [ 110.895647796262196, -6.87198051225602, 0.0 ], [ 110.896372575492705, -6.872238367399152, 0.0 ], [ 110.896907129822793, -6.872395995778299, 0.0 ], [ 110.897315126960194, -6.872282820688018, 0.0 ], [ 110.897963138777598, -6.872155562074254, 0.0 ], [ 110.898012706622794, -6.872155452577786, 0.0 ], [ 110.898066534842897, -6.872127348525117, 0.0 ], [ 110.898675496863007, -6.872020577881953, 0.0 ], [ 110.899196591138406, -6.87202124457007, 0.0 ], [ 110.900066625780596, -6.872081715042825, 0.0 ], [ 110.900974487693503, -6.872082532847578, 0.0 ], [ 110.901958476593293, -6.872017727404379, 0.0 ], [ 110.901925612022197, -6.872175758933149, 0.0 ], [ 110.902673878509106, -6.87217602576135, 0.0 ], [ 110.902910455274096, -6.872228885491452, 0.0 ], [ 110.903175294579697, -6.872347608516529, 0.0 ], [ 110.903416734603496, -6.872439590507601, 0.0 ], [ 110.903452400360706, -6.872439909478529, 0.0 ], [ 110.903718359672297, -6.872506408335703, 0.0 ], [ 110.903870275335805, -6.87261192725612, 0.0 ], [ 110.904040872134303, -6.872862952034805, 0.0 ], [ 110.904039409939102, -6.872875291167956, 0.0 ], [ 110.904056355863403, -6.873034064210777, 0.0 ], [ 110.9042334163655, -6.873042695840414, 0.0 ], [ 110.904749425225305, -6.872981291704258, 0.0 ], [ 110.906152258780494, -6.872834083162908, 0.0 ], [ 110.907241902372704, -6.872679679571997, 0.0 ], [ 110.907968214842597, -6.872588932155319, 0.0 ], [ 110.907994411929707, -6.872589006648339, 0.0 ], [ 110.908329378691505, -6.872499921408695, 0.0 ], [ 110.9084555812845, -6.873594978849711, 0.0 ], [ 110.908489334722503, -6.87389429849566, 0.0 ], [ 110.908990359495803, -6.873809047898697, 0.0 ], [ 110.908923500617107, -6.872955009363757, 0.0 ], [ 110.908743018148698, -6.872313632614302, 0.0 ], [ 110.908649329928195, -6.871945364627626, 0.0 ], [ 110.908606584376898, -6.871715281973046, 0.0 ], [ 110.908975869312002, -6.871665592221906, 0.0 ], [ 110.909060172147207, -6.872090196202507, 0.0 ], [ 110.909151858347101, -6.872216742902733, 0.0 ], [ 110.909946978498098, -6.871859711164018, 0.0 ], [ 110.911188390597403, -6.871527948295824, 0.0 ], [ 110.911429194375501, -6.871395745131593, 0.0 ], [ 110.911485542055303, -6.871461353803165, 0.0 ], [ 110.911650162252897, -6.872691834202066, 0.0 ], [ 110.911539496634106, -6.873950614263422, 0.0 ], [ 110.911204965555299, -6.875127916499483, 0.0 ], [ 110.910761788712406, -6.876605667680292, 0.0 ] ] ] ] } }
]
}
