{
"type": "FeatureCollection",
"name": "ADN_BORDERS",
"crs": { "type": "name", "properties": { "name": "urn:ogc:def:crs:OGC:1.3:CRS84" } },
"features": [
{ "type": "Feature", "properties": { "GID_4": "IDN.10.9.9.1_1", "GID_0": "IDN", "COUNTRY": "Indonesia", "GID_1": "IDN.10_1", "NAME_1": "Jawa Tengah", "GID_2": "IDN.10.9_1", "NAME_2": "Grobogan", "GID_3": "IDN.10.9.9_1", "NAME_3": "Klambu", "NAME_4": "Jenengan", "VARNAME_4": "NA", "TYPE_4": "Desa", "ENGTYPE_4": "Village", "CC_4": "3315150008" }, "geometry": { "type": "MultiPolygon", "coordinates": [ [ [ [ 110.763877868000066, -6.969025612999872 ], [ 110.763824463000049, -6.968874930999959 ], [ 110.7633056640002, -6.968132018999938 ], [ 110.7633056640002, -6.967787741999871 ], [ 110.763793945000145, -6.966754435999974 ], [ 110.764976502000025, -6.965524673999937 ], [ 110.766754151000157, -6.964294910999968 ], [ 110.766845703000058, -6.964238165999973 ], [ 110.768180847000053, -6.963409899999931 ], [ 110.769905091000055, -6.962672232999921 ], [ 110.77128601000004, -6.963509558999931 ], [ 110.771446228000116, -6.963649748999956 ], [ 110.772613525000168, -6.964691639999955 ], [ 110.77343750100016, -6.965408800999967 ], [ 110.774368287000073, -6.965040205999912 ], [ 110.775375367000095, -6.964749334999908 ], [ 110.775871278000182, -6.965260028999978 ], [ 110.776672363000102, -6.965839862999928 ], [ 110.777412415000015, -6.96620988799998 ], [ 110.777519225000162, -6.966229914999928 ], [ 110.779602050000108, -6.966639995999969 ], [ 110.780082703000176, -6.966760158999932 ], [ 110.780166626000096, -6.966790197999956 ], [ 110.78056335500014, -6.966849802999889 ], [ 110.781936645000087, -6.966949939999836 ], [ 110.784141540000178, -6.967030048999959 ], [ 110.786422730000083, -6.96716976099998 ], [ 110.786437988000102, -6.965680120999934 ], [ 110.786582947000113, -6.964879988999883 ], [ 110.786926269000105, -6.964179992999959 ], [ 110.787528992000148, -6.963449953999941 ], [ 110.787857055000018, -6.962580202999959 ], [ 110.788040161000083, -6.961219786999891 ], [ 110.788009644000113, -6.960559843999931 ], [ 110.78781890800019, -6.959430217999909 ], [ 110.787567138000099, -6.958330153999839 ], [ 110.787193298000091, -6.957530021999958 ], [ 110.787101746000133, -6.957129954999914 ], [ 110.787315, -6.956375 ], [ 110.789131164000196, -6.956819533999976 ], [ 110.79060375, -6.957110926999917 ], [ 110.790653230000203, -6.957130944999903 ], [ 110.791458130000194, -6.957456587999957 ], [ 110.792419433000077, -6.958002090999969 ], [ 110.79267584400003, -6.958225373999937 ], [ 110.792772171000081, -6.95830925599995 ], [ 110.793441773000097, -6.958892344999981 ], [ 110.793600246000153, -6.959066070999882 ], [ 110.793612344000053, -6.95907933299992 ], [ 110.793642210000087, -6.959112073999961 ], [ 110.793823177000036, -6.959310457999948 ], [ 110.793937684000184, -6.959435938999945 ], [ 110.794677734000118, -6.960237502999973 ], [ 110.796058654000149, -6.961691378999944 ], [ 110.797439576000045, -6.963235853999947 ], [ 110.798553466000158, -6.964399337999907 ], [ 110.799278260000108, -6.965580463999856 ], [ 110.799827575000165, -6.966616152999904 ], [ 110.800209046000191, -6.967724321999981 ], [ 110.800415037999983, -6.968637941999873 ], [ 110.80044555700016, -6.968763827999965 ], [ 110.800476073000198, -6.968905449999966 ], [ 110.800750733000143, -6.970740317999912 ], [ 110.801094055000135, -6.972448347999944 ], [ 110.80113220200019, -6.972606180999946 ], [ 110.800613402000067, -6.972650049999913 ], [ 110.799957276000157, -6.972720145999972 ], [ 110.79898834300019, -6.9730501169999 ], [ 110.797813416000054, -6.974009990999832 ], [ 110.79689788800016, -6.974880216999964 ], [ 110.795883178000054, -6.975969790999955 ], [ 110.794906617000152, -6.976530074999971 ], [ 110.793861388000096, -6.976749896999934 ], [ 110.792442322000056, -6.97700023699997 ], [ 110.791442870000139, -6.977109908999978 ], [ 110.790458678999983, -6.976990222999859 ], [ 110.789871216000165, -6.976689814999872 ], [ 110.7896881100001, -6.976419924999902 ], [ 110.789657594000062, -6.975679874999969 ], [ 110.789558411000144, -6.975570201999972 ], [ 110.789268493000122, -6.975440025999944 ], [ 110.78897857700008, -6.975299834999873 ], [ 110.788597107000157, -6.975130080999975 ], [ 110.788467408000201, -6.974800108999943 ], [ 110.788467408000201, -6.974349974999882 ], [ 110.788421631, -6.973999975999959 ], [ 110.788108825999984, -6.973899840999934 ], [ 110.787887573000091, -6.973840235999887 ], [ 110.787757875000182, -6.973589896999954 ], [ 110.787002564000147, -6.973279951999928 ], [ 110.786819458000082, -6.973259925999855 ], [ 110.786468507000052, -6.97442007099994 ], [ 110.786201477000191, -6.975530147999905 ], [ 110.785743713000159, -6.976890086999902 ], [ 110.785453797000116, -6.977200030999882 ], [ 110.784889221000128, -6.977749823999886 ], [ 110.784446717000151, -6.978219985999885 ], [ 110.784156799000129, -6.978670119999947 ], [ 110.783851624000192, -6.978960035999933 ], [ 110.782882691000054, -6.978819846999897 ], [ 110.782279968000182, -6.97857999799993 ], [ 110.780899048000151, -6.978020191999974 ], [ 110.778213500000163, -6.977109908999978 ], [ 110.776519776000157, -6.976630211999975 ], [ 110.774948120000147, -6.976180075999878 ], [ 110.77390289300007, -6.975886343999889 ], [ 110.774246216000165, -6.975308416999951 ], [ 110.77431488000019, -6.974758148999911 ], [ 110.774215698000148, -6.974504469999886 ], [ 110.773994445000199, -6.974207877999959 ], [ 110.773513795000042, -6.973939895999877 ], [ 110.772598267000149, -6.973500251999951 ], [ 110.772392272000047, -6.973403452999889 ], [ 110.771995544000106, -6.973396777999881 ], [ 110.770629882000094, -6.973374366999906 ], [ 110.770538330000136, -6.973386286999926 ], [ 110.77027130099998, -6.973200797999937 ], [ 110.769851685000106, -6.972909449999975 ], [ 110.769065856000168, -6.97221994299997 ], [ 110.769012451000094, -6.971580504999963 ], [ 110.769462585000042, -6.970891474999974 ], [ 110.770149232000108, -6.970153330999949 ], [ 110.771186828000168, -6.969268321999891 ], [ 110.770988464000084, -6.968529701999955 ], [ 110.770347596000192, -6.96779107999987 ], [ 110.769065856000168, -6.967938421999975 ], [ 110.767784119000112, -6.968528269999865 ], [ 110.766853333000142, -6.969069004999938 ], [ 110.765525818000185, -6.969381331999898 ], [ 110.765762329000154, -6.969153880999954 ], [ 110.764427184000056, -6.969335079999894 ], [ 110.763877868000066, -6.969025612999872 ] ] ] ] } },
{ "type": "Feature", "properties": { "GID_4": "IDN.10.9.9.3_1", "GID_0": "IDN", "COUNTRY": "Indonesia", "GID_1": "IDN.10_1", "NAME_1": "Jawa Tengah", "GID_2": "IDN.10.9_1", "NAME_2": "Grobogan", "GID_3": "IDN.10.9.9_1", "NAME_3": "Klambu", "NAME_4": "Klambu", "VARNAME_4": "NA", "TYPE_4": "Desa", "ENGTYPE_4": "Village", "CC_4": "3315150005" }, "geometry": { "type": "MultiPolygon", "coordinates": [ [ [ [ 110.794158935000098, -7.017690180999921 ], [ 110.794273377000138, -7.017250059999924 ], [ 110.794448853000119, -7.016359805999912 ], [ 110.794548035000162, -7.015779970999972 ], [ 110.794570924000141, -7.015190123999957 ], [ 110.794403076000151, -7.014629839999941 ], [ 110.79403686400002, -7.014110087999939 ], [ 110.793609619000108, -7.013599871999929 ], [ 110.793136597000057, -7.013259887999936 ], [ 110.79271698000008, -7.013140201999875 ], [ 110.792259216000048, -7.013130186999945 ], [ 110.791862487000174, -7.013239859999942 ], [ 110.79125976600011, -7.013559816999873 ], [ 110.790611266000099, -7.01396989899996 ], [ 110.789970398000037, -7.014319895999961 ], [ 110.789649963000045, -7.014470099999869 ], [ 110.789192200000116, -7.014760015999968 ], [ 110.788856506000059, -7.014890193999975 ], [ 110.788711547000048, -7.01492977099997 ], [ 110.788597107000157, -7.014969825999913 ], [ 110.787620544000106, -7.01526021899997 ], [ 110.787071228000116, -7.015419958999871 ], [ 110.786430360000054, -7.015649794999945 ], [ 110.786216735000039, -7.015759944999957 ], [ 110.786003113000106, -7.01597976599993 ], [ 110.78587341400015, -7.016119956999944 ], [ 110.785682678000171, -7.016240119999964 ], [ 110.785499574000085, -7.01637983199987 ], [ 110.785423278, -7.016499994999947 ], [ 110.785499574000085, -7.016620157999967 ], [ 110.784416198000201, -7.016860006999934 ], [ 110.783927918000074, -7.01677989999996 ], [ 110.783737184000131, -7.016650199999958 ], [ 110.783546447000049, -7.016429901999857 ], [ 110.783462524000129, -7.016109943999936 ], [ 110.783432006999988, -7.015779970999972 ], [ 110.78353118900003, -7.015419958999871 ], [ 110.783760070000085, -7.014820098999962 ], [ 110.784126282000159, -7.014190196999891 ], [ 110.784378051000147, -7.013810156999966 ], [ 110.784637451000094, -7.013259887999936 ], [ 110.784828185000094, -7.01273012099989 ], [ 110.784889221000128, -7.012219904999938 ], [ 110.784881592000147, -7.011879920999888 ], [ 110.78466034000013, -7.011539934999973 ], [ 110.784393310000041, -7.011320114999933 ], [ 110.784683228000063, -7.010879993999936 ], [ 110.784919739000202, -7.01049995399984 ], [ 110.785156250000114, -7.010119913999915 ], [ 110.78529357900004, -7.009709833999921 ], [ 110.785316468000076, -7.009439943999951 ], [ 110.785247802000072, -7.009270190999871 ], [ 110.784957886000029, -7.008999823999886 ], [ 110.784553527000071, -7.008790015999921 ], [ 110.783821105000072, -7.008419990999869 ], [ 110.783203124000181, -7.008009909999942 ], [ 110.782821656000067, -7.007579801999896 ], [ 110.782638550000172, -7.006949901999917 ], [ 110.78253936800013, -7.006390093999869 ], [ 110.782432555000071, -7.00601005599998 ], [ 110.782279968000182, -7.005829809999966 ], [ 110.781723022000108, -7.005770206999898 ], [ 110.781639098000085, -7.005760191999968 ], [ 110.781288147000112, -7.005750178999961 ], [ 110.781158448000099, -7.005710123999904 ], [ 110.780662537000183, -7.005589960999941 ], [ 110.780479431000117, -7.005559919999939 ], [ 110.780197143000066, -7.005459784999971 ], [ 110.779731751000099, -7.005219935999946 ], [ 110.779487610000047, -7.005020141999921 ], [ 110.779418946000078, -7.004950045999976 ], [ 110.779098511000086, -7.004559992999873 ], [ 110.778869628000109, -7.00412988599993 ], [ 110.778770446000067, -7.003940105999902 ], [ 110.778472900000111, -7.003320216999953 ], [ 110.778381347999982, -7.003149986999915 ], [ 110.778099060000102, -7.002560138999968 ], [ 110.777923584000121, -7.00215005799987 ], [ 110.777778625000167, -7.001820086999942 ], [ 110.77764129600007, -7.001470087999905 ], [ 110.777252197000109, -7.000470160999953 ], [ 110.77709198000008, -7.000120162999963 ], [ 110.777107238000099, -7.000020027999938 ], [ 110.777206420000141, -6.999579906999941 ], [ 110.777267456000061, -6.999229907999961 ], [ 110.777328491000048, -6.999040126999944 ], [ 110.777587891000167, -6.998300074999918 ], [ 110.777603149000186, -6.998219965999965 ], [ 110.77778625500008, -6.997280121999893 ], [ 110.778022766, -6.996449947999963 ], [ 110.77808380099998, -6.996170044999872 ], [ 110.778106690000186, -6.996049881999966 ], [ 110.778213500000163, -6.995590209999875 ], [ 110.778259277000132, -6.995299815999942 ], [ 110.778266907000045, -6.99517011599994 ], [ 110.778282166000167, -6.994500158999926 ], [ 110.778320313, -6.994160175999866 ], [ 110.778419495000037, -6.993269918999943 ], [ 110.778518677000079, -6.992720125999881 ], [ 110.77863311700014, -6.99237012899988 ], [ 110.778747558000134, -6.99233007499987 ], [ 110.778907775000107, -6.99232005999994 ], [ 110.779167175000111, -6.992519855999944 ], [ 110.779441833000078, -6.992670057999931 ], [ 110.779808045000038, -6.992800234999947 ], [ 110.781082153999989, -6.993040084999905 ], [ 110.781402587000116, -6.993460177999964 ], [ 110.781379701000048, -6.99408006699997 ], [ 110.781242370000143, -6.99499988499997 ], [ 110.781150818000185, -6.99565982799993 ], [ 110.78127288800016, -6.996260165999956 ], [ 110.7816009510002, -6.996779917999902 ], [ 110.782287598000096, -6.997529983999868 ], [ 110.782997132, -6.997960090999925 ], [ 110.783432006999988, -6.998260019999975 ], [ 110.783622741000158, -6.9982099529999 ], [ 110.784011842000098, -6.998320102999969 ], [ 110.784568788, -6.998549938999872 ], [ 110.784729003000052, -6.998720168999967 ], [ 110.784858704000044, -6.998809813999969 ], [ 110.785339356000179, -6.999050139999895 ], [ 110.786018371000125, -6.999450205999949 ], [ 110.786338806000117, -6.999569891999897 ], [ 110.786727906000124, -6.999720095999976 ], [ 110.787330627000188, -6.999999998999954 ], [ 110.78755188000008, -7.000100135999901 ], [ 110.787612915000068, -7.000179767999839 ], [ 110.788002014000028, -7.000619887999903 ], [ 110.788513183000134, -7.000919817999943 ], [ 110.789291382000158, -7.001259802999925 ], [ 110.790008545000035, -7.001510142999962 ], [ 110.7908172610002, -7.00179004599994 ], [ 110.791671753000173, -7.002039909999894 ], [ 110.792411805000143, -7.002250194999817 ], [ 110.793121338000105, -7.002319812999872 ], [ 110.79403686400002, -7.002369879999947 ], [ 110.794708253000067, -7.002299784999934 ], [ 110.795410156000173, -7.002140044999919 ], [ 110.796211243000073, -7.001890182999944 ], [ 110.797080994, -7.001279831999909 ], [ 110.797546386000135, -7.000740050999923 ], [ 110.797813416000054, -7.000380038999879 ], [ 110.798042297000052, -7.000150203999965 ], [ 110.798210144, -6.999999998999954 ], [ 110.79857635400009, -6.999730108999927 ], [ 110.799331665000182, -6.999279975999968 ], [ 110.799728393000123, -6.99899005899988 ], [ 110.800109864000149, -6.998519896999881 ], [ 110.800361633000136, -6.997859953999921 ], [ 110.800636291000103, -6.997139929999946 ], [ 110.800842285000101, -6.996500014999924 ], [ 110.801078796000013, -6.995960234999927 ], [ 110.801528930000131, -6.995480059999977 ], [ 110.801750183000081, -6.995299815999942 ], [ 110.80248260500008, -6.994989871999962 ], [ 110.803062439000144, -6.994559763999973 ], [ 110.803680421000081, -6.993800163999936 ], [ 110.804130554000096, -6.992919921999942 ], [ 110.80455017100013, -6.9921598439999 ], [ 110.804840088000049, -6.991759775999924 ], [ 110.805473327000129, -6.991218089999961 ], [ 110.805549621000011, -6.991270542999871 ], [ 110.805801393000081, -6.991357326999946 ], [ 110.80622100800008, -6.991485594999972 ], [ 110.806404114000145, -6.991668223999909 ], [ 110.806632996000076, -6.991923330999953 ], [ 110.806709290000128, -6.99199294899995 ], [ 110.80702972500012, -6.992249965999974 ], [ 110.80721282900015, -6.992296217999979 ], [ 110.80757141100014, -6.992262838999977 ], [ 110.807838441000058, -6.99218988299998 ], [ 110.807945250999978, -6.992202280999948 ], [ 110.808189392000031, -6.992290019999928 ], [ 110.808311463000109, -6.99241113599993 ], [ 110.808593750999989, -6.992810724999856 ], [ 110.808662414000082, -6.993196009999849 ], [ 110.808761597000057, -6.993581770999981 ], [ 110.808898925000051, -6.993867396999974 ], [ 110.80897521900016, -6.993964193999886 ], [ 110.809013365999988, -6.994034289999945 ], [ 110.809219359999986, -6.994345663999923 ], [ 110.809280396000077, -6.994521139999961 ], [ 110.80930328400018, -6.994757175999951 ], [ 110.809066773000097, -6.996087073999945 ], [ 110.809066773000097, -6.996351717999914 ], [ 110.80914306699998, -6.996540546999881 ], [ 110.809249877000127, -6.996772287999875 ], [ 110.809288024000182, -6.996850013999847 ], [ 110.809402466000051, -6.99709653799988 ], [ 110.809486388000039, -6.997174738999888 ], [ 110.809730529000092, -6.997412680999958 ], [ 110.809982299000126, -6.998157500999923 ], [ 110.81040191600016, -6.999120712999968 ], [ 110.810897827000076, -7.000000476999901 ], [ 110.811447143, -7.000316618999875 ], [ 110.811286927000083, -7.000410078999948 ], [ 110.811256408000133, -7.00052022899996 ], [ 110.811241150000114, -7.000790118999873 ], [ 110.811271667000085, -7.00132989899987 ], [ 110.811218262000182, -7.00161981499997 ], [ 110.811119079000036, -7.00183009999995 ], [ 110.810920715000179, -7.002009867999902 ], [ 110.810531617000152, -7.002170085999921 ], [ 110.809516906999988, -7.002580164999927 ], [ 110.809387206000054, -7.002719878999926 ], [ 110.809379578000119, -7.002810000999943 ], [ 110.809417725000174, -7.003049849999968 ], [ 110.809440613000106, -7.003149986999915 ], [ 110.809547424000129, -7.003590106999923 ], [ 110.809432983000193, -7.003799914999945 ], [ 110.809249877000127, -7.003910064999843 ], [ 110.809089662000076, -7.003950118999967 ], [ 110.809020996000129, -7.004020212999876 ], [ 110.808860779000099, -7.004260063999936 ], [ 110.808822632000044, -7.004399775999957 ], [ 110.808746338000105, -7.004670142999942 ], [ 110.80863952600015, -7.004920004999917 ], [ 110.808403015000067, -7.005280016999961 ], [ 110.808258056000057, -7.005310057999964 ], [ 110.807807922000109, -7.005249977999938 ], [ 110.807441712000184, -7.005469797999922 ], [ 110.807289123000089, -7.005620002999933 ], [ 110.807151794000163, -7.005879879999952 ], [ 110.806999206000171, -7.005919933999962 ], [ 110.806800842000087, -7.006020068999874 ], [ 110.806549073000099, -7.006259917999955 ], [ 110.806663513, -7.006319999999846 ], [ 110.806846619000055, -7.006340025999975 ], [ 110.806930543000078, -7.006380080999918 ], [ 110.807060242000034, -7.006539820999933 ], [ 110.80702972500012, -7.006680011999947 ], [ 110.806907654000042, -7.006879806999962 ], [ 110.806716918000063, -7.007070062999901 ], [ 110.806541443000015, -7.00714015899996 ], [ 110.806251526000096, -7.007150171999967 ], [ 110.806068420000031, -7.007170199999848 ], [ 110.805801393000081, -7.007239818999835 ], [ 110.805686950000108, -7.007299898999918 ], [ 110.805183411000087, -7.007229804999895 ], [ 110.804771424000023, -7.00714015899996 ], [ 110.803947448000088, -7.00703001099987 ], [ 110.803428649000068, -7.00697994199993 ], [ 110.802680969000164, -7.006989956999917 ], [ 110.801849365000123, -7.006989956999917 ], [ 110.801261902000078, -7.00703001099987 ], [ 110.800827027000082, -7.007080077999944 ], [ 110.800651551000101, -7.007170199999848 ], [ 110.800468445000092, -7.007339952999928 ], [ 110.800117492000084, -7.00763988499989 ], [ 110.799713135000104, -7.008009909999942 ], [ 110.799278260000108, -7.008470058999933 ], [ 110.798919678000118, -7.008930204999899 ], [ 110.798728944000118, -7.009270190999871 ], [ 110.798568725999985, -7.009689807999962 ], [ 110.79844665600001, -7.010029791999841 ], [ 110.798423767000202, -7.010340213999939 ], [ 110.798477172000048, -7.01074981599993 ], [ 110.798568725999985, -7.011050224999963 ], [ 110.798820496000076, -7.011620043999869 ], [ 110.799308776000146, -7.012199877999876 ], [ 110.799842834000117, -7.01276016199995 ], [ 110.800270081000178, -7.013189791999821 ], [ 110.800598144000048, -7.013619899999981 ], [ 110.800750733000143, -7.013939856999968 ], [ 110.800827027000082, -7.014339923999955 ], [ 110.800849915000185, -7.014729976999888 ], [ 110.800788880000198, -7.01492977099997 ], [ 110.800521850000166, -7.015329837999957 ], [ 110.800102233000132, -7.015629768999929 ], [ 110.799743652000075, -7.015850066999917 ], [ 110.799011230000019, -7.01613998299996 ], [ 110.798118590000058, -7.016399859999922 ], [ 110.797149658000194, -7.016699791999883 ], [ 110.796249390000128, -7.017000197999948 ], [ 110.795227050000108, -7.017310142999918 ], [ 110.794433593000065, -7.017590045999896 ], [ 110.794158935000098, -7.017690180999921 ] ] ] ] } },
{ "type": "Feature", "properties": { "GID_4": "IDN.10.9.9.8_1", "GID_0": "IDN", "COUNTRY": "Indonesia", "GID_1": "IDN.10_1", "NAME_1": "Jawa Tengah", "GID_2": "IDN.10.9_1", "NAME_2": "Grobogan", "GID_3": "IDN.10.9.9_1", "NAME_3": "Klambu", "NAME_4": "Terkesi", "VARNAME_4": "NA", "TYPE_4": "Desa", "ENGTYPE_4": "Village", "CC_4": "3315150007" }, "geometry": { "type": "MultiPolygon", "coordinates": [ [ [ [ 110.772384644000169, -6.990958690999889 ], [ 110.772567748000199, -6.990681647999907 ], [ 110.772651672000052, -6.990314959999921 ], [ 110.772682191000172, -6.9896802909999 ], [ 110.772514343000125, -6.988918304999913 ], [ 110.772186280000085, -6.988311766999914 ], [ 110.771736144000158, -6.987775325999962 ], [ 110.770568847000106, -6.986660478999909 ], [ 110.769828797000173, -6.986053942999888 ], [ 110.769279478999977, -6.985588073999907 ], [ 110.768295288, -6.98485422199991 ], [ 110.767852781999977, -6.984346388999938 ], [ 110.767631531000063, -6.98416232999989 ], [ 110.767417907000151, -6.983979225999917 ], [ 110.766578675000176, -6.983795642999837 ], [ 110.765609742000038, -6.983795164999947 ], [ 110.764968872000111, -6.983949661999873 ], [ 110.763908387000015, -6.984344005999901 ], [ 110.762893677000079, -6.984950065999953 ], [ 110.762245179000104, -6.985246180999923 ], [ 110.762145997000061, -6.985175609999885 ], [ 110.761718750000171, -6.984766482999873 ], [ 110.761650086000145, -6.984441757999889 ], [ 110.761596679000093, -6.98372268699984 ], [ 110.761428833000025, -6.983256816999926 ], [ 110.761367798000038, -6.982946394999885 ], [ 110.761398315000179, -6.982241629999976 ], [ 110.761482239000202, -6.981367110999884 ], [ 110.76161193900009, -6.98071813599995 ], [ 110.76204681500019, -6.98023891399987 ], [ 110.762710571000071, -6.979759692999949 ], [ 110.76303863600009, -6.97963285499992 ], [ 110.763458251000088, -6.979576586999883 ], [ 110.764030456000114, -6.979577064999944 ], [ 110.764678956000125, -6.979690074999951 ], [ 110.765922547000059, -6.97994470499998 ], [ 110.766807556, -6.980128287999889 ], [ 110.767517089000194, -6.980185030999962 ], [ 110.768066407000163, -6.980157374999976 ], [ 110.768547057000148, -6.980072974999928 ], [ 110.768890381000119, -6.979706287999875 ], [ 110.769760131000169, -6.979015825999966 ], [ 110.771034241000052, -6.978014945999973 ], [ 110.771759033000194, -6.977662562999967 ], [ 110.772590637000064, -6.977112768999973 ], [ 110.773368835000156, -6.976422309999919 ], [ 110.77390289300007, -6.975886343999889 ], [ 110.774948120000147, -6.976180075999878 ], [ 110.776519776000157, -6.976630211999975 ], [ 110.778213500000163, -6.977109908999978 ], [ 110.780899048000151, -6.978020191999974 ], [ 110.782279968000182, -6.97857999799993 ], [ 110.782882691000054, -6.978819846999897 ], [ 110.783851624000192, -6.978960035999933 ], [ 110.784156799000129, -6.978670119999947 ], [ 110.784446717000151, -6.978219985999885 ], [ 110.784889221000128, -6.977749823999886 ], [ 110.785453797000116, -6.977200030999882 ], [ 110.785743713000159, -6.976890086999902 ], [ 110.786201477000191, -6.975530147999905 ], [ 110.786468507000052, -6.97442007099994 ], [ 110.786819458000082, -6.973259925999855 ], [ 110.787002564000147, -6.973279951999928 ], [ 110.787757875000182, -6.973589896999954 ], [ 110.787887573000091, -6.973840235999887 ], [ 110.788108825999984, -6.973899840999934 ], [ 110.788421631, -6.973999975999959 ], [ 110.788467408000201, -6.974349974999882 ], [ 110.788467408000201, -6.974800108999943 ], [ 110.788597107000157, -6.975130080999975 ], [ 110.78897857700008, -6.975299834999873 ], [ 110.789268493000122, -6.975440025999944 ], [ 110.789558411000144, -6.975570201999972 ], [ 110.789657594000062, -6.975679874999969 ], [ 110.7896881100001, -6.976419924999902 ], [ 110.789871216000165, -6.976689814999872 ], [ 110.790458678999983, -6.976990222999859 ], [ 110.791442870000139, -6.977109908999978 ], [ 110.792442322000056, -6.97700023699997 ], [ 110.793861388000096, -6.976749896999934 ], [ 110.794906617000152, -6.976530074999971 ], [ 110.795883178000054, -6.975969790999955 ], [ 110.79689788800016, -6.974880216999964 ], [ 110.797813416000054, -6.974009990999832 ], [ 110.79898834300019, -6.9730501169999 ], [ 110.799957276000157, -6.972720145999972 ], [ 110.800613402000067, -6.972650049999913 ], [ 110.80113220200019, -6.972606180999946 ], [ 110.801094055000135, -6.972448347999944 ], [ 110.800750733000143, -6.970740317999912 ], [ 110.800476073000198, -6.968905449999966 ], [ 110.80044555700016, -6.968763827999965 ], [ 110.801239014000146, -6.969069956999931 ], [ 110.801834107000104, -6.969589708999933 ], [ 110.802238464000084, -6.969923494999932 ], [ 110.802726746000133, -6.971185206999962 ], [ 110.803245544999982, -6.97170448299994 ], [ 110.803466796000066, -6.972335337999937 ], [ 110.803543091999984, -6.973596571999906 ], [ 110.803649902000132, -6.975191591999874 ], [ 110.803329467000196, -6.97866248999992 ], [ 110.803459168000188, -6.978898047999962 ], [ 110.803909302000136, -6.979570864999971 ], [ 110.803550720000089, -6.980751514999952 ], [ 110.803291320000142, -6.981786727999975 ], [ 110.803237915000068, -6.982840537999948 ], [ 110.803276062000123, -6.983585357999914 ], [ 110.803344727000194, -6.984548092999944 ], [ 110.803398133000201, -6.986328600999968 ], [ 110.803565978000108, -6.987945556999932 ], [ 110.803779603000123, -6.988998888999959 ], [ 110.804069519000109, -6.989689348999946 ], [ 110.804374696000082, -6.990208625999912 ], [ 110.804664612000067, -6.990559101999963 ], [ 110.80510711800008, -6.990990161999946 ], [ 110.805412292000142, -6.991174697999952 ], [ 110.805473327000129, -6.991218089999961 ], [ 110.804840088000049, -6.991759775999924 ], [ 110.80455017100013, -6.9921598439999 ], [ 110.804130554000096, -6.992919921999942 ], [ 110.803680421000081, -6.993800163999936 ], [ 110.803062439000144, -6.994559763999973 ], [ 110.80248260500008, -6.994989871999962 ], [ 110.801750183000081, -6.995299815999942 ], [ 110.801528930000131, -6.995480059999977 ], [ 110.801078796000013, -6.995960234999927 ], [ 110.800842285000101, -6.996500014999924 ], [ 110.800636291000103, -6.997139929999946 ], [ 110.800361633000136, -6.997859953999921 ], [ 110.800109864000149, -6.998519896999881 ], [ 110.799728393000123, -6.99899005899988 ], [ 110.799331665000182, -6.999279975999968 ], [ 110.79857635400009, -6.999730108999927 ], [ 110.798210144, -6.999999998999954 ], [ 110.798042297000052, -7.000150203999965 ], [ 110.797813416000054, -7.000380038999879 ], [ 110.797546386000135, -7.000740050999923 ], [ 110.797080994, -7.001279831999909 ], [ 110.796211243000073, -7.001890182999944 ], [ 110.795410156000173, -7.002140044999919 ], [ 110.794708253000067, -7.002299784999934 ], [ 110.79403686400002, -7.002369879999947 ], [ 110.793121338000105, -7.002319812999872 ], [ 110.792411805000143, -7.002250194999817 ], [ 110.791671753000173, -7.002039909999894 ], [ 110.7908172610002, -7.00179004599994 ], [ 110.790008545000035, -7.001510142999962 ], [ 110.789291382000158, -7.001259802999925 ], [ 110.788513183000134, -7.000919817999943 ], [ 110.788002014000028, -7.000619887999903 ], [ 110.787612915000068, -7.000179767999839 ], [ 110.78755188000008, -7.000100135999901 ], [ 110.787330627000188, -6.999999998999954 ], [ 110.786727906000124, -6.999720095999976 ], [ 110.786338806000117, -6.999569891999897 ], [ 110.786018371000125, -6.999450205999949 ], [ 110.785339356000179, -6.999050139999895 ], [ 110.784858704000044, -6.998809813999969 ], [ 110.784729003000052, -6.998720168999967 ], [ 110.784568788, -6.998549938999872 ], [ 110.784011842000098, -6.998320102999969 ], [ 110.783622741000158, -6.9982099529999 ], [ 110.783432006999988, -6.998260019999975 ], [ 110.782997132, -6.997960090999925 ], [ 110.782287598000096, -6.997529983999868 ], [ 110.7816009510002, -6.996779917999902 ], [ 110.78127288800016, -6.996260165999956 ], [ 110.781150818000185, -6.99565982799993 ], [ 110.781242370000143, -6.99499988499997 ], [ 110.781379701000048, -6.99408006699997 ], [ 110.781402587000116, -6.993460177999964 ], [ 110.781082153999989, -6.993040084999905 ], [ 110.779808045000038, -6.992800234999947 ], [ 110.779441833000078, -6.992670057999931 ], [ 110.779167175000111, -6.992519855999944 ], [ 110.778907775000107, -6.99232005999994 ], [ 110.778747558000134, -6.99233007499987 ], [ 110.77863311700014, -6.99237012899988 ], [ 110.778503418000184, -6.992380141999945 ], [ 110.778038024000011, -6.992249965999974 ], [ 110.777427673000034, -6.991990088999898 ], [ 110.77728271400008, -6.991899966999881 ], [ 110.776992798000038, -6.991829871999869 ], [ 110.775749207000104, -6.991350173999876 ], [ 110.77549743700007, -6.991270064999924 ], [ 110.775421142000027, -6.991260051999973 ], [ 110.774421692000146, -6.991230010999971 ], [ 110.774208070000043, -6.991159914999969 ], [ 110.77397918700018, -6.991169927999977 ], [ 110.773010254000042, -6.991260051999973 ], [ 110.772613525000168, -6.991149901999904 ], [ 110.772583008000026, -6.991069792999951 ], [ 110.772384644000169, -6.990958690999889 ] ] ] ] } },
{ "type": "Feature", "properties": { "GID_4": "IDN.10.9.9.9_1", "GID_0": "IDN", "COUNTRY": "Indonesia", "GID_1": "IDN.10_1", "NAME_1": "Jawa Tengah", "GID_2": "IDN.10.9_1", "NAME_2": "Grobogan", "GID_3": "IDN.10.9.9_1", "NAME_3": "Klambu", "NAME_4": "Wandankemiri", "VARNAME_4": "NA", "TYPE_4": "Desa", "ENGTYPE_4": "Village", "CC_4": "3315150009" }, "geometry": { "type": "MultiPolygon", "coordinates": [ [ [ [ 110.775441610000144, -6.95093813699998 ], [ 110.77555084300019, -6.950916288999963 ], [ 110.775840759, -6.950860976999934 ], [ 110.775962830000083, -6.950857161999977 ], [ 110.776725768000176, -6.950488088999975 ], [ 110.776847839000027, -6.950437068999918 ], [ 110.777428333000103, -6.950035476999915 ], [ 110.777626, -6.949898 ], [ 110.777994355000033, -6.949576069999921 ], [ 110.778228978000186, -6.94937101999983 ], [ 110.778279210999983, -6.949293296999883 ], [ 110.778533935000098, -6.94889926999997 ], [ 110.778610229000037, -6.948655127999928 ], [ 110.778875105000111, -6.948759272999951 ], [ 110.779360047000068, -6.94894997699987 ], [ 110.779449, -6.948985 ], [ 110.779618000000198, -6.949008999999876 ], [ 110.78075943500005, -6.949167643999942 ], [ 110.781454538000105, -6.949333186999979 ], [ 110.781982000000198, -6.949459 ], [ 110.782083044000046, -6.949526194999976 ], [ 110.782584999000107, -6.949860000999877 ], [ 110.783019822000085, -6.949997449999955 ], [ 110.783416749000196, -6.950123309999981 ], [ 110.783517905, -6.950155221999978 ], [ 110.783536000000197, -6.950161 ], [ 110.783577, -6.950173999999834 ], [ 110.783583000000135, -6.950196 ], [ 110.783722000000125, -6.950677999999868 ], [ 110.784179489000053, -6.950803188999942 ], [ 110.784514999000066, -6.950894999999889 ], [ 110.78466, -6.951760000999968 ], [ 110.784945997000023, -6.951823455999886 ], [ 110.78530803100017, -6.951903783999967 ], [ 110.78563022100019, -6.952489581999941 ], [ 110.785744, -6.952697000999933 ], [ 110.786012819, -6.952774492999879 ], [ 110.786247000000117, -6.952842000999965 ], [ 110.786247000000117, -6.953707 ], [ 110.786746, -6.953896 ], [ 110.78681294200004, -6.95392075999996 ], [ 110.787065000000155, -6.95431 ], [ 110.787124716000108, -6.954403768999953 ], [ 110.787185668000177, -6.95449972199998 ], [ 110.787178877000031, -6.95578302499996 ], [ 110.787178142000073, -6.955918561999965 ], [ 110.787178, -6.955941 ], [ 110.787184, -6.955961 ], [ 110.787315, -6.956375 ], [ 110.787101746000133, -6.957129954999914 ], [ 110.787193298000091, -6.957530021999958 ], [ 110.787567138000099, -6.958330153999839 ], [ 110.78781890800019, -6.959430217999909 ], [ 110.788009644000113, -6.960559843999931 ], [ 110.788040161000083, -6.961219786999891 ], [ 110.787857055000018, -6.962580202999959 ], [ 110.787528992000148, -6.963449953999941 ], [ 110.786926269000105, -6.964179992999959 ], [ 110.786582947000113, -6.964879988999883 ], [ 110.786437988000102, -6.965680120999934 ], [ 110.786422730000083, -6.96716976099998 ], [ 110.784141540000178, -6.967030048999959 ], [ 110.781936645000087, -6.966949939999836 ], [ 110.78056335500014, -6.966849802999889 ], [ 110.780166626000096, -6.966790197999956 ], [ 110.780082703000176, -6.966760158999932 ], [ 110.779602050000108, -6.966639995999969 ], [ 110.777519225000162, -6.966229914999928 ], [ 110.777412415000015, -6.96620988799998 ], [ 110.776672363000102, -6.965839862999928 ], [ 110.775871278000182, -6.965260028999978 ], [ 110.775375367000095, -6.964749334999908 ], [ 110.77549743700007, -6.964686393999955 ], [ 110.776000976000034, -6.96442413199992 ], [ 110.776123047000112, -6.964371204999964 ], [ 110.7763748160001, -6.964140413999871 ], [ 110.776466370000037, -6.964059829999883 ], [ 110.776641846000132, -6.963605880999978 ], [ 110.776626586000134, -6.962988376999874 ], [ 110.776390075, -6.962388514999873 ], [ 110.775901794, -6.961643694999907 ], [ 110.774993897000115, -6.960589407999976 ], [ 110.77448272800001, -6.959825991999878 ], [ 110.774246216000165, -6.959372042999973 ], [ 110.774047852000081, -6.958735942999908 ], [ 110.773994445000199, -6.958100317999936 ], [ 110.774063111000203, -6.957500457999913 ], [ 110.774337768000123, -6.956592559999933 ], [ 110.774444581000125, -6.955829619999975 ], [ 110.774391174000073, -6.954903125999977 ], [ 110.773918151000089, -6.953612802999942 ], [ 110.77357483000003, -6.952758787999926 ], [ 110.773483276000093, -6.951923368999871 ], [ 110.773628235000103, -6.951523779999945 ], [ 110.773918379000122, -6.95118113299992 ], [ 110.774498, -6.951041 ], [ 110.774941102000128, -6.950992755999891 ], [ 110.775441610000144, -6.95093813699998 ] ] ] ] } },
{ "type": "Feature", "properties": { "GID_4": "IDN.10.19.10.1_1", "GID_0": "IDN", "COUNTRY": "Indonesia", "GID_1": "IDN.10_1", "NAME_1": "Jawa Tengah", "GID_2": "IDN.10.19_1", "NAME_2": "Kudus", "GID_3": "IDN.10.19.10_1", "NAME_3": "Undaan", "NAME_4": "Berugenjang", "VARNAME_4": "NA", "TYPE_4": "Desa", "ENGTYPE_4": "Village", "CC_4": "3319040016" }, "geometry": { "type": "MultiPolygon", "coordinates": [ [ [ [ 110.803108216000112, -6.936916350999979 ], [ 110.810203552000075, -6.940296171999933 ], [ 110.810699462000059, -6.941843986999913 ], [ 110.81211090100004, -6.942314623999948 ], [ 110.81189727800006, -6.943045615999949 ], [ 110.811714172, -6.943610191999937 ], [ 110.811584474000085, -6.944260119999967 ], [ 110.811538697000117, -6.944822788999829 ], [ 110.811569212999984, -6.945019244999912 ], [ 110.810935974000074, -6.945675373999961 ], [ 110.809936524000193, -6.945924757999876 ], [ 110.809341431000064, -6.945947168999965 ], [ 110.8093643200001, -6.946355819999951 ], [ 110.809501649000197, -6.946673392999912 ], [ 110.809616089000031, -6.947126863999927 ], [ 110.809616089000031, -6.947490215999892 ], [ 110.809547424000129, -6.948215959999914 ], [ 110.809410095000032, -6.948601722999967 ], [ 110.809387206000054, -6.94910097199994 ], [ 110.809501649000197, -6.949690818999898 ], [ 110.809799195000096, -6.950257777999923 ], [ 110.81013488800005, -6.950689315999909 ], [ 110.810546875000171, -6.951044082999942 ], [ 110.810516356, -6.951160907999963 ], [ 110.81013488800005, -6.952149866999889 ], [ 110.804832458000135, -6.949810027999888 ], [ 110.804367066000168, -6.952377794999904 ], [ 110.804824829000097, -6.952411173999906 ], [ 110.804824829000097, -6.952707290999911 ], [ 110.804367066000168, -6.953036783999892 ], [ 110.80479431100008, -6.954419612999914 ], [ 110.803459168000188, -6.95542478599998 ], [ 110.803344886000104, -6.955388779999907 ], [ 110.803309301000127, -6.955320161999907 ], [ 110.802619969000091, -6.95399098099989 ], [ 110.801681519000056, -6.954204558999891 ], [ 110.800917245999983, -6.953659619999939 ], [ 110.800305000000151, -6.953222999999866 ], [ 110.796353916999976, -6.950405610999894 ], [ 110.796318001000202, -6.950379999999825 ], [ 110.796231971, -6.95010869999993 ], [ 110.796051, -6.949538 ], [ 110.795158, -6.946867 ], [ 110.795143996000149, -6.946866984999929 ], [ 110.79421200000013, -6.946866 ], [ 110.79414400100012, -6.946865998999954 ], [ 110.794182980000016, -6.946432745999971 ], [ 110.794204960000059, -6.946188449999909 ], [ 110.794609559000094, -6.946188761999963 ], [ 110.794736000000171, -6.94618899999989 ], [ 110.794823, -6.94618899999989 ], [ 110.794858496000131, -6.945961955999849 ], [ 110.79487597200017, -6.945850176999897 ], [ 110.79461, -6.94582 ], [ 110.794480933999978, -6.945805840999981 ], [ 110.794373000000121, -6.945793677999973 ], [ 110.794373000000121, -6.945229052999935 ], [ 110.794430438000063, -6.945229101999871 ], [ 110.794582451000167, -6.94522930099987 ], [ 110.794936910000047, -6.945229763999919 ], [ 110.794543, -6.944193 ], [ 110.794144013000107, -6.94314103399995 ], [ 110.794159844000092, -6.943143404999944 ], [ 110.794256, -6.943158 ], [ 110.795356988000037, -6.943322692999971 ], [ 110.795837403000064, -6.94339561399994 ], [ 110.796195983000075, -6.943451403999973 ], [ 110.796958923000147, -6.94055414099995 ], [ 110.800117492000084, -6.941444397999874 ], [ 110.800354005000202, -6.940983771999981 ], [ 110.800483703999987, -6.940720558999942 ], [ 110.800216674000126, -6.940423964999923 ], [ 110.800750733000143, -6.939502238999978 ], [ 110.8015747070001, -6.939502716999925 ], [ 110.801834107000104, -6.939074516999938 ], [ 110.801406859999986, -6.938876627999889 ], [ 110.801773071000184, -6.938350199999945 ], [ 110.802261352000187, -6.938383101999932 ], [ 110.803108216000112, -6.936916350999979 ] ] ] ] } },
{ "type": "Feature", "properties": { "GID_4": "IDN.10.19.10.2_1", "GID_0": "IDN", "COUNTRY": "Indonesia", "GID_1": "IDN.10_1", "NAME_1": "Jawa Tengah", "GID_2": "IDN.10.19_1", "NAME_2": "Kudus", "GID_3": "IDN.10.19.10_1", "NAME_3": "Undaan", "NAME_4": "Glagah Waru", "VARNAME_4": "NA", "TYPE_4": "Desa", "ENGTYPE_4": "Village", "CC_4": "3319040006" }, "geometry": { "type": "MultiPolygon", "coordinates": [ [ [ [ 110.81211090100004, -6.942314623999948 ], [ 110.810699462000059, -6.941843986999913 ], [ 110.810203552000075, -6.940296171999933 ], [ 110.803108216000112, -6.936916350999979 ], [ 110.802955627000188, -6.936842441999886 ], [ 110.802780151000036, -6.935375213999976 ], [ 110.802963257000101, -6.935140132999891 ], [ 110.803359986000146, -6.934329986999956 ], [ 110.803459168000188, -6.93362998899994 ], [ 110.803604125000163, -6.93165063899994 ], [ 110.803054809, -6.931456564999962 ], [ 110.803138733000026, -6.930819987999939 ], [ 110.803527831000054, -6.929631231999906 ], [ 110.804756164000196, -6.927296637999916 ], [ 110.804916381000055, -6.926805496999975 ], [ 110.803665160000151, -6.926362035999944 ], [ 110.803955079000104, -6.925391672999979 ], [ 110.80402374200014, -6.925220012999944 ], [ 110.803657532000045, -6.925088881999955 ], [ 110.803741456000068, -6.924748897999962 ], [ 110.804077149000079, -6.923772811999925 ], [ 110.804756164000196, -6.921989916999962 ], [ 110.805358887000068, -6.92067432399989 ], [ 110.805442811000091, -6.920560358999978 ], [ 110.805473327000129, -6.920460223999953 ], [ 110.805839539000033, -6.919829844999924 ], [ 110.808715820000089, -6.920623779999971 ], [ 110.809196472000053, -6.920750140999871 ], [ 110.809379578000119, -6.920799254999963 ], [ 110.809799195000096, -6.920907020999891 ], [ 110.810112000000117, -6.920986174999939 ], [ 110.810279845000082, -6.921036718999972 ], [ 110.810409546000074, -6.921083448999923 ], [ 110.810508728000116, -6.921118257999979 ], [ 110.810775756000169, -6.921305178999944 ], [ 110.811195373000146, -6.921535967999944 ], [ 110.811683656000127, -6.921826838999948 ], [ 110.812248230000137, -6.922211168999979 ], [ 110.813423157000102, -6.922783850999906 ], [ 110.814331055000082, -6.920732974999964 ], [ 110.816947937000066, -6.921635149999929 ], [ 110.817726134000054, -6.921879768999929 ], [ 110.82170867800005, -6.923130989999947 ], [ 110.821731567000086, -6.923060416999874 ], [ 110.829467774000079, -6.925444125999945 ], [ 110.829673767000145, -6.926238535999971 ], [ 110.829765321000082, -6.927031039999974 ], [ 110.827873230000137, -6.92663431099993 ], [ 110.827827453000168, -6.927338599999928 ], [ 110.82649994000019, -6.926898001999973 ], [ 110.826370239000198, -6.928923128999941 ], [ 110.825843812000073, -6.929142951999836 ], [ 110.825355529000092, -6.933148861999882 ], [ 110.825927734000118, -6.933105468999941 ], [ 110.823242188000108, -6.939487933999942 ], [ 110.823112489000152, -6.940420626999924 ], [ 110.821945190000065, -6.940065382999933 ], [ 110.820198060000109, -6.939410684999928 ], [ 110.818084716000044, -6.938464163999981 ], [ 110.817413330000136, -6.938301085999967 ], [ 110.816909791000114, -6.938267706999966 ], [ 110.816764832000104, -6.938258170999973 ], [ 110.81665039100011, -6.938636778999921 ], [ 110.814521789000025, -6.939739702999873 ], [ 110.814651490000017, -6.940419196999869 ], [ 110.813690185000155, -6.940516948999971 ], [ 110.813400269000169, -6.940456866999966 ], [ 110.81304168700018, -6.940359114999978 ], [ 110.812835693000181, -6.94030380199996 ], [ 110.812713624000082, -6.940273284999876 ], [ 110.812637328, -6.9402542119999 ], [ 110.812004089000084, -6.940094946999977 ], [ 110.811431884000115, -6.939958572999956 ], [ 110.811210631000165, -6.940412044999903 ], [ 110.811096191000104, -6.940865992999932 ], [ 110.811210631000165, -6.941183565999893 ], [ 110.811637878999989, -6.941297053999961 ], [ 110.811958314000151, -6.941342830999929 ], [ 110.812309265000124, -6.941590784999903 ], [ 110.81225586000005, -6.941666602999874 ], [ 110.812210083000082, -6.941961764999974 ], [ 110.81211090100004, -6.942314623999948 ] ] ] ] } },
{ "type": "Feature", "properties": { "GID_4": "IDN.10.19.10.3_1", "GID_0": "IDN", "COUNTRY": "Indonesia", "GID_1": "IDN.10_1", "NAME_1": "Jawa Tengah", "GID_2": "IDN.10.19_1", "NAME_2": "Kudus", "GID_3": "IDN.10.19.10_1", "NAME_3": "Undaan", "NAME_4": "Kalirejo", "VARNAME_4": "NA", "TYPE_4": "Desa", "ENGTYPE_4": "Village", "CC_4": "3319040003" }, "geometry": { "type": "MultiPolygon", "coordinates": [ [ [ [ 110.784118652000075, -6.935047149999946 ], [ 110.783447265, -6.934687613999927 ], [ 110.78284454400017, -6.934524058999898 ], [ 110.781860350999978, -6.934541701999933 ], [ 110.780151368000077, -6.934813499999962 ], [ 110.778862000000174, -6.934939860999918 ], [ 110.778022766, -6.934757709999872 ], [ 110.777534486000093, -6.934521675999974 ], [ 110.777259828000126, -6.934085367999955 ], [ 110.777183532000038, -6.933649539999919 ], [ 110.777107238000099, -6.933622358999912 ], [ 110.777160644999981, -6.933347700999946 ], [ 110.777648926000154, -6.932821273999878 ], [ 110.778656006000176, -6.931986331999894 ], [ 110.779205322000166, -6.931660651999948 ], [ 110.779785156000173, -6.931314467999925 ], [ 110.780166626000096, -6.930937765999943 ], [ 110.780525208000086, -6.930588243999978 ], [ 110.780738831000122, -6.930312633999961 ], [ 110.781417847000171, -6.929425716999958 ], [ 110.782150269, -6.92802715199997 ], [ 110.782478332000039, -6.926937580999947 ], [ 110.782623292000153, -6.925811289999956 ], [ 110.782630920000088, -6.925722598999869 ], [ 110.782722474000195, -6.924522399999887 ], [ 110.782791137000117, -6.923649310999963 ], [ 110.782882691000054, -6.92254114199983 ], [ 110.78308868400012, -6.921913622999966 ], [ 110.78317260700004, -6.921649454999965 ], [ 110.783569336000085, -6.92065238899994 ], [ 110.783813477000137, -6.920042037999906 ], [ 110.784133910000094, -6.920221805999972 ], [ 110.784477234000065, -6.920564174999924 ], [ 110.785133362000181, -6.921273707999944 ], [ 110.785697938000169, -6.922203540999874 ], [ 110.78636169400005, -6.923011301999907 ], [ 110.787506103000112, -6.923549651999963 ], [ 110.78897857700008, -6.923525810999934 ], [ 110.790298461000077, -6.92337989899994 ], [ 110.791183473000103, -6.923355579999964 ], [ 110.792671203000111, -6.923552036999979 ], [ 110.794433593000065, -6.923895357999868 ], [ 110.796493529000145, -6.924458979999883 ], [ 110.799919129000102, -6.925120829999912 ], [ 110.803634644000113, -6.926443099999915 ], [ 110.803665160000151, -6.926362035999944 ], [ 110.804916381000055, -6.926805496999975 ], [ 110.804756164000196, -6.927296637999916 ], [ 110.803527831000054, -6.929631231999906 ], [ 110.803138733000026, -6.930819987999939 ], [ 110.803054809, -6.931456564999962 ], [ 110.803604125000163, -6.93165063899994 ], [ 110.803459168000188, -6.93362998899994 ], [ 110.803359986000146, -6.934329986999956 ], [ 110.802963257000101, -6.935140132999891 ], [ 110.802780151000036, -6.935375213999976 ], [ 110.802955627000188, -6.936842441999886 ], [ 110.803108216000112, -6.936916350999979 ], [ 110.802261352000187, -6.938383101999932 ], [ 110.801773071000184, -6.938350199999945 ], [ 110.801406859999986, -6.938876627999889 ], [ 110.801834107000104, -6.939074516999938 ], [ 110.8015747070001, -6.939502716999925 ], [ 110.800750733000143, -6.939502238999978 ], [ 110.800216674000126, -6.940423964999923 ], [ 110.800483703999987, -6.940720558999942 ], [ 110.800354005000202, -6.940983771999981 ], [ 110.800117492000084, -6.941444397999874 ], [ 110.796958923000147, -6.94055414099995 ], [ 110.796195983000075, -6.943451403999973 ], [ 110.795837403000064, -6.94339561399994 ], [ 110.795356988000037, -6.943322692999971 ], [ 110.795514748000073, -6.94301833399993 ], [ 110.795692000000201, -6.942675998999903 ], [ 110.795662, -6.942543 ], [ 110.794982999000069, -6.941870000999927 ], [ 110.794753152000169, -6.94203505899992 ], [ 110.7946852930001, -6.942083788999867 ], [ 110.794082832000129, -6.941697718999876 ], [ 110.79414473900016, -6.941203407999922 ], [ 110.794173863000083, -6.940970108999977 ], [ 110.793616794000116, -6.940057879999927 ], [ 110.79357103600006, -6.939983058999928 ], [ 110.793427234000035, -6.939881465999974 ], [ 110.792777300000068, -6.939422300999922 ], [ 110.792114259000016, -6.938953875999971 ], [ 110.79074096700009, -6.938438891999908 ], [ 110.789581298000144, -6.937623976999873 ], [ 110.789459194000187, -6.93744877599994 ], [ 110.789372901000036, -6.937324958999909 ], [ 110.789222718000133, -6.937109469999939 ], [ 110.78881072900009, -6.937109469999939 ], [ 110.788010007000082, -6.93681342799988 ], [ 110.787642833000064, -6.936677676999921 ], [ 110.787185975000114, -6.936508765999974 ], [ 110.787328608000109, -6.936447550999901 ], [ 110.787432241000033, -6.936403073999941 ], [ 110.787544000000139, -6.936354999999878 ], [ 110.787780767000129, -6.93625210099998 ], [ 110.787795371000072, -6.936211027999946 ], [ 110.787828381000168, -6.93611818699992 ], [ 110.787871490999976, -6.935992834999922 ], [ 110.787811808000129, -6.935739680999973 ], [ 110.787780761000135, -6.93560886399996 ], [ 110.78772939300012, -6.935564493999948 ], [ 110.787651773000107, -6.935497446999875 ], [ 110.787483215000179, -6.935351847999925 ], [ 110.787626837000175, -6.934900464999885 ], [ 110.788071567000202, -6.933502739999938 ], [ 110.788119882000046, -6.933338311999933 ], [ 110.787490487000071, -6.933386148999887 ], [ 110.786453246000121, -6.933465480999814 ], [ 110.786096800000166, -6.93352997799991 ], [ 110.785849712000129, -6.933574687999965 ], [ 110.785507, -6.933637000999965 ], [ 110.785216429000059, -6.933843242999956 ], [ 110.784904126000072, -6.934064909999961 ], [ 110.784828014000141, -6.934065 ], [ 110.784393310000041, -6.934407232999945 ], [ 110.78423103200015, -6.934785318999957 ], [ 110.784189194000021, -6.934882795999954 ], [ 110.784118652000075, -6.935047149999946 ] ] ] ] } },
{ "type": "Feature", "properties": { "GID_4": "IDN.10.19.10.4_1", "GID_0": "IDN", "COUNTRY": "Indonesia", "GID_1": "IDN.10_1", "NAME_1": "Jawa Tengah", "GID_2": "IDN.10.19_1", "NAME_2": "Kudus", "GID_3": "IDN.10.19.10_1", "NAME_3": "Undaan", "NAME_4": "Karang Rowo", "VARNAME_4": "NA", "TYPE_4": "Desa", "ENGTYPE_4": "Village", "CC_4": "3319040010" }, "geometry": { "type": "MultiPolygon", "coordinates": [ [ [ [ 110.864504030000148, -6.893199941999967 ], [ 110.864463807000106, -6.893280028999925 ], [ 110.864435863000097, -6.893322815999909 ], [ 110.864418030000138, -6.893350123999937 ], [ 110.864409704000138, -6.89336581099991 ], [ 110.864364624000189, -6.89345073699991 ], [ 110.864320075000137, -6.893535856999961 ], [ 110.864311219000115, -6.893552778999947 ], [ 110.864290468000092, -6.893592984999884 ], [ 110.864273070000024, -6.893626689999905 ], [ 110.863952637000068, -6.894468783999969 ], [ 110.863389167000037, -6.895730838999953 ], [ 110.86320500100004, -6.896142998999949 ], [ 110.862676304000104, -6.896836957999881 ], [ 110.862449661000085, -6.897134283999947 ], [ 110.861603001, -6.897843000999899 ], [ 110.860740786000179, -6.897684065999897 ], [ 110.860595703000172, -6.897733686999914 ], [ 110.860396026000046, -6.897733404999883 ], [ 110.86026001, -6.897733211999878 ], [ 110.860252552000077, -6.897676578999892 ], [ 110.860107000000141, -6.896574000999976 ], [ 110.859940773000176, -6.895952162999947 ], [ 110.859833, -6.895549000999893 ], [ 110.859892953000099, -6.894829567999977 ], [ 110.859908999000197, -6.894636998999943 ], [ 110.860214001000202, -6.893877998999926 ], [ 110.860261680000121, -6.89376416999994 ], [ 110.860595962000104, -6.892966089999959 ], [ 110.860780414000089, -6.892891990999885 ], [ 110.861351, -6.892662999999857 ], [ 110.862038, -6.892815 ], [ 110.862052507999977, -6.892829330999916 ], [ 110.86244993400004, -6.893221933999939 ], [ 110.862503052000136, -6.893148899999915 ], [ 110.86451721200018, -6.893173693999927 ], [ 110.864504030000148, -6.893199941999967 ] ] ], [ [ [ 110.860359, -6.862169999999878 ], [ 110.861660000000199, -6.862582 ], [ 110.861793950000106, -6.862624749999952 ], [ 110.861938476000148, -6.862669943999947 ], [ 110.86217931900012, -6.862712805999934 ], [ 110.862389001000054, -6.86275 ], [ 110.862443000000155, -6.862796999999887 ], [ 110.862455027000181, -6.862808167999958 ], [ 110.862670897999976, -6.862929820999966 ], [ 110.862846374000128, -6.863027572999954 ], [ 110.862924669000108, -6.863055414999963 ], [ 110.862978, -6.863074 ], [ 110.863068000000169, -6.863106 ], [ 110.863119507000079, -6.863094721999914 ], [ 110.863204955000072, -6.86307573299996 ], [ 110.86500549200008, -6.863784788999908 ], [ 110.865100519, -6.863817660999871 ], [ 110.86516, -6.863837999999873 ], [ 110.865334, -6.863898 ], [ 110.867250177000074, -6.864215023999975 ], [ 110.87065900000016, -6.864779 ], [ 110.872400083000059, -6.865067640999939 ], [ 110.873108, -6.865185 ], [ 110.880522785000096, -6.866359965999948 ], [ 110.879839866, -6.866554873999974 ], [ 110.879638460000024, -6.866612355999848 ], [ 110.879203797000059, -6.866736411999966 ], [ 110.878803780000112, -6.866976525999974 ], [ 110.878188629000078, -6.867345776999969 ], [ 110.878105157000107, -6.867395899999906 ], [ 110.877815247000115, -6.868422030999909 ], [ 110.877873644000033, -6.868903022999916 ], [ 110.877977598000143, -6.869759253999973 ], [ 110.878028870000094, -6.870181560999924 ], [ 110.878547669000113, -6.871941088999961 ], [ 110.878837585000156, -6.873627184999918 ], [ 110.879091614000117, -6.875442427999928 ], [ 110.879135000000133, -6.875753 ], [ 110.879158505000021, -6.876327348999951 ], [ 110.879203797000059, -6.877439498999934 ], [ 110.879867553999986, -6.879492281999887 ], [ 110.880668641000113, -6.880738735999898 ], [ 110.881078805000129, -6.882226064999941 ], [ 110.881251637000048, -6.882852783999965 ], [ 110.881477356000119, -6.883671282999899 ], [ 110.882530213000109, -6.887952803999951 ], [ 110.882507325000176, -6.888078689999872 ], [ 110.882572122000113, -6.888355769999976 ], [ 110.882585991000099, -6.88841507199993 ], [ 110.882598877000135, -6.888470172999973 ], [ 110.882659912000122, -6.888880729999926 ], [ 110.882666888000131, -6.888910725999892 ], [ 110.88273599900009, -6.889208998999948 ], [ 110.88282, -6.889524 ], [ 110.882881000000111, -6.889793999999881 ], [ 110.882884709000166, -6.889940493999916 ], [ 110.882888795000156, -6.890109539999969 ], [ 110.88289601800011, -6.890146711999932 ], [ 110.882902151000167, -6.890178269999979 ], [ 110.882957001000079, -6.890462999999897 ], [ 110.882980347000057, -6.890583323999977 ], [ 110.882987502000049, -6.890620976999912 ], [ 110.882995605000076, -6.890663622999966 ], [ 110.882998046000012, -6.890771909999955 ], [ 110.883000379000123, -6.890875432999906 ], [ 110.883003, -6.891002 ], [ 110.882978449000063, -6.891131614999892 ], [ 110.882959047000099, -6.891232934999948 ], [ 110.882934570000089, -6.891360758999951 ], [ 110.882926941999983, -6.89179182099997 ], [ 110.882926941999983, -6.892085551999969 ], [ 110.882928274000108, -6.892096621999883 ], [ 110.88296492000012, -6.892402335999975 ], [ 110.882743836000145, -6.892922878999968 ], [ 110.882356373000107, -6.893210936999878 ], [ 110.881978019000087, -6.893492222999896 ], [ 110.881797999000128, -6.893626 ], [ 110.88048600000019, -6.894048 ], [ 110.879652658000168, -6.894082799999978 ], [ 110.878234864000092, -6.894141673999968 ], [ 110.876686097000118, -6.894187925999972 ], [ 110.876647758000047, -6.89419184999997 ], [ 110.876388344000077, -6.894218399999943 ], [ 110.874855, -6.894375000999844 ], [ 110.874115997999979, -6.894375 ], [ 110.873771668000131, -6.894374846999938 ], [ 110.873377128000129, -6.894278027999974 ], [ 110.873358244000201, -6.894273393999981 ], [ 110.871284484, -6.89376449599996 ], [ 110.869568004000087, -6.893469339999967 ], [ 110.868894963000116, -6.893353606999881 ], [ 110.868278503000056, -6.893247603999896 ], [ 110.867671301000087, -6.893055573999902 ], [ 110.866501000000198, -6.892685 ], [ 110.866731089000098, -6.892481693999969 ], [ 110.867445824000185, -6.89184963699995 ], [ 110.867813031000139, -6.891524862999916 ], [ 110.867865664000135, -6.891292945999908 ], [ 110.868255615000123, -6.889572619999967 ], [ 110.86819457900009, -6.889170168999954 ], [ 110.867820722000147, -6.887802694999948 ], [ 110.867716679000125, -6.88768903499988 ], [ 110.86722600000013, -6.887153 ], [ 110.8670937710001, -6.88683803999993 ], [ 110.867027033999989, -6.886679080999897 ], [ 110.866516062000187, -6.886493150999968 ], [ 110.86364, -6.885447000999932 ], [ 110.862929318000056, -6.88580034499995 ], [ 110.862570761000143, -6.885976969999888 ], [ 110.862477409000064, -6.885899477999942 ], [ 110.85991668600019, -6.883774280999887 ], [ 110.859794618000024, -6.882328032999965 ], [ 110.859771729000045, -6.882009982999932 ], [ 110.859794618000024, -6.881195066999908 ], [ 110.859597279000127, -6.881111438999937 ], [ 110.859291, -6.880982 ], [ 110.859169000000179, -6.88093 ], [ 110.859055571000113, -6.880887230999917 ], [ 110.858558655000195, -6.880700110999896 ], [ 110.858295839000107, -6.880633182999873 ], [ 110.858047177000174, -6.880570044999899 ], [ 110.858015906000162, -6.880581238999923 ], [ 110.857964, -6.8806 ], [ 110.8579638060001, -6.880783417999965 ], [ 110.857712, -6.880279 ], [ 110.857825783000123, -6.879876421999882 ], [ 110.857947999000089, -6.879444000999968 ], [ 110.858171000000198, -6.877894 ], [ 110.858283570000083, -6.877115214999947 ], [ 110.858329772000161, -6.876794337999968 ], [ 110.858245850000174, -6.87670898399989 ], [ 110.858245950000139, -6.876101013999971 ], [ 110.862067684000181, -6.876310284999875 ], [ 110.862098619000164, -6.876311978999922 ], [ 110.861206054000149, -6.872987269999896 ], [ 110.858856, -6.869568 ], [ 110.859534265000093, -6.867215548999923 ], [ 110.858704, -6.866529 ], [ 110.859205193000037, -6.86471064899996 ], [ 110.859688000000119, -6.862958999999876 ], [ 110.859824195000101, -6.863000752999881 ], [ 110.859992944000112, -6.862052315999847 ], [ 110.860359, -6.862169999999878 ] ] ] ] } },
{ "type": "Feature", "properties": { "GID_4": "IDN.10.19.10.5_1", "GID_0": "IDN", "COUNTRY": "Indonesia", "GID_1": "IDN.10_1", "NAME_1": "Jawa Tengah", "GID_2": "IDN.10.19_1", "NAME_2": "Kudus", "GID_3": "IDN.10.19.10_1", "NAME_3": "Undaan", "NAME_4": "Kutuk", "VARNAME_4": "NA", "TYPE_4": "Desa", "ENGTYPE_4": "Village", "CC_4": "3319040007" }, "geometry": { "type": "MultiPolygon", "coordinates": [ [ [ [ 110.823112489000152, -6.940420626999924 ], [ 110.823242188000108, -6.939487933999942 ], [ 110.825927734000118, -6.933105468999941 ], [ 110.825355529000092, -6.933148861999882 ], [ 110.825843812000073, -6.929142951999836 ], [ 110.826370239000198, -6.928923128999941 ], [ 110.82649994000019, -6.926898001999973 ], [ 110.827827453000168, -6.927338599999928 ], [ 110.827873230000137, -6.92663431099993 ], [ 110.829765321000082, -6.927031039999974 ], [ 110.829673767000145, -6.926238535999971 ], [ 110.830070495000143, -6.926238535999971 ], [ 110.831436157000155, -6.926050185999884 ], [ 110.831657409000172, -6.926019191999899 ], [ 110.832099915000185, -6.925314901999911 ], [ 110.833419800000058, -6.925931453999965 ], [ 110.833641052000075, -6.92562341699994 ], [ 110.834213257000044, -6.92588806099991 ], [ 110.834739685999978, -6.925844191999943 ], [ 110.834960937000119, -6.925755977999927 ], [ 110.835052491000056, -6.925227642999971 ], [ 110.834564208000074, -6.924743174999946 ], [ 110.833557128000052, -6.924214839999934 ], [ 110.833335876000035, -6.924479007999935 ], [ 110.832801818000064, -6.924126623999939 ], [ 110.833290101000046, -6.923113821999948 ], [ 110.834213257000044, -6.923510549999946 ], [ 110.834350586000141, -6.923378466999907 ], [ 110.835754394000105, -6.923643110999876 ], [ 110.836151122999979, -6.92346715799988 ], [ 110.836196900000118, -6.922938822999981 ], [ 110.835929870000086, -6.922542571999941 ], [ 110.835670472000118, -6.922278404999929 ], [ 110.83452606100019, -6.922189712999966 ], [ 110.834655762000182, -6.920692920999954 ], [ 110.833557128000052, -6.920648573999927 ], [ 110.833641052000075, -6.919195652999974 ], [ 110.833862305000139, -6.91888761599995 ], [ 110.835006714000087, -6.918888090999928 ], [ 110.835365296000077, -6.918668270999945 ], [ 110.836196900000118, -6.918668270999945 ], [ 110.836410522000051, -6.917149543999926 ], [ 110.836425781000173, -6.917073248999941 ], [ 110.840164185000049, -6.918009279999922 ], [ 110.845153809000067, -6.920141696999963 ], [ 110.845100402000185, -6.920349596999927 ], [ 110.84534454300001, -6.922469615999944 ], [ 110.845649720000154, -6.924105167999926 ], [ 110.846374512000068, -6.925740718999975 ], [ 110.847145080000075, -6.92673158599996 ], [ 110.847282409000115, -6.927281856999969 ], [ 110.847496032000151, -6.928140161999977 ], [ 110.848007203000066, -6.929337024999882 ], [ 110.848022461000085, -6.929537294999932 ], [ 110.84820556700015, -6.930972574999942 ], [ 110.848129271000062, -6.931572437999932 ], [ 110.847526550000168, -6.932334898999954 ], [ 110.846221924000076, -6.933842658999936 ], [ 110.84479522700002, -6.935513494999952 ], [ 110.844123841000112, -6.935930728999949 ], [ 110.842651367000144, -6.936366557999975 ], [ 110.840324403000125, -6.936674593999953 ], [ 110.838699342000041, -6.936892031999889 ], [ 110.837631227000088, -6.937127590999921 ], [ 110.837455749000128, -6.937194823999903 ], [ 110.837738037, -6.937829970999871 ], [ 110.838279725000064, -6.939370155999939 ], [ 110.839416503000166, -6.942200182999898 ], [ 110.8396453860002, -6.942920684999933 ], [ 110.839340210000159, -6.94298648799986 ], [ 110.838249206000114, -6.943099497999981 ], [ 110.837135316000172, -6.94312143399992 ], [ 110.835571290000075, -6.943143844999895 ], [ 110.834274292000032, -6.942984579999973 ], [ 110.83260345399998, -6.942643641999894 ], [ 110.83242035000012, -6.94346046499993 ], [ 110.83224487200016, -6.944050311999945 ], [ 110.832153320000032, -6.944556235999869 ], [ 110.831420898000033, -6.944503783999892 ], [ 110.831420898000033, -6.945025442999963 ], [ 110.831459045000088, -6.945221899999979 ], [ 110.831214904000035, -6.945456503999935 ], [ 110.82788086000005, -6.945245265999972 ], [ 110.82733154400006, -6.945939540999859 ], [ 110.82592010500008, -6.945894718999966 ], [ 110.824554444000171, -6.945673940999882 ], [ 110.823509217000094, -6.945384501999854 ], [ 110.823585511000033, -6.944440840999846 ], [ 110.822921753000173, -6.944289683999955 ], [ 110.823455810000041, -6.940529344999959 ], [ 110.823379517000035, -6.940501688999973 ], [ 110.823112489000152, -6.940420626999924 ] ] ] ] } },
{ "type": "Feature", "properties": { "GID_4": "IDN.10.19.10.6_1", "GID_0": "IDN", "COUNTRY": "Indonesia", "GID_1": "IDN.10_1", "NAME_1": "Jawa Tengah", "GID_2": "IDN.10.19_1", "NAME_2": "Kudus", "GID_3": "IDN.10.19.10_1", "NAME_3": "Undaan", "NAME_4": "Lambangan", "VARNAME_4": "NA", "TYPE_4": "Desa", "ENGTYPE_4": "Village", "CC_4": "3319040002" }, "geometry": { "type": "MultiPolygon", "coordinates": [ [ [ [ 110.773994445000199, -6.951087951999966 ], [ 110.774597144000097, -6.950942998999949 ], [ 110.775441610000144, -6.95093813699998 ], [ 110.774941102000128, -6.950992755999891 ], [ 110.774498, -6.951041 ], [ 110.773918379000122, -6.95118113299992 ], [ 110.773994445000199, -6.951087951999966 ] ] ], [ [ [ 110.777588001000197, -6.949663 ], [ 110.777465373000155, -6.949087297999881 ], [ 110.777205503000175, -6.948796906999917 ], [ 110.777166987000157, -6.948753986999918 ], [ 110.777147796000065, -6.948734959999967 ], [ 110.776557999000033, -6.94815 ], [ 110.775832999000102, -6.947666 ], [ 110.775291633000052, -6.947378570999888 ], [ 110.7747500010002, -6.94709099999983 ], [ 110.774204409000163, -6.946909219999952 ], [ 110.772568, -6.946364 ], [ 110.772202000000163, -6.946092 ], [ 110.771935, -6.945608 ], [ 110.772011185000054, -6.945202792999908 ], [ 110.772026062000123, -6.945124147999877 ], [ 110.77203688200018, -6.945097883999949 ], [ 110.772080707000157, -6.944991500999947 ], [ 110.77226285, -6.944550364999941 ], [ 110.772674573000074, -6.94420319999989 ], [ 110.772872985000163, -6.944036012999902 ], [ 110.7745666510001, -6.944218157999956 ], [ 110.775916731999985, -6.945239417999915 ], [ 110.776039101000094, -6.945331984999939 ], [ 110.777412415000015, -6.946366785999942 ], [ 110.778076171000066, -6.946487903999923 ], [ 110.778192004000175, -6.946459884999911 ], [ 110.778566862000105, -6.946369209999943 ], [ 110.779075707000175, -6.946246098999893 ], [ 110.779200216999982, -6.946174259999907 ], [ 110.779263434000143, -6.946137784999905 ], [ 110.779800415000068, -6.945827960999964 ], [ 110.779850106000197, -6.945753209999964 ], [ 110.779935571000067, -6.945624641999927 ], [ 110.780021667000085, -6.945495127999948 ], [ 110.780203520000157, -6.94521720299997 ], [ 110.78037640000008, -6.944952992999958 ], [ 110.780746459000056, -6.944387435999943 ], [ 110.780837992000045, -6.943897041999946 ], [ 110.78078460800009, -6.943388461999973 ], [ 110.780548097000121, -6.942970274999936 ], [ 110.779838561000076, -6.942206858999896 ], [ 110.779671848000191, -6.942046645999881 ], [ 110.779421243000172, -6.94180581199987 ], [ 110.779007022000087, -6.941407741999967 ], [ 110.779012546, -6.941341929999965 ], [ 110.77903, -6.941134 ], [ 110.779419, -6.940577 ], [ 110.779632983000113, -6.940501058999928 ], [ 110.780021999000155, -6.940363000999923 ], [ 110.780836931000067, -6.940404032999879 ], [ 110.780876, -6.940406 ], [ 110.781466829000124, -6.940868472999853 ], [ 110.781478883000034, -6.940877913999941 ], [ 110.781906128000173, -6.941435336999859 ], [ 110.782055740000089, -6.941575477999891 ], [ 110.782100408000076, -6.941617317999885 ], [ 110.782501221000075, -6.941992758999959 ], [ 110.783447265, -6.942335604999926 ], [ 110.784088026, -6.942378988999963 ], [ 110.784237621000045, -6.942317304999904 ], [ 110.784434647000182, -6.942235995999908 ], [ 110.784606934000124, -6.942164896999827 ], [ 110.78482055700016, -6.941907881999953 ], [ 110.784736633000136, -6.941136360999963 ], [ 110.784179687000062, -6.940279005999912 ], [ 110.78404820600008, -6.940189226999962 ], [ 110.783973333000063, -6.940138101999878 ], [ 110.783363342000087, -6.939721584999972 ], [ 110.783210754000095, -6.939537525999924 ], [ 110.78289031900016, -6.939164160999951 ], [ 110.782855453000082, -6.939118957999938 ], [ 110.782810774000041, -6.93906103199987 ], [ 110.782593001000066, -6.938778 ], [ 110.782593001000066, -6.93852100099997 ], [ 110.782867557000202, -6.938301096999965 ], [ 110.783020000000135, -6.938178999999877 ], [ 110.783509, -6.93807 ], [ 110.78358055700005, -6.938054013999931 ], [ 110.783790589000034, -6.938007353999978 ], [ 110.784691408000015, -6.937887630999967 ], [ 110.78492999000008, -6.937855921999926 ], [ 110.785720825000055, -6.937750814999902 ], [ 110.786155700000052, -6.937579631999938 ], [ 110.786323548000098, -6.937065599999869 ], [ 110.786308846999987, -6.937046169999974 ], [ 110.78624330700012, -6.936959547999891 ], [ 110.786064148000094, -6.936722753999959 ], [ 110.785469448000129, -6.936508925999931 ], [ 110.784767193000164, -6.936256069999956 ], [ 110.78479003800004, -6.936069010999915 ], [ 110.784763252000118, -6.935977890999936 ], [ 110.784680683000147, -6.935697006999874 ], [ 110.784629821000181, -6.935523985999964 ], [ 110.784118652000075, -6.935047149999946 ], [ 110.784189194000021, -6.934882795999954 ], [ 110.78423103200015, -6.934785318999957 ], [ 110.784393310000041, -6.934407232999945 ], [ 110.784828014000141, -6.934065 ], [ 110.784904126000072, -6.934064909999961 ], [ 110.785216429000059, -6.933843242999956 ], [ 110.785507, -6.933637000999965 ], [ 110.785849712000129, -6.933574687999965 ], [ 110.786096800000166, -6.93352997799991 ], [ 110.786453246000121, -6.933465480999814 ], [ 110.787490487000071, -6.933386148999887 ], [ 110.788119882000046, -6.933338311999933 ], [ 110.788071567000202, -6.933502739999938 ], [ 110.787626837000175, -6.934900464999885 ], [ 110.787483215000179, -6.935351847999925 ], [ 110.787651773000107, -6.935497446999875 ], [ 110.78772939300012, -6.935564493999948 ], [ 110.787780761000135, -6.93560886399996 ], [ 110.787811808000129, -6.935739680999973 ], [ 110.787871490999976, -6.935992834999922 ], [ 110.787828381000168, -6.93611818699992 ], [ 110.787795371000072, -6.936211027999946 ], [ 110.787780767000129, -6.93625210099998 ], [ 110.787544000000139, -6.936354999999878 ], [ 110.787432241000033, -6.936403073999941 ], [ 110.787328608000109, -6.936447550999901 ], [ 110.787185975000114, -6.936508765999974 ], [ 110.787642833000064, -6.936677676999921 ], [ 110.788010007000082, -6.93681342799988 ], [ 110.78881072900009, -6.937109469999939 ], [ 110.789222718000133, -6.937109469999939 ], [ 110.789372901000036, -6.937324958999909 ], [ 110.789459194000187, -6.93744877599994 ], [ 110.789581298000144, -6.937623976999873 ], [ 110.79074096700009, -6.938438891999908 ], [ 110.792114259000016, -6.938953875999971 ], [ 110.792777300000068, -6.939422300999922 ], [ 110.793427234000035, -6.939881465999974 ], [ 110.79357103600006, -6.939983058999928 ], [ 110.793616794000116, -6.940057879999927 ], [ 110.794173863000083, -6.940970108999977 ], [ 110.79414473900016, -6.941203407999922 ], [ 110.794082832000129, -6.941697718999876 ], [ 110.7946852930001, -6.942083788999867 ], [ 110.794753152000169, -6.94203505899992 ], [ 110.794982999000069, -6.941870000999927 ], [ 110.795662, -6.942543 ], [ 110.795692000000201, -6.942675998999903 ], [ 110.795514748000073, -6.94301833399993 ], [ 110.795356988000037, -6.943322692999971 ], [ 110.794256, -6.943158 ], [ 110.794159844000092, -6.943143404999944 ], [ 110.794144013000107, -6.94314103399995 ], [ 110.794543, -6.944193 ], [ 110.794936910000047, -6.945229763999919 ], [ 110.794582451000167, -6.94522930099987 ], [ 110.794430438000063, -6.945229101999871 ], [ 110.794373000000121, -6.945229052999935 ], [ 110.794373000000121, -6.945793677999973 ], [ 110.794480933999978, -6.945805840999981 ], [ 110.79461, -6.94582 ], [ 110.79487597200017, -6.945850176999897 ], [ 110.794858496000131, -6.945961955999849 ], [ 110.794823, -6.94618899999989 ], [ 110.794736000000171, -6.94618899999989 ], [ 110.794609559000094, -6.946188761999963 ], [ 110.794204960000059, -6.946188449999909 ], [ 110.794182980000016, -6.946432745999971 ], [ 110.79414400100012, -6.946865998999954 ], [ 110.79421200000013, -6.946866 ], [ 110.795143996000149, -6.946866984999929 ], [ 110.795158, -6.946867 ], [ 110.796051, -6.949538 ], [ 110.796231971, -6.95010869999993 ], [ 110.796318001000202, -6.950379999999825 ], [ 110.796353916999976, -6.950405610999894 ], [ 110.800305000000151, -6.953222999999866 ], [ 110.800917245999983, -6.953659619999939 ], [ 110.801681519000056, -6.954204558999891 ], [ 110.802619969000091, -6.95399098099989 ], [ 110.803309301000127, -6.955320161999907 ], [ 110.803344886000104, -6.955388779999907 ], [ 110.800832781, -6.955398650999939 ], [ 110.799180262000164, -6.95540514399994 ], [ 110.79508985700005, -6.955421447999868 ], [ 110.794846000000177, -6.956179 ], [ 110.793970000000172, -6.958862 ], [ 110.793894685000055, -6.959091532999935 ], [ 110.793823177000036, -6.959310457999948 ], [ 110.793642210000087, -6.959112073999961 ], [ 110.793612344000053, -6.95907933299992 ], [ 110.793600246000153, -6.959066070999882 ], [ 110.793441773000097, -6.958892344999981 ], [ 110.792772171000081, -6.95830925599995 ], [ 110.79267584400003, -6.958225373999937 ], [ 110.792419433000077, -6.958002090999969 ], [ 110.791458130000194, -6.957456587999957 ], [ 110.790653230000203, -6.957130944999903 ], [ 110.79060375, -6.957110926999917 ], [ 110.789131164000196, -6.956819533999976 ], [ 110.787315, -6.956375 ], [ 110.787184, -6.955961 ], [ 110.787178, -6.955941 ], [ 110.787178142000073, -6.955918561999965 ], [ 110.787178877000031, -6.95578302499996 ], [ 110.787185668000177, -6.95449972199998 ], [ 110.787124716000108, -6.954403768999953 ], [ 110.787065000000155, -6.95431 ], [ 110.78681294200004, -6.95392075999996 ], [ 110.786746, -6.953896 ], [ 110.786247000000117, -6.953707 ], [ 110.786247000000117, -6.952842000999965 ], [ 110.786012819, -6.952774492999879 ], [ 110.785744, -6.952697000999933 ], [ 110.78563022100019, -6.952489581999941 ], [ 110.78530803100017, -6.951903783999967 ], [ 110.784945997000023, -6.951823455999886 ], [ 110.78466, -6.951760000999968 ], [ 110.784514999000066, -6.950894999999889 ], [ 110.784179489000053, -6.950803188999942 ], [ 110.783722000000125, -6.950677999999868 ], [ 110.783583000000135, -6.950196 ], [ 110.783577, -6.950173999999834 ], [ 110.783536000000197, -6.950161 ], [ 110.783517905, -6.950155221999978 ], [ 110.783416749000196, -6.950123309999981 ], [ 110.783019822000085, -6.949997449999955 ], [ 110.782584999000107, -6.949860000999877 ], [ 110.782083044000046, -6.949526194999976 ], [ 110.781982000000198, -6.949459 ], [ 110.781454538000105, -6.949333186999979 ], [ 110.78075943500005, -6.949167643999942 ], [ 110.779618000000198, -6.949008999999876 ], [ 110.779449, -6.948985 ], [ 110.779360047000068, -6.94894997699987 ], [ 110.778875105000111, -6.948759272999951 ], [ 110.778610229000037, -6.948655127999928 ], [ 110.778533935000098, -6.94889926999997 ], [ 110.778279210999983, -6.949293296999883 ], [ 110.778228978000186, -6.94937101999983 ], [ 110.777994355000033, -6.949576069999921 ], [ 110.777626, -6.949898 ], [ 110.777428333000103, -6.950035476999915 ], [ 110.777588001000197, -6.949663 ] ] ] ] } },
{ "type": "Feature", "properties": { "GID_4": "IDN.10.19.10.7_1", "GID_0": "IDN", "COUNTRY": "Indonesia", "GID_1": "IDN.10_1", "NAME_1": "Jawa Tengah", "GID_2": "IDN.10.19_1", "NAME_2": "Kudus", "GID_3": "IDN.10.19.10_1", "NAME_3": "Undaan", "NAME_4": "Larikrejo", "VARNAME_4": "NA", "TYPE_4": "Desa", "ENGTYPE_4": "Village", "CC_4": "3319040011" }, "geometry": { "type": "MultiPolygon", "coordinates": [ [ [ [ 110.86451721200018, -6.893173693999927 ], [ 110.862503052000136, -6.893148899999915 ], [ 110.86244993400004, -6.893221933999939 ], [ 110.862052507999977, -6.892829330999916 ], [ 110.862038, -6.892815 ], [ 110.861351, -6.892662999999857 ], [ 110.860780414000089, -6.892891990999885 ], [ 110.860595962000104, -6.892966089999959 ], [ 110.860261680000121, -6.89376416999994 ], [ 110.860214001000202, -6.893877998999926 ], [ 110.859908999000197, -6.894636998999943 ], [ 110.859892953000099, -6.894829567999977 ], [ 110.859833, -6.895549000999893 ], [ 110.859940773000176, -6.895952162999947 ], [ 110.860107000000141, -6.896574000999976 ], [ 110.860252552000077, -6.897676578999892 ], [ 110.86026001, -6.897733211999878 ], [ 110.858406068000079, -6.89773273499992 ], [ 110.857398986000078, -6.898405550999883 ], [ 110.856666564000022, -6.898293017999947 ], [ 110.856445313000108, -6.897844314999929 ], [ 110.855766297000059, -6.897844314999929 ], [ 110.855148315000122, -6.898348807999923 ], [ 110.854591369000048, -6.898516653999934 ], [ 110.852851868000073, -6.897731303999876 ], [ 110.852790831999982, -6.900198459999842 ], [ 110.853187561000027, -6.900983809999957 ], [ 110.85420227100019, -6.901322364999942 ], [ 110.854118347000167, -6.901483057999883 ], [ 110.854591369000048, -6.901937483999916 ], [ 110.855316163000111, -6.902779100999908 ], [ 110.855560302000185, -6.903247355999952 ], [ 110.854438782000102, -6.904846667999948 ], [ 110.853141784000059, -6.904489993999903 ], [ 110.851432801000158, -6.904250144999878 ], [ 110.851043700000048, -6.90405988599997 ], [ 110.850593567000033, -6.903789995999887 ], [ 110.850440978999984, -6.903699873999926 ], [ 110.850143433000085, -6.903544901999965 ], [ 110.849533082000107, -6.90079689099997 ], [ 110.849548340000126, -6.900670051999953 ], [ 110.849342346000128, -6.898670195999955 ], [ 110.848846435000041, -6.89691924899995 ], [ 110.848976136000033, -6.895879267999874 ], [ 110.849319457000092, -6.895655154999872 ], [ 110.849037171000191, -6.894701479999924 ], [ 110.848472595000203, -6.894477366999979 ], [ 110.846511841000165, -6.893523214999959 ], [ 110.84432220500014, -6.892793655999981 ], [ 110.843338012000174, -6.892871856999818 ], [ 110.842704772, -6.892482755999936 ], [ 110.841857910000101, -6.890269279999927 ], [ 110.83926391600005, -6.888268945999926 ], [ 110.839164734, -6.888075351999873 ], [ 110.836357117000148, -6.886005401999853 ], [ 110.838760377000028, -6.880137442999967 ], [ 110.840812683000024, -6.880839824999953 ], [ 110.842979430000184, -6.881539820999933 ], [ 110.845329285, -6.882339953999974 ], [ 110.847579956000175, -6.883150100999956 ], [ 110.850067139000146, -6.884200095999972 ], [ 110.850555420000148, -6.884284971999875 ], [ 110.850555420000148, -6.883317946999966 ], [ 110.852241516000049, -6.883365153999875 ], [ 110.852302552000083, -6.883306025999957 ], [ 110.853637695000145, -6.883335589999945 ], [ 110.857818603000055, -6.883429049999847 ], [ 110.857963562000066, -6.88354444499987 ], [ 110.857955932000152, -6.883424758999922 ], [ 110.857917785000097, -6.88212823799995 ], [ 110.8579638060001, -6.880783417999965 ], [ 110.857964, -6.8806 ], [ 110.858015906000162, -6.880581238999923 ], [ 110.858047177000174, -6.880570044999899 ], [ 110.858295839000107, -6.880633182999873 ], [ 110.858558655000195, -6.880700110999896 ], [ 110.859055571000113, -6.880887230999917 ], [ 110.859169000000179, -6.88093 ], [ 110.859291, -6.880982 ], [ 110.859597279000127, -6.881111438999937 ], [ 110.859794618000024, -6.881195066999908 ], [ 110.859771729000045, -6.882009982999932 ], [ 110.859794618000024, -6.882328032999965 ], [ 110.85991668600019, -6.883774280999887 ], [ 110.862477409000064, -6.885899477999942 ], [ 110.862570761000143, -6.885976969999888 ], [ 110.862929318000056, -6.88580034499995 ], [ 110.86364, -6.885447000999932 ], [ 110.866516062000187, -6.886493150999968 ], [ 110.867027033999989, -6.886679080999897 ], [ 110.8670937710001, -6.88683803999993 ], [ 110.86722600000013, -6.887153 ], [ 110.867716679000125, -6.88768903499988 ], [ 110.867820722000147, -6.887802694999948 ], [ 110.86819457900009, -6.889170168999954 ], [ 110.868255615000123, -6.889572619999967 ], [ 110.867865664000135, -6.891292945999908 ], [ 110.867813031000139, -6.891524862999916 ], [ 110.867445824000185, -6.89184963699995 ], [ 110.866731089000098, -6.892481693999969 ], [ 110.866501000000198, -6.892685 ], [ 110.864715576000094, -6.892120361999901 ], [ 110.86451721200018, -6.893173693999927 ] ] ] ] } },
{ "type": "Feature", "properties": { "GID_4": "IDN.10.19.10.8_1", "GID_0": "IDN", "COUNTRY": "Indonesia", "GID_1": "IDN.10_1", "NAME_1": "Jawa Tengah", "GID_2": "IDN.10.19_1", "NAME_2": "Kudus", "GID_3": "IDN.10.19.10_1", "NAME_3": "Undaan", "NAME_4": "Medini", "VARNAME_4": "NA", "TYPE_4": "Desa", "ENGTYPE_4": "Village", "CC_4": "3319040004" }, "geometry": { "type": "MultiPolygon", "coordinates": [ [ [ [ 110.783813477000137, -6.920042037999906 ], [ 110.78408050500019, -6.919380663999959 ], [ 110.784500122, -6.918436526999926 ], [ 110.784881592000147, -6.917419431999974 ], [ 110.785324096000181, -6.916692732999877 ], [ 110.785667419000049, -6.916220665999901 ], [ 110.786376953000115, -6.915585040999929 ], [ 110.786743165000075, -6.915222166999968 ], [ 110.786849975, -6.91489505699991 ], [ 110.78688812200005, -6.914459227999942 ], [ 110.786651611000138, -6.913968562999912 ], [ 110.786048890000075, -6.912969110999825 ], [ 110.785850525000114, -6.91233301099993 ], [ 110.785850525000114, -6.911642550999943 ], [ 110.78598022400007, -6.911261080999964 ], [ 110.786216735000039, -6.911025046999896 ], [ 110.787071228000116, -6.910607814999935 ], [ 110.788581848000035, -6.90995454699987 ], [ 110.78974914600019, -6.909500598999898 ], [ 110.790458678999983, -6.909210204999852 ], [ 110.790908813000101, -6.908956050999961 ], [ 110.791366577000133, -6.908556936999958 ], [ 110.791664123000089, -6.90818834199996 ], [ 110.791801452000186, -6.908011913999928 ], [ 110.792182922000109, -6.907485483999949 ], [ 110.799400330000083, -6.910367011999881 ], [ 110.800384521000069, -6.909914015999902 ], [ 110.803787231000058, -6.910028933999911 ], [ 110.806434632000162, -6.910029887999883 ], [ 110.806518553999979, -6.910391807999929 ], [ 110.807502747000171, -6.910170077999965 ], [ 110.807899476000046, -6.91116285399994 ], [ 110.807968139000138, -6.911330221999947 ], [ 110.808242797000105, -6.912529944999903 ], [ 110.808372498000097, -6.914680003999877 ], [ 110.808258056000057, -6.91594982099997 ], [ 110.807952881000119, -6.916920183999878 ], [ 110.806808472000171, -6.918640136999898 ], [ 110.805839539000033, -6.919829844999924 ], [ 110.805473327000129, -6.920460223999953 ], [ 110.805442811000091, -6.920560358999978 ], [ 110.805358887000068, -6.92067432399989 ], [ 110.804756164000196, -6.921989916999962 ], [ 110.804077149000079, -6.923772811999925 ], [ 110.803741456000068, -6.924748897999962 ], [ 110.803657532000045, -6.925088881999955 ], [ 110.80402374200014, -6.925220012999944 ], [ 110.803955079000104, -6.925391672999979 ], [ 110.803665160000151, -6.926362035999944 ], [ 110.803634644000113, -6.926443099999915 ], [ 110.799919129000102, -6.925120829999912 ], [ 110.796493529000145, -6.924458979999883 ], [ 110.794433593000065, -6.923895357999868 ], [ 110.792671203000111, -6.923552036999979 ], [ 110.791183473000103, -6.923355579999964 ], [ 110.790298461000077, -6.92337989899994 ], [ 110.78897857700008, -6.923525810999934 ], [ 110.787506103000112, -6.923549651999963 ], [ 110.78636169400005, -6.923011301999907 ], [ 110.785697938000169, -6.922203540999874 ], [ 110.785133362000181, -6.921273707999944 ], [ 110.784477234000065, -6.920564174999924 ], [ 110.784133910000094, -6.920221805999972 ], [ 110.783813477000137, -6.920042037999906 ] ] ] ] } },
{ "type": "Feature", "properties": { "GID_4": "IDN.10.19.10.9_1", "GID_0": "IDN", "COUNTRY": "Indonesia", "GID_1": "IDN.10_1", "NAME_1": "Jawa Tengah", "GID_2": "IDN.10.19_1", "NAME_2": "Kudus", "GID_3": "IDN.10.19.10_1", "NAME_3": "Undaan", "NAME_4": "Ngemplak", "VARNAME_4": "NA", "TYPE_4": "Desa", "ENGTYPE_4": "Village", "CC_4": "3319040014" }, "geometry": { "type": "MultiPolygon", "coordinates": [ [ [ [ 110.832702636000022, -6.859766005999859 ], [ 110.833183287999987, -6.859364031999974 ], [ 110.83326721200001, -6.858706473999916 ], [ 110.832939147000161, -6.857801913999879 ], [ 110.832733155000142, -6.857020376999969 ], [ 110.832817078000062, -6.856773852999822 ], [ 110.833023071000184, -6.856403827999941 ], [ 110.834213257000044, -6.856650828999932 ], [ 110.835205078000115, -6.856322288999934 ], [ 110.836311340000179, -6.855911731999981 ], [ 110.837379455000189, -6.855048656999884 ], [ 110.837463379000042, -6.854417799999908 ], [ 110.837760925000111, -6.85450982899988 ], [ 110.838989258000083, -6.854889869999965 ], [ 110.839698791000046, -6.855169772999943 ], [ 110.840232849000017, -6.855420111999877 ], [ 110.841011048000041, -6.855820177999874 ], [ 110.841102600000113, -6.855879782999921 ], [ 110.841232300000058, -6.855929850999871 ], [ 110.841751100000124, -6.856130122999957 ], [ 110.842468261000079, -6.856369971999868 ], [ 110.842628478999984, -6.856430053999873 ], [ 110.843353272, -6.856669902999897 ], [ 110.843582153000057, -6.856760024999915 ], [ 110.843826294000053, -6.856780052999966 ], [ 110.844047547000173, -6.856739998999956 ], [ 110.844108581000057, -6.85687017499987 ], [ 110.844169616000045, -6.856999873999939 ], [ 110.844276428, -6.85705709399997 ], [ 110.850997925000058, -6.859017847999951 ], [ 110.85221862800006, -6.859366893999947 ], [ 110.852432250000163, -6.859449862999895 ], [ 110.852592468000125, -6.859509943999967 ], [ 110.854476929000157, -6.860159873999919 ], [ 110.855102538000153, -6.860360145999891 ], [ 110.855957031000059, -6.860618114999909 ], [ 110.856059835603929, -6.860670988974715 ], [ 110.856048585000167, -6.860719679999875 ], [ 110.856559754000102, -6.860867976999884 ], [ 110.856651306, -6.860891340999956 ], [ 110.856796265000014, -6.860929964999968 ], [ 110.857551575000173, -6.861189841999874 ], [ 110.85803222800007, -6.861400126999968 ], [ 110.858818055000143, -6.86170005799994 ], [ 110.859138489000202, -6.861800192999965 ], [ 110.859817503999977, -6.861998557999925 ], [ 110.859893800000066, -6.862020015999917 ], [ 110.859992944000112, -6.862052315999847 ], [ 110.859824195000101, -6.863000752999881 ], [ 110.859688000000119, -6.862958999999876 ], [ 110.859205193000037, -6.86471064899996 ], [ 110.858704, -6.866529 ], [ 110.859534265000093, -6.867215548999923 ], [ 110.858856, -6.869568 ], [ 110.861206054000149, -6.872987269999896 ], [ 110.862098619000164, -6.876311978999922 ], [ 110.862067684000181, -6.876310284999875 ], [ 110.858245950000139, -6.876101013999971 ], [ 110.858245850000174, -6.87670898399989 ], [ 110.858329772000161, -6.876794337999968 ], [ 110.858283570000083, -6.877115214999947 ], [ 110.858171000000198, -6.877894 ], [ 110.857947999000089, -6.879444000999968 ], [ 110.857825783000123, -6.879876421999882 ], [ 110.857712, -6.880279 ], [ 110.8579638060001, -6.880783417999965 ], [ 110.857917785000097, -6.88212823799995 ], [ 110.857955932000152, -6.883424758999922 ], [ 110.857963562000066, -6.88354444499987 ], [ 110.857818603000055, -6.883429049999847 ], [ 110.853637695000145, -6.883335589999945 ], [ 110.853637695000145, -6.882287500999894 ], [ 110.853713990000188, -6.882239818999949 ], [ 110.853530884000122, -6.880317687999877 ], [ 110.852416992000144, -6.875625610999975 ], [ 110.851242065, -6.873898982999947 ], [ 110.847679138, -6.871559142999956 ], [ 110.845230103000119, -6.871001719999924 ], [ 110.844505309000056, -6.869943617999979 ], [ 110.843894958000078, -6.86877393799989 ], [ 110.844169616000045, -6.866936683999938 ], [ 110.842781068000079, -6.866323469999941 ], [ 110.842666625000163, -6.865488528999947 ], [ 110.843276977000187, -6.863651274999881 ], [ 110.836372375000167, -6.861254692999921 ], [ 110.835311890000071, -6.86080646399995 ], [ 110.835166931000117, -6.860746383999981 ], [ 110.834533692000036, -6.860476970999969 ], [ 110.833572387000117, -6.86006021399993 ], [ 110.833305359000065, -6.85997533799997 ], [ 110.832809447999978, -6.859819887999947 ], [ 110.832702636000022, -6.859766005999859 ] ] ] ] } },
{ "type": "Feature", "properties": { "GID_4": "IDN.10.19.10.11_1", "GID_0": "IDN", "COUNTRY": "Indonesia", "GID_1": "IDN.10_1", "NAME_1": "Jawa Tengah", "GID_2": "IDN.10.19_1", "NAME_2": "Kudus", "GID_3": "IDN.10.19.10_1", "NAME_3": "Undaan", "NAME_4": "Terang Mas", "VARNAME_4": "NA", "TYPE_4": "Desa", "ENGTYPE_4": "Village", "CC_4": "3319040015" }, "geometry": { "type": "MultiPolygon", "coordinates": [ [ [ [ 110.829673767000145, -6.926238535999971 ], [ 110.829467774000079, -6.925444125999945 ], [ 110.821731567000086, -6.923060416999874 ], [ 110.82170867800005, -6.923130989999947 ], [ 110.817726134000054, -6.921879768999929 ], [ 110.816947937000066, -6.921635149999929 ], [ 110.814331055000082, -6.920732974999964 ], [ 110.813423157000102, -6.922783850999906 ], [ 110.812248230000137, -6.922211168999979 ], [ 110.811683656000127, -6.921826838999948 ], [ 110.811195373000146, -6.921535967999944 ], [ 110.810775756000169, -6.921305178999944 ], [ 110.810508728000116, -6.921118257999979 ], [ 110.810409546000074, -6.921083448999923 ], [ 110.810279845000082, -6.921036718999972 ], [ 110.810112000000117, -6.920986174999939 ], [ 110.809799195000096, -6.920907020999891 ], [ 110.809379578000119, -6.920799254999963 ], [ 110.809196472000053, -6.920750140999871 ], [ 110.808715820000089, -6.920623779999971 ], [ 110.805839539000033, -6.919829844999924 ], [ 110.806808472000171, -6.918640136999898 ], [ 110.807952881000119, -6.916920183999878 ], [ 110.808258056000057, -6.91594982099997 ], [ 110.808372498000097, -6.914680003999877 ], [ 110.808242797000105, -6.912529944999903 ], [ 110.807968139000138, -6.911330221999947 ], [ 110.807899476000046, -6.91116285399994 ], [ 110.808433533000084, -6.911050795999927 ], [ 110.808761597000057, -6.910074710999879 ], [ 110.808929444000171, -6.9096531859999 ], [ 110.80930328400018, -6.9096531859999 ], [ 110.8093643200001, -6.910033702999954 ], [ 110.809417725000174, -6.910408973999893 ], [ 110.809913635000157, -6.910371303999909 ], [ 110.80999755900018, -6.90999078699997 ], [ 110.810066222999978, -6.909691332999955 ], [ 110.810531617000152, -6.909890173999884 ], [ 110.81104278600003, -6.910107134999976 ], [ 110.811798096000189, -6.909994123999979 ], [ 110.811988830000189, -6.909578799999963 ], [ 110.811447143, -6.909460543999955 ], [ 110.811119079000036, -6.90938949599996 ], [ 110.810966492000148, -6.909011362999934 ], [ 110.811363221000192, -6.90825557799991 ], [ 110.811431884000115, -6.908289908999905 ], [ 110.811912537000183, -6.908530235999876 ], [ 110.812438964000137, -6.90880012599996 ], [ 110.812538146000122, -6.908860205999929 ], [ 110.812698364000084, -6.908969878999926 ], [ 110.813491821000071, -6.90954017599995 ], [ 110.81455993600008, -6.910449980999942 ], [ 110.814811707000047, -6.910659789999954 ], [ 110.815391540000178, -6.911170006999896 ], [ 110.815826415000174, -6.91157007299995 ], [ 110.817520142000092, -6.912950037999906 ], [ 110.818031311000198, -6.91332006499988 ], [ 110.819694519000109, -6.914117334999958 ], [ 110.820304870000086, -6.914447784999936 ], [ 110.820663452000076, -6.915051460999962 ], [ 110.821640015000128, -6.915392874999895 ], [ 110.823646546000191, -6.916880606999882 ], [ 110.823379517000035, -6.918201445999955 ], [ 110.824867249000192, -6.918610095999895 ], [ 110.828926086000195, -6.919436453999879 ], [ 110.829109192000089, -6.91890811899998 ], [ 110.829505921000134, -6.91890811899998 ], [ 110.830207824000013, -6.916882991999898 ], [ 110.831619263, -6.917235850999873 ], [ 110.831970214000194, -6.916047094999954 ], [ 110.832809447999978, -6.91582727499997 ], [ 110.833732603999977, -6.914419173999875 ], [ 110.835494994000157, -6.914551734999918 ], [ 110.835937500000171, -6.914639948999934 ], [ 110.835624695000149, -6.917149066999968 ], [ 110.836410522000051, -6.917149543999926 ], [ 110.836196900000118, -6.918668270999945 ], [ 110.835365296000077, -6.918668270999945 ], [ 110.835006714000087, -6.918888090999928 ], [ 110.833862305000139, -6.91888761599995 ], [ 110.833641052000075, -6.919195652999974 ], [ 110.833557128000052, -6.920648573999927 ], [ 110.834655762000182, -6.920692920999954 ], [ 110.83452606100019, -6.922189712999966 ], [ 110.835670472000118, -6.922278404999929 ], [ 110.835929870000086, -6.922542571999941 ], [ 110.836196900000118, -6.922938822999981 ], [ 110.836151122999979, -6.92346715799988 ], [ 110.835754394000105, -6.923643110999876 ], [ 110.834350586000141, -6.923378466999907 ], [ 110.834213257000044, -6.923510549999946 ], [ 110.833290101000046, -6.923113821999948 ], [ 110.832801818000064, -6.924126623999939 ], [ 110.833335876000035, -6.924479007999935 ], [ 110.833557128000052, -6.924214839999934 ], [ 110.834564208000074, -6.924743174999946 ], [ 110.835052491000056, -6.925227642999971 ], [ 110.834960937000119, -6.925755977999927 ], [ 110.834739685999978, -6.925844191999943 ], [ 110.834213257000044, -6.92588806099991 ], [ 110.833641052000075, -6.92562341699994 ], [ 110.833419800000058, -6.925931453999965 ], [ 110.832099915000185, -6.925314901999911 ], [ 110.831657409000172, -6.926019191999899 ], [ 110.831436157000155, -6.926050185999884 ], [ 110.830070495000143, -6.926238535999971 ], [ 110.829673767000145, -6.926238535999971 ] ] ] ] } },
{ "type": "Feature", "properties": { "GID_4": "IDN.10.19.10.12_1", "GID_0": "IDN", "COUNTRY": "Indonesia", "GID_1": "IDN.10_1", "NAME_1": "Jawa Tengah", "GID_2": "IDN.10.19_1", "NAME_2": "Kudus", "GID_3": "IDN.10.19.10_1", "NAME_3": "Undaan", "NAME_4": "Undaan Kidul", "VARNAME_4": "NA", "TYPE_4": "Desa", "ENGTYPE_4": "Village", "CC_4": "3319040008" }, "geometry": { "type": "MultiPolygon", "coordinates": [ [ [ [ 110.802612306000071, -6.898063659999934 ], [ 110.802574157000038, -6.897432802999958 ], [ 110.802742004000152, -6.896703718999959 ], [ 110.803466796000066, -6.89608716999993 ], [ 110.803901671000119, -6.89574050899995 ], [ 110.804145813000048, -6.895694731999981 ], [ 110.805885314000193, -6.895246982999936 ], [ 110.807380677000197, -6.894112109999924 ], [ 110.807510375000106, -6.894013880999978 ], [ 110.807846069000163, -6.893453120999936 ], [ 110.808525085000042, -6.891939162999904 ], [ 110.808799743000179, -6.89064931799993 ], [ 110.808395387000132, -6.888290881999922 ], [ 110.808250427000019, -6.888150214999939 ], [ 110.807899476000046, -6.887758254999937 ], [ 110.807853699000077, -6.887620925999954 ], [ 110.807769775000054, -6.886620998999888 ], [ 110.807952881000119, -6.885837076999962 ], [ 110.808166504000098, -6.884674547999964 ], [ 110.808189392000031, -6.882909297999902 ], [ 110.810470581000061, -6.884051322999881 ], [ 110.828666687000123, -6.891862868999908 ], [ 110.831359863000046, -6.894835948999969 ], [ 110.835342407000041, -6.899379728999975 ], [ 110.83678436200006, -6.902768610999942 ], [ 110.83786773800017, -6.904371737999895 ], [ 110.84083557200006, -6.906223296999883 ], [ 110.849517822000109, -6.911412715999916 ], [ 110.849693299000137, -6.911544321999884 ], [ 110.849342346000128, -6.912071703999914 ], [ 110.849044799000126, -6.912585257999922 ], [ 110.849006652000071, -6.912775039999929 ], [ 110.848976136000033, -6.912984846999962 ], [ 110.848945617000084, -6.913154601999963 ], [ 110.848167420000095, -6.914111614999854 ], [ 110.847015381000062, -6.915807246999975 ], [ 110.846313475999978, -6.91738176299998 ], [ 110.845527649000076, -6.918532371999959 ], [ 110.845153809000067, -6.920141696999963 ], [ 110.840164185000049, -6.918009279999922 ], [ 110.836425781000173, -6.917073248999941 ], [ 110.836410522000051, -6.917149543999926 ], [ 110.835624695000149, -6.917149066999968 ], [ 110.835937500000171, -6.914639948999934 ], [ 110.835494994000157, -6.914551734999918 ], [ 110.833732603999977, -6.914419173999875 ], [ 110.832809447999978, -6.91582727499997 ], [ 110.831970214000194, -6.916047094999954 ], [ 110.831619263, -6.917235850999873 ], [ 110.830207824000013, -6.916882991999898 ], [ 110.829505921000134, -6.91890811899998 ], [ 110.829109192000089, -6.91890811899998 ], [ 110.828926086000195, -6.919436453999879 ], [ 110.824867249000192, -6.918610095999895 ], [ 110.823379517000035, -6.918201445999955 ], [ 110.823646546000191, -6.916880606999882 ], [ 110.821640015000128, -6.915392874999895 ], [ 110.820663452000076, -6.915051460999962 ], [ 110.820304870000086, -6.914447784999936 ], [ 110.819694519000109, -6.914117334999958 ], [ 110.818031311000198, -6.91332006499988 ], [ 110.817520142000092, -6.912950037999906 ], [ 110.815826415000174, -6.91157007299995 ], [ 110.815391540000178, -6.911170006999896 ], [ 110.814811707000047, -6.910659789999954 ], [ 110.81455993600008, -6.910449980999942 ], [ 110.813491821000071, -6.90954017599995 ], [ 110.812698364000084, -6.908969878999926 ], [ 110.812538146000122, -6.908860205999929 ], [ 110.812438964000137, -6.90880012599996 ], [ 110.811912537000183, -6.908530235999876 ], [ 110.811431884000115, -6.908289908999905 ], [ 110.811363221000192, -6.90825557799991 ], [ 110.81350707900009, -6.904176233999976 ], [ 110.812828064000144, -6.903911588999847 ], [ 110.812896728000169, -6.903257368999959 ], [ 110.805435181000178, -6.900405882999962 ], [ 110.805435181000178, -6.899470805999954 ], [ 110.802612306000071, -6.898063659999934 ] ] ] ] } },
{ "type": "Feature", "properties": { "GID_4": "IDN.10.19.10.13_1", "GID_0": "IDN", "COUNTRY": "Indonesia", "GID_1": "IDN.10_1", "NAME_1": "Jawa Tengah", "GID_2": "IDN.10.19_1", "NAME_2": "Kudus", "GID_3": "IDN.10.19.10_1", "NAME_3": "Undaan", "NAME_4": "Undaan Lor", "VARNAME_4": "NA", "TYPE_4": "Desa", "ENGTYPE_4": "Village", "CC_4": "3319040012" }, "geometry": { "type": "MultiPolygon", "coordinates": [ [ [ [ 110.820701599000131, -6.868587970999954 ], [ 110.820960998000203, -6.868405342999949 ], [ 110.822158813999977, -6.867747783999903 ], [ 110.822769165000125, -6.867696761999866 ], [ 110.822761535000041, -6.867620467999927 ], [ 110.823532104000094, -6.867414473999929 ], [ 110.823776245000147, -6.867987632999927 ], [ 110.82611847000004, -6.87012481599993 ], [ 110.826240540000015, -6.870187281999961 ], [ 110.826347351000095, -6.870316027999934 ], [ 110.82653045700016, -6.870557308999935 ], [ 110.828292847000114, -6.872054098999968 ], [ 110.836257935000106, -6.878459928999916 ], [ 110.838447570000199, -6.879724025999963 ], [ 110.838523864000138, -6.879770754999925 ], [ 110.838760377000028, -6.880137442999967 ], [ 110.836357117000148, -6.886005401999853 ], [ 110.839164734, -6.888075351999873 ], [ 110.83926391600005, -6.888268945999926 ], [ 110.841857910000101, -6.890269279999927 ], [ 110.842704772, -6.892482755999936 ], [ 110.843338012000174, -6.892871856999818 ], [ 110.84432220500014, -6.892793655999981 ], [ 110.846511841000165, -6.893523214999959 ], [ 110.848472595000203, -6.894477366999979 ], [ 110.849037171000191, -6.894701479999924 ], [ 110.849319457000092, -6.895655154999872 ], [ 110.848976136000033, -6.895879267999874 ], [ 110.848846435000041, -6.89691924899995 ], [ 110.849342346000128, -6.898670195999955 ], [ 110.849548340000126, -6.900670051999953 ], [ 110.849533082000107, -6.90079689099997 ], [ 110.850143433000085, -6.903544901999965 ], [ 110.848907470000199, -6.902910231999954 ], [ 110.848762513000054, -6.902840136999941 ], [ 110.848495483000136, -6.902400970999906 ], [ 110.848426818000064, -6.902150153999855 ], [ 110.848335266000106, -6.901880740999957 ], [ 110.848274231000119, -6.901791094999965 ], [ 110.848167420000095, -6.901485919999971 ], [ 110.847923279000042, -6.901168822999921 ], [ 110.847549439000034, -6.900749682999958 ], [ 110.847129822000056, -6.900468349999869 ], [ 110.846153259000118, -6.899873732999879 ], [ 110.845886231000065, -6.899235247999968 ], [ 110.845794677000129, -6.899163721999912 ], [ 110.845687866999981, -6.899115561999963 ], [ 110.84556579600013, -6.899073599999952 ], [ 110.845352173000094, -6.899037837999913 ], [ 110.845031739000092, -6.899013519999926 ], [ 110.844688415000064, -6.89894199399987 ], [ 110.844604491000098, -6.898911951999878 ], [ 110.844131469, -6.898672580999971 ], [ 110.843933105000133, -6.898648261999938 ], [ 110.843658447000109, -6.898654459999875 ], [ 110.842849731, -6.89862012899988 ], [ 110.842056274000186, -6.897828101999892 ], [ 110.841979981000179, -6.897792339999967 ], [ 110.841880798000034, -6.89775943799998 ], [ 110.841781616, -6.897728441999902 ], [ 110.841171265000071, -6.897339820999946 ], [ 110.83981323200004, -6.896709918999932 ], [ 110.839210510999976, -6.896100042999933 ], [ 110.838500977000081, -6.894919872999878 ], [ 110.83769226000004, -6.893509863999952 ], [ 110.836601258000201, -6.892300127999931 ], [ 110.833961487000181, -6.889939784999967 ], [ 110.831672668000067, -6.88816976399994 ], [ 110.830741882000154, -6.887660024999889 ], [ 110.829811096000071, -6.887479781999957 ], [ 110.829376220000142, -6.887529848999975 ], [ 110.827957153000057, -6.88769006699988 ], [ 110.826919555000188, -6.887619970999936 ], [ 110.826072693000071, -6.887249945999883 ], [ 110.824798583000188, -6.886600017999911 ], [ 110.823089600000117, -6.885859965999884 ], [ 110.81986999500009, -6.884950160999949 ], [ 110.816970826000102, -6.883609770999954 ], [ 110.814537047000044, -6.88232993999992 ], [ 110.813331603000165, -6.881400108999912 ], [ 110.811920167000096, -6.880070208999939 ], [ 110.811172485000043, -6.87911653499998 ], [ 110.811996460000103, -6.878699302999905 ], [ 110.81244659400005, -6.878354071999979 ], [ 110.812538146000122, -6.878180980999957 ], [ 110.813842774000079, -6.877407074999951 ], [ 110.814292908000198, -6.875926970999956 ], [ 110.814292908000198, -6.874611377999884 ], [ 110.814628600999981, -6.873994826999876 ], [ 110.815780640000014, -6.872926234999909 ], [ 110.817214965000119, -6.871569633999854 ], [ 110.818496705000143, -6.870090006999931 ], [ 110.819366456000068, -6.869581222999898 ], [ 110.81948089600013, -6.86951494199991 ], [ 110.820442199000183, -6.868697643999894 ], [ 110.820526122999979, -6.868715762999955 ], [ 110.820701599000131, -6.868587970999954 ] ] ] ] } },
{ "type": "Feature", "properties": { "GID_4": "IDN.10.19.10.14_1", "GID_0": "IDN", "COUNTRY": "Indonesia", "GID_1": "IDN.10_1", "NAME_1": "Jawa Tengah", "GID_2": "IDN.10.19_1", "NAME_2": "Kudus", "GID_3": "IDN.10.19.10_1", "NAME_3": "Undaan", "NAME_4": "Undaan Tengah", "VARNAME_4": "NA", "TYPE_4": "Desa", "ENGTYPE_4": "Village", "CC_4": "3319040009" }, "geometry": { "type": "MultiPolygon", "coordinates": [ [ [ [ 110.808189392000031, -6.882909297999902 ], [ 110.808189392000031, -6.882639884999833 ], [ 110.808242797000105, -6.881495475999884 ], [ 110.808464050000055, -6.880823134999957 ], [ 110.808898925000051, -6.88026046799996 ], [ 110.809158325, -6.880030154999929 ], [ 110.80933380100015, -6.879878997999924 ], [ 110.810012818000075, -6.879552364999881 ], [ 110.810997009000062, -6.879182337999907 ], [ 110.811172485000043, -6.87911653499998 ], [ 110.811920167000096, -6.880070208999939 ], [ 110.813331603000165, -6.881400108999912 ], [ 110.814537047000044, -6.88232993999992 ], [ 110.816970826000102, -6.883609770999954 ], [ 110.81986999500009, -6.884950160999949 ], [ 110.823089600000117, -6.885859965999884 ], [ 110.824798583000188, -6.886600017999911 ], [ 110.826072693000071, -6.887249945999883 ], [ 110.826919555000188, -6.887619970999936 ], [ 110.827957153000057, -6.88769006699988 ], [ 110.829376220000142, -6.887529848999975 ], [ 110.829811096000071, -6.887479781999957 ], [ 110.830741882000154, -6.887660024999889 ], [ 110.831672668000067, -6.88816976399994 ], [ 110.833961487000181, -6.889939784999967 ], [ 110.836601258000201, -6.892300127999931 ], [ 110.83769226000004, -6.893509863999952 ], [ 110.838500977000081, -6.894919872999878 ], [ 110.839210510999976, -6.896100042999933 ], [ 110.83981323200004, -6.896709918999932 ], [ 110.841171265000071, -6.897339820999946 ], [ 110.841781616, -6.897728441999902 ], [ 110.841880798000034, -6.89775943799998 ], [ 110.841979981000179, -6.897792339999967 ], [ 110.842056274000186, -6.897828101999892 ], [ 110.842849731, -6.89862012899988 ], [ 110.843658447000109, -6.898654459999875 ], [ 110.843933105000133, -6.898648261999938 ], [ 110.844131469, -6.898672580999971 ], [ 110.844604491000098, -6.898911951999878 ], [ 110.844688415000064, -6.89894199399987 ], [ 110.845031739000092, -6.899013519999926 ], [ 110.845352173000094, -6.899037837999913 ], [ 110.84556579600013, -6.899073599999952 ], [ 110.845687866999981, -6.899115561999963 ], [ 110.845794677000129, -6.899163721999912 ], [ 110.845886231000065, -6.899235247999968 ], [ 110.846153259000118, -6.899873732999879 ], [ 110.847129822000056, -6.900468349999869 ], [ 110.847549439000034, -6.900749682999958 ], [ 110.847923279000042, -6.901168822999921 ], [ 110.848167420000095, -6.901485919999971 ], [ 110.848274231000119, -6.901791094999965 ], [ 110.848335266000106, -6.901880740999957 ], [ 110.848426818000064, -6.902150153999855 ], [ 110.848495483000136, -6.902400970999906 ], [ 110.848762513000054, -6.902840136999941 ], [ 110.848907470000199, -6.902910231999954 ], [ 110.850143433000085, -6.903544901999965 ], [ 110.850440978999984, -6.903699873999926 ], [ 110.850593567000033, -6.903789995999887 ], [ 110.851043700000048, -6.90405988599997 ], [ 110.851432801000158, -6.904250144999878 ], [ 110.853141784000059, -6.904489993999903 ], [ 110.854438782000102, -6.904846667999948 ], [ 110.853828431000125, -6.905710220999879 ], [ 110.853218079000101, -6.906486986999937 ], [ 110.852676392000149, -6.906871794999972 ], [ 110.851890565000019, -6.907769202999816 ], [ 110.851272583000082, -6.908365249999918 ], [ 110.850555420000148, -6.909609317999923 ], [ 110.850212097000053, -6.910241602999918 ], [ 110.849937439000087, -6.910753726999928 ], [ 110.849517822000109, -6.911412715999916 ], [ 110.84083557200006, -6.906223296999883 ], [ 110.83786773800017, -6.904371737999895 ], [ 110.83678436200006, -6.902768610999942 ], [ 110.835342407000041, -6.899379728999975 ], [ 110.831359863000046, -6.894835948999969 ], [ 110.828666687000123, -6.891862868999908 ], [ 110.810470581000061, -6.884051322999881 ], [ 110.808189392000031, -6.882909297999902 ] ] ] ] } },
{ "type": "Feature", "properties": { "GID_4": "IDN.10.19.10.15_1", "GID_0": "IDN", "COUNTRY": "Indonesia", "GID_1": "IDN.10_1", "NAME_1": "Jawa Tengah", "GID_2": "IDN.10.19_1", "NAME_2": "Kudus", "GID_3": "IDN.10.19.10_1", "NAME_3": "Undaan", "NAME_4": "Wates", "VARNAME_4": "NA", "TYPE_4": "Desa", "ENGTYPE_4": "Village", "CC_4": "3319040013" }, "geometry": { "type": "MultiPolygon", "coordinates": [ [ [ [ 110.823532104000094, -6.867414473999929 ], [ 110.824134827000137, -6.867255210999929 ], [ 110.825119018000123, -6.867008684999973 ], [ 110.826148986000078, -6.866433619999952 ], [ 110.82630920400004, -6.8660635949999 ], [ 110.82630920400004, -6.865734577999945 ], [ 110.825820923000038, -6.864994525999919 ], [ 110.82495880100015, -6.864295004999974 ], [ 110.824623107000036, -6.863554952999891 ], [ 110.82454681400003, -6.863184927999953 ], [ 110.824707031000059, -6.862362861999941 ], [ 110.825157165, -6.861767768999925 ], [ 110.825241089000201, -6.86176061599997 ], [ 110.825447083000199, -6.861499308999896 ], [ 110.825736999000014, -6.860965251999971 ], [ 110.826683044000049, -6.860348700999907 ], [ 110.82767486500012, -6.859896658999901 ], [ 110.828781127000184, -6.859568118999903 ], [ 110.829666138000164, -6.85962915399989 ], [ 110.829627991999985, -6.859547137999868 ], [ 110.830017090000069, -6.859568595999974 ], [ 110.831581116000166, -6.859651564999979 ], [ 110.832702636000022, -6.859766005999859 ], [ 110.832809447999978, -6.859819887999947 ], [ 110.833305359000065, -6.85997533799997 ], [ 110.833572387000117, -6.86006021399993 ], [ 110.834533692000036, -6.860476970999969 ], [ 110.835166931000117, -6.860746383999981 ], [ 110.835311890000071, -6.86080646399995 ], [ 110.836372375000167, -6.861254692999921 ], [ 110.843276977000187, -6.863651274999881 ], [ 110.842666625000163, -6.865488528999947 ], [ 110.842781068000079, -6.866323469999941 ], [ 110.844169616000045, -6.866936683999938 ], [ 110.843894958000078, -6.86877393799989 ], [ 110.844505309000056, -6.869943617999979 ], [ 110.845230103000119, -6.871001719999924 ], [ 110.847679138, -6.871559142999956 ], [ 110.851242065, -6.873898982999947 ], [ 110.852416992000144, -6.875625610999975 ], [ 110.853530884000122, -6.880317687999877 ], [ 110.853713990000188, -6.882239818999949 ], [ 110.853637695000145, -6.882287500999894 ], [ 110.853637695000145, -6.883335589999945 ], [ 110.852302552000083, -6.883306025999957 ], [ 110.852241516000049, -6.883365153999875 ], [ 110.850555420000148, -6.883317946999966 ], [ 110.850555420000148, -6.884284971999875 ], [ 110.850067139000146, -6.884200095999972 ], [ 110.847579956000175, -6.883150100999956 ], [ 110.845329285, -6.882339953999974 ], [ 110.842979430000184, -6.881539820999933 ], [ 110.840812683000024, -6.880839824999953 ], [ 110.838760377000028, -6.880137442999967 ], [ 110.838523864000138, -6.879770754999925 ], [ 110.838447570000199, -6.879724025999963 ], [ 110.836257935000106, -6.878459928999916 ], [ 110.828292847000114, -6.872054098999968 ], [ 110.82653045700016, -6.870557308999935 ], [ 110.826347351000095, -6.870316027999934 ], [ 110.826240540000015, -6.870187281999961 ], [ 110.82611847000004, -6.87012481599993 ], [ 110.823776245000147, -6.867987632999927 ], [ 110.823532104000094, -6.867414473999929 ] ] ] ] } },
{ "type": "Feature", "properties": { "GID_4": "IDN.10.19.10.16_1", "GID_0": "IDN", "COUNTRY": "Indonesia", "GID_1": "IDN.10_1", "NAME_1": "Jawa Tengah", "GID_2": "IDN.10.19_1", "NAME_2": "Kudus", "GID_3": "IDN.10.19.10_1", "NAME_3": "Undaan", "NAME_4": "Wonosoco", "VARNAME_4": "NA", "TYPE_4": "Desa", "ENGTYPE_4": "Village", "CC_4": "3319040001" }, "geometry": { "type": "MultiPolygon", "coordinates": [ [ [ [ 110.80044555700016, -6.968763827999965 ], [ 110.800415037999983, -6.968637941999873 ], [ 110.800209046000191, -6.967724321999981 ], [ 110.799827575000165, -6.966616152999904 ], [ 110.799278260000108, -6.965580463999856 ], [ 110.798553466000158, -6.964399337999907 ], [ 110.797439576000045, -6.963235853999947 ], [ 110.796058654000149, -6.961691378999944 ], [ 110.794677734000118, -6.960237502999973 ], [ 110.793937684000184, -6.959435938999945 ], [ 110.793823177000036, -6.959310457999948 ], [ 110.793894685000055, -6.959091532999935 ], [ 110.793970000000172, -6.958862 ], [ 110.794846000000177, -6.956179 ], [ 110.79508985700005, -6.955421447999868 ], [ 110.799180262000164, -6.95540514399994 ], [ 110.800832781, -6.955398650999939 ], [ 110.803344886000104, -6.955388779999907 ], [ 110.803459168000188, -6.95542478599998 ], [ 110.806594848000088, -6.955426215999978 ], [ 110.806686402000196, -6.955450056999837 ], [ 110.807289123000089, -6.955477237999958 ], [ 110.807182312, -6.960281847999852 ], [ 110.809967041000107, -6.965735435999875 ], [ 110.810371399000189, -6.967553138999904 ], [ 110.810371399000189, -6.969370841999933 ], [ 110.809890747000054, -6.970890997999959 ], [ 110.810295106000183, -6.972857474999955 ], [ 110.810112000000117, -6.973673342999973 ], [ 110.810371399000189, -6.974897384999963 ], [ 110.810218812000073, -6.975787639999908 ], [ 110.809440613000106, -6.976640224999926 ], [ 110.808181762000117, -6.978123663999952 ], [ 110.80699157600003, -6.978827951999961 ], [ 110.805061341000112, -6.979309081999872 ], [ 110.805015564000144, -6.979693889999908 ], [ 110.803909302000136, -6.979570864999971 ], [ 110.803459168000188, -6.978898047999962 ], [ 110.803329467000196, -6.97866248999992 ], [ 110.803649902000132, -6.975191591999874 ], [ 110.803543091999984, -6.973596571999906 ], [ 110.803466796000066, -6.972335337999937 ], [ 110.803245544999982, -6.97170448299994 ], [ 110.802726746000133, -6.971185206999962 ], [ 110.802238464000084, -6.969923494999932 ], [ 110.801834107000104, -6.969589708999933 ], [ 110.801239014000146, -6.969069956999931 ], [ 110.80044555700016, -6.968763827999965 ] ] ] ] } }
]
}
