{
"type": "FeatureCollection",
"name": "ADM_BORDERS",
"crs": { "type": "name", "properties": { "name": "urn:ogc:def:crs:OGC:1.3:CRS84" } },
"features": [
{ "type": "Feature", "properties": { "GID_4": "IDN.10.21.15.1_1", "GID_0": "IDN", "COUNTRY": "Indonesia", "GID_1": "IDN.10_1", "NAME_1": "Jawa Tengah", "GID_2": "IDN.10.21_1", "NAME_2": "Pati", "GID_3": "IDN.10.21.15_1", "NAME_3": "Sukolilo", "NAME_4": "Baleadi", "VARNAME_4": "NA", "TYPE_4": "Desa", "ENGTYPE_4": "Village", "CC_4": "3318010012" }, "geometry": { "type": "MultiPolygon", "coordinates": [ [ [ [ 110.847282409, -6.927281856999969, 0.0 ], [ 110.84714508, -6.92673158599996, 0.0 ], [ 110.846374512, -6.92574071899998, 0.0 ], [ 110.84564972, -6.92410516799993, 0.0 ], [ 110.845344543, -6.922469615999939, 0.0 ], [ 110.845100402, -6.920349596999931, 0.0 ], [ 110.845153809, -6.92014169699996, 0.0 ], [ 110.845527649, -6.918532371999961, 0.0 ], [ 110.846313476, -6.917381762999981, 0.0 ], [ 110.847015381, -6.91580724699998, 0.0 ], [ 110.84816742, -6.91411161499985, 0.0 ], [ 110.848945617, -6.91315460199996, 0.0 ], [ 110.848976136, -6.91298484699996, 0.0 ], [ 110.849006652, -6.91277503999993, 0.0 ], [ 110.849044799, -6.91258525799992, 0.0 ], [ 110.849342346, -6.912071703999909, 0.0 ], [ 110.849693299, -6.91154432199988, 0.0 ], [ 110.849861145, -6.911299704999981, 0.0 ], [ 110.850189208, -6.91086053799995, 0.0 ], [ 110.851219176, -6.90941381399989, 0.0 ], [ 110.852256775, -6.90807390199996, 0.0 ], [ 110.853286743, -6.90896511099993, 0.0 ], [ 110.855163574, -6.90987396099996, 0.0 ], [ 110.857284545, -6.91072273299994, 0.0 ], [ 110.859466553, -6.91096544199996, 0.0 ], [ 110.860740662, -6.911026477999939, 0.0 ], [ 110.861473084, -6.91145086299997, 0.0 ], [ 110.86201477, -6.91193532999989, 0.0 ], [ 110.862922669, -6.911996364999879, 0.0 ], [ 110.864257812, -6.91193628299987, 0.0 ], [ 110.865348816, -6.912117958999939, 0.0 ], [ 110.866439819, -6.91272401699996, 0.0 ], [ 110.867713929, -6.913572311999929, 0.0 ], [ 110.868377685, -6.91405725499988, 0.0 ], [ 110.871406555, -6.915814398999941, 0.0 ], [ 110.872924805, -6.91672372699998, 0.0 ], [ 110.873954774, -6.917995928999969, 0.0 ], [ 110.874740601, -6.91854095499997, 0.0 ], [ 110.87589264, -6.918965339999889, 0.0 ], [ 110.878501892, -6.919511317999931, 0.0 ], [ 110.880134583, -6.919511794999891, 0.0 ], [ 110.881347656, -6.91890621199997, 0.0 ], [ 110.881408691, -6.917975902999841, 0.0 ], [ 110.881607055, -6.91804981199994, 0.0 ], [ 110.88191986, -6.918099878999949, 0.0 ], [ 110.882331849, -6.918200015999901, 0.0 ], [ 110.88256836, -6.91826009699997, 0.0 ], [ 110.882797241, -6.918298243999969, 0.0 ], [ 110.883651733, -6.91914892099993, 0.0 ], [ 110.884681702, -6.91975498199997, 0.0 ], [ 110.884948731, -6.91987609799992, 0.0 ], [ 110.885894776, -6.91987657499988, 0.0 ], [ 110.887351989, -6.91999816799989, 0.0 ], [ 110.888801575, -6.919755935999941, 0.0 ], [ 110.889472961, -6.91993808799992, 0.0 ], [ 110.890197755, -6.92018032099998, 0.0 ], [ 110.891166688, -6.920786379999921, 0.0 ], [ 110.891532898, -6.92127084799995, 0.0 ], [ 110.891578675, -6.921407221999971, 0.0 ], [ 110.891609191, -6.921509265999869, 0.0 ], [ 110.89163971, -6.921615123999971, 0.0 ], [ 110.891670227, -6.92174291499992, 0.0 ], [ 110.891685485, -6.921854972999881, 0.0 ], [ 110.891708373, -6.9219732279999, 0.0 ], [ 110.891716004, -6.922052858999901, 0.0 ], [ 110.891723634, -6.922379969999889, 0.0 ], [ 110.891853333, -6.92276000999982, 0.0 ], [ 110.891853333, -6.923130034999871, 0.0 ], [ 110.891853333, -6.92347002099996, 0.0 ], [ 110.891799927, -6.92378997799995, 0.0 ], [ 110.891738892, -6.92404985299987, 0.0 ], [ 110.891677857, -6.924240111999891, 0.0 ], [ 110.891647338, -6.92451000199992, 0.0 ], [ 110.891647338, -6.92473983799994, 0.0 ], [ 110.891654968, -6.92485904599994, 0.0 ], [ 110.891677857, -6.92511939999997, 0.0 ], [ 110.891510009, -6.92508029899994, 0.0 ], [ 110.891525269, -6.92528963099994, 0.0 ], [ 110.891441346, -6.92551422099996, 0.0 ], [ 110.891387939, -6.92577362099996, 0.0 ], [ 110.891304017, -6.92618083999997, 0.0 ], [ 110.891311645, -6.926538943999959, 0.0 ], [ 110.891334533, -6.92666768999993, 0.0 ], [ 110.891395569, -6.926735400999919, 0.0 ], [ 110.891563416, -6.926819324999941, 0.0 ], [ 110.891716004, -6.92690372399994, 0.0 ], [ 110.891777039, -6.92697381999994, 0.0 ], [ 110.891799927, -6.92715644799995, 0.0 ], [ 110.891799927, -6.92728280899985, 0.0 ], [ 110.891777039, -6.927351951999981, 0.0 ], [ 110.89175415, -6.927437303999909, 0.0 ], [ 110.891708373, -6.92775297099985, 0.0 ], [ 110.89163208, -6.92802667699993, 0.0 ], [ 110.891555786, -6.92828607599989, 0.0 ], [ 110.891525269, -6.92844772399997, 0.0 ], [ 110.891395569, -6.928552626999931, 0.0 ], [ 110.891166688, -6.92858075999993, 0.0 ], [ 110.890899658, -6.92858791299983, 0.0 ], [ 110.890670777, -6.928573607999969, 0.0 ], [ 110.890525818, -6.92858075999993, 0.0 ], [ 110.890296937, -6.928608893999981, 0.0 ], [ 110.890045166, -6.928777216999949, 0.0 ], [ 110.889945983, -6.92888927499996, 0.0 ], [ 110.889778138, -6.92912769299988, 0.0 ], [ 110.889762879, -6.929289340999961, 0.0 ], [ 110.889732361, -6.92946481699988, 0.0 ], [ 110.889739991, -6.92959785499988, 0.0 ], [ 110.889839173, -6.93046808099996, 0.0 ], [ 110.890281677, -6.93113612999997, 0.0 ], [ 110.891624452, -6.931581972999941, 0.0 ], [ 110.892509461, -6.93214368699995, 0.0 ], [ 110.892532349, -6.932260034999901, 0.0 ], [ 110.892608643, -6.93252992499993, 0.0 ], [ 110.892723083, -6.93292999199991, 0.0 ], [ 110.892822266, -6.93323993599989, 0.0 ], [ 110.892990113, -6.93334245599993, 0.0 ], [ 110.893165589, -6.93417262999998, 0.0 ], [ 110.893486024, -6.934864519999911, 0.0 ], [ 110.893432617, -6.935193061999941, 0.0 ], [ 110.893409728, -6.9353227609999, 0.0 ], [ 110.893463135, -6.93546008999994, 0.0 ], [ 110.893478394, -6.93573999299997, 0.0 ], [ 110.893646239, -6.93577003499996, 0.0 ], [ 110.893722535, -6.93582010199992, 0.0 ], [ 110.893737793, -6.93591976199991, 0.0 ], [ 110.89376831, -6.9361200329999, 0.0 ], [ 110.893760682, -6.93633985399987, 0.0 ], [ 110.893737793, -6.93662977199995, 0.0 ], [ 110.893722535, -6.93676996199991, 0.0 ], [ 110.893730163, -6.93687009799987, 0.0 ], [ 110.893730163, -6.93700980999995, 0.0 ], [ 110.893730163, -6.93712997299997, 0.0 ], [ 110.893730163, -6.937329769999961, 0.0 ], [ 110.893600464, -6.93734979599992, 0.0 ], [ 110.893516541, -6.93736982199994, 0.0 ], [ 110.893379212, -6.93740987699994, 0.0 ], [ 110.893280029, -6.93747997199995, 0.0 ], [ 110.89328766, -6.93783998399994, 0.0 ], [ 110.893302918, -6.93795013399995, 0.0 ], [ 110.893333435, -6.938189982999921, 0.0 ], [ 110.893318176, -6.93838977699994, 0.0 ], [ 110.893302918, -6.93846988599989, 0.0 ], [ 110.893157959, -6.938630103999911, 0.0 ], [ 110.892585754, -6.9387278559999, 0.0 ], [ 110.892044067, -6.93844795199993, 0.0 ], [ 110.891593933, -6.93797683799994, 0.0 ], [ 110.89125061, -6.937848091999969, 0.0 ], [ 110.890754699, -6.93789100599997, 0.0 ], [ 110.890174866, -6.938340186999939, 0.0 ], [ 110.889900208, -6.93923997899992, 0.0 ], [ 110.889900208, -6.93979644799998, 0.0 ], [ 110.890007019, -6.94097471099991, 0.0 ], [ 110.89024353, -6.941617010999949, 0.0 ], [ 110.890327454, -6.94245242999989, 0.0 ], [ 110.890296937, -6.94324159699994, 0.0 ], [ 110.890060424, -6.94367980999994, 0.0 ], [ 110.889839173, -6.944099901999949, 0.0 ], [ 110.889747619, -6.94428014799996, 0.0 ], [ 110.88961792, -6.944550035999901, 0.0 ], [ 110.889488219, -6.94480991299992, 0.0 ], [ 110.889350891, -6.94512987099984, 0.0 ], [ 110.88923645, -6.94530010099987, 0.0 ], [ 110.888999939, -6.94569015399992, 0.0 ], [ 110.888778686, -6.94597005799989, 0.0 ], [ 110.88848877, -6.94611978499995, 0.0 ], [ 110.888206482, -6.94634008499997, 0.0 ], [ 110.887878419, -6.946640013999971, 0.0 ], [ 110.887611389, -6.947020053999889, 0.0 ], [ 110.887496948, -6.94722986199997, 0.0 ], [ 110.887336731, -6.9474000919999, 0.0 ], [ 110.887039185, -6.94765996899991, 0.0 ], [ 110.886886597, -6.94778013199993, 0.0 ], [ 110.886581421, -6.948009967999839, 0.0 ], [ 110.886230469, -6.94823980399991, 0.0 ], [ 110.885948181, -6.94855022399997, 0.0 ], [ 110.885780335, -6.94881010099994, 0.0 ], [ 110.885673523, -6.949140070999819, 0.0 ], [ 110.885597229, -6.94936990699989, 0.0 ], [ 110.885551452, -6.94954013699987, 0.0 ], [ 110.885429382, -6.94975995999994, 0.0 ], [ 110.885429382, -6.94993019099991, 0.0 ], [ 110.885429382, -6.95000982199991, 0.0 ], [ 110.885406493, -6.950290202999951, 0.0 ], [ 110.885421754, -6.950540065999921, 0.0 ], [ 110.885383607, -6.950799940999841, 0.0 ], [ 110.885391235, -6.95102977699992, 0.0 ], [ 110.885353088, -6.95126008999989, 0.0 ], [ 110.88533783, -6.95143985699985, 0.0 ], [ 110.885498047, -6.95183992299991, 0.0 ], [ 110.885643006, -6.95211982799998, 0.0 ], [ 110.885780335, -6.95231008499991, 0.0 ], [ 110.885932923, -6.95249986599987, 0.0 ], [ 110.886032105, -6.95268011199988, 0.0 ], [ 110.886177064, -6.95283698899988, 0.0 ], [ 110.885971069, -6.95326661999991, 0.0 ], [ 110.885612488, -6.95330905899988, 0.0 ], [ 110.885032653, -6.95339488999997, 0.0 ], [ 110.88495636, -6.95341253399994, 0.0 ], [ 110.884864808, -6.95345640099993, 0.0 ], [ 110.884773254, -6.95348024399993, 0.0 ], [ 110.884193421, -6.953608512999949, 0.0 ], [ 110.883598328, -6.953651427999941, 0.0 ], [ 110.883102417, -6.953801154999889, 0.0 ], [ 110.882888795, -6.953865527999939, 0.0 ], [ 110.882705689, -6.95385074699993, 0.0 ], [ 110.882438659, -6.95358085699996, 0.0 ], [ 110.881637574, -6.95311260199998, 0.0 ], [ 110.880981446, -6.95287847399993, 0.0 ], [ 110.880325317, -6.95334672799987, 0.0 ], [ 110.87953186, -6.95376777599989, 0.0 ], [ 110.878265381, -6.954282283999929, 0.0 ], [ 110.877326965, -6.9544224739999, 0.0 ], [ 110.876396178, -6.954609394999981, 0.0 ], [ 110.875267028, -6.95474958399996, 0.0 ], [ 110.874191285, -6.95507717199996, 0.0 ], [ 110.873161317, -6.95559167799991, 0.0 ], [ 110.872550963, -6.956200121999811, 0.0 ], [ 110.872032166, -6.956902026999961, 0.0 ], [ 110.871612549, -6.95769786699992, 0.0 ], [ 110.870582581, -6.95872735999984, 0.0 ], [ 110.869316101, -6.95947646999991, 0.0 ], [ 110.868423462, -6.959850310999911, 0.0 ], [ 110.868171693, -6.95991659099991, 0.0 ], [ 110.868408204, -6.959503648999939, 0.0 ], [ 110.868522644, -6.95893955299988, 0.0 ], [ 110.868629455, -6.95837593099998, 0.0 ], [ 110.868598938, -6.957811831999951, 0.0 ], [ 110.868484497, -6.956871985999951, 0.0 ], [ 110.868217468, -6.95563077999998, 0.0 ], [ 110.868110657, -6.95459127399994, 0.0 ], [ 110.868476867, -6.953549861999931, 0.0 ], [ 110.868637085, -6.953217506999919, 0.0 ], [ 110.868873596, -6.95274019199996, 0.0 ], [ 110.869544982, -6.95160484399992, 0.0 ], [ 110.870063782, -6.951946734999981, 0.0 ], [ 110.871078492, -6.95239829899992, 0.0 ], [ 110.871688843, -6.95242118699997, 0.0 ], [ 110.873725891, -6.95132589299993, 0.0 ], [ 110.873786926, -6.95108318199993, 0.0 ], [ 110.873825073, -6.95066928799997, 0.0 ], [ 110.87348938, -6.950218200999929, 0.0 ], [ 110.873039246, -6.94965410299989, 0.0 ], [ 110.872436523, -6.94890212999991, 0.0 ], [ 110.871871949, -6.94830036199988, 0.0 ], [ 110.871345519, -6.94713449499994, 0.0 ], [ 110.871040345, -6.946532725999929, 0.0 ], [ 110.871017456, -6.9461765289999, 0.0 ], [ 110.870613097, -6.94549369799989, 0.0 ], [ 110.869888306, -6.94403982199998, 0.0 ], [ 110.869522094, -6.94294929599988, 0.0 ], [ 110.867095947, -6.94070768299997, 0.0 ], [ 110.865402221, -6.939011095999889, 0.0 ], [ 110.864189149, -6.93719387099992, 0.0 ], [ 110.86315918, -6.93561839999995, 0.0 ], [ 110.863098145, -6.93464946699987, 0.0 ], [ 110.863586426, -6.93386220999997, 0.0 ], [ 110.864128113, -6.93331718499996, 0.0 ], [ 110.864555359, -6.93265104299991, 0.0 ], [ 110.864677429, -6.93186378399997, 0.0 ], [ 110.864677429, -6.931015491999971, 0.0 ], [ 110.864128113, -6.93040990799994, 0.0 ], [ 110.862556457, -6.92980384799989, 0.0 ], [ 110.861587524, -6.92950058099996, 0.0 ], [ 110.859466553, -6.92865180899997, 0.0 ], [ 110.85849762, -6.92768239999998, 0.0 ], [ 110.858078003, -6.92705726599991, 0.0 ], [ 110.85621643, -6.92610931399992, 0.0 ], [ 110.854553222, -6.92592477799991, 0.0 ], [ 110.853042602, -6.92598485899993, 0.0 ], [ 110.851524353, -6.926105498999959, 0.0 ], [ 110.850372314, -6.92616605699982, 0.0 ], [ 110.849403381, -6.92616557999997, 0.0 ], [ 110.848373413, -6.926528453999941, 0.0 ], [ 110.847648621, -6.92689180399998, 0.0 ], [ 110.847282409, -6.927281856999969, 0.0 ] ] ] ] } },
{ "type": "Feature", "properties": { "GID_4": "IDN.10.21.15.2_1", "GID_0": "IDN", "COUNTRY": "Indonesia", "GID_1": "IDN.10_1", "NAME_1": "Jawa Tengah", "GID_2": "IDN.10.21_1", "NAME_2": "Pati", "GID_3": "IDN.10.21.15_1", "NAME_3": "Sukolilo", "NAME_4": "Baturejo", "VARNAME_4": "NA", "TYPE_4": "Desa", "ENGTYPE_4": "Village", "CC_4": "3318010014" }, "geometry": { "type": "MultiPolygon", "coordinates": [ [ [ [ 110.91697693, -6.86822795899985, 0.0 ], [ 110.917068482, -6.87067079399998, 0.0 ], [ 110.917152405, -6.87068748499996, 0.0 ], [ 110.917602539, -6.87092065799987, 0.0 ], [ 110.917900086, -6.87115383199989, 0.0 ], [ 110.918296814, -6.87147235899988, 0.0 ], [ 110.918556214, -6.87185382699994, 0.0 ], [ 110.918746948, -6.87225675599996, 0.0 ], [ 110.919021606, -6.872935294999931, 0.0 ], [ 110.919258117, -6.87346553799995, 0.0 ], [ 110.919487, -6.874017237999959, 0.0 ], [ 110.919616699, -6.87471675899991, 0.0 ], [ 110.919548035, -6.87541675599994, 0.0 ], [ 110.919487, -6.87675237599996, 0.0 ], [ 110.91923523, -6.87991237699993, 0.0 ], [ 110.919212342, -6.88120555799998, 0.0 ], [ 110.919265747, -6.88247823699993, 0.0 ], [ 110.919303894, -6.88362312299989, 0.0 ], [ 110.919372559, -6.88559532099993, 0.0 ], [ 110.919418334, -6.88739776499995, 0.0 ], [ 110.919471742, -6.88852167099992, 0.0 ], [ 110.919349671, -6.88932752599993, 0.0 ], [ 110.919380188, -6.88997411599996, 0.0 ], [ 110.919357299, -6.890130518999909, 0.0 ], [ 110.919334413, -6.89052581699997, 0.0 ], [ 110.919273377, -6.891321181999959, 0.0 ], [ 110.919250489, -6.89203739099997, 0.0 ], [ 110.919258117, -6.892377853999961, 0.0 ], [ 110.919273377, -6.89275360099998, 0.0 ], [ 110.919303894, -6.89312887099993, 0.0 ], [ 110.919372559, -6.89337587299997, 0.0 ], [ 110.919418334, -6.893755912999949, 0.0 ], [ 110.919555663, -6.89436864899994, 0.0 ], [ 110.919586182, -6.89453267999994, 0.0 ], [ 110.919494628, -6.89488363299989, 0.0 ], [ 110.919395446, -6.89507245999988, 0.0 ], [ 110.919357299, -6.89583253799998, 0.0 ], [ 110.919509888, -6.896654128999959, 0.0 ], [ 110.919509888, -6.89682769699994, 0.0 ], [ 110.91960144, -6.89686298399988, 0.0 ], [ 110.919631957, -6.89698982199991, 0.0 ], [ 110.919677734, -6.89720010699989, 0.0 ], [ 110.919799805, -6.89783000899996, 0.0 ], [ 110.919830321, -6.89802980399998, 0.0 ], [ 110.919883728, -6.89825010399994, 0.0 ], [ 110.919898987, -6.89859008699989, 0.0 ], [ 110.919822693, -6.899179934999951, 0.0 ], [ 110.919799805, -6.89930009799991, 0.0 ], [ 110.919891357, -6.89961004299994, 0.0 ], [ 110.919990539, -6.89983987799991, 0.0 ], [ 110.920150756, -6.90006017599995, 0.0 ], [ 110.920280457, -6.90021991599991, 0.0 ], [ 110.920326232, -6.90046977999998, 0.0 ], [ 110.920310974, -6.900879859999971, 0.0 ], [ 110.920196533, -6.90129995399985, 0.0 ], [ 110.920089721, -6.90151977499994, 0.0 ], [ 110.920021057, -6.90159988299996, 0.0 ], [ 110.91986847, -6.90170001999991, 0.0 ], [ 110.919761658, -6.90177011399993, 0.0 ], [ 110.919692992, -6.90184020999988, 0.0 ], [ 110.91947937, -6.90208005799991, 0.0 ], [ 110.919372559, -6.902259826999969, 0.0 ], [ 110.919296264, -6.90245008499988, 0.0 ], [ 110.919143676, -6.902979850999939, 0.0 ], [ 110.919258117, -6.90355014699998, 0.0 ], [ 110.919357299, -6.90380001099993, 0.0 ], [ 110.919441223, -6.90406989899998, 0.0 ], [ 110.91959381, -6.90432977599988, 0.0 ], [ 110.919700623, -6.904600143999969, 0.0 ], [ 110.91986084, -6.90485000599995, 0.0 ], [ 110.920066834, -6.905230045999929, 0.0 ], [ 110.920257569, -6.90555000299997, 0.0 ], [ 110.920417786, -6.90581989299989, 0.0 ], [ 110.920516968, -6.906070232999921, 0.0 ], [ 110.920700074, -6.9063200949999, 0.0 ], [ 110.92086792, -6.90653991699998, 0.0 ], [ 110.92098236, -6.90680980699995, 0.0 ], [ 110.921112061, -6.907060146999919, 0.0 ], [ 110.921287537, -6.90744018499993, 0.0 ], [ 110.921401977, -6.907750128999909, 0.0 ], [ 110.921463013, -6.908070086999941, 0.0 ], [ 110.921531678, -6.90845012699992, 0.0 ], [ 110.921653747, -6.90885019299998, 0.0 ], [ 110.921653747, -6.90904998699989, 0.0 ], [ 110.921722412, -6.909249781999901, 0.0 ], [ 110.921867371, -6.909939765999979, 0.0 ], [ 110.921958923, -6.91023015999997, 0.0 ], [ 110.922027589, -6.910620212999961, 0.0 ], [ 110.922233581, -6.910980224999949, 0.0 ], [ 110.922401429, -6.91133022199995, 0.0 ], [ 110.922538758, -6.911610126999901, 0.0 ], [ 110.922737122, -6.911940097999951, 0.0 ], [ 110.922866821, -6.9121198659999, 0.0 ], [ 110.923126221, -6.912479877999941, 0.0 ], [ 110.92326355, -6.91273021699993, 0.0 ], [ 110.923446655, -6.913119792999959, 0.0 ], [ 110.923576354, -6.913400173999949, 0.0 ], [ 110.923698425, -6.91363000899997, 0.0 ], [ 110.923721313, -6.91381978899994, 0.0 ], [ 110.923851012, -6.914060114999929, 0.0 ], [ 110.923980713, -6.91437005899991, 0.0 ], [ 110.924057007, -6.91470003199993, 0.0 ], [ 110.924118042, -6.91491985299996, 0.0 ], [ 110.924201966, -6.91522979699982, 0.0 ], [ 110.924308776, -6.915659904999869, 0.0 ], [ 110.924491882, -6.91607999699983, 0.0 ], [ 110.9246521, -6.91642999599992, 0.0 ], [ 110.924758912, -6.91664981899987, 0.0 ], [ 110.924972534, -6.916950224999881, 0.0 ], [ 110.925201415, -6.9172801979999, 0.0 ], [ 110.92540741, -6.91758012699995, 0.0 ], [ 110.925651551, -6.917900084999871, 0.0 ], [ 110.925796508, -6.91810989399983, 0.0 ], [ 110.926139832, -6.91856002799994, 0.0 ], [ 110.926361084, -6.91895008099988, 0.0 ], [ 110.926559449, -6.91919994299997, 0.0 ], [ 110.926803588, -6.91954994199995, 0.0 ], [ 110.92690277, -6.91975307399997, 0.0 ], [ 110.926971436, -6.919847010999941, 0.0 ], [ 110.927154542, -6.92002582499981, 0.0 ], [ 110.927658081, -6.92079162499994, 0.0 ], [ 110.928276062, -6.92161607699995, 0.0 ], [ 110.92892456, -6.922764299999931, 0.0 ], [ 110.929321288, -6.923500059999919, 0.0 ], [ 110.929382324, -6.92356633999992, 0.0 ], [ 110.929458617, -6.92365503199989, 0.0 ], [ 110.929542541, -6.923735617999971, 0.0 ], [ 110.929611207, -6.92381620399988, 0.0 ], [ 110.929656982, -6.92388725299992, 0.0 ], [ 110.929740906, -6.92397594399995, 0.0 ], [ 110.92956543, -6.92400836899998, 0.0 ], [ 110.928245545, -6.92410468999998, 0.0 ], [ 110.926292419, -6.92424631199998, 0.0 ], [ 110.926216125, -6.92389631299994, 0.0 ], [ 110.926177979, -6.92311906699996, 0.0 ], [ 110.92604065, -6.92183637599993, 0.0 ], [ 110.925987244, -6.921214579999911, 0.0 ], [ 110.925674438, -6.92053413299993, 0.0 ], [ 110.924980163, -6.91974020099997, 0.0 ], [ 110.924255371, -6.91967868799998, 0.0 ], [ 110.923492432, -6.91958141299989, 0.0 ], [ 110.922760011, -6.919639585999899, 0.0 ], [ 110.922462464, -6.91973686099988, 0.0 ], [ 110.922309875, -6.91989231099996, 0.0 ], [ 110.922279358, -6.92018365899997, 0.0 ], [ 110.923233033, -6.92111682799992, 0.0 ], [ 110.923423767, -6.92136955199987, 0.0 ], [ 110.923408509, -6.92164134999996, 0.0 ], [ 110.923171998, -6.92175817499998, 0.0 ], [ 110.922882079, -6.92171907399995, 0.0 ], [ 110.922042847, -6.92171907399995, 0.0 ], [ 110.921577453, -6.92179679799995, 0.0 ], [ 110.921012879, -6.92189359699989, 0.0 ], [ 110.921257018, -6.922724722999929, 0.0 ], [ 110.921539306, -6.92368173599988, 0.0 ], [ 110.920448303, -6.92362308499997, 0.0 ], [ 110.92012024, -6.92277049999996, 0.0 ], [ 110.919807435, -6.921971320999941, 0.0 ], [ 110.914970398, -6.92187309299987, 0.0 ], [ 110.914810181, -6.92301988499992, 0.0 ], [ 110.914497376, -6.923291681999961, 0.0 ], [ 110.915237426, -6.924593925999939, 0.0 ], [ 110.914924621, -6.92490482299991, 0.0 ], [ 110.914382934, -6.924788474999961, 0.0 ], [ 110.913978577, -6.92478799799994, 0.0 ], [ 110.913543701, -6.92484664999989, 0.0 ], [ 110.913368226, -6.925137995999931, 0.0 ], [ 110.913352965, -6.92550706899993, 0.0 ], [ 110.912902832, -6.92550706899993, 0.0 ], [ 110.912109374, -6.92523479399995, 0.0 ], [ 110.911834716, -6.925137518999971, 0.0 ], [ 110.911308289, -6.925117969999971, 0.0 ], [ 110.911216735, -6.92513370599994, 0.0 ], [ 110.911399841, -6.92447233199994, 0.0 ], [ 110.911460876, -6.92359828899981, 0.0 ], [ 110.911460876, -6.92291164399995, 0.0 ], [ 110.911026001, -6.92222499799993, 0.0 ], [ 110.910491943, -6.921744346999961, 0.0 ], [ 110.90977478, -6.92110109199996, 0.0 ], [ 110.909278869, -6.92047643599994, 0.0 ], [ 110.909217834, -6.91978979099997, 0.0 ], [ 110.909530639, -6.919165610999871, 0.0 ], [ 110.910133362, -6.91789722399989, 0.0 ], [ 110.910652161, -6.91679334599996, 0.0 ], [ 110.911026001, -6.91485834199989, 0.0 ], [ 110.911094666, -6.91348457299995, 0.0 ], [ 110.910842895, -6.91192388499985, 0.0 ], [ 110.910469055, -6.91136217099989, 0.0 ], [ 110.910079957, -6.91094017099988, 0.0 ], [ 110.910026549, -6.91063022599991, 0.0 ], [ 110.910018921, -6.91037988699998, 0.0 ], [ 110.909996033, -6.9103093139999, 0.0 ], [ 110.907424927, -6.9087266919999, 0.0 ], [ 110.906845093, -6.90873908999993, 0.0 ], [ 110.904716493, -6.90842676099993, 0.0 ], [ 110.903343201, -6.908863543999931, 0.0 ], [ 110.901405335, -6.90954971299988, 0.0 ], [ 110.900718688, -6.90873813599995, 0.0 ], [ 110.900474549, -6.90730190299996, 0.0 ], [ 110.900283813, -6.90567874899995, 0.0 ], [ 110.900283813, -6.904118060999961, 0.0 ], [ 110.899971008, -6.90205812499994, 0.0 ], [ 110.899757385, -6.90080928899994, 0.0 ], [ 110.89931488, -6.898561953999939, 0.0 ], [ 110.899757385, -6.8962521549999, 0.0 ], [ 110.899879456, -6.89500331899995, 0.0 ], [ 110.900093079, -6.893322944999909, 0.0 ], [ 110.900253296, -6.89200687399995, 0.0 ], [ 110.90044403, -6.88888549799992, 0.0 ], [ 110.900695802, -6.887262343999911, 0.0 ], [ 110.900901794, -6.88432025899994, 0.0 ], [ 110.901489257, -6.88292503299988, 0.0 ], [ 110.901847839, -6.88262796399982, 0.0 ], [ 110.902404785, -6.88209628999988, 0.0 ], [ 110.902915954, -6.881687164999959, 0.0 ], [ 110.903915405, -6.88136005499996, 0.0 ], [ 110.904800414, -6.881175993999929, 0.0 ], [ 110.905799866, -6.881176470999889, 0.0 ], [ 110.90662384, -6.881012915999971, 0.0 ], [ 110.907356262, -6.88052177299988, 0.0 ], [ 110.907867431, -6.88023567199997, 0.0 ], [ 110.908874512, -6.87974500699994, 0.0 ], [ 110.909713745, -6.87941789599995, 0.0 ], [ 110.910202027, -6.87898826599996, 0.0 ], [ 110.910507202, -6.87855863599992, 0.0 ], [ 110.910629272, -6.87814950899991, 0.0 ], [ 110.910705566, -6.87755632399995, 0.0 ], [ 110.91078949, -6.87659501899998, 0.0 ], [ 110.911338806, -6.87493801099993, 0.0 ], [ 110.911605836, -6.87405824599995, 0.0 ], [ 110.911773681, -6.87281036399992, 0.0 ], [ 110.911521912, -6.871235369999911, 0.0 ], [ 110.911491393, -6.87004613999994, 0.0 ], [ 110.912086486, -6.869732379999961, 0.0 ], [ 110.912635804, -6.869435310999901, 0.0 ], [ 110.913612365, -6.86918115699996, 0.0 ], [ 110.914375305, -6.86892700199996, 0.0 ], [ 110.914375305, -6.86919116999997, 0.0 ], [ 110.914482116, -6.869159220999961, 0.0 ], [ 110.914726257, -6.86906146899997, 0.0 ], [ 110.91494751, -6.86897611699993, 0.0 ], [ 110.915168763, -6.868903158999959, 0.0 ], [ 110.915557861, -6.86869573599989, 0.0 ], [ 110.916046144, -6.86853694899992, 0.0 ], [ 110.916427612, -6.86842727599998, 0.0 ], [ 110.916748047, -6.868329523999819, 0.0 ], [ 110.91697693, -6.86822795899985, 0.0 ] ] ] ] } },
{ "type": "Feature", "properties": { "GID_4": "IDN.10.21.4.3_1", "GID_0": "IDN", "COUNTRY": "Indonesia", "GID_1": "IDN.10_1", "NAME_1": "Jawa Tengah", "GID_2": "IDN.10.21_1", "NAME_2": "Pati", "GID_3": "IDN.10.21.4_1", "NAME_3": "Gabus", "NAME_4": "Bogotanjung", "VARNAME_4": "NA", "TYPE_4": "Desa", "ENGTYPE_4": "Village", "CC_4": "3318110004" }, "geometry": { "type": "MultiPolygon", "coordinates": [ [ [ [ 111.017074585, -6.84395742499987, 0.0 ], [ 111.016494751, -6.84286975899994, 0.0 ], [ 111.016090394, -6.84188794999994, 0.0 ], [ 111.0158844, -6.841247557999911, 0.0 ], [ 111.015991212, -6.84125423299992, 0.0 ], [ 111.015968323, -6.84105777699995, 0.0 ], [ 111.015930177, -6.84018993299998, 0.0 ], [ 111.015792848, -6.83946037199991, 0.0 ], [ 111.015731812, -6.838435172999941, 0.0 ], [ 111.015495301, -6.83778428999989, 0.0 ], [ 111.015106201, -6.837094305999929, 0.0 ], [ 111.014945983, -6.83666038499996, 0.0 ], [ 111.014411926, -6.836364745999961, 0.0 ], [ 111.014038086, -6.83608961099992, 0.0 ], [ 111.014045716, -6.83595609699995, 0.0 ], [ 111.013969422, -6.83564758299991, 0.0 ], [ 111.013778686, -6.83547353699993, 0.0 ], [ 111.013389588, -6.835412024999811, 0.0 ], [ 111.013359069, -6.83522176799994, 0.0 ], [ 111.013328552, -6.835020540999949, 0.0 ], [ 111.013000489, -6.83483028399991, 0.0 ], [ 111.013046264, -6.83476400399991, 0.0 ], [ 111.0131073, -6.834661483999981, 0.0 ], [ 111.01311493, -6.83445644399995, 0.0 ], [ 111.013122558, -6.8341455449999, 0.0 ], [ 111.013000489, -6.834105967999901, 0.0 ], [ 111.013053894, -6.833904265999931, 0.0 ], [ 111.013183593, -6.833531378999961, 0.0 ], [ 111.01322937, -6.83335256499993, 0.0 ], [ 111.013328552, -6.83303308499995, 0.0 ], [ 111.013313294, -6.83291816699995, 0.0 ], [ 111.013351441, -6.83279943399998, 0.0 ], [ 111.013381957, -6.83268880899993, 0.0 ], [ 111.013420104, -6.83248376699993, 0.0 ], [ 111.013420104, -6.83222770699996, 0.0 ], [ 111.013458251, -6.831838131999969, 0.0 ], [ 111.013465881, -6.83167028399993, 0.0 ], [ 111.013282775, -6.8316130639999, 0.0 ], [ 111.0131073, -6.83157634699995, 0.0 ], [ 111.013160705, -6.83139371899995, 0.0 ], [ 111.013237, -6.83094310699988, 0.0 ], [ 111.013160705, -6.830922603999971, 0.0 ], [ 111.013183593, -6.83063173299996, 0.0 ], [ 111.013442993, -6.83066415699989, 0.0 ], [ 111.013732911, -6.83066034399985, 0.0 ], [ 111.013732911, -6.83075046599993, 0.0 ], [ 111.01397705, -6.830785274999869, 0.0 ], [ 111.014251708, -6.83080577799996, 0.0 ], [ 111.014572143, -6.83088350199995, 0.0 ], [ 111.014854431, -6.83098173199988, 0.0 ], [ 111.01486969, -6.83107614599987, 0.0 ], [ 111.014968872, -6.83114147199996, 0.0 ], [ 111.015403747, -6.83122348799998, 0.0 ], [ 111.015747071, -6.831233977999889, 0.0 ], [ 111.01600647, -6.83127880099994, 0.0 ], [ 111.016197204, -6.83127069499989, 0.0 ], [ 111.016418457, -6.831295488999901, 0.0 ], [ 111.016571044, -6.83133220599984, 0.0 ], [ 111.016647338, -6.831381320999981, 0.0 ], [ 111.016777039, -6.8313856129999, 0.0 ], [ 111.016799927, -6.83129119899991, 0.0 ], [ 111.016883849, -6.83120536699994, 0.0 ], [ 111.016960145, -6.83125209699995, 0.0 ], [ 111.017097474, -6.83130550399994, 0.0 ], [ 111.017242431, -6.83142852799989, 0.0 ], [ 111.017349243, -6.83149003999995, 0.0 ], [ 111.017494202, -6.83147334999995, 0.0 ], [ 111.01765442, -6.83150005299996, 0.0 ], [ 111.01776886, -6.83153295499994, 0.0 ], [ 111.017990113, -6.83155775099993, 0.0 ], [ 111.018196106, -6.831577776999891, 0.0 ], [ 111.018196106, -6.83134460399998, 0.0 ], [ 111.018226624, -6.83127880099994, 0.0 ], [ 111.0184021, -6.831254481999959, 0.0 ], [ 111.018630981, -6.83128690599989, 0.0 ], [ 111.018737793, -6.831272602999949, 0.0 ], [ 111.019081117, -6.831284998999929, 0.0 ], [ 111.019378663, -6.83133411299991, 0.0 ], [ 111.019554139, -6.83133411299991, 0.0 ], [ 111.019828797, -6.831346510999941, 0.0 ], [ 111.019966126, -6.83126640299997, 0.0 ], [ 111.020111085, -6.83127069499989, 0.0 ], [ 111.020294189, -6.83125829699992, 0.0 ], [ 111.02042389, -6.83125400499995, 0.0 ], [ 111.020561219, -6.83124256099995, 0.0 ], [ 111.020660401, -6.83124256099995, 0.0 ], [ 111.021087646, -6.831294535999919, 0.0 ], [ 111.021781921, -6.83138942599993, 0.0 ], [ 111.021949769, -6.829538821999959, 0.0 ], [ 111.021331787, -6.829421995999951, 0.0 ], [ 111.021354676, -6.82911920499987, 0.0 ], [ 111.021209717, -6.828998088999981, 0.0 ], [ 111.021263122, -6.82867813099989, 0.0 ], [ 111.020889282, -6.82858323999994, 0.0 ], [ 111.020629882, -6.828514098999899, 0.0 ], [ 111.020622254, -6.828410148999919, 0.0 ], [ 111.020507812, -6.828382491999949, 0.0 ], [ 111.020240784, -6.82831525699987, 0.0 ], [ 111.020088196, -6.82816791499994, 0.0 ], [ 111.019859313, -6.82804679899988, 0.0 ], [ 111.019851685, -6.82785653999986, 0.0 ], [ 111.019866944, -6.827545165999939, 0.0 ], [ 111.01990509, -6.82732915799994, 0.0 ], [ 111.01952362, -6.827311991999921, 0.0 ], [ 111.019042968, -6.82732915799994, 0.0 ], [ 111.019058228, -6.82715177499989, 0.0 ], [ 111.019126892, -6.82666778499993, 0.0 ], [ 111.019165038, -6.82634735199997, 0.0 ], [ 111.0186615, -6.826287268999981, 0.0 ], [ 111.018722535, -6.82592391999998, 0.0 ], [ 111.018836975, -6.82556915299995, 0.0 ], [ 111.018867492, -6.82526636099993, 0.0 ], [ 111.018554687, -6.825227736999859, 0.0 ], [ 111.018333435, -6.82513236999995, 0.0 ], [ 111.018417358, -6.82472610399992, 0.0 ], [ 111.018218994, -6.82469129499998, 0.0 ], [ 111.018058777, -6.82467412899996, 0.0 ], [ 111.017799377, -6.82457017899998, 0.0 ], [ 111.018150331, -6.82380056299991, 0.0 ], [ 111.018417358, -6.823904514999981, 0.0 ], [ 111.0186615, -6.823934553999889, 0.0 ], [ 111.018989563, -6.82394313699996, 0.0 ], [ 111.019561767, -6.82413339599998, 0.0 ], [ 111.019744873, -6.824151038999961, 0.0 ], [ 111.021041871, -6.82447957999995, 0.0 ], [ 111.021118165, -6.824730395999841, 0.0 ], [ 111.021423339, -6.82477378799996, 0.0 ], [ 111.021492005, -6.82429265899992, 0.0 ], [ 111.022125244, -6.82434558799997, 0.0 ], [ 111.022789001, -6.824423311999909, 0.0 ], [ 111.023506164, -6.824501037999939, 0.0 ], [ 111.023559569, -6.82418966299997, 0.0 ], [ 111.024208069, -6.824310778999921, 0.0 ], [ 111.024269105, -6.82399082199993, 0.0 ], [ 111.025100709, -6.82415628399991, 0.0 ], [ 111.02507782, -6.82468318899993, 0.0 ], [ 111.025093079, -6.82507324199997, 0.0 ], [ 111.025215149, -6.82556915299995, 0.0 ], [ 111.025131225, -6.825941562999961, 0.0 ], [ 111.024932861, -6.82603025499998, 0.0 ], [ 111.023521423, -6.825622557999911, 0.0 ], [ 111.023475648, -6.825861453999889, 0.0 ], [ 111.023437501, -6.82603025499998, 0.0 ], [ 111.023971558, -6.82622528099995, 0.0 ], [ 111.023918151, -6.82658004799993, 0.0 ], [ 111.024833679, -6.82673931099987, 0.0 ], [ 111.024833679, -6.82709407699991, 0.0 ], [ 111.025100709, -6.827589987999829, 0.0 ], [ 111.025138856, -6.8278560629999, 0.0 ], [ 111.025032043, -6.82810449699986, 0.0 ], [ 111.024749755, -6.82849407199996, 0.0 ], [ 111.024497986, -6.828795431999941, 0.0 ], [ 111.024391173, -6.829150198999971, 0.0 ], [ 111.024391173, -6.82966422999993, 0.0 ], [ 111.024375915, -6.829902170999899, 0.0 ], [ 111.023826599, -6.829823969999951, 0.0 ], [ 111.023597716, -6.82980585099995, 0.0 ], [ 111.023628235, -6.830160617999981, 0.0 ], [ 111.023826599, -6.830550670999911, 0.0 ], [ 111.024116516, -6.83089113199992, 0.0 ], [ 111.023826599, -6.83125829699992, 0.0 ], [ 111.023872376, -6.83159398999993, 0.0 ], [ 111.024276733, -6.83182525599995, 0.0 ], [ 111.023612977, -6.83254766499994, 0.0 ], [ 111.023849488, -6.83275031999995, 0.0 ], [ 111.024269105, -6.83255147999989, 0.0 ], [ 111.024559021, -6.83249997999991, 0.0 ], [ 111.024818421, -6.83245229799996, 0.0 ], [ 111.024948119, -6.83280801699993, 0.0 ], [ 111.025146484, -6.83332824699988, 0.0 ], [ 111.025581359, -6.83379030099991, 0.0 ], [ 111.025375367, -6.834310529999869, 0.0 ], [ 111.02532196, -6.83474445299993, 0.0 ], [ 111.025260926, -6.835004329999891, 0.0 ], [ 111.025405883, -6.835004329999891, 0.0 ], [ 111.025588989, -6.83489703999993, 0.0 ], [ 111.025688171, -6.8349399569999, 0.0 ], [ 111.0258255, -6.83485984799995, 0.0 ], [ 111.025909424, -6.834825038999899, 0.0 ], [ 111.026107789, -6.834954737999959, 0.0 ], [ 111.02597046, -6.83512687599995, 0.0 ], [ 111.025932313, -6.83540916399994, 0.0 ], [ 111.026191712, -6.835639952999939, 0.0 ], [ 111.026420593, -6.83560895899996, 0.0 ], [ 111.026580811, -6.83560991299993, 0.0 ], [ 111.026756287, -6.83562850899995, 0.0 ], [ 111.026908874, -6.83584260899988, 0.0 ], [ 111.027198792, -6.8357782359999, 0.0 ], [ 111.027343749, -6.835437774999891, 0.0 ], [ 111.027526855, -6.835562705999909, 0.0 ], [ 111.027442931, -6.83589792199996, 0.0 ], [ 111.027702331, -6.83599042899988, 0.0 ], [ 111.027870179, -6.83591985599998, 0.0 ], [ 111.027999877, -6.835879801999969, 0.0 ], [ 111.028320312, -6.83578014399995, 0.0 ], [ 111.028381348, -6.83583021099997, 0.0 ], [ 111.028373718, -6.835949896999979, 0.0 ], [ 111.028312682, -6.83623981499989, 0.0 ], [ 111.028198242, -6.83633994999991, 0.0 ], [ 111.027969361, -6.83655023499995, 0.0 ], [ 111.027961731, -6.83662986699994, 0.0 ], [ 111.028007508, -6.83669996199995, 0.0 ], [ 111.028152467, -6.83669996199995, 0.0 ], [ 111.028289796, -6.836740016999899, 0.0 ], [ 111.027992249, -6.83711004199995, 0.0 ], [ 111.027893067, -6.83725023299985, 0.0 ], [ 111.027931214, -6.83733987699998, 0.0 ], [ 111.028038024, -6.83741998599993, 0.0 ], [ 111.028419495, -6.837600231999941, 0.0 ], [ 111.028518677, -6.8375902169999, 0.0 ], [ 111.028839112, -6.83744001399998, 0.0 ], [ 111.029251098, -6.837279796999889, 0.0 ], [ 111.029319764, -6.83739995999997, 0.0 ], [ 111.029258729, -6.83750009499994, 0.0 ], [ 111.029151916, -6.8377299309999, 0.0 ], [ 111.029327392, -6.83798980699993, 0.0 ], [ 111.029449463, -6.837870119999879, 0.0 ], [ 111.029663085, -6.8377299309999, 0.0 ], [ 111.029739379, -6.83776998499997, 0.0 ], [ 111.029808045, -6.83790016099988, 0.0 ], [ 111.029891968, -6.837979791999891, 0.0 ], [ 111.030120849, -6.83807992899995, 0.0 ], [ 111.030197143, -6.83827018799997, 0.0 ], [ 111.030166626, -6.83835983199998, 0.0 ], [ 111.029891968, -6.83874988599996, 0.0 ], [ 111.029960632, -6.83886003599997, 0.0 ], [ 111.030067444, -6.83910989799995, 0.0 ], [ 111.029769898, -6.83939981399988, 0.0 ], [ 111.029762268, -6.8395299899999, 0.0 ], [ 111.029823303, -6.83964013999997, 0.0 ], [ 111.029937743, -6.83967018099997, 0.0 ], [ 111.030143738, -6.83977985399997, 0.0 ], [ 111.030227662, -6.83990001699988, 0.0 ], [ 111.030212403, -6.8400001519999, 0.0 ], [ 111.030059814, -6.840229987999919, 0.0 ], [ 111.029960632, -6.84041976899988, 0.0 ], [ 111.030021667, -6.840529918999949, 0.0 ], [ 111.030166626, -6.84079980899998, 0.0 ], [ 111.029937743, -6.841169833999969, 0.0 ], [ 111.02986908, -6.84128999699988, 0.0 ], [ 111.029739379, -6.8415598869999, 0.0 ], [ 111.029586792, -6.84185981699994, 0.0 ], [ 111.02961731, -6.84204006199997, 0.0 ], [ 111.029701232, -6.842130183999931, 0.0 ], [ 111.029846191, -6.842209814999931, 0.0 ], [ 111.030166626, -6.84227991099988, 0.0 ], [ 111.030227662, -6.84233999199989, 0.0 ], [ 111.030227662, -6.84248018299996, 0.0 ], [ 111.030181885, -6.842979908999889, 0.0 ], [ 111.03025055, -6.84302997599997, 0.0 ], [ 111.030410768, -6.84302997599997, 0.0 ], [ 111.030662537, -6.84305000199993, 0.0 ], [ 111.030639649, -6.84296989399996, 0.0 ], [ 111.030693054, -6.84279012699994, 0.0 ], [ 111.030776977, -6.84268998999988, 0.0 ], [ 111.030860901, -6.84273004499994, 0.0 ], [ 111.030929565, -6.84286022099997, 0.0 ], [ 111.031120301, -6.84321021999995, 0.0 ], [ 111.031227111, -6.84323978399993, 0.0 ], [ 111.031387329, -6.84322977099987, 0.0 ], [ 111.031410217, -6.84312009799993, 0.0 ], [ 111.031501769, -6.84278011199996, 0.0 ], [ 111.031593323, -6.842710018999871, 0.0 ], [ 111.031723022, -6.842710018999871, 0.0 ], [ 111.031898498, -6.84274005799995, 0.0 ], [ 111.032119751, -6.84287977199995, 0.0 ], [ 111.032157897, -6.842979908999889, 0.0 ], [ 111.032150269, -6.84314012399994, 0.0 ], [ 111.032066345, -6.8433599469999, 0.0 ], [ 111.031936645, -6.84379005399995, 0.0 ], [ 111.03199768, -6.84397983599996, 0.0 ], [ 111.032150269, -6.84408998399994, 0.0 ], [ 111.032318115, -6.84426021599995, 0.0 ], [ 111.032356262, -6.84436988899989, 0.0 ], [ 111.032310487, -6.84455013299987, 0.0 ], [ 111.032203674, -6.844880102999979, 0.0 ], [ 111.032333373, -6.84496021199988, 0.0 ], [ 111.032478332, -6.84499979099996, 0.0 ], [ 111.032546998, -6.84502982999987, 0.0 ], [ 111.03263092, -6.8452000609999, 0.0 ], [ 111.032707215, -6.84550618999992, 0.0 ], [ 111.032737732, -6.845762251999871, 0.0 ], [ 111.032798767, -6.84675788899995, 0.0 ], [ 111.032180786, -6.84675788899995, 0.0 ], [ 111.031188964, -6.846979140999959, 0.0 ], [ 111.030265808, -6.84690570799989, 0.0 ], [ 111.02934265, -6.84701633299994, 0.0 ], [ 111.027717589, -6.847163676999971, 0.0 ], [ 111.024917603, -6.84716415499997, 0.0 ], [ 111.021965027, -6.847200868999891, 0.0 ], [ 111.020927429, -6.84716415499997, 0.0 ], [ 111.019454957, -6.84675884099994, 0.0 ], [ 111.018974304, -6.84646367999994, 0.0 ], [ 111.018531799, -6.8457999229999, 0.0 ], [ 111.018196106, -6.84498882299994, 0.0 ], [ 111.017829896, -6.84464454699997, 0.0 ], [ 111.017921448, -6.844623565999941, 0.0 ], [ 111.017829896, -6.844431876999981, 0.0 ], [ 111.017158509, -6.844119547999979, 0.0 ], [ 111.017074585, -6.84395742499987, 0.0 ] ] ] ] } },
{ "type": "Feature", "properties": { "GID_4": "IDN.10.21.10.2_1", "GID_0": "IDN", "COUNTRY": "Indonesia", "GID_1": "IDN.10_1", "NAME_1": "Jawa Tengah", "GID_2": "IDN.10.21_1", "NAME_2": "Pati", "GID_3": "IDN.10.21.10_1", "NAME_3": "Kayen", "NAME_4": "Boloagung", "VARNAME_4": "NA", "TYPE_4": "Desa", "ENGTYPE_4": "Village", "CC_4": "3318020016" }, "geometry": { "type": "MultiPolygon", "coordinates": [ [ [ [ 110.982147216, -6.8416824329999, 0.0 ], [ 110.982368469, -6.841792105999959, 0.0 ], [ 110.982749939, -6.84195423099993, 0.0 ], [ 110.982963562, -6.84204816799991, 0.0 ], [ 110.984016419, -6.84220695499988, 0.0 ], [ 110.985443116, -6.842401981999959, 0.0 ], [ 110.986038208, -6.84249973399994, 0.0 ], [ 110.987174987, -6.842816828999899, 0.0 ], [ 110.987869262, -6.842999934999969, 0.0 ], [ 110.989082336, -6.8434758169999, 0.0 ], [ 110.990051269, -6.84389066699993, 0.0 ], [ 110.99194336, -6.8447566019999, 0.0 ], [ 110.992980957, -6.845159053999909, 0.0 ], [ 110.994293213, -6.84574460899995, 0.0 ], [ 110.995307923, -6.846049784999881, 0.0 ], [ 110.996063233, -6.84603738699991, 0.0 ], [ 110.996963501, -6.84584236099994, 0.0 ], [ 110.997894287, -6.84568357499995, 0.0 ], [ 110.998062134, -6.84562301599993, 0.0 ], [ 110.998252868, -6.84561061699998, 0.0 ], [ 110.998382569, -6.845465182999931, 0.0 ], [ 110.999061584, -6.84538793499991, 0.0 ], [ 110.999481201, -6.84525728299997, 0.0 ], [ 110.999702454, -6.844923019999899, 0.0 ], [ 111.000816346, -6.845146177999881, 0.0 ], [ 111.001564026, -6.84541940599996, 0.0 ], [ 111.001518249, -6.84553670899987, 0.0 ], [ 111.001174928, -6.846484660999979, 0.0 ], [ 111.00112152, -6.846713543999899, 0.0 ], [ 111.00089264, -6.84735345899992, 0.0 ], [ 111.000862121, -6.847722530999929, 0.0 ], [ 111.000701903, -6.84822034699988, 0.0 ], [ 111.000526428, -6.84922027599993, 0.0 ], [ 111.00036621, -6.85040998499994, 0.0 ], [ 111.000274658, -6.85159015699998, 0.0 ], [ 111.000137329, -6.85288, 0.0 ], [ 111.000015259, -6.85343027099992, 0.0 ], [ 110.999816894, -6.85405015999987, 0.0 ], [ 110.999565125, -6.85489034699992, 0.0 ], [ 110.999305725, -6.8556404119999, 0.0 ], [ 110.999092103, -6.85642003899994, 0.0 ], [ 110.999092103, -6.85687017499987, 0.0 ], [ 110.999214173, -6.857200144999919, 0.0 ], [ 110.999458313, -6.85775041599987, 0.0 ], [ 110.999565125, -6.85773038799994, 0.0 ], [ 111.00000763, -6.85772037499987, 0.0 ], [ 111.000312805, -6.85772037499987, 0.0 ], [ 111.000434876, -6.85775041599987, 0.0 ], [ 111.000503539, -6.85777997999992, 0.0 ], [ 111.000656128, -6.8579301819999, 0.0 ], [ 111.000732422, -6.8579902649999, 0.0 ], [ 111.001205444, -6.85809039999992, 0.0 ], [ 111.001281738, -6.85811042799992, 0.0 ], [ 111.001693725, -6.85819005899992, 0.0 ], [ 111.002037048, -6.858290195999869, 0.0 ], [ 111.003051758, -6.85838031799994, 0.0 ], [ 111.004203797, -6.85857009899996, 0.0 ], [ 111.005668641, -6.85873031699998, 0.0 ], [ 111.007156373, -6.858870028999889, 0.0 ], [ 111.008407592, -6.85893011099995, 0.0 ], [ 111.009483337, -6.85902023299997, 0.0 ], [ 111.010284425, -6.859040258999931, 0.0 ], [ 111.010276794, -6.859370231999949, 0.0 ], [ 111.010238648, -6.859960079999951, 0.0 ], [ 111.010253906, -6.860096453999919, 0.0 ], [ 111.010276794, -6.86048889199998, 0.0 ], [ 111.010276794, -6.86129283899987, 0.0 ], [ 111.010528564, -6.86154890099994, 0.0 ], [ 111.010871887, -6.86265611599987, 0.0 ], [ 111.010910034, -6.86278009399985, 0.0 ], [ 111.008422852, -6.862397193999869, 0.0 ], [ 111.00592804, -6.86226940099993, 0.0 ], [ 111.004653931, -6.862397193999869, 0.0 ], [ 111.004013061, -6.863227367999971, 0.0 ], [ 111.003883362, -6.864759444999951, 0.0 ], [ 111.004013061, -6.867377279999971, 0.0 ], [ 111.00389099, -6.86802720999992, 0.0 ], [ 111.003250122, -6.86776017999995, 0.0 ], [ 111.002990723, -6.86699390399997, 0.0 ], [ 111.003372193, -6.86629152399996, 0.0 ], [ 111.002990723, -6.865716933999919, 0.0 ], [ 111.002799989, -6.86527013799997, 0.0 ], [ 111.003059386, -6.86437654399992, 0.0 ], [ 111.002609253, -6.86399316799992, 0.0 ], [ 111.001846314, -6.86354636999994, 0.0 ], [ 111.001480102, -6.86354064999989, 0.0 ], [ 111.00127411, -6.86350011799993, 0.0 ], [ 111.001037599, -6.863379954999911, 0.0 ], [ 111.000701903, -6.86340999599992, 0.0 ], [ 111.000305175, -6.86332034999998, 0.0 ], [ 110.999984742, -6.8631801599999, 0.0 ], [ 110.999862671, -6.863150118999901, 0.0 ], [ 110.999443054, -6.86316013199985, 0.0 ], [ 110.999206543, -6.863130092999941, 0.0 ], [ 110.998893738, -6.86300039199995, 0.0 ], [ 110.998825073, -6.862679956999901, 0.0 ], [ 110.998695374, -6.86267042199989, 0.0 ], [ 110.998191833, -6.86266040899989, 0.0 ], [ 110.997451783, -6.86260032599989, 0.0 ], [ 110.996421815, -6.862500190999869, 0.0 ], [ 110.995414733, -6.862390040999969, 0.0 ], [ 110.993911743, -6.86224031399996, 0.0 ], [ 110.993202209, -6.86218023299995, 0.0 ], [ 110.992507934, -6.8622002599999, 0.0 ], [ 110.99219513, -6.86230039699996, 0.0 ], [ 110.991981507, -6.86247014999998, 0.0 ], [ 110.991798401, -6.86276006599996, 0.0 ], [ 110.991615295, -6.86317014699995, 0.0 ], [ 110.991447449, -6.86360025299996, 0.0 ], [ 110.990798949, -6.86343002199987, 0.0 ], [ 110.990638734, -6.86339998299997, 0.0 ], [ 110.99029541, -6.86334037799992, 0.0 ], [ 110.989997864, -6.86331033699992, 0.0 ], [ 110.989974976, -6.863379954999911, 0.0 ], [ 110.989936829, -6.86364030699997, 0.0 ], [ 110.989875793, -6.86393022599998, 0.0 ], [ 110.989868163, -6.86405992399995, 0.0 ], [ 110.989875793, -6.86422014199997, 0.0 ], [ 110.989814758, -6.86427020899993, 0.0 ], [ 110.989753723, -6.86442995099992, 0.0 ], [ 110.989723206, -6.86456012799994, 0.0 ], [ 110.989631652, -6.864710329999921, 0.0 ], [ 110.989494323, -6.86475038399988, 0.0 ], [ 110.989402771, -6.864769934999971, 0.0 ], [ 110.989143372, -6.864769934999971, 0.0 ], [ 110.988876342, -6.86475992199996, 0.0 ], [ 110.988433838, -6.86475038399988, 0.0 ], [ 110.987976074, -6.86462020799996, 0.0 ], [ 110.987686158, -6.86436843899997, 0.0 ], [ 110.987686158, -6.86395025199994, 0.0 ], [ 110.987792968, -6.863480091999919, 0.0 ], [ 110.987838745, -6.862990378999941, 0.0 ], [ 110.987945556, -6.86260032599989, 0.0 ], [ 110.987998963, -6.86208009699993, 0.0 ], [ 110.988021851, -6.86155033199998, 0.0 ], [ 110.988052368, -6.861090182999931, 0.0 ], [ 110.988044738, -6.860740183999889, 0.0 ], [ 110.987998963, -6.86029004999995, 0.0 ], [ 110.988334656, -6.86023998299993, 0.0 ], [ 110.988311768, -6.8597903239999, 0.0 ], [ 110.988456727, -6.85982036599989, 0.0 ], [ 110.988563537, -6.859910011999939, 0.0 ], [ 110.988548279, -6.8597903239999, 0.0 ], [ 110.988502502, -6.859580038999921, 0.0 ], [ 110.988433838, -6.85920000099992, 0.0 ], [ 110.98841858, -6.85900020499997, 0.0 ], [ 110.988395691, -6.85886001599994, 0.0 ], [ 110.988655091, -6.85875034299994, 0.0 ], [ 110.988739013, -6.85872030199994, 0.0 ], [ 110.988876342, -6.85860013899992, 0.0 ], [ 110.988952637, -6.85848999099989, 0.0 ], [ 110.989044189, -6.85828018099994, 0.0 ], [ 110.989082336, -6.85803031899997, 0.0 ], [ 110.989204407, -6.85726022799992, 0.0 ], [ 110.989257812, -6.856980322999961, 0.0 ], [ 110.989326478, -6.856480121999941, 0.0 ], [ 110.989227295, -6.85605001399995, 0.0 ], [ 110.989204407, -6.85592031499988, 0.0 ], [ 110.989105225, -6.85543012499994, 0.0 ], [ 110.988952637, -6.85516023699989, 0.0 ], [ 110.988723754, -6.85496997799987, 0.0 ], [ 110.987922669, -6.85462999299989, 0.0 ], [ 110.987197876, -6.85427999399997, 0.0 ], [ 110.986808777, -6.854020118999871, 0.0 ], [ 110.986541747, -6.85372018699991, 0.0 ], [ 110.986358643, -6.85334014899991, 0.0 ], [ 110.986152649, -6.85269021899995, 0.0 ], [ 110.986175537, -6.852540016999969, 0.0 ], [ 110.986206054, -6.8523502349999, 0.0 ], [ 110.985908508, -6.8522901529999, 0.0 ], [ 110.985618591, -6.85223007199994, 0.0 ], [ 110.985313415, -6.85218000499987, 0.0 ], [ 110.98462677, -6.85204029099992, 0.0 ], [ 110.983833313, -6.85193014099997, 0.0 ], [ 110.983314514, -6.8518500319999, 0.0 ], [ 110.982894897, -6.85177993699989, 0.0 ], [ 110.982704162, -6.85154008799992, 0.0 ], [ 110.98261261, -6.85113000799993, 0.0 ], [ 110.982574464, -6.850980280999979, 0.0 ], [ 110.982414246, -6.850690364999879, 0.0 ], [ 110.982322692, -6.8503899559999, 0.0 ], [ 110.982124328, -6.84986019099995, 0.0 ], [ 110.982093811, -6.84977006899993, 0.0 ], [ 110.982032776, -6.849570274999961, 0.0 ], [ 110.981986999, -6.84921026099988, 0.0 ], [ 110.981986999, -6.8490600589999, 0.0 ], [ 110.981956482, -6.84877014099982, 0.0 ], [ 110.981925964, -6.84834003499992, 0.0 ], [ 110.981971741, -6.84771013299996, 0.0 ], [ 110.981986999, -6.84751033899994, 0.0 ], [ 110.982086181, -6.847080230999949, 0.0 ], [ 110.982124328, -6.84699010899988, 0.0 ], [ 110.982177735, -6.846730231999971, 0.0 ], [ 110.982078553, -6.84658002799995, 0.0 ], [ 110.982063293, -6.84644031599987, 0.0 ], [ 110.982162475, -6.84604024999987, 0.0 ], [ 110.982337952, -6.84557008799987, 0.0 ], [ 110.98248291, -6.84508037499995, 0.0 ], [ 110.982505798, -6.84496021199988, 0.0 ], [ 110.982543945, -6.84463024099995, 0.0 ], [ 110.982513428, -6.8443002709999, 0.0 ], [ 110.982368469, -6.84375, 0.0 ], [ 110.982376099, -6.84364032699995, 0.0 ], [ 110.982376099, -6.843530176999929, 0.0 ], [ 110.982360839, -6.84337186699992, 0.0 ], [ 110.982330322, -6.84318256299997, 0.0 ], [ 110.982284545, -6.84282874999991, 0.0 ], [ 110.982147216, -6.8416824329999, 0.0 ] ] ] ] } },
{ "type": "Feature", "properties": { "GID_4": "IDN.10.21.15.3_1", "GID_0": "IDN", "COUNTRY": "Indonesia", "GID_1": "IDN.10_1", "NAME_1": "Jawa Tengah", "GID_2": "IDN.10.21_1", "NAME_2": "Pati", "GID_3": "IDN.10.21.15_1", "NAME_3": "Sukolilo", "NAME_4": "Cengkalsewu", "VARNAME_4": "NA", "TYPE_4": "Desa", "ENGTYPE_4": "Village", "CC_4": "3318010016" }, "geometry": { "type": "MultiPolygon", "coordinates": [ [ [ [ 110.962234498, -6.90307998499998, 0.0 ], [ 110.962272645, -6.90317439999995, 0.0 ], [ 110.962478637, -6.90337753199998, 0.0 ], [ 110.962669373, -6.90365743699994, 0.0 ], [ 110.962638855, -6.90407705199993, 0.0 ], [ 110.962715148, -6.90475320799993, 0.0 ], [ 110.962875366, -6.9055461879999, 0.0 ], [ 110.962669373, -6.90605878699995, 0.0 ], [ 110.962760925, -6.90680503699997, 0.0 ], [ 110.962760925, -6.90764427199997, 0.0 ], [ 110.962738037, -6.908087729999979, 0.0 ], [ 110.962638855, -6.90864706099995, 0.0 ], [ 110.962524414, -6.90899705799995, 0.0 ], [ 110.96231842, -6.909090041999949, 0.0 ], [ 110.961662292, -6.909113407999941, 0.0 ], [ 110.961174011, -6.90925311999996, 0.0 ], [ 110.960655212, -6.90946292899997, 0.0 ], [ 110.960235597, -6.909626006999869, 0.0 ], [ 110.959983825, -6.910185812999939, 0.0 ], [ 110.959892273, -6.91079187399987, 0.0 ], [ 110.959861755, -6.911304950999981, 0.0 ], [ 110.959419251, -6.91188764499998, 0.0 ], [ 110.958580017, -6.91254043599997, 0.0 ], [ 110.957832337, -6.91275024299983, 0.0 ], [ 110.957267761, -6.912884711999939, 0.0 ], [ 110.956939697, -6.912740229999881, 0.0 ], [ 110.955757142, -6.91212081899988, 0.0 ], [ 110.955863952, -6.91148090399997, 0.0 ], [ 110.954818726, -6.91129636799997, 0.0 ], [ 110.954017638, -6.910014629999979, 0.0 ], [ 110.953132629, -6.91010236699992, 0.0 ], [ 110.953140259, -6.91020297899991, 0.0 ], [ 110.953224181, -6.91053438199998, 0.0 ], [ 110.953163148, -6.91064214699992, 0.0 ], [ 110.953079224, -6.911241529999871, 0.0 ], [ 110.952964784, -6.91208028699998, 0.0 ], [ 110.952125549, -6.91208028699998, 0.0 ], [ 110.951004029, -6.91235971499992, 0.0 ], [ 110.949920654, -6.912319660999909, 0.0 ], [ 110.948921204, -6.912479400999869, 0.0 ], [ 110.948043823, -6.91291904399992, 0.0 ], [ 110.94732666, -6.91271924899991, 0.0 ], [ 110.946563721, -6.91223955199996, 0.0 ], [ 110.946365357, -6.9121994969999, 0.0 ], [ 110.946289063, -6.91183996099994, 0.0 ], [ 110.946517944, -6.91115665399997, 0.0 ], [ 110.94706726, -6.91051912399996, 0.0 ], [ 110.947616578, -6.910018442999959, 0.0 ], [ 110.94770813, -6.90960884099997, 0.0 ], [ 110.947799682, -6.90878867999987, 0.0 ], [ 110.947662353, -6.90819692499986, 0.0 ], [ 110.948112489, -6.90737724199988, 0.0 ], [ 110.948799133, -6.90710401599995, 0.0 ], [ 110.949119568, -6.90642070699988, 0.0 ], [ 110.949073791, -6.905601023999909, 0.0 ], [ 110.94921112, -6.90505456999989, 0.0 ], [ 110.949073791, -6.90409850999993, 0.0 ], [ 110.948799133, -6.90318775299988, 0.0 ], [ 110.948432922, -6.90273189599992, 0.0 ], [ 110.947891236, -6.9021401409999, 0.0 ], [ 110.947036743, -6.90176486899986, 0.0 ], [ 110.946723939, -6.90149021099995, 0.0 ], [ 110.946426392, -6.90144729599996, 0.0 ], [ 110.945968628, -6.90147971999988, 0.0 ], [ 110.945335389, -6.90118312899995, 0.0 ], [ 110.945152283, -6.900181293999939, 0.0 ], [ 110.945472718, -6.899316310999951, 0.0 ], [ 110.946441651, -6.89903449999997, 0.0 ], [ 110.947196961, -6.89927148699996, 0.0 ], [ 110.947685241, -6.89950084699996, 0.0 ], [ 110.948127747, -6.89947748099996, 0.0 ], [ 110.948638916, -6.898967742999961, 0.0 ], [ 110.949432373, -6.898489474999911, 0.0 ], [ 110.950500488, -6.89817094799997, 0.0 ], [ 110.950767518, -6.8977456099999, 0.0 ], [ 110.950820923, -6.89732074799997, 0.0 ], [ 110.951187133, -6.89689540799992, 0.0 ], [ 110.95161438, -6.89647054599993, 0.0 ], [ 110.951774598, -6.896098612999879, 0.0 ], [ 110.95161438, -6.89567327499998, 0.0 ], [ 110.951133728, -6.89514207799988, 0.0 ], [ 110.951080323, -6.89461040599997, 0.0 ], [ 110.951347351, -6.89413213599988, 0.0 ], [ 110.952163696, -6.89392089799992, 0.0 ], [ 110.952255248, -6.89395809099989, 0.0 ], [ 110.953140259, -6.894311903999949, 0.0 ], [ 110.954177856, -6.89455223099992, 0.0 ], [ 110.954902649, -6.89487266599997, 0.0 ], [ 110.955299378, -6.89607429499995, 0.0 ], [ 110.955139161, -6.89671564199995, 0.0 ], [ 110.955459595, -6.89743661799992, 0.0 ], [ 110.955940246, -6.89823770599997, 0.0 ], [ 110.956100463, -6.8994393349999, 0.0 ], [ 110.956825257, -6.900881766999869, 0.0 ], [ 110.957550049, -6.90136241999994, 0.0 ], [ 110.957962036, -6.90137767799996, 0.0 ], [ 110.959709167, -6.9014425279999, 0.0 ], [ 110.960830688, -6.90136241999994, 0.0 ], [ 110.961235046, -6.901762960999971, 0.0 ], [ 110.961631775, -6.90232419999995, 0.0 ], [ 110.96195221, -6.902804851999919, 0.0 ], [ 110.962234498, -6.90307998499998, 0.0 ] ] ] ] } },
{ "type": "Feature", "properties": { "GID_4": "IDN.10.21.15.4_1", "GID_0": "IDN", "COUNTRY": "Indonesia", "GID_1": "IDN.10_1", "NAME_1": "Jawa Tengah", "GID_2": "IDN.10.21_1", "NAME_2": "Pati", "GID_3": "IDN.10.21.15_1", "NAME_3": "Sukolilo", "NAME_4": "Gadudero", "VARNAME_4": "NA", "TYPE_4": "Desa", "ENGTYPE_4": "Village", "CC_4": "3318010009" }, "geometry": { "type": "MultiPolygon", "coordinates": [ [ [ [ 110.923980713, -6.8648161889999, 0.0 ], [ 110.925537109, -6.86376046999993, 0.0 ], [ 110.925567627, -6.86402654499994, 0.0 ], [ 110.925842285, -6.86612606099993, 0.0 ], [ 110.926071166, -6.86789560399995, 0.0 ], [ 110.927078248, -6.87075519499996, 0.0 ], [ 110.92791748, -6.87697887499996, 0.0 ], [ 110.927413941, -6.881015776999901, 0.0 ], [ 110.927581787, -6.88723945599997, 0.0 ], [ 110.928085328, -6.892958163999941, 0.0 ], [ 110.928138733, -6.89447975199988, 0.0 ], [ 110.930389404, -6.894392012999901, 0.0 ], [ 110.930526733, -6.898139953999869, 0.0 ], [ 110.932685851, -6.89818429899998, 0.0 ], [ 110.934143067, -6.8982286449999, 0.0 ], [ 110.935020448, -6.89933109199984, 0.0 ], [ 110.935112, -6.90140342699988, 0.0 ], [ 110.935066223, -6.90285873499994, 0.0 ], [ 110.934074401, -6.90471029199995, 0.0 ], [ 110.932968139, -6.90541553499992, 0.0 ], [ 110.931823731, -6.90554761799996, 0.0 ], [ 110.932884216, -6.90642976699991, 0.0 ], [ 110.933235169, -6.90801715899988, 0.0 ], [ 110.933364868, -6.909428119999921, 0.0 ], [ 110.933341979, -6.910077570999929, 0.0 ], [ 110.933494569, -6.91140699299996, 0.0 ], [ 110.933540344, -6.91180944399997, 0.0 ], [ 110.93372345, -6.91273546299993, 0.0 ], [ 110.933982849, -6.91361713399988, 0.0 ], [ 110.93409729, -6.91362190199993, 0.0 ], [ 110.934249877, -6.91427898499995, 0.0 ], [ 110.935218812, -6.914852141999921, 0.0 ], [ 110.935707093, -6.916086673999929, 0.0 ], [ 110.935707093, -6.91723346599997, 0.0 ], [ 110.934555054, -6.92120170699991, 0.0 ], [ 110.934204102, -6.92300939599994, 0.0 ], [ 110.934646606, -6.92428827199996, 0.0 ], [ 110.934906005, -6.926007746999971, 0.0 ], [ 110.935882568, -6.926845550999929, 0.0 ], [ 110.936363221, -6.92816877299987, 0.0 ], [ 110.938064575, -6.932049274999941, 0.0 ], [ 110.938545228, -6.933372019999981, 0.0 ], [ 110.939079285, -6.93522405599992, 0.0 ], [ 110.940963744, -6.93503522799995, 0.0 ], [ 110.940185547, -6.94230890299991, 0.0 ], [ 110.940101623, -6.942299365999931, 0.0 ], [ 110.939186096, -6.942299365999931, 0.0 ], [ 110.938774109, -6.94241762099995, 0.0 ], [ 110.938674927, -6.94235754099998, 0.0 ], [ 110.93826294, -6.94215106899992, 0.0 ], [ 110.937774659, -6.94213199499995, 0.0 ], [ 110.937477113, -6.94207572999989, 0.0 ], [ 110.937164306, -6.94178485899982, 0.0 ], [ 110.936935425, -6.94156932899995, 0.0 ], [ 110.936576843, -6.94147539199997, 0.0 ], [ 110.936424256, -6.941547392999889, 0.0 ], [ 110.936111449, -6.941231727999879, 0.0 ], [ 110.935714723, -6.94073438699996, 0.0 ], [ 110.935363769, -6.9402370439999, 0.0 ], [ 110.935188293, -6.93956231999994, 0.0 ], [ 110.934722901, -6.938354967999889, 0.0 ], [ 110.934150695, -6.93693447099997, 0.0 ], [ 110.933654786, -6.93608188699994, 0.0 ], [ 110.933212281, -6.935488700999879, 0.0 ], [ 110.933120727, -6.93537187599998, 0.0 ], [ 110.932594299, -6.934661387999881, 0.0 ], [ 110.932090758, -6.93405771199997, 0.0 ], [ 110.931564331, -6.93373823199988, 0.0 ], [ 110.93095398, -6.93331193899996, 0.0 ], [ 110.930709838, -6.932956694999969, 0.0 ], [ 110.930282593, -6.93258571499996, 0.0 ], [ 110.930137634, -6.932459353999949, 0.0 ], [ 110.929786683, -6.93213987399997, 0.0 ], [ 110.929496764, -6.931784629999981, 0.0 ], [ 110.929359435, -6.93146514799997, 0.0 ], [ 110.929000854, -6.931074141999941, 0.0 ], [ 110.928543092, -6.93075466199997, 0.0 ], [ 110.927688599, -6.93075466199997, 0.0 ], [ 110.927192688, -6.931038379999961, 0.0 ], [ 110.927116395, -6.93142890899998, 0.0 ], [ 110.927261352, -6.93203258499989, 0.0 ], [ 110.927619934, -6.932565688999939, 0.0 ], [ 110.928146363, -6.933169364999909, 0.0 ], [ 110.928619385, -6.933639526999911, 0.0 ], [ 110.928627013, -6.93376922599998, 0.0 ], [ 110.928688049, -6.934177397999919, 0.0 ], [ 110.928474426, -6.93452692099987, 0.0 ], [ 110.92817688, -6.93464374399997, 0.0 ], [ 110.927871703, -6.93468236899997, 0.0 ], [ 110.927673339, -6.93464374399997, 0.0 ], [ 110.92728424, -6.93439102199994, 0.0 ], [ 110.927009583, -6.93415784899997, 0.0 ], [ 110.926666259, -6.93378829899996, 0.0 ], [ 110.926429748, -6.93357467699997, 0.0 ], [ 110.926116943, -6.93332195199991, 0.0 ], [ 110.925765992, -6.93322467799987, 0.0 ], [ 110.925376891, -6.93303012899992, 0.0 ], [ 110.925186157, -6.932757853999871, 0.0 ], [ 110.924934388, -6.93262195499983, 0.0 ], [ 110.924468994, -6.93244695599998, 0.0 ], [ 110.924156189, -6.932369232999971, 0.0 ], [ 110.923980713, -6.93233013099984, 0.0 ], [ 110.923782349, -6.932136058999961, 0.0 ], [ 110.92376709, -6.93176650999993, 0.0 ], [ 110.923866273, -6.93153333599997, 0.0 ], [ 110.924446105, -6.93100881599992, 0.0 ], [ 110.924797059, -6.930348395999939, 0.0 ], [ 110.925376891, -6.929882048999961, 0.0 ], [ 110.926429748, -6.9292211529999, 0.0 ], [ 110.927093506, -6.92877435699995, 0.0 ], [ 110.927886963, -6.92807483599989, 0.0 ], [ 110.928352356, -6.927705763999939, 0.0 ], [ 110.928649902, -6.92742443099991, 0.0 ], [ 110.928649902, -6.92731189799986, 0.0 ], [ 110.928840638, -6.927200317999959, 0.0 ], [ 110.929214478, -6.927044867999939, 0.0 ], [ 110.929618835, -6.92683124599995, 0.0 ], [ 110.929779052, -6.926539896999939, 0.0 ], [ 110.929779052, -6.92628717499997, 0.0 ], [ 110.929641723, -6.92595672499988, 0.0 ], [ 110.929885865, -6.925218581999961, 0.0 ], [ 110.929740906, -6.92397594399995, 0.0 ], [ 110.929656982, -6.92388725299992, 0.0 ], [ 110.929611207, -6.92381620399988, 0.0 ], [ 110.929542541, -6.923735617999971, 0.0 ], [ 110.929458617, -6.92365503199989, 0.0 ], [ 110.929382324, -6.92356633999992, 0.0 ], [ 110.929321288, -6.923500059999919, 0.0 ], [ 110.92892456, -6.922764299999931, 0.0 ], [ 110.928276062, -6.92161607699995, 0.0 ], [ 110.927658081, -6.92079162499994, 0.0 ], [ 110.927154542, -6.92002582499981, 0.0 ], [ 110.926971436, -6.919847010999941, 0.0 ], [ 110.92690277, -6.91975307399997, 0.0 ], [ 110.926803588, -6.91954994199995, 0.0 ], [ 110.926559449, -6.91919994299997, 0.0 ], [ 110.926361084, -6.91895008099988, 0.0 ], [ 110.926139832, -6.91856002799994, 0.0 ], [ 110.925796508, -6.91810989399983, 0.0 ], [ 110.925651551, -6.917900084999871, 0.0 ], [ 110.92540741, -6.91758012699995, 0.0 ], [ 110.925201415, -6.9172801979999, 0.0 ], [ 110.924972534, -6.916950224999881, 0.0 ], [ 110.924758912, -6.91664981899987, 0.0 ], [ 110.9246521, -6.91642999599992, 0.0 ], [ 110.924491882, -6.91607999699983, 0.0 ], [ 110.924308776, -6.915659904999869, 0.0 ], [ 110.924201966, -6.91522979699982, 0.0 ], [ 110.924118042, -6.91491985299996, 0.0 ], [ 110.924057007, -6.91470003199993, 0.0 ], [ 110.923980713, -6.91437005899991, 0.0 ], [ 110.923851012, -6.914060114999929, 0.0 ], [ 110.923721313, -6.91381978899994, 0.0 ], [ 110.923698425, -6.91363000899997, 0.0 ], [ 110.923576354, -6.913400173999949, 0.0 ], [ 110.923446655, -6.913119792999959, 0.0 ], [ 110.92326355, -6.91273021699993, 0.0 ], [ 110.923126221, -6.912479877999941, 0.0 ], [ 110.922866821, -6.9121198659999, 0.0 ], [ 110.922737122, -6.911940097999951, 0.0 ], [ 110.922538758, -6.911610126999901, 0.0 ], [ 110.922401429, -6.91133022199995, 0.0 ], [ 110.922233581, -6.910980224999949, 0.0 ], [ 110.922027589, -6.910620212999961, 0.0 ], [ 110.921958923, -6.91023015999997, 0.0 ], [ 110.921867371, -6.909939765999979, 0.0 ], [ 110.921722412, -6.909249781999901, 0.0 ], [ 110.921653747, -6.90904998699989, 0.0 ], [ 110.921653747, -6.90885019299998, 0.0 ], [ 110.921531678, -6.90845012699992, 0.0 ], [ 110.921463013, -6.908070086999941, 0.0 ], [ 110.921401977, -6.907750128999909, 0.0 ], [ 110.921287537, -6.90744018499993, 0.0 ], [ 110.921112061, -6.907060146999919, 0.0 ], [ 110.92098236, -6.90680980699995, 0.0 ], [ 110.92086792, -6.90653991699998, 0.0 ], [ 110.920700074, -6.9063200949999, 0.0 ], [ 110.920516968, -6.906070232999921, 0.0 ], [ 110.920417786, -6.90581989299989, 0.0 ], [ 110.920257569, -6.90555000299997, 0.0 ], [ 110.920066834, -6.905230045999929, 0.0 ], [ 110.91986084, -6.90485000599995, 0.0 ], [ 110.919700623, -6.904600143999969, 0.0 ], [ 110.91959381, -6.90432977599988, 0.0 ], [ 110.919441223, -6.90406989899998, 0.0 ], [ 110.919357299, -6.90380001099993, 0.0 ], [ 110.919258117, -6.90355014699998, 0.0 ], [ 110.919143676, -6.902979850999939, 0.0 ], [ 110.919296264, -6.90245008499988, 0.0 ], [ 110.919372559, -6.902259826999969, 0.0 ], [ 110.91947937, -6.90208005799991, 0.0 ], [ 110.919692992, -6.90184020999988, 0.0 ], [ 110.919761658, -6.90177011399993, 0.0 ], [ 110.91986847, -6.90170001999991, 0.0 ], [ 110.920021057, -6.90159988299996, 0.0 ], [ 110.920089721, -6.90151977499994, 0.0 ], [ 110.920196533, -6.90129995399985, 0.0 ], [ 110.920310974, -6.900879859999971, 0.0 ], [ 110.920326232, -6.90046977999998, 0.0 ], [ 110.920280457, -6.90021991599991, 0.0 ], [ 110.920150756, -6.90006017599995, 0.0 ], [ 110.919990539, -6.89983987799991, 0.0 ], [ 110.919891357, -6.89961004299994, 0.0 ], [ 110.919799805, -6.89930009799991, 0.0 ], [ 110.919822693, -6.899179934999951, 0.0 ], [ 110.919898987, -6.89859008699989, 0.0 ], [ 110.919883728, -6.89825010399994, 0.0 ], [ 110.919830321, -6.89802980399998, 0.0 ], [ 110.919799805, -6.89783000899996, 0.0 ], [ 110.919677734, -6.89720010699989, 0.0 ], [ 110.919631957, -6.89698982199991, 0.0 ], [ 110.91960144, -6.89686298399988, 0.0 ], [ 110.919509888, -6.89682769699994, 0.0 ], [ 110.919509888, -6.896654128999959, 0.0 ], [ 110.919357299, -6.89583253799998, 0.0 ], [ 110.919395446, -6.89507245999988, 0.0 ], [ 110.919494628, -6.89488363299989, 0.0 ], [ 110.919586182, -6.89453267999994, 0.0 ], [ 110.919555663, -6.89436864899994, 0.0 ], [ 110.919418334, -6.893755912999949, 0.0 ], [ 110.919372559, -6.89337587299997, 0.0 ], [ 110.919303894, -6.89312887099993, 0.0 ], [ 110.919273377, -6.89275360099998, 0.0 ], [ 110.919258117, -6.892377853999961, 0.0 ], [ 110.919250489, -6.89203739099997, 0.0 ], [ 110.919273377, -6.891321181999959, 0.0 ], [ 110.919334413, -6.89052581699997, 0.0 ], [ 110.919357299, -6.890130518999909, 0.0 ], [ 110.919380188, -6.88997411599996, 0.0 ], [ 110.919349671, -6.88932752599993, 0.0 ], [ 110.919471742, -6.88852167099992, 0.0 ], [ 110.919418334, -6.88739776499995, 0.0 ], [ 110.919372559, -6.88559532099993, 0.0 ], [ 110.919303894, -6.88362312299989, 0.0 ], [ 110.919265747, -6.88247823699993, 0.0 ], [ 110.919212342, -6.88120555799998, 0.0 ], [ 110.91923523, -6.87991237699993, 0.0 ], [ 110.919487, -6.87675237599996, 0.0 ], [ 110.919548035, -6.87541675599994, 0.0 ], [ 110.919616699, -6.87471675899991, 0.0 ], [ 110.919487, -6.874017237999959, 0.0 ], [ 110.919258117, -6.87346553799995, 0.0 ], [ 110.919021606, -6.872935294999931, 0.0 ], [ 110.918746948, -6.87225675599996, 0.0 ], [ 110.918556214, -6.87185382699994, 0.0 ], [ 110.918296814, -6.87147235899988, 0.0 ], [ 110.917900086, -6.87115383199989, 0.0 ], [ 110.917602539, -6.87092065799987, 0.0 ], [ 110.917152405, -6.87068748499996, 0.0 ], [ 110.917068482, -6.87067079399998, 0.0 ], [ 110.91697693, -6.86822795899985, 0.0 ], [ 110.917213441, -6.86812209999988, 0.0 ], [ 110.917625428, -6.86797571299996, 0.0 ], [ 110.918045045, -6.86784124399992, 0.0 ], [ 110.918663024, -6.867646216999961, 0.0 ], [ 110.919006348, -6.86753415999993, 0.0 ], [ 110.919174195, -6.86748075499992, 0.0 ], [ 110.920585632, -6.86703586599998, 0.0 ], [ 110.920829773, -6.866944311999931, 0.0 ], [ 110.92098236, -6.86688613899992, 0.0 ], [ 110.92113495, -6.86683845499988, 0.0 ], [ 110.921112061, -6.866462706999811, 0.0 ], [ 110.923400879, -6.86521101099987, 0.0 ], [ 110.923980713, -6.8648161889999, 0.0 ] ] ] ] } },
{ "type": "Feature", "properties": { "GID_4": "IDN.10.21.4.5_1", "GID_0": "IDN", "COUNTRY": "Indonesia", "GID_1": "IDN.10_1", "NAME_1": "Jawa Tengah", "GID_2": "IDN.10.21_1", "NAME_2": "Pati", "GID_3": "IDN.10.21.4_1", "NAME_3": "Gabus", "NAME_4": "Gebang", "VARNAME_4": "NA", "TYPE_4": "Desa", "ENGTYPE_4": "Village", "CC_4": "3318110016" }, "geometry": { "type": "MultiPolygon", "coordinates": [ [ [ [ 111.023880004, -6.806298732999949, 0.0 ], [ 111.023979187, -6.80523967799991, 0.0 ], [ 111.024284363, -6.80526542699994, 0.0 ], [ 111.024375915, -6.805274009999889, 0.0 ], [ 111.024574279, -6.80529260599997, 0.0 ], [ 111.025299073, -6.80538844999995, 0.0 ], [ 111.025901794, -6.805483816999979, 0.0 ], [ 111.026115417, -6.805510997999871, 0.0 ], [ 111.026901246, -6.805661677999921, 0.0 ], [ 111.026969909, -6.80552959399995, 0.0 ], [ 111.028167725, -6.80572605099991, 0.0 ], [ 111.02822876, -6.80577945599993, 0.0 ], [ 111.028305054, -6.80580711399995, 0.0 ], [ 111.028404236, -6.80582952499998, 0.0 ], [ 111.02848816, -6.80584955199993, 0.0 ], [ 111.028556823, -6.80589485099995, 0.0 ], [ 111.028587342, -6.806012628999841, 0.0 ], [ 111.028579712, -6.80610036799987, 0.0 ], [ 111.028625489, -6.80617809199993, 0.0 ], [ 111.028739929, -6.80622339199994, 0.0 ], [ 111.028808593, -6.806170938999971, 0.0 ], [ 111.028862, -6.806050300999909, 0.0 ], [ 111.028938294, -6.80591487899994, 0.0 ], [ 111.029045104, -6.80589723599996, 0.0 ], [ 111.029129028, -6.80591487899994, 0.0 ], [ 111.029304504, -6.805934905999891, 0.0 ], [ 111.029388427, -6.80591249499997, 0.0 ], [ 111.029510498, -6.80594301099995, 0.0 ], [ 111.02960968, -6.80596876199985, 0.0 ], [ 111.029739379, -6.80611848899997, 0.0 ], [ 111.030143738, -6.8064150809999, 0.0 ], [ 111.030677795, -6.80649614199996, 0.0 ], [ 111.031135559, -6.80649614199996, 0.0 ], [ 111.031463622, -6.80673885299996, 0.0 ], [ 111.032028199, -6.80679273599998, 0.0 ], [ 111.033218384, -6.80703544699998, 0.0 ], [ 111.033515931, -6.807305334999971, 0.0 ], [ 111.0340271, -6.80744028099991, 0.0 ], [ 111.035675049, -6.80795240299994, 0.0 ], [ 111.036567689, -6.80811452799992, 0.0 ], [ 111.037376404, -6.80822229299997, 0.0 ], [ 111.038131714, -6.808388232999899, 0.0 ], [ 111.038230897, -6.80841016699998, 0.0 ], [ 111.038238525, -6.80910205899994, 0.0 ], [ 111.038246155, -6.810337543999941, 0.0 ], [ 111.038276672, -6.81123924199994, 0.0 ], [ 111.038154603, -6.812048434999891, 0.0 ], [ 111.038276672, -6.81284570699995, 0.0 ], [ 111.038284302, -6.813052653999929, 0.0 ], [ 111.03830719, -6.81320714899994, 0.0 ], [ 111.038314818, -6.81328868799994, 0.0 ], [ 111.038368226, -6.81344795299998, 0.0 ], [ 111.038619995, -6.81400775899994, 0.0 ], [ 111.038574218, -6.814695835999941, 0.0 ], [ 111.037910462, -6.814595221999871, 0.0 ], [ 111.037803649, -6.81457376499998, 0.0 ], [ 111.037483214, -6.81451082199987, 0.0 ], [ 111.037490845, -6.81465005899997, 0.0 ], [ 111.037483214, -6.81524944199998, 0.0 ], [ 111.036003112, -6.81484794599982, 0.0 ], [ 111.035583495, -6.81477451199993, 0.0 ], [ 111.035079956, -6.81472205999995, 0.0 ], [ 111.034835815, -6.81474304099993, 0.0 ], [ 111.034629823, -6.81474351799994, 0.0 ], [ 111.034248353, -6.81473302799998, 0.0 ], [ 111.033866882, -6.81461715699982, 0.0 ], [ 111.033378602, -6.81453323299996, 0.0 ], [ 111.033103944, -6.81447029099991, 0.0 ], [ 111.032859802, -6.81447029099991, 0.0 ], [ 111.032577514, -6.814428328999899, 0.0 ], [ 111.032409669, -6.81545734399998, 0.0 ], [ 111.032341003, -6.81591558299993, 0.0 ], [ 111.032180786, -6.81586599299993, 0.0 ], [ 111.031898498, -6.815814495999921, 0.0 ], [ 111.03174591, -6.81598234099988, 0.0 ], [ 111.031761169, -6.81630802199993, 0.0 ], [ 111.031730652, -6.8165493009999, 0.0 ], [ 111.031669617, -6.81690263699988, 0.0 ], [ 111.031478883, -6.81710290899997, 0.0 ], [ 111.031272888, -6.8170657149999, 0.0 ], [ 111.031013489, -6.81701898499995, 0.0 ], [ 111.030693054, -6.816926002999881, 0.0 ], [ 111.030456543, -6.816907404999941, 0.0 ], [ 111.030143738, -6.81685113899994, 0.0 ], [ 111.030105591, -6.816701887999901, 0.0 ], [ 111.02998352, -6.81666469599992, 0.0 ], [ 111.02986145, -6.81668329199988, 0.0 ], [ 111.029663085, -6.81662750199996, 0.0 ], [ 111.029396058, -6.81654357799994, 0.0 ], [ 111.029159547, -6.81645965599995, 0.0 ], [ 111.028877258, -6.816394327999941, 0.0 ], [ 111.02884674, -6.81626367499996, 0.0 ], [ 111.028564454, -6.81617975299997, 0.0 ], [ 111.028533935, -6.81557369199993, 0.0 ], [ 111.028167725, -6.81546163499996, 0.0 ], [ 111.028182983, -6.81528520599994, 0.0 ], [ 111.028182983, -6.81491136599993, 0.0 ], [ 111.027450562, -6.81459951399995, 0.0 ], [ 111.027542114, -6.81422519699987, 0.0 ], [ 111.02709198, -6.8140869149999, 0.0 ], [ 111.026824952, -6.81405353599996, 0.0 ], [ 111.026504517, -6.81397867199991, 0.0 ], [ 111.026206971, -6.81391334499995, 0.0 ], [ 111.026206971, -6.81377363299993, 0.0 ], [ 111.026275634, -6.81328868799994, 0.0 ], [ 111.026298523, -6.81306457499994, 0.0 ], [ 111.026359558, -6.8127012249999, 0.0 ], [ 111.026596069, -6.8127012249999, 0.0 ], [ 111.026763917, -6.81272888099988, 0.0 ], [ 111.026962281, -6.812663555999901, 0.0 ], [ 111.027069091, -6.81262731399994, 0.0 ], [ 111.027061463, -6.81248760299991, 0.0 ], [ 111.026977539, -6.81239318799993, 0.0 ], [ 111.027030945, -6.81214141899994, 0.0 ], [ 111.027053833, -6.811908244999931, 0.0 ], [ 111.027061463, -6.811470031999931, 0.0 ], [ 111.026802064, -6.811432360999899, 0.0 ], [ 111.026557922, -6.811413764999879, 0.0 ], [ 111.026535034, -6.81123685899991, 0.0 ], [ 111.026496887, -6.81086349399993, 0.0 ], [ 111.026512145, -6.81058359099995, 0.0 ], [ 111.026535034, -6.810257434999869, 0.0 ], [ 111.026542664, -6.809805869999881, 0.0 ], [ 111.026016235, -6.80963373099996, 0.0 ], [ 111.025886536, -6.809772490999879, 0.0 ], [ 111.025756835, -6.80990314399997, 0.0 ], [ 111.025718688, -6.80999612799991, 0.0 ], [ 111.025695802, -6.81010818399994, 0.0 ], [ 111.025634766, -6.81021070399993, 0.0 ], [ 111.025512696, -6.810359954999909, 0.0 ], [ 111.024925231, -6.810183046999949, 0.0 ], [ 111.02496338, -6.81008958799993, 0.0 ], [ 111.02443695, -6.80997752999997, 0.0 ], [ 111.024078369, -6.80983686399998, 0.0 ], [ 111.024070741, -6.80969619699988, 0.0 ], [ 111.024116516, -6.8093810069999, 0.0 ], [ 111.024124146, -6.80918025999989, 0.0 ], [ 111.024215698, -6.80896043699994, 0.0 ], [ 111.024261475, -6.8087563499999, 0.0 ], [ 111.024230958, -6.808598040999871, 0.0 ], [ 111.024185181, -6.80842828699997, 0.0 ], [ 111.024299621, -6.80733966899993, 0.0 ], [ 111.024337768, -6.80629920999991, 0.0 ], [ 111.023979187, -6.80630493099994, 0.0 ], [ 111.023880004, -6.806298732999949, 0.0 ] ] ] ] } },
{ "type": "Feature", "properties": { "GID_4": "IDN.10.21.10.5_1", "GID_0": "IDN", "COUNTRY": "Indonesia", "GID_1": "IDN.10_1", "NAME_1": "Jawa Tengah", "GID_2": "IDN.10.21_1", "NAME_2": "Pati", "GID_3": "IDN.10.21.10_1", "NAME_3": "Kayen", "NAME_4": "Jatiroto", "VARNAME_4": "NA", "TYPE_4": "Desa", "ENGTYPE_4": "Village", "CC_4": "3318020008" }, "geometry": { "type": "MultiPolygon", "coordinates": [ [ [ [ 111.020408631, -6.89008617399998, 0.0 ], [ 111.020240784, -6.89211225399993, 0.0 ], [ 111.019996642, -6.89390993099988, 0.0 ], [ 111.020042419, -6.89430904399995, 0.0 ], [ 111.019927979, -6.894247053999891, 0.0 ], [ 111.019874572, -6.89465045999998, 0.0 ], [ 111.019836425, -6.894970417999899, 0.0 ], [ 111.019744873, -6.89537000599984, 0.0 ], [ 111.020393371, -6.89662027299988, 0.0 ], [ 111.020614624, -6.89701032599993, 0.0 ], [ 111.021492005, -6.89859008699989, 0.0 ], [ 111.021713258, -6.89906024899989, 0.0 ], [ 111.02180481, -6.89925003099995, 0.0 ], [ 111.021957397, -6.89950036999988, 0.0 ], [ 111.022026062, -6.899910448999891, 0.0 ], [ 111.022018432, -6.90088033699993, 0.0 ], [ 111.021942139, -6.901830196999919, 0.0 ], [ 111.021873475, -6.90288019099995, 0.0 ], [ 111.021865845, -6.90346002599995, 0.0 ], [ 111.021896362, -6.90391015899991, 0.0 ], [ 111.020385743, -6.9054303179999, 0.0 ], [ 111.019477843, -6.90643024499997, 0.0 ], [ 111.019073487, -6.907110213999891, 0.0 ], [ 111.018821717, -6.90801000599993, 0.0 ], [ 111.018455505, -6.90957021699995, 0.0 ], [ 111.018196106, -6.91074037399989, 0.0 ], [ 111.017913817, -6.911920069999951, 0.0 ], [ 111.01764679, -6.91323041799996, 0.0 ], [ 111.017585754, -6.91405010199998, 0.0 ], [ 111.017738342, -6.91431045399997, 0.0 ], [ 111.017807007, -6.91460037199988, 0.0 ], [ 111.017807007, -6.91476011299994, 0.0 ], [ 111.017723083, -6.91503000299997, 0.0 ], [ 111.017578124, -6.915190219999941, 0.0 ], [ 111.017356873, -6.91540002799997, 0.0 ], [ 111.017242431, -6.91550016499997, 0.0 ], [ 111.017097474, -6.915520190999871, 0.0 ], [ 111.016716004, -6.91547012299998, 0.0 ], [ 111.016563416, -6.91548013599993, 0.0 ], [ 111.016487121, -6.915550231999929, 0.0 ], [ 111.016487121, -6.91567039499995, 0.0 ], [ 111.016578675, -6.91578006799995, 0.0 ], [ 111.01675415, -6.915880202999971, 0.0 ], [ 111.01701355, -6.91592025699993, 0.0 ], [ 111.017547608, -6.91590023099997, 0.0 ], [ 111.017738342, -6.91591024399997, 0.0 ], [ 111.017906189, -6.91598033999992, 0.0 ], [ 111.018066407, -6.91607999699983, 0.0 ], [ 111.018173217, -6.91628026899997, 0.0 ], [ 111.018226624, -6.91659021299995, 0.0 ], [ 111.018241883, -6.91675043099997, 0.0 ], [ 111.01828766, -6.916870116999921, 0.0 ], [ 111.018478394, -6.917000292999941, 0.0 ], [ 111.018554687, -6.917120455999851, 0.0 ], [ 111.018478394, -6.91721010199996, 0.0 ], [ 111.018371581, -6.91727018299997, 0.0 ], [ 111.018127442, -6.91724014399989, 0.0 ], [ 111.018005371, -6.9172501569999, 0.0 ], [ 111.017837524, -6.91733026499998, 0.0 ], [ 111.017776488, -6.91745042799988, 0.0 ], [ 111.017784119, -6.91762018199989, 0.0 ], [ 111.017196656, -6.91780042499988, 0.0 ], [ 111.016555786, -6.9180302609999, 0.0 ], [ 111.015876769, -6.918440341999881, 0.0 ], [ 111.015068054, -6.91856002799994, 0.0 ], [ 111.01487732, -6.91854, 0.0 ], [ 111.014648437, -6.9185004229999, 0.0 ], [ 111.01449585, -6.918440341999881, 0.0 ], [ 111.014335632, -6.91856002799994, 0.0 ], [ 111.014198303, -6.9186701779999, 0.0 ], [ 111.014144898, -6.9185800539999, 0.0 ], [ 111.014091491, -6.91846036899994, 0.0 ], [ 111.014015197, -6.918450354999949, 0.0 ], [ 111.013877868, -6.91842031399995, 0.0 ], [ 111.013755798, -6.918320178999979, 0.0 ], [ 111.013748169, -6.9182300569999, 0.0 ], [ 111.013671876, -6.918100356999901, 0.0 ], [ 111.013511658, -6.91815042399998, 0.0 ], [ 111.013397216, -6.91838025999988, 0.0 ], [ 111.013282775, -6.91852998699994, 0.0 ], [ 111.013206482, -6.91856002799994, 0.0 ], [ 111.013061523, -6.91851043599991, 0.0 ], [ 111.012992859, -6.91842031399995, 0.0 ], [ 111.01296234, -6.91829013799997, 0.0 ], [ 111.013092041, -6.91794013899988, 0.0 ], [ 111.013092041, -6.91770028999997, 0.0 ], [ 111.013214112, -6.91760015499995, 0.0 ], [ 111.013298036, -6.91747999199993, 0.0 ], [ 111.01322174, -6.91736030499987, 0.0 ], [ 111.013053894, -6.9171800609999, 0.0 ], [ 111.012832642, -6.91707038799996, 0.0 ], [ 111.012733459, -6.917140006999939, 0.0 ], [ 111.012634277, -6.9171900739999, 0.0 ], [ 111.012527465, -6.91712999399994, 0.0 ], [ 111.012382508, -6.91698026699987, 0.0 ], [ 111.012191772, -6.91682004899997, 0.0 ], [ 111.011985779, -6.91669034999995, 0.0 ], [ 111.011817932, -6.91659021299995, 0.0 ], [ 111.011611939, -6.91642999599992, 0.0 ], [ 111.011573792, -6.91631030999997, 0.0 ], [ 111.011528015, -6.91615009299994, 0.0 ], [ 111.011405945, -6.91615009299994, 0.0 ], [ 111.011184692, -6.916240214999961, 0.0 ], [ 111.010986328, -6.91610002499988, 0.0 ], [ 111.010963439, -6.91601037899994, 0.0 ], [ 111.010795594, -6.915880202999971, 0.0 ], [ 111.01070404, -6.91568040799996, 0.0 ], [ 111.010932923, -6.91539001499996, 0.0 ], [ 111.01083374, -6.91520023299995, 0.0 ], [ 111.010734558, -6.91499042599997, 0.0 ], [ 111.010742188, -6.914830207999959, 0.0 ], [ 111.010818482, -6.91474008599988, 0.0 ], [ 111.010955811, -6.91468000399988, 0.0 ], [ 111.011032105, -6.914650439999951, 0.0 ], [ 111.010993958, -6.914530276999929, 0.0 ], [ 111.010917664, -6.914180277999951, 0.0 ], [ 111.010986328, -6.91415023899992, 0.0 ], [ 111.011146545, -6.914100168999879, 0.0 ], [ 111.011238099, -6.9139900209999, 0.0 ], [ 111.011192322, -6.913900374999969, 0.0 ], [ 111.01109314, -6.91377019899994, 0.0 ], [ 111.010963439, -6.91370010299988, 0.0 ], [ 111.010398865, -6.91350030899997, 0.0 ], [ 111.010307311, -6.9134101869999, 0.0 ], [ 111.010162354, -6.913280010999871, 0.0 ], [ 111.010063172, -6.913170337999929, 0.0 ], [ 111.00996399, -6.91315030999988, 0.0 ], [ 111.009757995, -6.91309022899998, 0.0 ], [ 111.009658813, -6.91295003799991, 0.0 ], [ 111.009658813, -6.91273021699993, 0.0 ], [ 111.009628296, -6.9125599869999, 0.0 ], [ 111.009468079, -6.912440298999971, 0.0 ], [ 111.009353638, -6.912270067999881, 0.0 ], [ 111.009246826, -6.91201019299996, 0.0 ], [ 111.009124755, -6.91175031599994, 0.0 ], [ 111.009033203, -6.91168022099993, 0.0 ], [ 111.008903503, -6.91179037099988, 0.0 ], [ 111.008804321, -6.91193008499994, 0.0 ], [ 111.008628845, -6.911940097999951, 0.0 ], [ 111.008377075, -6.91189002999988, 0.0 ], [ 111.008178711, -6.91190004299983, 0.0 ], [ 111.008071899, -6.91216039599988, 0.0 ], [ 111.007972717, -6.912340163999939, 0.0 ], [ 111.007858276, -6.912330150999879, 0.0 ], [ 111.007797241, -6.91226005499993, 0.0 ], [ 111.007698059, -6.91223001399993, 0.0 ], [ 111.007507324, -6.91235017699995, 0.0 ], [ 111.007331849, -6.912450313999949, 0.0 ], [ 111.007164001, -6.91242027299995, 0.0 ], [ 111.00692749, -6.91232013599995, 0.0 ], [ 111.006782531, -6.91219997499996, 0.0 ], [ 111.006736756, -6.91206026099997, 0.0 ], [ 111.00666809, -6.911910056999939, 0.0 ], [ 111.006538392, -6.911859988999879, 0.0 ], [ 111.006332397, -6.91184997599993, 0.0 ], [ 111.006164551, -6.91180038399995, 0.0 ], [ 111.005683899, -6.91149997699995, 0.0 ], [ 111.005714416, -6.911410330999901, 0.0 ], [ 111.005744934, -6.91129016799988, 0.0 ], [ 111.005638122, -6.91121005899993, 0.0 ], [ 111.005554198, -6.911260127999979, 0.0 ], [ 111.005416869, -6.91136026299995, 0.0 ], [ 111.005332947, -6.91127014099993, 0.0 ], [ 111.005302429, -6.911139964999901, 0.0 ], [ 111.005348206, -6.91102027999995, 0.0 ], [ 111.005393983, -6.91068029399997, 0.0 ], [ 111.005195619, -6.910590171999901, 0.0 ], [ 111.005195619, -6.910420416999951, 0.0 ], [ 111.005126953, -6.91024017299998, 0.0 ], [ 111.004936219, -6.90990018799994, 0.0 ], [ 111.004867553, -6.90951013599988, 0.0 ], [ 111.00478363, -6.909180163999959, 0.0 ], [ 111.004714966, -6.90867996199995, 0.0 ], [ 111.004516602, -6.90844011399997, 0.0 ], [ 111.004402161, -6.908420085999919, 0.0 ], [ 111.004173278, -6.90844011399997, 0.0 ], [ 111.003791808, -6.90867042499997, 0.0 ], [ 111.003707886, -6.90881013899997, 0.0 ], [ 111.003608704, -6.908840179999971, 0.0 ], [ 111.003318786, -6.908820151999979, 0.0 ], [ 111.003112793, -6.908710001999959, 0.0 ], [ 111.002914429, -6.908460139999869, 0.0 ], [ 111.002464294, -6.90834998999998, 0.0 ], [ 111.002388, -6.908420085999919, 0.0 ], [ 111.002304078, -6.908520221999941, 0.0 ], [ 111.0021286, -6.90850019399988, 0.0 ], [ 111.001716613, -6.908460139999869, 0.0 ], [ 111.001495361, -6.90843009899987, 0.0 ], [ 111.001068115, -6.90847015299988, 0.0 ], [ 111.000915528, -6.90856027699988, 0.0 ], [ 111.000808716, -6.908490180999929, 0.0 ], [ 111.000724792, -6.90834998999998, 0.0 ], [ 111.00074768, -6.90824031699998, 0.0 ], [ 111.000923156, -6.908040046999929, 0.0 ], [ 111.001068115, -6.907760141999971, 0.0 ], [ 111.001022338, -6.90763997899995, 0.0 ], [ 111.000907898, -6.90754032199987, 0.0 ], [ 111.000877381, -6.90740012999993, 0.0 ], [ 111.000938416, -6.90724038999991, 0.0 ], [ 111.001045227, -6.907060146999919, 0.0 ], [ 111.001136779, -6.90700006399993, 0.0 ], [ 111.001411439, -6.90674018899995, 0.0 ], [ 111.001457214, -6.90659999799988, 0.0 ], [ 111.001457214, -6.90652036599994, 0.0 ], [ 111.001426697, -6.906400202999979, 0.0 ], [ 111.001426697, -6.90628003999996, 0.0 ], [ 111.001373292, -6.90586996099995, 0.0 ], [ 111.001335143, -6.90572023399994, 0.0 ], [ 111.001304626, -6.905620096999881, 0.0 ], [ 111.001167297, -6.905440330999969, 0.0 ], [ 111.001083374, -6.90529012599995, 0.0 ], [ 111.001037599, -6.905130385999881, 0.0 ], [ 111.000968933, -6.90492010099996, 0.0 ], [ 111.000877381, -6.90482997999987, 0.0 ], [ 111.000793457, -6.90477037399995, 0.0 ], [ 111.000686645, -6.90475034599996, 0.0 ], [ 111.000343324, -6.90478038699996, 0.0 ], [ 111.000076294, -6.90471029199995, 0.0 ], [ 110.999977112, -6.904600143999969, 0.0 ], [ 110.999893188, -6.90455007399993, 0.0 ], [ 110.999565125, -6.90453004799997, 0.0 ], [ 110.999305725, -6.90459012899993, 0.0 ], [ 110.999053956, -6.904610156999979, 0.0 ], [ 110.998931885, -6.904600143999969, 0.0 ], [ 110.998847961, -6.904610156999979, 0.0 ], [ 110.99860382, -6.90455007399993, 0.0 ], [ 110.998397828, -6.904489993999901, 0.0 ], [ 110.99823761, -6.904489993999901, 0.0 ], [ 110.998222352, -6.90433025399994, 0.0 ], [ 110.998153686, -6.90391015899991, 0.0 ], [ 110.998054504, -6.9035701759999, 0.0 ], [ 110.998046874, -6.90304994599995, 0.0 ], [ 110.997886659, -6.90277004299998, 0.0 ], [ 110.997657776, -6.902580261999901, 0.0 ], [ 110.997505188, -6.90239000299988, 0.0 ], [ 110.997428895, -6.90216016699998, 0.0 ], [ 110.997383118, -6.90181016799994, 0.0 ], [ 110.997352601, -6.90161037399997, 0.0 ], [ 110.997337341, -6.9005804059999, 0.0 ], [ 110.997367859, -6.90034007899993, 0.0 ], [ 110.997352601, -6.90001010899988, 0.0 ], [ 110.997283936, -6.89971017699992, 0.0 ], [ 110.9972229, -6.89953994699988, 0.0 ], [ 110.997161865, -6.89932012599991, 0.0 ], [ 110.997024536, -6.899170398999961, 0.0 ], [ 110.99684143, -6.89896011199994, 0.0 ], [ 110.996704101, -6.89859008699989, 0.0 ], [ 110.996643066, -6.89836025199997, 0.0 ], [ 110.996604919, -6.898139953999869, 0.0 ], [ 110.996604919, -6.897760390999911, 0.0 ], [ 110.996597291, -6.89752006499998, 0.0 ], [ 110.99658203, -6.89703035399998, 0.0 ], [ 110.996551514, -6.89672994499989, 0.0 ], [ 110.996528625, -6.89651012499991, 0.0 ], [ 110.99646759, -6.89631032799991, 0.0 ], [ 110.996452332, -6.89610004299993, 0.0 ], [ 110.996421815, -6.895930289999909, 0.0 ], [ 110.996345519, -6.89559030399994, 0.0 ], [ 110.996276856, -6.89532995199988, 0.0 ], [ 110.996253967, -6.89510011599998, 0.0 ], [ 110.996192932, -6.89493036299996, 0.0 ], [ 110.996147155, -6.894500255999899, 0.0 ], [ 110.996032714, -6.89404010699991, 0.0 ], [ 110.996017456, -6.8938403119999, 0.0 ], [ 110.995925904, -6.89352035499991, 0.0 ], [ 110.995925904, -6.89327001599997, 0.0 ], [ 110.99583435, -6.89296007099983, 0.0 ], [ 110.995704651, -6.8926401139999, 0.0 ], [ 110.995513915, -6.89236020999994, 0.0 ], [ 110.99534607, -6.892199992999909, 0.0 ], [ 110.995162964, -6.89210033299992, 0.0 ], [ 110.99497223, -6.89198016999995, 0.0 ], [ 110.994728088, -6.89193010299988, 0.0 ], [ 110.99445343, -6.891770362999979, 0.0 ], [ 110.994125365, -6.89155006499988, 0.0 ], [ 110.993911743, -6.89144039199994, 0.0 ], [ 110.993675232, -6.89126014599998, 0.0 ], [ 110.993553161, -6.89111995699989, 0.0 ], [ 110.993453979, -6.89087009299993, 0.0 ], [ 110.993423462, -6.89058017699989, 0.0 ], [ 110.993362427, -6.890310286999981, 0.0 ], [ 110.993247986, -6.890020370999929, 0.0 ], [ 110.993148804, -6.88971996199996, 0.0 ], [ 110.992897035, -6.88954019599993, 0.0 ], [ 110.992721557, -6.88944005899998, 0.0 ], [ 110.992454529, -6.88933038599987, 0.0 ], [ 110.992057801, -6.88923025099996, 0.0 ], [ 110.991867066, -6.88914012899994, 0.0 ], [ 110.991592407, -6.88906002099998, 0.0 ], [ 110.991325379, -6.88884019799991, 0.0 ], [ 110.991142273, -6.88860034899989, 0.0 ], [ 110.991165161, -6.88838005099996, 0.0 ], [ 110.991264343, -6.888070106999979, 0.0 ], [ 110.991317749, -6.88781022999996, 0.0 ], [ 110.991363526, -6.88735008299989, 0.0 ], [ 110.991386414, -6.88719034099995, 0.0 ], [ 110.991401672, -6.88711023199994, 0.0 ], [ 110.991333007, -6.88688993399995, 0.0 ], [ 110.991333007, -6.88661003099998, 0.0 ], [ 110.991378784, -6.88642024999996, 0.0 ], [ 110.991333007, -6.886360168999891, 0.0 ], [ 110.991355895, -6.886189936999929, 0.0 ], [ 110.991424561, -6.88595008799996, 0.0 ], [ 110.991516113, -6.885670184999979, 0.0 ], [ 110.99155426, -6.88559007599997, 0.0 ], [ 110.991706849, -6.88529014599993, 0.0 ], [ 110.991752624, -6.885070323999911, 0.0 ], [ 110.991737366, -6.88485002599998, 0.0 ], [ 110.991622925, -6.88438034099994, 0.0 ], [ 110.991638183, -6.88423013699997, 0.0 ], [ 110.991638183, -6.88407039699996, 0.0 ], [ 110.991577148, -6.88402032699992, 0.0 ], [ 110.991424561, -6.88396024699983, 0.0 ], [ 110.991233825, -6.88387012499993, 0.0 ], [ 110.991157531, -6.88381004199994, 0.0 ], [ 110.990371704, -6.88339996299993, 0.0 ], [ 110.990188598, -6.883389949999979, 0.0 ], [ 110.989952087, -6.883409975999939, 0.0 ], [ 110.989852905, -6.88339090299996, 0.0 ], [ 110.993171693, -6.87656974799995, 0.0 ], [ 110.99331665, -6.876271723999881, 0.0 ], [ 110.993835449, -6.876271723999881, 0.0 ], [ 110.99747467, -6.876642703999949, 0.0 ], [ 111.001998901, -6.87723588899996, 0.0 ], [ 111.002502442, -6.87734031699995, 0.0 ], [ 111.003181457, -6.87759208599988, 0.0 ], [ 111.003120422, -6.87803888199988, 0.0 ], [ 111.002799989, -6.879634856999871, 0.0 ], [ 111.001586915, -6.88359355899996, 0.0 ], [ 111.002288818, -6.88391256199998, 0.0 ], [ 111.003692626, -6.88467883999994, 0.0 ], [ 111.004592895, -6.88608312599996, 0.0 ], [ 111.004974366, -6.88640260599993, 0.0 ], [ 111.005867005, -6.886466026999931, 0.0 ], [ 111.006637574, -6.88729619999998, 0.0 ], [ 111.006889343, -6.88729619999998, 0.0 ], [ 111.007659912, -6.88748788699996, 0.0 ], [ 111.008934021, -6.88748788699996, 0.0 ], [ 111.009956359, -6.88723230299985, 0.0 ], [ 111.010017395, -6.88870048399991, 0.0 ], [ 111.010597229, -6.88876438199998, 0.0 ], [ 111.011299132, -6.88863706599989, 0.0 ], [ 111.01209259, -6.88801813199996, 0.0 ], [ 111.012451171, -6.887742995999931, 0.0 ], [ 111.012832642, -6.88793468499995, 0.0 ], [ 111.013465881, -6.887742995999931, 0.0 ], [ 111.013687134, -6.88771200199994, 0.0 ], [ 111.014328004, -6.88751268299995, 0.0 ], [ 111.014884948, -6.88759231499995, 0.0 ], [ 111.014900208, -6.887910841999939, 0.0 ], [ 111.014900208, -6.88862800599998, 0.0 ], [ 111.015182494, -6.88878726999997, 0.0 ], [ 111.015342712, -6.88834905499988, 0.0 ], [ 111.016059875, -6.888747215999961, 0.0 ], [ 111.016220093, -6.88866758299991, 0.0 ], [ 111.016868591, -6.88887643699996, 0.0 ], [ 111.017456056, -6.88906574099991, 0.0 ], [ 111.017417907, -6.889503955999939, 0.0 ], [ 111.018051148, -6.88982248399992, 0.0 ], [ 111.018531799, -6.88966321899989, 0.0 ], [ 111.019767762, -6.88966321899989, 0.0 ], [ 111.020240784, -6.88994216899988, 0.0 ], [ 111.020408631, -6.89008617399998, 0.0 ] ] ] ] } },
{ "type": "Feature", "properties": { "GID_4": "IDN.10.9.9.1_1", "GID_0": "IDN", "COUNTRY": "Indonesia", "GID_1": "IDN.10_1", "NAME_1": "Jawa Tengah", "GID_2": "IDN.10.9_1", "NAME_2": "Grobogan", "GID_3": "IDN.10.9.9_1", "NAME_3": "Klambu", "NAME_4": "Jenengan", "VARNAME_4": "NA", "TYPE_4": "Desa", "ENGTYPE_4": "Village", "CC_4": "3315150008" }, "geometry": { "type": "MultiPolygon", "coordinates": [ [ [ [ 110.763877868, -6.969025612999871, 0.0 ], [ 110.763824463, -6.96887493099996, 0.0 ], [ 110.763305664, -6.96813201899994, 0.0 ], [ 110.763305664, -6.96778774199987, 0.0 ], [ 110.763793945, -6.966754435999971, 0.0 ], [ 110.764976502, -6.96552467399994, 0.0 ], [ 110.766754151, -6.964294910999971, 0.0 ], [ 110.766845703, -6.964238165999969, 0.0 ], [ 110.768180847, -6.96340989999993, 0.0 ], [ 110.769905091, -6.96267223299992, 0.0 ], [ 110.77128601, -6.96350955899993, 0.0 ], [ 110.771446228, -6.96364974899996, 0.0 ], [ 110.772613525, -6.96469163999996, 0.0 ], [ 110.773437501, -6.96540880099997, 0.0 ], [ 110.774368287, -6.96504020599991, 0.0 ], [ 110.775375367, -6.96474933499991, 0.0 ], [ 110.775871278, -6.96526002899998, 0.0 ], [ 110.776672363, -6.965839862999931, 0.0 ], [ 110.777412415, -6.966209887999979, 0.0 ], [ 110.777519225, -6.96622991499993, 0.0 ], [ 110.77960205, -6.96663999599997, 0.0 ], [ 110.780082703, -6.966760158999931, 0.0 ], [ 110.780166626, -6.966790197999959, 0.0 ], [ 110.780563355, -6.96684980299989, 0.0 ], [ 110.781936645, -6.96694993999984, 0.0 ], [ 110.78414154, -6.96703004899996, 0.0 ], [ 110.78642273, -6.96716976099998, 0.0 ], [ 110.786437988, -6.965680120999931, 0.0 ], [ 110.786582947, -6.964879988999881, 0.0 ], [ 110.786926269, -6.96417999299996, 0.0 ], [ 110.787528992, -6.96344995399994, 0.0 ], [ 110.787857055, -6.962580202999959, 0.0 ], [ 110.788040161, -6.961219786999891, 0.0 ], [ 110.788009644, -6.96055984399993, 0.0 ], [ 110.787818908, -6.95943021799991, 0.0 ], [ 110.787567138, -6.95833015399984, 0.0 ], [ 110.787193298, -6.95753002199996, 0.0 ], [ 110.787101746, -6.95712995499991, 0.0 ], [ 110.787315, -6.956375, 0.0 ], [ 110.789131164, -6.95681953399998, 0.0 ], [ 110.79060375, -6.95711092699992, 0.0 ], [ 110.79065323, -6.9571309449999, 0.0 ], [ 110.79145813, -6.95745658799996, 0.0 ], [ 110.792419433, -6.958002090999971, 0.0 ], [ 110.792675844, -6.95822537399994, 0.0 ], [ 110.792772171, -6.958309255999949, 0.0 ], [ 110.793441773, -6.95889234499998, 0.0 ], [ 110.793600246, -6.95906607099988, 0.0 ], [ 110.793612344, -6.959079332999921, 0.0 ], [ 110.79364221, -6.95911207399996, 0.0 ], [ 110.793823177, -6.95931045799995, 0.0 ], [ 110.793937684, -6.95943593899995, 0.0 ], [ 110.794677734, -6.96023750299997, 0.0 ], [ 110.796058654, -6.96169137899994, 0.0 ], [ 110.797439576, -6.96323585399995, 0.0 ], [ 110.798553466, -6.964399337999909, 0.0 ], [ 110.79927826, -6.965580463999859, 0.0 ], [ 110.799827575, -6.9666161529999, 0.0 ], [ 110.800209046, -6.96772432199998, 0.0 ], [ 110.800415038, -6.96863794199987, 0.0 ], [ 110.800445557, -6.96876382799996, 0.0 ], [ 110.800476073, -6.96890544999997, 0.0 ], [ 110.800750733, -6.97074031799991, 0.0 ], [ 110.801094055, -6.97244834799994, 0.0 ], [ 110.801132202, -6.97260618099995, 0.0 ], [ 110.800613402, -6.97265004999991, 0.0 ], [ 110.799957276, -6.972720145999971, 0.0 ], [ 110.798988343, -6.973050116999901, 0.0 ], [ 110.797813416, -6.974009990999831, 0.0 ], [ 110.796897888, -6.97488021699996, 0.0 ], [ 110.795883178, -6.97596979099995, 0.0 ], [ 110.794906617, -6.97653007499997, 0.0 ], [ 110.793861388, -6.97674989699993, 0.0 ], [ 110.792442322, -6.97700023699997, 0.0 ], [ 110.79144287, -6.977109908999979, 0.0 ], [ 110.790458679, -6.97699022299986, 0.0 ], [ 110.789871216, -6.976689814999871, 0.0 ], [ 110.78968811, -6.976419924999899, 0.0 ], [ 110.789657594, -6.975679874999969, 0.0 ], [ 110.789558411, -6.97557020199997, 0.0 ], [ 110.789268493, -6.97544002599994, 0.0 ], [ 110.788978577, -6.97529983499987, 0.0 ], [ 110.788597107, -6.97513008099997, 0.0 ], [ 110.788467408, -6.97480010899994, 0.0 ], [ 110.788467408, -6.97434997499988, 0.0 ], [ 110.788421631, -6.97399997599996, 0.0 ], [ 110.788108826, -6.97389984099993, 0.0 ], [ 110.787887573, -6.97384023599989, 0.0 ], [ 110.787757875, -6.97358989699995, 0.0 ], [ 110.787002564, -6.97327995199993, 0.0 ], [ 110.786819458, -6.97325992599986, 0.0 ], [ 110.786468507, -6.97442007099994, 0.0 ], [ 110.786201477, -6.975530147999899, 0.0 ], [ 110.785743713, -6.976890086999901, 0.0 ], [ 110.785453797, -6.97720003099988, 0.0 ], [ 110.784889221, -6.97774982399989, 0.0 ], [ 110.784446717, -6.97821998599989, 0.0 ], [ 110.784156799, -6.97867011999995, 0.0 ], [ 110.783851624, -6.978960035999929, 0.0 ], [ 110.782882691, -6.978819846999899, 0.0 ], [ 110.782279968, -6.97857999799993, 0.0 ], [ 110.780899048, -6.97802019199997, 0.0 ], [ 110.7782135, -6.977109908999979, 0.0 ], [ 110.776519776, -6.976630211999981, 0.0 ], [ 110.77494812, -6.97618007599988, 0.0 ], [ 110.773902893, -6.97588634399989, 0.0 ], [ 110.774246216, -6.97530841699995, 0.0 ], [ 110.77431488, -6.97475814899991, 0.0 ], [ 110.774215698, -6.974504469999891, 0.0 ], [ 110.773994445, -6.97420787799996, 0.0 ], [ 110.773513795, -6.97393989599988, 0.0 ], [ 110.772598267, -6.973500251999949, 0.0 ], [ 110.772392272, -6.97340345299989, 0.0 ], [ 110.771995544, -6.973396777999881, 0.0 ], [ 110.770629882, -6.973374366999911, 0.0 ], [ 110.77053833, -6.97338628699993, 0.0 ], [ 110.770271301, -6.97320079799994, 0.0 ], [ 110.769851685, -6.97290944999997, 0.0 ], [ 110.769065856, -6.97221994299997, 0.0 ], [ 110.769012451, -6.971580504999961, 0.0 ], [ 110.769462585, -6.97089147499997, 0.0 ], [ 110.770149232, -6.97015333099995, 0.0 ], [ 110.771186828, -6.969268321999891, 0.0 ], [ 110.770988464, -6.96852970199996, 0.0 ], [ 110.770347596, -6.967791079999871, 0.0 ], [ 110.769065856, -6.96793842199997, 0.0 ], [ 110.767784119, -6.96852826999987, 0.0 ], [ 110.766853333, -6.969069004999939, 0.0 ], [ 110.765525818, -6.9693813319999, 0.0 ], [ 110.765762329, -6.969153880999949, 0.0 ], [ 110.764427184, -6.96933507999989, 0.0 ], [ 110.763877868, -6.969025612999871, 0.0 ] ] ] ] } },
{ "type": "Feature", "properties": { "GID_4": "IDN.10.21.10.6_1", "GID_0": "IDN", "COUNTRY": "Indonesia", "GID_1": "IDN.10_1", "NAME_1": "Jawa Tengah", "GID_2": "IDN.10.21_1", "NAME_2": "Pati", "GID_3": "IDN.10.21.10_1", "NAME_3": "Kayen", "NAME_4": "Jimbaran", "VARNAME_4": "NA", "TYPE_4": "Desa", "ENGTYPE_4": "Village", "CC_4": "3318020001" }, "geometry": { "type": "MultiPolygon", "coordinates": [ [ [ [ 110.989288331, -6.93394994699992, 0.0 ], [ 110.989082336, -6.93392038299987, 0.0 ], [ 110.988891602, -6.93393039599982, 0.0 ], [ 110.988624572, -6.934040068999929, 0.0 ], [ 110.98841858, -6.93410015099994, 0.0 ], [ 110.988212585, -6.93426036899996, 0.0 ], [ 110.987983704, -6.93438005399997, 0.0 ], [ 110.987731933, -6.93438005399997, 0.0 ], [ 110.987495422, -6.93438005399997, 0.0 ], [ 110.987228394, -6.93431997199997, 0.0 ], [ 110.987037658, -6.934270381999971, 0.0 ], [ 110.986755372, -6.93421030099995, 0.0 ], [ 110.986358643, -6.93418025999989, 0.0 ], [ 110.985961915, -6.93430995899996, 0.0 ], [ 110.985397339, -6.93438005399997, 0.0 ], [ 110.985145569, -6.934420108999919, 0.0 ], [ 110.984878539, -6.934430121999979, 0.0 ], [ 110.984596253, -6.93438005399997, 0.0 ], [ 110.984024047, -6.93423032699997, 0.0 ], [ 110.983795166, -6.93418025999989, 0.0 ], [ 110.98335266, -6.934130191999941, 0.0 ], [ 110.983032227, -6.93412017699995, 0.0 ], [ 110.982666016, -6.934090137999869, 0.0 ], [ 110.98248291, -6.93421030099995, 0.0 ], [ 110.982162475, -6.93432998699996, 0.0 ], [ 110.981895447, -6.934490203999929, 0.0 ], [ 110.981704713, -6.93455028499994, 0.0 ], [ 110.981498718, -6.93463993099982, 0.0 ], [ 110.98122406, -6.934710024999959, 0.0 ], [ 110.980964661, -6.93477010799995, 0.0 ], [ 110.980735778, -6.934820174999971, 0.0 ], [ 110.980445862, -6.93485021599997, 0.0 ], [ 110.980033875, -6.93475007899997, 0.0 ], [ 110.979858399, -6.93470001199989, 0.0 ], [ 110.979621888, -6.93463993099982, 0.0 ], [ 110.979385377, -6.93458032599995, 0.0 ], [ 110.979171752, -6.934440134999869, 0.0 ], [ 110.978942871, -6.93447017599988, 0.0 ], [ 110.978683471, -6.93447017599988, 0.0 ], [ 110.978477479, -6.934430121999979, 0.0 ], [ 110.978134156, -6.93447017599988, 0.0 ], [ 110.977905273, -6.93458032599995, 0.0 ], [ 110.977394104, -6.934760091999981, 0.0 ], [ 110.976905823, -6.935080051999931, 0.0 ], [ 110.976646423, -6.93530034999992, 0.0 ], [ 110.976226806, -6.935620307999949, 0.0 ], [ 110.975898743, -6.93585014299993, 0.0 ], [ 110.975585937, -6.936079978999939, 0.0 ], [ 110.975166321, -6.93638992299992, 0.0 ], [ 110.974891663, -6.936580179999959, 0.0 ], [ 110.974594117, -6.936779976999961, 0.0 ], [ 110.974395753, -6.93690013799994, 0.0 ], [ 110.974182128, -6.9369702329999, 0.0 ], [ 110.973876954, -6.93711995999996, 0.0 ], [ 110.973571777, -6.93713998899989, 0.0 ], [ 110.973304749, -6.93727016499992, 0.0 ], [ 110.973075866, -6.937290190999871, 0.0 ], [ 110.972885132, -6.93736028699993, 0.0 ], [ 110.972671509, -6.93742990499993, 0.0 ], [ 110.97241211, -6.93747997199995, 0.0 ], [ 110.972167969, -6.93762016399995, 0.0 ], [ 110.971862792, -6.937760352999871, 0.0 ], [ 110.971481324, -6.93797015999996, 0.0 ], [ 110.971343995, -6.93814992899996, 0.0 ], [ 110.971138, -6.9384303089999, 0.0 ], [ 110.970954894, -6.93867015799992, 0.0 ], [ 110.970817565, -6.93883991299998, 0.0 ], [ 110.970626831, -6.93911027899986, 0.0 ], [ 110.970481872, -6.939300059999941, 0.0 ], [ 110.970367432, -6.9394502639999, 0.0 ], [ 110.970245361, -6.93963003099998, 0.0 ], [ 110.970146179, -6.93978023499994, 0.0 ], [ 110.969902038, -6.94024991999993, 0.0 ], [ 110.969902038, -6.94044017799996, 0.0 ], [ 110.969108582, -6.9402937889999, 0.0 ], [ 110.967330932, -6.93988466199988, 0.0 ], [ 110.968505859, -6.93847894599992, 0.0 ], [ 110.968162536, -6.93702030099996, 0.0 ], [ 110.968673705, -6.93513297999993, 0.0 ], [ 110.96798706, -6.93393182799991, 0.0 ], [ 110.968849183, -6.93307399799994, 0.0 ], [ 110.969360352, -6.93084335399993, 0.0 ], [ 110.969017029, -6.929385184999891, 0.0 ], [ 110.967216492, -6.92818355599996, 0.0 ], [ 110.965759278, -6.925695894999821, 0.0 ], [ 110.964897155, -6.92458009799998, 0.0 ], [ 110.963272094, -6.924237251999901, 0.0 ], [ 110.962982178, -6.92366838499993, 0.0 ], [ 110.962684632, -6.923677444999949, 0.0 ], [ 110.961975098, -6.92306709199983, 0.0 ], [ 110.961097717, -6.92207336499996, 0.0 ], [ 110.961097717, -6.92114925399994, 0.0 ], [ 110.960975647, -6.91931200099998, 0.0 ], [ 110.960617065, -6.91819334099989, 0.0 ], [ 110.959854126, -6.91807317799987, 0.0 ], [ 110.95917511, -6.91819334099989, 0.0 ], [ 110.958816528, -6.91843271199997, 0.0 ], [ 110.958580017, -6.918712614999949, 0.0 ], [ 110.958480835, -6.91894769599998, 0.0 ], [ 110.957817078, -6.91947126299993, 0.0 ], [ 110.957458497, -6.919751166999899, 0.0 ], [ 110.957267761, -6.919798373999981, 0.0 ], [ 110.956657409, -6.91995048599995, 0.0 ], [ 110.955902099, -6.91963100299989, 0.0 ], [ 110.955619813, -6.918472288999959, 0.0 ], [ 110.955940246, -6.91591596699993, 0.0 ], [ 110.956581116, -6.91451787899996, 0.0 ], [ 110.957176209, -6.91311931599989, 0.0 ], [ 110.957267761, -6.912884711999939, 0.0 ], [ 110.957832337, -6.91275024299983, 0.0 ], [ 110.958580017, -6.91254043599997, 0.0 ], [ 110.959419251, -6.91188764499998, 0.0 ], [ 110.959861755, -6.911304950999981, 0.0 ], [ 110.959892273, -6.91079187399987, 0.0 ], [ 110.959983825, -6.910185812999939, 0.0 ], [ 110.960235597, -6.909626006999869, 0.0 ], [ 110.960655212, -6.90946292899997, 0.0 ], [ 110.961174011, -6.90925311999996, 0.0 ], [ 110.961662292, -6.909113407999941, 0.0 ], [ 110.96231842, -6.909090041999949, 0.0 ], [ 110.962524414, -6.90899705799995, 0.0 ], [ 110.962638855, -6.90864706099995, 0.0 ], [ 110.962738037, -6.908087729999979, 0.0 ], [ 110.962760925, -6.90764427199997, 0.0 ], [ 110.962760925, -6.90680503699997, 0.0 ], [ 110.962669373, -6.90605878699995, 0.0 ], [ 110.962875366, -6.9055461879999, 0.0 ], [ 110.962715148, -6.90475320799993, 0.0 ], [ 110.962638855, -6.90407705199993, 0.0 ], [ 110.962669373, -6.90365743699994, 0.0 ], [ 110.962478637, -6.90337753199998, 0.0 ], [ 110.962272645, -6.90317439999995, 0.0 ], [ 110.962234498, -6.90307998499998, 0.0 ], [ 110.963142396, -6.90184497799993, 0.0 ], [ 110.965270996, -6.901253699999929, 0.0 ], [ 110.965347289, -6.90136003499993, 0.0 ], [ 110.965728759, -6.90193033099996, 0.0 ], [ 110.966094971, -6.90239000299988, 0.0 ], [ 110.966537475, -6.90268993399991, 0.0 ], [ 110.966804505, -6.90286016499988, 0.0 ], [ 110.967407226, -6.90298032799996, 0.0 ], [ 110.967903136, -6.90312003999998, 0.0 ], [ 110.968292237, -6.903260230999929, 0.0 ], [ 110.968673705, -6.903389929999949, 0.0 ], [ 110.969291686, -6.90373992899993, 0.0 ], [ 110.969772339, -6.90377998299988, 0.0 ], [ 110.97012329, -6.903840065999869, 0.0 ], [ 110.970535277, -6.904000280999981, 0.0 ], [ 110.970855712, -6.904270170999951, 0.0 ], [ 110.971115112, -6.90454006099998, 0.0 ], [ 110.971267701, -6.90480995099995, 0.0 ], [ 110.971366883, -6.90531015499994, 0.0 ], [ 110.9713974, -6.90578031399991, 0.0 ], [ 110.971366883, -6.906150340999889, 0.0 ], [ 110.971351623, -6.90642023199985, 0.0 ], [ 110.971374511, -6.90671014799995, 0.0 ], [ 110.971466065, -6.90689992899991, 0.0 ], [ 110.971748352, -6.90691995499998, 0.0 ], [ 110.972091675, -6.907030104999931, 0.0 ], [ 110.972671509, -6.90745019999997, 0.0 ], [ 110.973037719, -6.90761995299988, 0.0 ], [ 110.973571777, -6.90762996599994, 0.0 ], [ 110.973762513, -6.90754032199987, 0.0 ], [ 110.973953247, -6.90738010399997, 0.0 ], [ 110.974273682, -6.90714025499989, 0.0 ], [ 110.974586487, -6.9068698879999, 0.0 ], [ 110.975074767, -6.90651035299993, 0.0 ], [ 110.975234985, -6.90644025799998, 0.0 ], [ 110.975486756, -6.906400202999979, 0.0 ], [ 110.975982665, -6.906460285999971, 0.0 ], [ 110.976348877, -6.90649032499994, 0.0 ], [ 110.977088929, -6.90662002599993, 0.0 ], [ 110.977188111, -6.9063501359999, 0.0 ], [ 110.977203369, -6.90612029999988, 0.0 ], [ 110.977241516, -6.90567016599994, 0.0 ], [ 110.977333068, -6.90516996299993, 0.0 ], [ 110.977424622, -6.90492010099996, 0.0 ], [ 110.977996827, -6.90510034499988, 0.0 ], [ 110.978141784, -6.90514993699998, 0.0 ], [ 110.978271485, -6.905200004999869, 0.0 ], [ 110.978485107, -6.90528011299995, 0.0 ], [ 110.97870636, -6.90536022199996, 0.0 ], [ 110.979156494, -6.90552997499998, 0.0 ], [ 110.979232787, -6.90556001599998, 0.0 ], [ 110.979385377, -6.90561008399993, 0.0 ], [ 110.979507447, -6.905680179999881, 0.0 ], [ 110.97971344, -6.90577030099996, 0.0 ], [ 110.980232239, -6.9058799739999, 0.0 ], [ 110.98020172, -6.90612029999988, 0.0 ], [ 110.98009491, -6.90657997199992, 0.0 ], [ 110.980041505, -6.906780242999961, 0.0 ], [ 110.980041505, -6.906960009999921, 0.0 ], [ 110.980018616, -6.907160281999951, 0.0 ], [ 110.979965209, -6.907350062999971, 0.0 ], [ 110.979927062, -6.907649993999881, 0.0 ], [ 110.979866027, -6.907820224999971, 0.0 ], [ 110.979766845, -6.9081802369999, 0.0 ], [ 110.97971344, -6.90841007199998, 0.0 ], [ 110.97971344, -6.908590315999961, 0.0 ], [ 110.979621888, -6.908780096999981, 0.0 ], [ 110.979583741, -6.908960342999929, 0.0 ], [ 110.979522706, -6.909150121999909, 0.0 ], [ 110.979476929, -6.90939998599993, 0.0 ], [ 110.979476929, -6.90968036699985, 0.0 ], [ 110.979507447, -6.91000032399995, 0.0 ], [ 110.979553222, -6.91021013199997, 0.0 ], [ 110.979896546, -6.910510062999949, 0.0 ], [ 110.980255127, -6.91068029399997, 0.0 ], [ 110.980644226, -6.91068029399997, 0.0 ], [ 110.981018066, -6.91078996599992, 0.0 ], [ 110.981338501, -6.91107034699991, 0.0 ], [ 110.98148346, -6.911410330999901, 0.0 ], [ 110.981605531, -6.91169023399988, 0.0 ], [ 110.981697083, -6.91190004299983, 0.0 ], [ 110.981758118, -6.91226005499993, 0.0 ], [ 110.981834412, -6.912450313999949, 0.0 ], [ 110.981903077, -6.912680149999971, 0.0 ], [ 110.982101441, -6.912810325999939, 0.0 ], [ 110.982284545, -6.91291999899994, 0.0 ], [ 110.98248291, -6.91319036399995, 0.0 ], [ 110.982574464, -6.91360998099998, 0.0 ], [ 110.982574464, -6.913810252999951, 0.0 ], [ 110.982475281, -6.91402006099992, 0.0 ], [ 110.982421874, -6.91423034499991, 0.0 ], [ 110.982376099, -6.914480208999981, 0.0 ], [ 110.982315064, -6.914730070999951, 0.0 ], [ 110.98223877, -6.915050028999869, 0.0 ], [ 110.982192993, -6.91524028799989, 0.0 ], [ 110.982162475, -6.91559028599988, 0.0 ], [ 110.982185363, -6.91598033999992, 0.0 ], [ 110.982467651, -6.91631030999997, 0.0 ], [ 110.982727051, -6.916660308999949, 0.0 ], [ 110.982963562, -6.91691017099993, 0.0 ], [ 110.98313141, -6.917140006999939, 0.0 ], [ 110.983268739, -6.9172801979999, 0.0 ], [ 110.983375549, -6.917429922999871, 0.0 ], [ 110.983543396, -6.91771030299998, 0.0 ], [ 110.983741761, -6.91814994899994, 0.0 ], [ 110.983772277, -6.91840028799987, 0.0 ], [ 110.983787536, -6.918790340999981, 0.0 ], [ 110.983825683, -6.91926002599996, 0.0 ], [ 110.983856201, -6.9195203779999, 0.0 ], [ 110.983802796, -6.91977023999988, 0.0 ], [ 110.983772277, -6.92002010399995, 0.0 ], [ 110.983718872, -6.92020034799992, 0.0 ], [ 110.983604432, -6.92053031799998, 0.0 ], [ 110.983543396, -6.92084026299995, 0.0 ], [ 110.983543396, -6.921040056999969, 0.0 ], [ 110.983795166, -6.921510218999969, 0.0 ], [ 110.983901978, -6.921570300999969, 0.0 ], [ 110.984092712, -6.92173004199987, 0.0 ], [ 110.984306335, -6.921960352999969, 0.0 ], [ 110.98488617, -6.922530173999971, 0.0 ], [ 110.984977722, -6.92260026999992, 0.0 ], [ 110.985298156, -6.922850131999889, 0.0 ], [ 110.985588075, -6.92304992599998, 0.0 ], [ 110.985778809, -6.923150062999919, 0.0 ], [ 110.985931396, -6.9232602109999, 0.0 ], [ 110.985877991, -6.923320293999891, 0.0 ], [ 110.985816956, -6.9233999249999, 0.0 ], [ 110.985893249, -6.923600196999871, 0.0 ], [ 110.986091614, -6.923910140999961, 0.0 ], [ 110.986213684, -6.92411994899987, 0.0 ], [ 110.986282348, -6.9242501249999, 0.0 ], [ 110.986335755, -6.92452001499987, 0.0 ], [ 110.986282348, -6.924680231999959, 0.0 ], [ 110.986167907, -6.92495012299992, 0.0 ], [ 110.986167907, -6.925060272999869, 0.0 ], [ 110.986297608, -6.92521, 0.0 ], [ 110.986564636, -6.92538022999997, 0.0 ], [ 110.986778258, -6.925420283999931, 0.0 ], [ 110.986892701, -6.92541027099998, 0.0 ], [ 110.98701477, -6.92536020199992, 0.0 ], [ 110.987121582, -6.92537021699997, 0.0 ], [ 110.987167359, -6.92545032599992, 0.0 ], [ 110.987007141, -6.925840376999871, 0.0 ], [ 110.986976623, -6.92595004999987, 0.0 ], [ 110.986976623, -6.92613029499995, 0.0 ], [ 110.986938476, -6.92630004799997, 0.0 ], [ 110.986816405, -6.9265503879999, 0.0 ], [ 110.986785889, -6.9266600599999, 0.0 ], [ 110.986885071, -6.92690992399997, 0.0 ], [ 110.987213134, -6.92727994899997, 0.0 ], [ 110.987556457, -6.92758035599996, 0.0 ], [ 110.987808227, -6.928490160999899, 0.0 ], [ 110.987846374, -6.928709983999969, 0.0 ], [ 110.987876892, -6.92892026899995, 0.0 ], [ 110.988014221, -6.929039953999899, 0.0 ], [ 110.988372803, -6.92917013099986, 0.0 ], [ 110.98890686, -6.92939996599995, 0.0 ], [ 110.989112855, -6.9295001029999, 0.0 ], [ 110.989295959, -6.92955017099996, 0.0 ], [ 110.989364624, -6.92962026599997, 0.0 ], [ 110.989181518, -6.93041992099995, 0.0 ], [ 110.989105225, -6.93068027399994, 0.0 ], [ 110.989112855, -6.93078994599995, 0.0 ], [ 110.989227295, -6.930950163999969, 0.0 ], [ 110.989471435, -6.93108034199997, 0.0 ], [ 110.989746095, -6.93123006699994, 0.0 ], [ 110.989875793, -6.931330203999951, 0.0 ], [ 110.989883424, -6.93161010699993, 0.0 ], [ 110.98980713, -6.93193006499996, 0.0 ], [ 110.989723206, -6.932160377999941, 0.0 ], [ 110.989486695, -6.932840346999969, 0.0 ], [ 110.989402771, -6.93300008699993, 0.0 ], [ 110.989334106, -6.93314027899993, 0.0 ], [ 110.989288331, -6.93357038399995, 0.0 ], [ 110.989288331, -6.93394994699992, 0.0 ] ] ] ] } },
{ "type": "Feature", "properties": { "GID_4": "IDN.10.21.4.7_1", "GID_0": "IDN", "COUNTRY": "Indonesia", "GID_1": "IDN.10_1", "NAME_1": "Jawa Tengah", "GID_2": "IDN.10.21_1", "NAME_2": "Pati", "GID_3": "IDN.10.21.4_1", "NAME_3": "Gabus", "NAME_4": "Karaban", "VARNAME_4": "NA", "TYPE_4": "Desa", "ENGTYPE_4": "Village", "CC_4": "3318110002" }, "geometry": { "type": "MultiPolygon", "coordinates": [ [ [ [ 111.013183593, -6.833531378999961, 0.0 ], [ 111.013053894, -6.833904265999931, 0.0 ], [ 111.013000489, -6.834105967999901, 0.0 ], [ 111.013122558, -6.8341455449999, 0.0 ], [ 111.01311493, -6.83445644399995, 0.0 ], [ 111.0131073, -6.834661483999981, 0.0 ], [ 111.013046264, -6.83476400399991, 0.0 ], [ 111.013000489, -6.83483028399991, 0.0 ], [ 111.013328552, -6.835020540999949, 0.0 ], [ 111.013359069, -6.83522176799994, 0.0 ], [ 111.013389588, -6.835412024999811, 0.0 ], [ 111.013778686, -6.83547353699993, 0.0 ], [ 111.013969422, -6.83564758299991, 0.0 ], [ 111.014045716, -6.83595609699995, 0.0 ], [ 111.014038086, -6.83608961099992, 0.0 ], [ 111.014411926, -6.836364745999961, 0.0 ], [ 111.014945983, -6.83666038499996, 0.0 ], [ 111.015106201, -6.837094305999929, 0.0 ], [ 111.015495301, -6.83778428999989, 0.0 ], [ 111.015731812, -6.838435172999941, 0.0 ], [ 111.015792848, -6.83946037199991, 0.0 ], [ 111.015930177, -6.84018993299998, 0.0 ], [ 111.015968323, -6.84105777699995, 0.0 ], [ 111.015991212, -6.84125423299992, 0.0 ], [ 111.0158844, -6.841247557999911, 0.0 ], [ 111.016090394, -6.84188794999994, 0.0 ], [ 111.016494751, -6.84286975899994, 0.0 ], [ 111.017074585, -6.84395742499987, 0.0 ], [ 111.016624452, -6.84385156699989, 0.0 ], [ 111.014793396, -6.84331607699994, 0.0 ], [ 111.014427184, -6.84330511199988, 0.0 ], [ 111.011917114, -6.842691420999931, 0.0 ], [ 111.010543824, -6.842554091999941, 0.0 ], [ 111.009033203, -6.84239435199993, 0.0 ], [ 111.009262084, -6.841708659999881, 0.0 ], [ 111.008895875, -6.841662884999891, 0.0 ], [ 111.007431031, -6.841457366999979, 0.0 ], [ 111.006652832, -6.84150314199991, 0.0 ], [ 111.006103516, -6.84127473899997, 0.0 ], [ 111.005760193, -6.84150314199991, 0.0 ], [ 111.00453186, -6.84168577099996, 0.0 ], [ 111.00416565, -6.84164047099983, 0.0 ], [ 111.003547669, -6.84157180799991, 0.0 ], [ 111.003273011, -6.84165286899997, 0.0 ], [ 111.003318786, -6.84136629099987, 0.0 ], [ 111.002059937, -6.841434478999931, 0.0 ], [ 111.001998901, -6.84075546199995, 0.0 ], [ 111.001968385, -6.84019994599993, 0.0 ], [ 111.002532959, -6.8399701109999, 0.0 ], [ 111.002662658, -6.83938980099992, 0.0 ], [ 111.002189636, -6.838230133999901, 0.0 ], [ 111.002082825, -6.838220118999969, 0.0 ], [ 111.001480102, -6.83818006399997, 0.0 ], [ 111.000732422, -6.838170050999909, 0.0 ], [ 111.000450134, -6.838150024999949, 0.0 ], [ 111.000167846, -6.8381400099999, 0.0 ], [ 111.0, -6.8381299969999, 0.0 ], [ 110.999778747, -6.83811998399995, 0.0 ], [ 110.999206543, -6.83807992899995, 0.0 ], [ 110.999031067, -6.83807992899995, 0.0 ], [ 110.998580934, -6.83805990099995, 0.0 ], [ 110.997909545, -6.838029861999871, 0.0 ], [ 110.997741699, -6.838019846999939, 0.0 ], [ 110.997619629, -6.83800983399988, 0.0 ], [ 110.997497558, -6.83800983399988, 0.0 ], [ 110.997398376, -6.83799982099987, 0.0 ], [ 110.997131348, -6.837979791999891, 0.0 ], [ 110.996887207, -6.83795976599993, 0.0 ], [ 110.996597291, -6.83793020199988, 0.0 ], [ 110.996490478, -6.837920188999931, 0.0 ], [ 110.996482848, -6.83777999799997, 0.0 ], [ 110.996337891, -6.837450026999931, 0.0 ], [ 110.996292114, -6.837150095999901, 0.0 ], [ 110.996246337, -6.8368000989999, 0.0 ], [ 110.996147155, -6.836569785999929, 0.0 ], [ 110.995933532, -6.83635997699997, 0.0 ], [ 110.995826722, -6.83618020999995, 0.0 ], [ 110.995819092, -6.83606004699993, 0.0 ], [ 110.995819092, -6.83595990999993, 0.0 ], [ 110.995880127, -6.83572006099996, 0.0 ], [ 110.995979309, -6.83546447699996, 0.0 ], [ 110.995925904, -6.835098266999979, 0.0 ], [ 110.995826722, -6.83486700099991, 0.0 ], [ 110.995742798, -6.834619044999901, 0.0 ], [ 110.995658874, -6.834189414999971, 0.0 ], [ 110.995597839, -6.83374309599992, 0.0 ], [ 110.995475768, -6.83309793399991, 0.0 ], [ 110.995445252, -6.83276748599991, 0.0 ], [ 110.995231629, -6.83223867299995, 0.0 ], [ 110.99481964, -6.83182525599995, 0.0 ], [ 110.99433899, -6.83152770999993, 0.0 ], [ 110.993888854, -6.831130980999891, 0.0 ], [ 110.993927003, -6.83088016499994, 0.0 ], [ 110.99395752, -6.83063507099996, 0.0 ], [ 110.993247986, -6.829576968999899, 0.0 ], [ 110.993194579, -6.82919645299995, 0.0 ], [ 110.993011475, -6.82896518699994, 0.0 ], [ 110.992813111, -6.82863426199998, 0.0 ], [ 110.992630005, -6.828278064999891, 0.0 ], [ 110.992271423, -6.827115535999889, 0.0 ], [ 110.991806031, -6.82665061899991, 0.0 ], [ 110.989257812, -6.82367420199995, 0.0 ], [ 110.989028931, -6.82352304499994, 0.0 ], [ 110.988212585, -6.82304191499992, 0.0 ], [ 110.987915039, -6.822847365999909, 0.0 ], [ 110.988105773, -6.822560309999971, 0.0 ], [ 110.988632202, -6.82168149899996, 0.0 ], [ 110.988945007, -6.82141351599995, 0.0 ], [ 110.989112855, -6.82118177499996, 0.0 ], [ 110.989395141, -6.82087373799993, 0.0 ], [ 110.989753723, -6.820632456999869, 0.0 ], [ 110.990020753, -6.82047176399988, 0.0 ], [ 110.990264892, -6.82036447399997, 0.0 ], [ 110.99066162, -6.82025623399994, 0.0 ], [ 110.990852356, -6.82020378199991, 0.0 ], [ 110.991111756, -6.82012796299995, 0.0 ], [ 110.991439819, -6.820645809999919, 0.0 ], [ 110.991790771, -6.82104778399997, 0.0 ], [ 110.992095947, -6.82150316299987, 0.0 ], [ 110.992393494, -6.82176446999995, 0.0 ], [ 110.992561339, -6.82178306599997, 0.0 ], [ 110.992675782, -6.821589468999951, 0.0 ], [ 110.992874146, -6.82151651299995, 0.0 ], [ 110.993164062, -6.82151651299995, 0.0 ], [ 110.993286133, -6.821444034999959, 0.0 ], [ 110.993240356, -6.82125997599991, 0.0 ], [ 110.993293761, -6.821139812999951, 0.0 ], [ 110.993293761, -6.82105064399991, 0.0 ], [ 110.993530274, -6.821032522999929, 0.0 ], [ 110.994132995, -6.821032522999929, 0.0 ], [ 110.994544982, -6.82091140699993, 0.0 ], [ 110.995292664, -6.8210568419999, 0.0 ], [ 110.995491029, -6.82129859799994, 0.0 ], [ 110.995681763, -6.82134723599995, 0.0 ], [ 110.995948791, -6.821153640999911, 0.0 ], [ 110.996261597, -6.82100820499994, 0.0 ], [ 110.996704101, -6.82088708899988, 0.0 ], [ 110.997207642, -6.82054757999987, 0.0 ], [ 110.997283936, -6.820608615999959, 0.0 ], [ 110.997619629, -6.82033014299998, 0.0 ], [ 110.997673034, -6.81933736799994, 0.0 ], [ 110.997932434, -6.81933736799994, 0.0 ], [ 110.998252868, -6.819555281999901, 0.0 ], [ 110.999023437, -6.81895017599993, 0.0 ], [ 110.999465943, -6.81911945299993, 0.0 ], [ 110.999465943, -6.81878042199992, 0.0 ], [ 110.999969482, -6.81868362299991, 0.0 ], [ 111.000358582, -6.81865930499993, 0.0 ], [ 111.001327515, -6.81858682599989, 0.0 ], [ 111.0021286, -6.81851434699996, 0.0 ], [ 111.002929688, -6.81844139099996, 0.0 ], [ 111.003196715, -6.818393229999971, 0.0 ], [ 111.003578186, -6.81836891099988, 0.0 ], [ 111.004066468, -6.818247794999929, 0.0 ], [ 111.004234314, -6.818175315999951, 0.0 ], [ 111.00491333, -6.81822347599996, 0.0 ], [ 111.005516051, -6.817884444999951, 0.0 ], [ 111.005760193, -6.817884444999951, 0.0 ], [ 111.005905152, -6.81834459199996, 0.0 ], [ 111.00592804, -6.81907129299992, 0.0 ], [ 111.005905152, -6.820087908999941, 0.0 ], [ 111.006027222, -6.820426939999949, 0.0 ], [ 111.006027222, -6.82120180099997, 0.0 ], [ 111.006027222, -6.822848319999881, 0.0 ], [ 111.005935669, -6.824543952999931, 0.0 ], [ 111.009735107, -6.82625770499982, 0.0 ], [ 111.009651185, -6.82730388699997, 0.0 ], [ 111.009597778, -6.828465938999899, 0.0 ], [ 111.009628296, -6.829604148999921, 0.0 ], [ 111.009864807, -6.83042717099994, 0.0 ], [ 111.009918213, -6.8307662009999, 0.0 ], [ 111.010253906, -6.83141994499988, 0.0 ], [ 111.01045227, -6.83197689099995, 0.0 ], [ 111.010353088, -6.83280038699991, 0.0 ], [ 111.011634826, -6.8332557679999, 0.0 ], [ 111.012535095, -6.833575247999869, 0.0 ], [ 111.013183593, -6.833531378999961, 0.0 ] ] ] ] } },
{ "type": "Feature", "properties": { "GID_4": "IDN.10.19.10.4_1", "GID_0": "IDN", "COUNTRY": "Indonesia", "GID_1": "IDN.10_1", "NAME_1": "Jawa Tengah", "GID_2": "IDN.10.19_1", "NAME_2": "Kudus", "GID_3": "IDN.10.19.10_1", "NAME_3": "Undaan", "NAME_4": "Karang Rowo", "VARNAME_4": "NA", "TYPE_4": "Desa", "ENGTYPE_4": "Village", "CC_4": "3319040010" }, "geometry": { "type": "MultiPolygon", "coordinates": [ [ [ [ 110.860359, -6.86216999999988, 0.0 ], [ 110.86166, -6.862582, 0.0 ], [ 110.86179395, -6.86262474999995, 0.0 ], [ 110.861938476, -6.86266994399995, 0.0 ], [ 110.862179319, -6.86271280599993, 0.0 ], [ 110.862389001, -6.86275, 0.0 ], [ 110.862443, -6.862796999999889, 0.0 ], [ 110.862455027, -6.862808167999959, 0.0 ], [ 110.862670898, -6.86292982099997, 0.0 ], [ 110.862846374, -6.86302757299995, 0.0 ], [ 110.862924669, -6.863055414999959, 0.0 ], [ 110.862978, -6.863074, 0.0 ], [ 110.863068, -6.863106, 0.0 ], [ 110.863119507, -6.863094721999909, 0.0 ], [ 110.863204955, -6.86307573299996, 0.0 ], [ 110.865005492, -6.86378478899991, 0.0 ], [ 110.865100519, -6.86381766099987, 0.0 ], [ 110.86516, -6.86383799999987, 0.0 ], [ 110.865334, -6.863898, 0.0 ], [ 110.867250177, -6.86421502399998, 0.0 ], [ 110.870659, -6.864779, 0.0 ], [ 110.872400083, -6.86506764099994, 0.0 ], [ 110.873108, -6.865185, 0.0 ], [ 110.880522785, -6.86635996599995, 0.0 ], [ 110.879839866, -6.86655487399997, 0.0 ], [ 110.87963846, -6.86661235599985, 0.0 ], [ 110.879203797, -6.86673641199997, 0.0 ], [ 110.87880378, -6.866976525999971, 0.0 ], [ 110.878188629, -6.86734577699997, 0.0 ], [ 110.878105157, -6.86739589999991, 0.0 ], [ 110.877815247, -6.86842203099991, 0.0 ], [ 110.877873644, -6.86890302299992, 0.0 ], [ 110.877977598, -6.86975925399997, 0.0 ], [ 110.87802887, -6.87018156099992, 0.0 ], [ 110.878547669, -6.87194108899996, 0.0 ], [ 110.878837585, -6.87362718499992, 0.0 ], [ 110.879091614, -6.87544242799993, 0.0 ], [ 110.879135, -6.875753, 0.0 ], [ 110.879158505, -6.87632734899995, 0.0 ], [ 110.879203797, -6.877439498999929, 0.0 ], [ 110.879867554, -6.87949228199989, 0.0 ], [ 110.880668641, -6.8807387359999, 0.0 ], [ 110.881078805, -6.88222606499994, 0.0 ], [ 110.881251637, -6.88285278399997, 0.0 ], [ 110.881477356, -6.8836712829999, 0.0 ], [ 110.882530213, -6.88795280399995, 0.0 ], [ 110.882507325, -6.88807868999987, 0.0 ], [ 110.882572122, -6.88835576999998, 0.0 ], [ 110.882585991, -6.888415071999931, 0.0 ], [ 110.882598877, -6.888470172999969, 0.0 ], [ 110.882659912, -6.88888072999993, 0.0 ], [ 110.882666888, -6.88891072599989, 0.0 ], [ 110.882735999, -6.88920899899995, 0.0 ], [ 110.88282, -6.889524, 0.0 ], [ 110.882881, -6.889793999999881, 0.0 ], [ 110.882884709, -6.88994049399992, 0.0 ], [ 110.882888795, -6.89010953999997, 0.0 ], [ 110.882896018, -6.89014671199993, 0.0 ], [ 110.882902151, -6.890178269999981, 0.0 ], [ 110.882957001, -6.890463, 0.0 ], [ 110.882980347, -6.890583323999979, 0.0 ], [ 110.882987502, -6.89062097699991, 0.0 ], [ 110.882995605, -6.89066362299997, 0.0 ], [ 110.882998046, -6.89077190999996, 0.0 ], [ 110.883000379, -6.890875432999911, 0.0 ], [ 110.883003, -6.891002, 0.0 ], [ 110.882978449, -6.891131614999891, 0.0 ], [ 110.882959047, -6.89123293499995, 0.0 ], [ 110.88293457, -6.89136075899995, 0.0 ], [ 110.882926942, -6.89179182099997, 0.0 ], [ 110.882926942, -6.89208555199997, 0.0 ], [ 110.882928274, -6.89209662199988, 0.0 ], [ 110.88296492, -6.89240233599998, 0.0 ], [ 110.882743836, -6.89292287899997, 0.0 ], [ 110.882356373, -6.89321093699988, 0.0 ], [ 110.881978019, -6.8934922229999, 0.0 ], [ 110.881797999, -6.893626, 0.0 ], [ 110.880486, -6.894048, 0.0 ], [ 110.879652658, -6.89408279999998, 0.0 ], [ 110.878234864, -6.894141673999971, 0.0 ], [ 110.876686097, -6.894187925999969, 0.0 ], [ 110.876647758, -6.89419184999997, 0.0 ], [ 110.876388344, -6.89421839999994, 0.0 ], [ 110.874855, -6.89437500099984, 0.0 ], [ 110.874115998, -6.894375, 0.0 ], [ 110.873771668, -6.89437484699994, 0.0 ], [ 110.873377128, -6.89427802799997, 0.0 ], [ 110.873358244, -6.89427339399998, 0.0 ], [ 110.871284484, -6.89376449599996, 0.0 ], [ 110.869568004, -6.893469339999971, 0.0 ], [ 110.868894963, -6.89335360699988, 0.0 ], [ 110.868278503, -6.8932476039999, 0.0 ], [ 110.867671301, -6.8930555739999, 0.0 ], [ 110.866501, -6.892685, 0.0 ], [ 110.866731089, -6.89248169399997, 0.0 ], [ 110.867445824, -6.891849636999949, 0.0 ], [ 110.867813031, -6.89152486299992, 0.0 ], [ 110.867865664, -6.891292945999911, 0.0 ], [ 110.868255615, -6.889572619999971, 0.0 ], [ 110.868194579, -6.88917016899995, 0.0 ], [ 110.867820722, -6.88780269499995, 0.0 ], [ 110.867716679, -6.887689034999879, 0.0 ], [ 110.867226, -6.887153, 0.0 ], [ 110.867093771, -6.88683803999993, 0.0 ], [ 110.867027034, -6.8866790809999, 0.0 ], [ 110.866516062, -6.886493150999971, 0.0 ], [ 110.86364, -6.885447000999929, 0.0 ], [ 110.862929318, -6.88580034499995, 0.0 ], [ 110.862570761, -6.88597696999989, 0.0 ], [ 110.862477409, -6.88589947799994, 0.0 ], [ 110.859916686, -6.88377428099989, 0.0 ], [ 110.859794618, -6.882328032999959, 0.0 ], [ 110.859771729, -6.88200998299993, 0.0 ], [ 110.859794618, -6.881195066999909, 0.0 ], [ 110.859597279, -6.88111143899994, 0.0 ], [ 110.859291, -6.880982, 0.0 ], [ 110.859169, -6.88093, 0.0 ], [ 110.859055571, -6.880887230999919, 0.0 ], [ 110.858558655, -6.8807001109999, 0.0 ], [ 110.858295839, -6.88063318299987, 0.0 ], [ 110.858047177, -6.8805700449999, 0.0 ], [ 110.858015906, -6.88058123899992, 0.0 ], [ 110.857964, -6.8806, 0.0 ], [ 110.857963806, -6.880783417999961, 0.0 ], [ 110.857712, -6.880279, 0.0 ], [ 110.857825783, -6.879876421999881, 0.0 ], [ 110.857947999, -6.87944400099997, 0.0 ], [ 110.858171, -6.877894, 0.0 ], [ 110.85828357, -6.87711521499995, 0.0 ], [ 110.858329772, -6.87679433799997, 0.0 ], [ 110.85824585, -6.87670898399989, 0.0 ], [ 110.85824595, -6.87610101399997, 0.0 ], [ 110.862067684, -6.876310284999869, 0.0 ], [ 110.862098619, -6.87631197899992, 0.0 ], [ 110.861206054, -6.8729872699999, 0.0 ], [ 110.858856, -6.869568, 0.0 ], [ 110.859534265, -6.867215548999919, 0.0 ], [ 110.858704, -6.866529, 0.0 ], [ 110.859205193, -6.86471064899996, 0.0 ], [ 110.859688, -6.862958999999881, 0.0 ], [ 110.859824195, -6.863000752999879, 0.0 ], [ 110.859992944, -6.86205231599985, 0.0 ], [ 110.860359, -6.86216999999988, 0.0 ] ] ] ] } },
{ "type": "Feature", "properties": { "GID_4": "IDN.10.21.15.5_1", "GID_0": "IDN", "COUNTRY": "Indonesia", "GID_1": "IDN.10_1", "NAME_1": "Jawa Tengah", "GID_2": "IDN.10.21_1", "NAME_2": "Pati", "GID_3": "IDN.10.21.15_1", "NAME_3": "Sukolilo", "NAME_4": "Kasiyan", "VARNAME_4": "NA", "TYPE_4": "Desa", "ENGTYPE_4": "Village", "CC_4": "3318010015" }, "geometry": { "type": "MultiPolygon", "coordinates": [ [ [ [ 110.925537109, -6.86376046999993, 0.0 ], [ 110.928367614, -6.861835956999869, 0.0 ], [ 110.932197571, -6.85885810799988, 0.0 ], [ 110.93447113, -6.879364490999879, 0.0 ], [ 110.93447113, -6.884168623999931, 0.0 ], [ 110.935241698, -6.8845119479999, 0.0 ], [ 110.938163758, -6.88511276299988, 0.0 ], [ 110.940826415, -6.88554239299998, 0.0 ], [ 110.944000244, -6.88588571499997, 0.0 ], [ 110.944343567, -6.886486529999961, 0.0 ], [ 110.945114136, -6.887001513999851, 0.0 ], [ 110.946571349, -6.88682985399993, 0.0 ], [ 110.950004578, -6.886143683999931, 0.0 ], [ 110.952072144, -6.88597249899988, 0.0 ], [ 110.952667237, -6.88708782099997, 0.0 ], [ 110.952758789, -6.88871812699995, 0.0 ], [ 110.952400207, -6.88928699399992, 0.0 ], [ 110.951469421, -6.890776633999911, 0.0 ], [ 110.951721191, -6.89197778699992, 0.0 ], [ 110.952499389, -6.89317893899982, 0.0 ], [ 110.952255248, -6.89395809099989, 0.0 ], [ 110.952163696, -6.89392089799992, 0.0 ], [ 110.951347351, -6.89413213599988, 0.0 ], [ 110.951080323, -6.89461040599997, 0.0 ], [ 110.951133728, -6.89514207799988, 0.0 ], [ 110.95161438, -6.89567327499998, 0.0 ], [ 110.951774598, -6.896098612999879, 0.0 ], [ 110.95161438, -6.89647054599993, 0.0 ], [ 110.951187133, -6.89689540799992, 0.0 ], [ 110.950820923, -6.89732074799997, 0.0 ], [ 110.950767518, -6.8977456099999, 0.0 ], [ 110.950500488, -6.89817094799997, 0.0 ], [ 110.949432373, -6.898489474999911, 0.0 ], [ 110.948638916, -6.898967742999961, 0.0 ], [ 110.948127747, -6.89947748099996, 0.0 ], [ 110.947685241, -6.89950084699996, 0.0 ], [ 110.947196961, -6.89927148699996, 0.0 ], [ 110.946441651, -6.89903449999997, 0.0 ], [ 110.945472718, -6.899316310999951, 0.0 ], [ 110.945152283, -6.900181293999939, 0.0 ], [ 110.945335389, -6.90118312899995, 0.0 ], [ 110.945968628, -6.90147971999988, 0.0 ], [ 110.946426392, -6.90144729599996, 0.0 ], [ 110.946723939, -6.90149021099995, 0.0 ], [ 110.947036743, -6.90176486899986, 0.0 ], [ 110.947891236, -6.9021401409999, 0.0 ], [ 110.948432922, -6.90273189599992, 0.0 ], [ 110.948799133, -6.90318775299988, 0.0 ], [ 110.949073791, -6.90409850999993, 0.0 ], [ 110.94921112, -6.90505456999989, 0.0 ], [ 110.949073791, -6.905601023999909, 0.0 ], [ 110.949119568, -6.90642070699988, 0.0 ], [ 110.948799133, -6.90710401599995, 0.0 ], [ 110.948112489, -6.90737724199988, 0.0 ], [ 110.947662353, -6.90819692499986, 0.0 ], [ 110.947799682, -6.90878867999987, 0.0 ], [ 110.94770813, -6.90960884099997, 0.0 ], [ 110.947616578, -6.910018442999959, 0.0 ], [ 110.94706726, -6.91051912399996, 0.0 ], [ 110.946517944, -6.91115665399997, 0.0 ], [ 110.946289063, -6.91183996099994, 0.0 ], [ 110.946365357, -6.9121994969999, 0.0 ], [ 110.945762634, -6.91207981199994, 0.0 ], [ 110.944747924, -6.91199493299996, 0.0 ], [ 110.944389344, -6.91196489399994, 0.0 ], [ 110.944290162, -6.91199970299988, 0.0 ], [ 110.943565368, -6.91199970299988, 0.0 ], [ 110.942771911, -6.91160011199997, 0.0 ], [ 110.942108155, -6.911187647999951, 0.0 ], [ 110.94178772, -6.91114234799994, 0.0 ], [ 110.941123962, -6.91142082099998, 0.0 ], [ 110.940727233, -6.911977766999939, 0.0 ], [ 110.940116882, -6.911866186999871, 0.0 ], [ 110.939590454, -6.911866186999871, 0.0 ], [ 110.938796997, -6.91176605199985, 0.0 ], [ 110.937957763, -6.911986349999949, 0.0 ], [ 110.93751526, -6.91216278099989, 0.0 ], [ 110.937690735, -6.91282415399991, 0.0 ], [ 110.93751526, -6.91344118099988, 0.0 ], [ 110.937355042, -6.91379403999997, 0.0 ], [ 110.935089111, -6.91366147899993, 0.0 ], [ 110.93409729, -6.91362190199993, 0.0 ], [ 110.933982849, -6.91361713399988, 0.0 ], [ 110.93372345, -6.91273546299993, 0.0 ], [ 110.933540344, -6.91180944399997, 0.0 ], [ 110.933494569, -6.91140699299996, 0.0 ], [ 110.933341979, -6.910077570999929, 0.0 ], [ 110.933364868, -6.909428119999921, 0.0 ], [ 110.933235169, -6.90801715899988, 0.0 ], [ 110.932884216, -6.90642976699991, 0.0 ], [ 110.931823731, -6.90554761799996, 0.0 ], [ 110.932968139, -6.90541553499992, 0.0 ], [ 110.934074401, -6.90471029199995, 0.0 ], [ 110.935066223, -6.90285873499994, 0.0 ], [ 110.935112, -6.90140342699988, 0.0 ], [ 110.935020448, -6.89933109199984, 0.0 ], [ 110.934143067, -6.8982286449999, 0.0 ], [ 110.932685851, -6.89818429899998, 0.0 ], [ 110.930526733, -6.898139953999869, 0.0 ], [ 110.930389404, -6.894392012999901, 0.0 ], [ 110.928138733, -6.89447975199988, 0.0 ], [ 110.928085328, -6.892958163999941, 0.0 ], [ 110.927581787, -6.88723945599997, 0.0 ], [ 110.927413941, -6.881015776999901, 0.0 ], [ 110.92791748, -6.87697887499996, 0.0 ], [ 110.927078248, -6.87075519499996, 0.0 ], [ 110.926071166, -6.86789560399995, 0.0 ], [ 110.925842285, -6.86612606099993, 0.0 ], [ 110.925567627, -6.86402654499994, 0.0 ], [ 110.925537109, -6.86376046999993, 0.0 ] ] ] ] } },
{ "type": "Feature", "properties": { "GID_4": "IDN.10.21.10.7_1", "GID_0": "IDN", "COUNTRY": "Indonesia", "GID_1": "IDN.10_1", "NAME_1": "Jawa Tengah", "GID_2": "IDN.10.21_1", "NAME_2": "Pati", "GID_3": "IDN.10.21.10_1", "NAME_3": "Kayen", "NAME_4": "Kayen", "VARNAME_4": "NA", "TYPE_4": "Desa", "ENGTYPE_4": "Village", "CC_4": "3318020009" }, "geometry": { "type": "MultiPolygon", "coordinates": [ [ [ [ 110.991386414, -6.88719034099995, 0.0 ], [ 110.991363526, -6.88735008299989, 0.0 ], [ 110.991317749, -6.88781022999996, 0.0 ], [ 110.991264343, -6.888070106999979, 0.0 ], [ 110.991165161, -6.88838005099996, 0.0 ], [ 110.991142273, -6.88860034899989, 0.0 ], [ 110.991325379, -6.88884019799991, 0.0 ], [ 110.991592407, -6.88906002099998, 0.0 ], [ 110.991867066, -6.88914012899994, 0.0 ], [ 110.992057801, -6.88923025099996, 0.0 ], [ 110.992454529, -6.88933038599987, 0.0 ], [ 110.992721557, -6.88944005899998, 0.0 ], [ 110.992897035, -6.88954019599993, 0.0 ], [ 110.993148804, -6.88971996199996, 0.0 ], [ 110.993247986, -6.890020370999929, 0.0 ], [ 110.993362427, -6.890310286999981, 0.0 ], [ 110.993423462, -6.89058017699989, 0.0 ], [ 110.993453979, -6.89087009299993, 0.0 ], [ 110.993553161, -6.89111995699989, 0.0 ], [ 110.993675232, -6.89126014599998, 0.0 ], [ 110.993911743, -6.89144039199994, 0.0 ], [ 110.994125365, -6.89155006499988, 0.0 ], [ 110.99445343, -6.891770362999979, 0.0 ], [ 110.994728088, -6.89193010299988, 0.0 ], [ 110.99497223, -6.89198016999995, 0.0 ], [ 110.995162964, -6.89210033299992, 0.0 ], [ 110.99534607, -6.892199992999909, 0.0 ], [ 110.995513915, -6.89236020999994, 0.0 ], [ 110.995704651, -6.8926401139999, 0.0 ], [ 110.99583435, -6.89296007099983, 0.0 ], [ 110.995925904, -6.89327001599997, 0.0 ], [ 110.995925904, -6.89352035499991, 0.0 ], [ 110.996017456, -6.8938403119999, 0.0 ], [ 110.996032714, -6.89404010699991, 0.0 ], [ 110.996147155, -6.894500255999899, 0.0 ], [ 110.996192932, -6.89493036299996, 0.0 ], [ 110.996253967, -6.89510011599998, 0.0 ], [ 110.996276856, -6.89532995199988, 0.0 ], [ 110.996345519, -6.89559030399994, 0.0 ], [ 110.996421815, -6.895930289999909, 0.0 ], [ 110.996452332, -6.89610004299993, 0.0 ], [ 110.99646759, -6.89631032799991, 0.0 ], [ 110.996528625, -6.89651012499991, 0.0 ], [ 110.996551514, -6.89672994499989, 0.0 ], [ 110.99658203, -6.89703035399998, 0.0 ], [ 110.996597291, -6.89752006499998, 0.0 ], [ 110.996604919, -6.897760390999911, 0.0 ], [ 110.996604919, -6.898139953999869, 0.0 ], [ 110.996643066, -6.89836025199997, 0.0 ], [ 110.996704101, -6.89859008699989, 0.0 ], [ 110.99684143, -6.89896011199994, 0.0 ], [ 110.997024536, -6.899170398999961, 0.0 ], [ 110.997161865, -6.89932012599991, 0.0 ], [ 110.9972229, -6.89953994699988, 0.0 ], [ 110.997283936, -6.89971017699992, 0.0 ], [ 110.997352601, -6.90001010899988, 0.0 ], [ 110.997367859, -6.90034007899993, 0.0 ], [ 110.997337341, -6.9005804059999, 0.0 ], [ 110.997352601, -6.90161037399997, 0.0 ], [ 110.997383118, -6.90181016799994, 0.0 ], [ 110.997428895, -6.90216016699998, 0.0 ], [ 110.997505188, -6.90239000299988, 0.0 ], [ 110.997657776, -6.902580261999901, 0.0 ], [ 110.997886659, -6.90277004299998, 0.0 ], [ 110.998046874, -6.90304994599995, 0.0 ], [ 110.998054504, -6.9035701759999, 0.0 ], [ 110.998153686, -6.90391015899991, 0.0 ], [ 110.998222352, -6.90433025399994, 0.0 ], [ 110.99823761, -6.904489993999901, 0.0 ], [ 110.998252868, -6.90473031999989, 0.0 ], [ 110.998283387, -6.90495014299995, 0.0 ], [ 110.998283387, -6.90526008499995, 0.0 ], [ 110.998268127, -6.9059400569999, 0.0 ], [ 110.998268127, -6.90616035499994, 0.0 ], [ 110.99823761, -6.90639018999991, 0.0 ], [ 110.998207091, -6.906690119999951, 0.0 ], [ 110.998085023, -6.90719032299995, 0.0 ], [ 110.998077393, -6.90744018499993, 0.0 ], [ 110.998077393, -6.90795040099988, 0.0 ], [ 110.998016357, -6.90839004399993, 0.0 ], [ 110.998062134, -6.908950327999951, 0.0 ], [ 110.998077393, -6.909250258999981, 0.0 ], [ 110.998031616, -6.909690379999969, 0.0 ], [ 110.998046874, -6.9100503919999, 0.0 ], [ 110.997985841, -6.91040039099994, 0.0 ], [ 110.997932434, -6.91064023899997, 0.0 ], [ 110.997886659, -6.91082000799997, 0.0 ], [ 110.997825623, -6.911040305999901, 0.0 ], [ 110.997833251, -6.911310195999871, 0.0 ], [ 110.997871398, -6.91170024899998, 0.0 ], [ 110.99785614, -6.91200017799986, 0.0 ], [ 110.997817993, -6.912189959999921, 0.0 ], [ 110.997787476, -6.91241025999994, 0.0 ], [ 110.997673034, -6.912640094999969, 0.0 ], [ 110.997497558, -6.91273021699993, 0.0 ], [ 110.997268677, -6.91270017599993, 0.0 ], [ 110.997055055, -6.91265010899997, 0.0 ], [ 110.996871949, -6.912640094999969, 0.0 ], [ 110.996742248, -6.91275024299983, 0.0 ], [ 110.996658326, -6.91278028499994, 0.0 ], [ 110.996536255, -6.91288995699995, 0.0 ], [ 110.996315003, -6.91311025499994, 0.0 ], [ 110.996162415, -6.91306018799997, 0.0 ], [ 110.99610138, -6.91301011999991, 0.0 ], [ 110.996063233, -6.9129400249999, 0.0 ], [ 110.996055603, -6.91285037999995, 0.0 ], [ 110.996002198, -6.91275024299983, 0.0 ], [ 110.995925904, -6.91272020199995, 0.0 ], [ 110.995796203, -6.91270017599993, 0.0 ], [ 110.995643616, -6.91276025699995, 0.0 ], [ 110.99546814, -6.912810325999939, 0.0 ], [ 110.995277404, -6.912740229999881, 0.0 ], [ 110.995178222, -6.91261005399997, 0.0 ], [ 110.995048523, -6.9124002449999, 0.0 ], [ 110.99497223, -6.91232013599995, 0.0 ], [ 110.994834901, -6.91225004199993, 0.0 ], [ 110.994743347, -6.91224002699988, 0.0 ], [ 110.994537354, -6.91222000099992, 0.0 ], [ 110.994033813, -6.91210031499998, 0.0 ], [ 110.994056702, -6.9120202069999, 0.0 ], [ 110.994102479, -6.91184997599993, 0.0 ], [ 110.994125365, -6.911720274999881, 0.0 ], [ 110.994125365, -6.91154003199995, 0.0 ], [ 110.994087218, -6.91136026299995, 0.0 ], [ 110.994018555, -6.91127014099993, 0.0 ], [ 110.993896484, -6.91123008699998, 0.0 ], [ 110.993621826, -6.911139964999901, 0.0 ], [ 110.993537903, -6.911080359999971, 0.0 ], [ 110.993217468, -6.91086006199993, 0.0 ], [ 110.993118285, -6.91074037399989, 0.0 ], [ 110.99307251, -6.910660265999919, 0.0 ], [ 110.993011475, -6.910429954999869, 0.0 ], [ 110.992973328, -6.91017007799996, 0.0 ], [ 110.992973328, -6.90996026999983, 0.0 ], [ 110.99306488, -6.90971040599993, 0.0 ], [ 110.99307251, -6.90952014899989, 0.0 ], [ 110.992988587, -6.90949010799983, 0.0 ], [ 110.992828369, -6.909470081999931, 0.0 ], [ 110.992584228, -6.90944004099993, 0.0 ], [ 110.992492676, -6.90934038099994, 0.0 ], [ 110.992332458, -6.90906000099994, 0.0 ], [ 110.992324828, -6.908840179999971, 0.0 ], [ 110.992431641, -6.90856027699988, 0.0 ], [ 110.992431641, -6.90848016799993, 0.0 ], [ 110.992362975, -6.90834998999998, 0.0 ], [ 110.992164611, -6.908020018999929, 0.0 ], [ 110.992134094, -6.90785026599997, 0.0 ], [ 110.992172241, -6.907680033999899, 0.0 ], [ 110.992172241, -6.90756034799995, 0.0 ], [ 110.992118836, -6.90726995399996, 0.0 ], [ 110.992141724, -6.9071702949999, 0.0 ], [ 110.992248535, -6.90701007899997, 0.0 ], [ 110.992378235, -6.90691995499998, 0.0 ], [ 110.99242401, -6.906850336999979, 0.0 ], [ 110.992332458, -6.90675020199996, 0.0 ], [ 110.99219513, -6.90674018899995, 0.0 ], [ 110.992134094, -6.90652036599994, 0.0 ], [ 110.992118836, -6.90637016199997, 0.0 ], [ 110.992103578, -6.90628003999996, 0.0 ], [ 110.991836548, -6.90622997299982, 0.0 ], [ 110.991592407, -6.90623998599995, 0.0 ], [ 110.991325379, -6.90619039599994, 0.0 ], [ 110.991065979, -6.906199931999941, 0.0 ], [ 110.990737916, -6.90614032599996, 0.0 ], [ 110.990463256, -6.90592002799991, 0.0 ], [ 110.99017334, -6.905690192999939, 0.0 ], [ 110.989952087, -6.905519961999969, 0.0 ], [ 110.989654541, -6.90530013899996, 0.0 ], [ 110.989418029, -6.90518999099993, 0.0 ], [ 110.988967896, -6.904870033999939, 0.0 ], [ 110.988616944, -6.90457010299997, 0.0 ], [ 110.988426208, -6.9044203759999, 0.0 ], [ 110.988311768, -6.90436029499995, 0.0 ], [ 110.988235474, -6.90432024099988, 0.0 ], [ 110.988014221, -6.90432024099988, 0.0 ], [ 110.98777771, -6.904270170999951, 0.0 ], [ 110.98751831, -6.90417003599993, 0.0 ], [ 110.987174987, -6.90412998199997, 0.0 ], [ 110.986892701, -6.90408038999993, 0.0 ], [ 110.986442565, -6.90403032199981, 0.0 ], [ 110.986213684, -6.90395021399991, 0.0 ], [ 110.98576355, -6.90389013299995, 0.0 ], [ 110.985511779, -6.903840065999869, 0.0 ], [ 110.985198974, -6.90387010499995, 0.0 ], [ 110.984657289, -6.903769969999931, 0.0 ], [ 110.984512329, -6.90374994199988, 0.0 ], [ 110.984077454, -6.90374994199988, 0.0 ], [ 110.983634948, -6.903810023999881, 0.0 ], [ 110.983558655, -6.90385007899988, 0.0 ], [ 110.983428956, -6.903920173999949, 0.0 ], [ 110.98313141, -6.90412998199997, 0.0 ], [ 110.98286438, -6.904310225999949, 0.0 ], [ 110.982528687, -6.90463018299988, 0.0 ], [ 110.982437135, -6.90469026599988, 0.0 ], [ 110.982185363, -6.90482997999987, 0.0 ], [ 110.982078553, -6.90492010099996, 0.0 ], [ 110.981727599, -6.905200004999869, 0.0 ], [ 110.981575012, -6.90530013899996, 0.0 ], [ 110.981262207, -6.905519961999969, 0.0 ], [ 110.981086731, -6.90564012499993, 0.0 ], [ 110.980972291, -6.90570020599995, 0.0 ], [ 110.980743408, -6.90583991999995, 0.0 ], [ 110.980552674, -6.9059100149999, 0.0 ], [ 110.980361938, -6.905900001999951, 0.0 ], [ 110.980232239, -6.9058799739999, 0.0 ], [ 110.97971344, -6.90577030099996, 0.0 ], [ 110.979507447, -6.905680179999881, 0.0 ], [ 110.979385377, -6.90561008399993, 0.0 ], [ 110.979232787, -6.90556001599998, 0.0 ], [ 110.979156494, -6.90552997499998, 0.0 ], [ 110.97870636, -6.90536022199996, 0.0 ], [ 110.978485107, -6.90528011299995, 0.0 ], [ 110.978271485, -6.905200004999869, 0.0 ], [ 110.978141784, -6.90514993699998, 0.0 ], [ 110.977996827, -6.90510034499988, 0.0 ], [ 110.977424622, -6.90492010099996, 0.0 ], [ 110.977333068, -6.90516996299993, 0.0 ], [ 110.977241516, -6.90567016599994, 0.0 ], [ 110.977203369, -6.90612029999988, 0.0 ], [ 110.977188111, -6.9063501359999, 0.0 ], [ 110.977088929, -6.90662002599993, 0.0 ], [ 110.976348877, -6.90649032499994, 0.0 ], [ 110.975982665, -6.906460285999971, 0.0 ], [ 110.975486756, -6.906400202999979, 0.0 ], [ 110.975234985, -6.90644025799998, 0.0 ], [ 110.975074767, -6.90651035299993, 0.0 ], [ 110.974586487, -6.9068698879999, 0.0 ], [ 110.974273682, -6.90714025499989, 0.0 ], [ 110.973953247, -6.90738010399997, 0.0 ], [ 110.973762513, -6.90754032199987, 0.0 ], [ 110.973571777, -6.90762996599994, 0.0 ], [ 110.973037719, -6.90761995299988, 0.0 ], [ 110.972671509, -6.90745019999997, 0.0 ], [ 110.972091675, -6.907030104999931, 0.0 ], [ 110.971748352, -6.90691995499998, 0.0 ], [ 110.971466065, -6.90689992899991, 0.0 ], [ 110.971374511, -6.90671014799995, 0.0 ], [ 110.971351623, -6.90642023199985, 0.0 ], [ 110.971366883, -6.906150340999889, 0.0 ], [ 110.9713974, -6.90578031399991, 0.0 ], [ 110.971366883, -6.90531015499994, 0.0 ], [ 110.971267701, -6.90480995099995, 0.0 ], [ 110.971115112, -6.90454006099998, 0.0 ], [ 110.970855712, -6.904270170999951, 0.0 ], [ 110.970535277, -6.904000280999981, 0.0 ], [ 110.97012329, -6.903840065999869, 0.0 ], [ 110.969772339, -6.90377998299988, 0.0 ], [ 110.969291686, -6.90373992899993, 0.0 ], [ 110.968673705, -6.903389929999949, 0.0 ], [ 110.968292237, -6.903260230999929, 0.0 ], [ 110.967903136, -6.90312003999998, 0.0 ], [ 110.967407226, -6.90298032799996, 0.0 ], [ 110.966804505, -6.90286016499988, 0.0 ], [ 110.966537475, -6.90268993399991, 0.0 ], [ 110.966094971, -6.90239000299988, 0.0 ], [ 110.965728759, -6.90193033099996, 0.0 ], [ 110.965347289, -6.90136003499993, 0.0 ], [ 110.966247559, -6.901249884999971, 0.0 ], [ 110.966522217, -6.90095996799994, 0.0 ], [ 110.967117309, -6.90041017499993, 0.0 ], [ 110.967178345, -6.90013027199996, 0.0 ], [ 110.967155456, -6.899770259999909, 0.0 ], [ 110.967071532, -6.89900016699988, 0.0 ], [ 110.967033386, -6.89858007399994, 0.0 ], [ 110.966712951, -6.89748000999998, 0.0 ], [ 110.96712494, -6.8969101909999, 0.0 ], [ 110.967597962, -6.89645004199991, 0.0 ], [ 110.968025207, -6.89610004299993, 0.0 ], [ 110.968345642, -6.89592027699996, 0.0 ], [ 110.968673705, -6.895699976999941, 0.0 ], [ 110.969123841, -6.89556026499986, 0.0 ], [ 110.969398499, -6.89541006099995, 0.0 ], [ 110.969581605, -6.8950200079999, 0.0 ], [ 110.969657898, -6.894680023999971, 0.0 ], [ 110.970031738, -6.8945302969999, 0.0 ], [ 110.970588684, -6.894410133999881, 0.0 ], [ 110.97101593, -6.89439010599995, 0.0 ], [ 110.971557617, -6.89446020099996, 0.0 ], [ 110.971885681, -6.894560335999811, 0.0 ], [ 110.97251892, -6.89478015899988, 0.0 ], [ 110.97316742, -6.89487028099995, 0.0 ], [ 110.974136353, -6.89530992399995, 0.0 ], [ 110.974792481, -6.89544010199995, 0.0 ], [ 110.975585937, -6.89570999199998, 0.0 ], [ 110.977394104, -6.89592027699996, 0.0 ], [ 110.977752685, -6.895699976999941, 0.0 ], [ 110.978042602, -6.895339964999951, 0.0 ], [ 110.978317262, -6.89503002099997, 0.0 ], [ 110.978668213, -6.89480018499995, 0.0 ], [ 110.979515075, -6.894830225999949, 0.0 ], [ 110.980285644, -6.89467000899998, 0.0 ], [ 110.980682373, -6.894289970999979, 0.0 ], [ 110.981994629, -6.89228010199997, 0.0 ], [ 110.982452393, -6.89196014399994, 0.0 ], [ 110.983001709, -6.891420363999881, 0.0 ], [ 110.983283997, -6.89139032299988, 0.0 ], [ 110.983734131, -6.891469955999981, 0.0 ], [ 110.983978272, -6.89147996899993, 0.0 ], [ 110.984344482, -6.89147996899993, 0.0 ], [ 110.9846344, -6.89143037699989, 0.0 ], [ 110.984954833, -6.89128017499991, 0.0 ], [ 110.985221863, -6.891000270999941, 0.0 ], [ 110.985618591, -6.89067029899991, 0.0 ], [ 110.98602295, -6.89033031499991, 0.0 ], [ 110.986518861, -6.89001035799993, 0.0 ], [ 110.987037658, -6.889729976999889, 0.0 ], [ 110.987464905, -6.889670371999959, 0.0 ], [ 110.988166808, -6.88961029099994, 0.0 ], [ 110.989196777, -6.88935994999991, 0.0 ], [ 110.989234924, -6.88923025099996, 0.0 ], [ 110.989334106, -6.88893031999993, 0.0 ], [ 110.989486695, -6.888480185999981, 0.0 ], [ 110.989707948, -6.88792037999991, 0.0 ], [ 110.989768981, -6.88772010799988, 0.0 ], [ 110.989852905, -6.88750028499982, 0.0 ], [ 110.99054718, -6.887269973999929, 0.0 ], [ 110.991386414, -6.88719034099995, 0.0 ] ] ] ] } },
{ "type": "Feature", "properties": { "GID_4": "IDN.10.21.15.6_1", "GID_0": "IDN", "COUNTRY": "Indonesia", "GID_1": "IDN.10_1", "NAME_1": "Jawa Tengah", "GID_2": "IDN.10.21_1", "NAME_2": "Pati", "GID_3": "IDN.10.21.15_1", "NAME_3": "Sukolilo", "NAME_4": "Kedumulyo", "VARNAME_4": "NA", "TYPE_4": "Desa", "ENGTYPE_4": "Village", "CC_4": "3318010008" }, "geometry": { "type": "MultiPolygon", "coordinates": [ [ [ [ 110.967330932, -6.93988466199988, 0.0 ], [ 110.96723938, -6.93986415899997, 0.0 ], [ 110.966957092, -6.940272807999859, 0.0 ], [ 110.966255189, -6.940817355999971, 0.0 ], [ 110.96611786, -6.94092702899997, 0.0 ], [ 110.9661026, -6.94099759999995, 0.0 ], [ 110.965744018, -6.94116735499989, 0.0 ], [ 110.965263367, -6.94143962799996, 0.0 ], [ 110.964775085, -6.94169235199996, 0.0 ], [ 110.965202332, -6.94206190199992, 0.0 ], [ 110.965751648, -6.94235134099995, 0.0 ], [ 110.965728759, -6.942449569999949, 0.0 ], [ 110.965866088, -6.942631720999879, 0.0 ], [ 110.966133118, -6.942995547999891, 0.0 ], [ 110.96611786, -6.943404196999951, 0.0 ], [ 110.965942382, -6.944104194999969, 0.0 ], [ 110.965354919, -6.94499874199988, 0.0 ], [ 110.965141297, -6.94532251199996, 0.0 ], [ 110.965141297, -6.945397852999971, 0.0 ], [ 110.964752196, -6.945816039999949, 0.0 ], [ 110.962844849, -6.9472937569999, 0.0 ], [ 110.96270752, -6.94717693399991, 0.0 ], [ 110.96270752, -6.94614648799984, 0.0 ], [ 110.96244049, -6.94480419099989, 0.0 ], [ 110.962303161, -6.94437646799992, 0.0 ], [ 110.962013245, -6.94355964699992, 0.0 ], [ 110.961906433, -6.94335555999993, 0.0 ], [ 110.961921691, -6.94321918399993, 0.0 ], [ 110.961830139, -6.94267749799997, 0.0 ], [ 110.961814881, -6.94257926899991, 0.0 ], [ 110.960990905, -6.94211864499988, 0.0 ], [ 110.960327149, -6.94181155999996, 0.0 ], [ 110.95981598, -6.94117212299994, 0.0 ], [ 110.95992279, -6.94098806399995, 0.0 ], [ 110.95981598, -6.94068527199988, 0.0 ], [ 110.959762572, -6.939507961999879, 0.0 ], [ 110.95955658, -6.938279151999951, 0.0 ], [ 110.95955658, -6.9374504079999, 0.0 ], [ 110.958946229, -6.936292170999929, 0.0 ], [ 110.957748413, -6.93645238899995, 0.0 ], [ 110.956596374, -6.93622159799986, 0.0 ], [ 110.956504822, -6.93631505999997, 0.0 ], [ 110.956314086, -6.93640518199993, 0.0 ], [ 110.956169129, -6.93642473299997, 0.0 ], [ 110.95576477, -6.93632507299998, 0.0 ], [ 110.955299378, -6.9361748689999, 0.0 ], [ 110.954864503, -6.93601512899994, 0.0 ], [ 110.954658508, -6.93590497899993, 0.0 ], [ 110.954399109, -6.9356651299999, 0.0 ], [ 110.954170228, -6.93531513099992, 0.0 ], [ 110.953887939, -6.93513488699989, 0.0 ], [ 110.953727722, -6.93508815799987, 0.0 ], [ 110.953666687, -6.934452057999981, 0.0 ], [ 110.954307557, -6.933332442999931, 0.0 ], [ 110.955108642, -6.93165302199986, 0.0 ], [ 110.952552795, -6.93171071899991, 0.0 ], [ 110.952041626, -6.931420802999921, 0.0 ], [ 110.952102661, -6.93064117399996, 0.0 ], [ 110.95148468, -6.93013954099996, 0.0 ], [ 110.950202942, -6.929972170999971, 0.0 ], [ 110.949142457, -6.93036222399991, 0.0 ], [ 110.94797516, -6.93036222399991, 0.0 ], [ 110.947402953, -6.929960249999971, 0.0 ], [ 110.946136474, -6.92991638299998, 0.0 ], [ 110.945899963, -6.92991638299998, 0.0 ], [ 110.94556427, -6.929933547999951, 0.0 ], [ 110.944282532, -6.930065631999979, 0.0 ], [ 110.943534852, -6.93010950199994, 0.0 ], [ 110.942871093, -6.93002128499995, 0.0 ], [ 110.94291687, -6.930859088999969, 0.0 ], [ 110.942871093, -6.93178510599995, 0.0 ], [ 110.942649841, -6.932137966999901, 0.0 ], [ 110.942825318, -6.933196066999931, 0.0 ], [ 110.942962647, -6.933990000999869, 0.0 ], [ 110.943000794, -6.93425703099996, 0.0 ], [ 110.94104004, -6.93433856999991, 0.0 ], [ 110.940979004, -6.934918879999879, 0.0 ], [ 110.940963744, -6.93503522799995, 0.0 ], [ 110.939079285, -6.93522405599992, 0.0 ], [ 110.938545228, -6.933372019999981, 0.0 ], [ 110.938064575, -6.932049274999941, 0.0 ], [ 110.936363221, -6.92816877299987, 0.0 ], [ 110.935882568, -6.926845550999929, 0.0 ], [ 110.934906005, -6.926007746999971, 0.0 ], [ 110.934646606, -6.92428827199996, 0.0 ], [ 110.934204102, -6.92300939599994, 0.0 ], [ 110.934555054, -6.92120170699991, 0.0 ], [ 110.935707093, -6.91723346599997, 0.0 ], [ 110.935707093, -6.916086673999929, 0.0 ], [ 110.935218812, -6.914852141999921, 0.0 ], [ 110.934249877, -6.91427898499995, 0.0 ], [ 110.93409729, -6.91362190199993, 0.0 ], [ 110.935089111, -6.91366147899993, 0.0 ], [ 110.937355042, -6.91379403999997, 0.0 ], [ 110.93751526, -6.91344118099988, 0.0 ], [ 110.937690735, -6.91282415399991, 0.0 ], [ 110.93751526, -6.91216278099989, 0.0 ], [ 110.937957763, -6.911986349999949, 0.0 ], [ 110.938796997, -6.91176605199985, 0.0 ], [ 110.939590454, -6.911866186999871, 0.0 ], [ 110.940116882, -6.911866186999871, 0.0 ], [ 110.940727233, -6.911977766999939, 0.0 ], [ 110.941123962, -6.91142082099998, 0.0 ], [ 110.94178772, -6.91114234799994, 0.0 ], [ 110.942108155, -6.911187647999951, 0.0 ], [ 110.942771911, -6.91160011199997, 0.0 ], [ 110.943565368, -6.91199970299988, 0.0 ], [ 110.944290162, -6.91199970299988, 0.0 ], [ 110.944389344, -6.91196489399994, 0.0 ], [ 110.944747924, -6.91199493299996, 0.0 ], [ 110.945762634, -6.91207981199994, 0.0 ], [ 110.946365357, -6.9121994969999, 0.0 ], [ 110.946563721, -6.91223955199996, 0.0 ], [ 110.94732666, -6.91271924899991, 0.0 ], [ 110.948043823, -6.91291904399992, 0.0 ], [ 110.948921204, -6.912479400999869, 0.0 ], [ 110.949920654, -6.912319660999909, 0.0 ], [ 110.951004029, -6.91235971499992, 0.0 ], [ 110.952125549, -6.91208028699998, 0.0 ], [ 110.952964784, -6.91208028699998, 0.0 ], [ 110.953079224, -6.911241529999871, 0.0 ], [ 110.953163148, -6.91064214699992, 0.0 ], [ 110.953224181, -6.91053438199998, 0.0 ], [ 110.953140259, -6.91020297899991, 0.0 ], [ 110.953132629, -6.91010236699992, 0.0 ], [ 110.954017638, -6.910014629999979, 0.0 ], [ 110.954818726, -6.91129636799997, 0.0 ], [ 110.955863952, -6.91148090399997, 0.0 ], [ 110.955757142, -6.91212081899988, 0.0 ], [ 110.956939697, -6.912740229999881, 0.0 ], [ 110.957267761, -6.912884711999939, 0.0 ], [ 110.957176209, -6.91311931599989, 0.0 ], [ 110.956581116, -6.91451787899996, 0.0 ], [ 110.955940246, -6.91591596699993, 0.0 ], [ 110.955619813, -6.918472288999959, 0.0 ], [ 110.955902099, -6.91963100299989, 0.0 ], [ 110.956657409, -6.91995048599995, 0.0 ], [ 110.957267761, -6.919798373999981, 0.0 ], [ 110.957458497, -6.919751166999899, 0.0 ], [ 110.957817078, -6.91947126299993, 0.0 ], [ 110.958480835, -6.91894769599998, 0.0 ], [ 110.958580017, -6.918712614999949, 0.0 ], [ 110.958816528, -6.91843271199997, 0.0 ], [ 110.95917511, -6.91819334099989, 0.0 ], [ 110.959854126, -6.91807317799987, 0.0 ], [ 110.960617065, -6.91819334099989, 0.0 ], [ 110.960975647, -6.91931200099998, 0.0 ], [ 110.961097717, -6.92114925399994, 0.0 ], [ 110.961097717, -6.92207336499996, 0.0 ], [ 110.961975098, -6.92306709199983, 0.0 ], [ 110.962684632, -6.923677444999949, 0.0 ], [ 110.962982178, -6.92366838499993, 0.0 ], [ 110.963272094, -6.924237251999901, 0.0 ], [ 110.964897155, -6.92458009799998, 0.0 ], [ 110.965759278, -6.925695894999821, 0.0 ], [ 110.967216492, -6.92818355599996, 0.0 ], [ 110.969017029, -6.929385184999891, 0.0 ], [ 110.969360352, -6.93084335399993, 0.0 ], [ 110.968849183, -6.93307399799994, 0.0 ], [ 110.96798706, -6.93393182799991, 0.0 ], [ 110.968673705, -6.93513297999993, 0.0 ], [ 110.968162536, -6.93702030099996, 0.0 ], [ 110.968505859, -6.93847894599992, 0.0 ], [ 110.967330932, -6.93988466199988, 0.0 ] ] ] ] } },
{ "type": "Feature", "properties": { "GID_4": "IDN.10.21.15.7_1", "GID_0": "IDN", "COUNTRY": "Indonesia", "GID_1": "IDN.10_1", "NAME_1": "Jawa Tengah", "GID_2": "IDN.10.21_1", "NAME_2": "Pati", "GID_3": "IDN.10.21.15_1", "NAME_3": "Sukolilo", "NAME_4": "Kedungwinong", "VARNAME_4": "NA", "TYPE_4": "Desa", "ENGTYPE_4": "Village", "CC_4": "3318010011" }, "geometry": { "type": "MultiPolygon", "coordinates": [ [ [ [ 110.885032653, -6.95339488999997, 0.0 ], [ 110.885612488, -6.95330905899988, 0.0 ], [ 110.885971069, -6.95326661999991, 0.0 ], [ 110.886177064, -6.95283698899988, 0.0 ], [ 110.886032105, -6.95268011199988, 0.0 ], [ 110.885932923, -6.95249986599987, 0.0 ], [ 110.885780335, -6.95231008499991, 0.0 ], [ 110.885643006, -6.95211982799998, 0.0 ], [ 110.885498047, -6.95183992299991, 0.0 ], [ 110.88533783, -6.95143985699985, 0.0 ], [ 110.885353088, -6.95126008999989, 0.0 ], [ 110.885391235, -6.95102977699992, 0.0 ], [ 110.885383607, -6.950799940999841, 0.0 ], [ 110.885421754, -6.950540065999921, 0.0 ], [ 110.885406493, -6.950290202999951, 0.0 ], [ 110.885429382, -6.95000982199991, 0.0 ], [ 110.885429382, -6.94993019099991, 0.0 ], [ 110.885429382, -6.94975995999994, 0.0 ], [ 110.885551452, -6.94954013699987, 0.0 ], [ 110.885597229, -6.94936990699989, 0.0 ], [ 110.885673523, -6.949140070999819, 0.0 ], [ 110.885780335, -6.94881010099994, 0.0 ], [ 110.885948181, -6.94855022399997, 0.0 ], [ 110.886230469, -6.94823980399991, 0.0 ], [ 110.886581421, -6.948009967999839, 0.0 ], [ 110.886886597, -6.94778013199993, 0.0 ], [ 110.887039185, -6.94765996899991, 0.0 ], [ 110.887336731, -6.9474000919999, 0.0 ], [ 110.887496948, -6.94722986199997, 0.0 ], [ 110.887611389, -6.947020053999889, 0.0 ], [ 110.887878419, -6.946640013999971, 0.0 ], [ 110.888206482, -6.94634008499997, 0.0 ], [ 110.88848877, -6.94611978499995, 0.0 ], [ 110.888778686, -6.94597005799989, 0.0 ], [ 110.888999939, -6.94569015399992, 0.0 ], [ 110.88923645, -6.94530010099987, 0.0 ], [ 110.889350891, -6.94512987099984, 0.0 ], [ 110.889488219, -6.94480991299992, 0.0 ], [ 110.88961792, -6.944550035999901, 0.0 ], [ 110.889747619, -6.94428014799996, 0.0 ], [ 110.889839173, -6.944099901999949, 0.0 ], [ 110.890060424, -6.94367980999994, 0.0 ], [ 110.890296937, -6.94324159699994, 0.0 ], [ 110.890327454, -6.94245242999989, 0.0 ], [ 110.89024353, -6.941617010999949, 0.0 ], [ 110.890007019, -6.94097471099991, 0.0 ], [ 110.889900208, -6.93979644799998, 0.0 ], [ 110.889900208, -6.93923997899992, 0.0 ], [ 110.890174866, -6.938340186999939, 0.0 ], [ 110.890754699, -6.93789100599997, 0.0 ], [ 110.89125061, -6.937848091999969, 0.0 ], [ 110.891593933, -6.93797683799994, 0.0 ], [ 110.892044067, -6.93844795199993, 0.0 ], [ 110.892585754, -6.9387278559999, 0.0 ], [ 110.893157959, -6.938630103999911, 0.0 ], [ 110.893302918, -6.93846988599989, 0.0 ], [ 110.893318176, -6.93838977699994, 0.0 ], [ 110.893333435, -6.938189982999921, 0.0 ], [ 110.893302918, -6.93795013399995, 0.0 ], [ 110.89328766, -6.93783998399994, 0.0 ], [ 110.893280029, -6.93747997199995, 0.0 ], [ 110.893379212, -6.93740987699994, 0.0 ], [ 110.893516541, -6.93736982199994, 0.0 ], [ 110.893600464, -6.93734979599992, 0.0 ], [ 110.893730163, -6.937329769999961, 0.0 ], [ 110.893730163, -6.93712997299997, 0.0 ], [ 110.893730163, -6.93700980999995, 0.0 ], [ 110.893730163, -6.93687009799987, 0.0 ], [ 110.893722535, -6.93676996199991, 0.0 ], [ 110.893737793, -6.93662977199995, 0.0 ], [ 110.893760682, -6.93633985399987, 0.0 ], [ 110.89376831, -6.9361200329999, 0.0 ], [ 110.893737793, -6.93591976199991, 0.0 ], [ 110.893722535, -6.93582010199992, 0.0 ], [ 110.893646239, -6.93577003499996, 0.0 ], [ 110.893478394, -6.93573999299997, 0.0 ], [ 110.893463135, -6.93546008999994, 0.0 ], [ 110.893409728, -6.9353227609999, 0.0 ], [ 110.893432617, -6.935193061999941, 0.0 ], [ 110.893486024, -6.934864519999911, 0.0 ], [ 110.893165589, -6.93417262999998, 0.0 ], [ 110.892990113, -6.93334245599993, 0.0 ], [ 110.892822266, -6.93323993599989, 0.0 ], [ 110.892723083, -6.93292999199991, 0.0 ], [ 110.892608643, -6.93252992499993, 0.0 ], [ 110.892532349, -6.932260034999901, 0.0 ], [ 110.892509461, -6.93214368699995, 0.0 ], [ 110.891624452, -6.931581972999941, 0.0 ], [ 110.890281677, -6.93113612999997, 0.0 ], [ 110.889839173, -6.93046808099996, 0.0 ], [ 110.889739991, -6.92959785499988, 0.0 ], [ 110.889732361, -6.92946481699988, 0.0 ], [ 110.889762879, -6.929289340999961, 0.0 ], [ 110.889778138, -6.92912769299988, 0.0 ], [ 110.889945983, -6.92888927499996, 0.0 ], [ 110.890045166, -6.928777216999949, 0.0 ], [ 110.890296937, -6.928608893999981, 0.0 ], [ 110.890525818, -6.92858075999993, 0.0 ], [ 110.890670777, -6.928573607999969, 0.0 ], [ 110.890899658, -6.92858791299983, 0.0 ], [ 110.891166688, -6.92858075999993, 0.0 ], [ 110.891395569, -6.928552626999931, 0.0 ], [ 110.891525269, -6.92844772399997, 0.0 ], [ 110.891555786, -6.92828607599989, 0.0 ], [ 110.89163208, -6.92802667699993, 0.0 ], [ 110.891708373, -6.92775297099985, 0.0 ], [ 110.89175415, -6.927437303999909, 0.0 ], [ 110.891777039, -6.927351951999981, 0.0 ], [ 110.891799927, -6.92728280899985, 0.0 ], [ 110.891799927, -6.92715644799995, 0.0 ], [ 110.891777039, -6.92697381999994, 0.0 ], [ 110.891716004, -6.92690372399994, 0.0 ], [ 110.891563416, -6.926819324999941, 0.0 ], [ 110.891395569, -6.926735400999919, 0.0 ], [ 110.891334533, -6.92666768999993, 0.0 ], [ 110.891311645, -6.926538943999959, 0.0 ], [ 110.891304017, -6.92618083999997, 0.0 ], [ 110.891387939, -6.92577362099996, 0.0 ], [ 110.891441346, -6.92551422099996, 0.0 ], [ 110.891525269, -6.92528963099994, 0.0 ], [ 110.891510009, -6.92508029899994, 0.0 ], [ 110.891677857, -6.92511939999997, 0.0 ], [ 110.891906738, -6.92518997099995, 0.0 ], [ 110.892303466, -6.92524003899996, 0.0 ], [ 110.892562866, -6.92536020199992, 0.0 ], [ 110.892753602, -6.92535018899997, 0.0 ], [ 110.89302063, -6.925409793999959, 0.0 ], [ 110.893356323, -6.925459860999981, 0.0 ], [ 110.893592834, -6.925580024999931, 0.0 ], [ 110.893791198, -6.925648212999931, 0.0 ], [ 110.893898011, -6.925756454999941, 0.0 ], [ 110.89441681, -6.92631006099998, 0.0 ], [ 110.894973754, -6.92671012799997, 0.0 ], [ 110.895713806, -6.927048205999881, 0.0 ], [ 110.896385193, -6.927048682999841, 0.0 ], [ 110.897468566, -6.926864146999949, 0.0 ], [ 110.897956849, -6.926741598999911, 0.0 ], [ 110.898727417, -6.92664909199988, 0.0 ], [ 110.899215698, -6.92664956999994, 0.0 ], [ 110.899772644, -6.926741598999911, 0.0 ], [ 110.900299073, -6.926834105999939, 0.0 ], [ 110.900848389, -6.926834105999939, 0.0 ], [ 110.901527406, -6.92683458299996, 0.0 ], [ 110.90220642, -6.926711559999939, 0.0 ], [ 110.902572632, -6.92655801799998, 0.0 ], [ 110.903373718, -6.92606592199996, 0.0 ], [ 110.90411377, -6.92554378499995, 0.0 ], [ 110.905036926, -6.925174712999931, 0.0 ], [ 110.905838013, -6.924990653999881, 0.0 ], [ 110.90663147, -6.92496013599998, 0.0 ], [ 110.907310487, -6.92529821399995, 0.0 ], [ 110.907989501, -6.925605772999971, 0.0 ], [ 110.908447265, -6.92572879699998, 0.0 ], [ 110.908882141, -6.925698279999951, 0.0 ], [ 110.909896851, -6.92536020199992, 0.0 ], [ 110.910575867, -6.925118445999891, 0.0 ], [ 110.910682678, -6.92512846099993, 0.0 ], [ 110.910652161, -6.925367831999949, 0.0 ], [ 110.910629272, -6.925466058999969, 0.0 ], [ 110.910591126, -6.92555761299991, 0.0 ], [ 110.91052246, -6.92569875699996, 0.0 ], [ 110.910064698, -6.92640542999982, 0.0 ], [ 110.909820557, -6.92689752599995, 0.0 ], [ 110.909698486, -6.92738914399996, 0.0 ], [ 110.909851074, -6.927789210999889, 0.0 ], [ 110.910064698, -6.92788123999998, 0.0 ], [ 110.910247802, -6.92772769999988, 0.0 ], [ 110.910491943, -6.92760467499994, 0.0 ], [ 110.910682678, -6.92769718099993, 0.0 ], [ 110.910652161, -6.92788123999998, 0.0 ], [ 110.910400391, -6.92825031199988, 0.0 ], [ 110.910217286, -6.928557871999939, 0.0 ], [ 110.910430908, -6.92895746299996, 0.0 ], [ 110.910804748, -6.92898845699995, 0.0 ], [ 110.911445618, -6.92904996899995, 0.0 ], [ 110.911521912, -6.92960309999989, 0.0 ], [ 110.912078858, -6.9303107259999, 0.0 ], [ 110.912475586, -6.931232928999919, 0.0 ], [ 110.912788391, -6.93215513299992, 0.0 ], [ 110.913215636, -6.93332385999997, 0.0 ], [ 110.913650512, -6.93418454999988, 0.0 ], [ 110.913803101, -6.93522977899994, 0.0 ], [ 110.913581848, -6.936367511999949, 0.0 ], [ 110.913482666, -6.93763923699993, 0.0 ], [ 110.913459778, -6.93776273799983, 0.0 ], [ 110.913444519, -6.937868117999929, 0.0 ], [ 110.913436889, -6.93794631899993, 0.0 ], [ 110.913421631, -6.93803834799996, 0.0 ], [ 110.913429261, -6.93867444999995, 0.0 ], [ 110.913406372, -6.93912219899994, 0.0 ], [ 110.913383484, -6.939595221999921, 0.0 ], [ 110.913368226, -6.939806460999929, 0.0 ], [ 110.913101196, -6.93978786499997, 0.0 ], [ 110.912979125, -6.93978786499997, 0.0 ], [ 110.912971497, -6.9402542119999, 0.0 ], [ 110.912979125, -6.940341471999939, 0.0 ], [ 110.912986755, -6.94053411499988, 0.0 ], [ 110.912963867, -6.94072723399995, 0.0 ], [ 110.91291809, -6.94095086999994, 0.0 ], [ 110.912849426, -6.94141101899987, 0.0 ], [ 110.912826538, -6.94160604499996, 0.0 ], [ 110.91292572, -6.94171619299993, 0.0 ], [ 110.912986755, -6.94185590699993, 0.0 ], [ 110.913162231, -6.94194602899984, 0.0 ], [ 110.913284302, -6.94197130199996, 0.0 ], [ 110.913398742, -6.942008494999931, 0.0 ], [ 110.913482666, -6.94211435199998, 0.0 ], [ 110.913604737, -6.94215154599988, 0.0 ], [ 110.913848876, -6.94217634199987, 0.0 ], [ 110.914100647, -6.94221401199997, 0.0 ], [ 110.914230346, -6.94223260799993, 0.0 ], [ 110.914268493, -6.9423880569999, 0.0 ], [ 110.914237976, -6.942568302999969, 0.0 ], [ 110.914230346, -6.94278001799989, 0.0 ], [ 110.914230346, -6.942929267999939, 0.0 ], [ 110.914215088, -6.94314670499995, 0.0 ], [ 110.914138794, -6.94326782099995, 0.0 ], [ 110.914070129, -6.943449496999961, 0.0 ], [ 110.914001465, -6.94368696299989, 0.0 ], [ 110.913955688, -6.943898200999971, 0.0 ], [ 110.913894653, -6.944063185999941, 0.0 ], [ 110.913879395, -6.944176673999951, 0.0 ], [ 110.913856506, -6.94429016099997, 0.0 ], [ 110.913803101, -6.94438838899993, 0.0 ], [ 110.913749694, -6.94450664399994, 0.0 ], [ 110.913719177, -6.94458436999997, 0.0 ], [ 110.91368103, -6.944738864999979, 0.0 ], [ 110.913528443, -6.94481134299997, 0.0 ], [ 110.913398742, -6.944806097999959, 0.0 ], [ 110.913246155, -6.94475412299994, 0.0 ], [ 110.913154603, -6.94471359099992, 0.0 ], [ 110.912872315, -6.944391725999939, 0.0 ], [ 110.912399293, -6.94442128999998, 0.0 ], [ 110.912254334, -6.94495534999987, 0.0 ], [ 110.912521361, -6.94578599899995, 0.0 ], [ 110.91266632, -6.94664573699993, 0.0 ], [ 110.912757874, -6.94741725799997, 0.0 ], [ 110.913085938, -6.94830703699989, 0.0 ], [ 110.913146973, -6.948600767999949, 0.0 ], [ 110.913230897, -6.94901895499993, 0.0 ], [ 110.913139343, -6.949463365999919, 0.0 ], [ 110.912963867, -6.94981956499993, 0.0 ], [ 110.912620543, -6.9499645219999, 0.0 ], [ 110.912574768, -6.95011281899991, 0.0 ], [ 110.912368774, -6.95023727499989, 0.0 ], [ 110.91229248, -6.95039892199998, 0.0 ], [ 110.912261964, -6.95062255799991, 0.0 ], [ 110.912132263, -6.95079040599995, 0.0 ], [ 110.911949157, -6.95088386499992, 0.0 ], [ 110.911743165, -6.95113277399992, 0.0 ], [ 110.911705018, -6.95135021199997, 0.0 ], [ 110.911605836, -6.95161771699998, 0.0 ], [ 110.911369324, -6.95193481399997, 0.0 ], [ 110.911193849, -6.95210265999998, 0.0 ], [ 110.911064148, -6.95238876299993, 0.0 ], [ 110.911018371, -6.95253801299992, 0.0 ], [ 110.910919189, -6.952849386999961, 0.0 ], [ 110.910705566, -6.95324707099996, 0.0 ], [ 110.91053772, -6.95347118399997, 0.0 ], [ 110.910438538, -6.95358276399998, 0.0 ], [ 110.909812927, -6.954419135999961, 0.0 ], [ 110.909446717, -6.9546651849999, 0.0 ], [ 110.909317016, -6.95504236299996, 0.0 ], [ 110.908874512, -6.95543622899993, 0.0 ], [ 110.908416749, -6.95578050499989, 0.0 ], [ 110.908164977, -6.95604324199996, 0.0 ], [ 110.907836914, -6.95633840599987, 0.0 ], [ 110.907608033, -6.95655155099985, 0.0 ], [ 110.90737915, -6.95691251799997, 0.0 ], [ 110.907051087, -6.95732259699997, 0.0 ], [ 110.906768799, -6.95771646499998, 0.0 ], [ 110.906311035, -6.95801162699996, 0.0 ], [ 110.905982972, -6.95825433799996, 0.0 ], [ 110.906135559, -6.95893430699982, 0.0 ], [ 110.906311035, -6.95927476899993, 0.0 ], [ 110.906555176, -6.959701537999879, 0.0 ], [ 110.90663147, -6.960042476999939, 0.0 ], [ 110.906784057, -6.960330485999979, 0.0 ], [ 110.907066345, -6.96110439199998, 0.0 ], [ 110.906822204, -6.96114540099995, 0.0 ], [ 110.906593323, -6.96114540099995, 0.0 ], [ 110.906112671, -6.96111249899991, 0.0 ], [ 110.905586243, -6.96103048299989, 0.0 ], [ 110.905029297, -6.96080064699987, 0.0 ], [ 110.904144286, -6.96064758299991, 0.0 ], [ 110.903961182, -6.96068096199991, 0.0 ], [ 110.903549193, -6.960668563999949, 0.0 ], [ 110.903114318, -6.96055984399993, 0.0 ], [ 110.902656556, -6.96019697199995, 0.0 ], [ 110.902427673, -6.95980978099993, 0.0 ], [ 110.902305603, -6.95970106099992, 0.0 ], [ 110.90209198, -6.95963096499997, 0.0 ], [ 110.901359558, -6.95950221899989, 0.0 ], [ 110.900634766, -6.95945930499994, 0.0 ], [ 110.899986266, -6.959437370999981, 0.0 ], [ 110.89968872, -6.95945882699988, 0.0 ], [ 110.899131774, -6.959587097999929, 0.0 ], [ 110.898788452, -6.95986556899993, 0.0 ], [ 110.898468018, -6.95988702699998, 0.0 ], [ 110.897956849, -6.95984411299997, 0.0 ], [ 110.897354125, -6.95982265399994, 0.0 ], [ 110.896835326, -6.95977973999987, 0.0 ], [ 110.896263122, -6.959865092999909, 0.0 ], [ 110.895851135, -6.96007919399995, 0.0 ], [ 110.895317077, -6.960464476999961, 0.0 ], [ 110.894760131, -6.96095704999993, 0.0 ], [ 110.894119264, -6.96155643499998, 0.0 ], [ 110.89377594, -6.961385249999921, 0.0 ], [ 110.893325806, -6.961149215999849, 0.0 ], [ 110.892936706, -6.961042403999899, 0.0 ], [ 110.892463684, -6.96095657199987, 0.0 ], [ 110.892189026, -6.960935115999969, 0.0 ], [ 110.891738892, -6.960999011999951, 0.0 ], [ 110.891204835, -6.96125602599989, 0.0 ], [ 110.890731812, -6.96136283899995, 0.0 ], [ 110.890022277, -6.961448669999919, 0.0 ], [ 110.889747619, -6.961422443999881, 0.0 ], [ 110.889656067, -6.96141386099981, 0.0 ], [ 110.88922882, -6.96111965199998, 0.0 ], [ 110.889083863, -6.96068286899998, 0.0 ], [ 110.889038086, -6.96055793799997, 0.0 ], [ 110.88922882, -6.95980882599997, 0.0 ], [ 110.889694214, -6.95920038199989, 0.0 ], [ 110.889862062, -6.958825587999971, 0.0 ], [ 110.889846801, -6.95848989399991, 0.0 ], [ 110.889846801, -6.958119868999919, 0.0 ], [ 110.889816285, -6.957940100999959, 0.0 ], [ 110.889793396, -6.957709789999909, 0.0 ], [ 110.889717102, -6.95745992599996, 0.0 ], [ 110.889717102, -6.957099913999909, 0.0 ], [ 110.889602662, -6.95678996999993, 0.0 ], [ 110.889541627, -6.95651006599996, 0.0 ], [ 110.889450073, -6.95610236999988, 0.0 ], [ 110.889396667, -6.95595979599989, 0.0 ], [ 110.889251708, -6.955679892999911, 0.0 ], [ 110.88912201, -6.95550012599989, 0.0 ], [ 110.888931273, -6.955369947999941, 0.0 ], [ 110.888648987, -6.95517015399986, 0.0 ], [ 110.888366699, -6.9550099359999, 0.0 ], [ 110.888267517, -6.9549388879999, 0.0 ], [ 110.887542725, -6.95503377999995, 0.0 ], [ 110.886749268, -6.95473003299992, 0.0 ], [ 110.886444092, -6.95431613899996, 0.0 ], [ 110.886077882, -6.953930377999941, 0.0 ], [ 110.885650635, -6.953566073999981, 0.0 ], [ 110.885223389, -6.95344829499993, 0.0 ], [ 110.885032653, -6.95339488999997, 0.0 ] ] ] ] } },
{ "type": "Feature", "properties": { "GID_4": "IDN.10.9.9.3_1", "GID_0": "IDN", "COUNTRY": "Indonesia", "GID_1": "IDN.10_1", "NAME_1": "Jawa Tengah", "GID_2": "IDN.10.9_1", "NAME_2": "Grobogan", "GID_3": "IDN.10.9.9_1", "NAME_3": "Klambu", "NAME_4": "Klambu", "VARNAME_4": "NA", "TYPE_4": "Desa", "ENGTYPE_4": "Village", "CC_4": "3315150005" }, "geometry": { "type": "MultiPolygon", "coordinates": [ [ [ [ 110.794158935, -7.017690180999919, 0.0 ], [ 110.794273377, -7.01725005999992, 0.0 ], [ 110.794448853, -7.016359805999909, 0.0 ], [ 110.794548035, -7.01577997099997, 0.0 ], [ 110.794570924, -7.015190123999959, 0.0 ], [ 110.794403076, -7.014629839999941, 0.0 ], [ 110.794036864, -7.01411008799994, 0.0 ], [ 110.793609619, -7.01359987199993, 0.0 ], [ 110.793136597, -7.01325988799994, 0.0 ], [ 110.79271698, -7.01314020199987, 0.0 ], [ 110.792259216, -7.013130186999941, 0.0 ], [ 110.791862487, -7.01323985999994, 0.0 ], [ 110.791259766, -7.01355981699987, 0.0 ], [ 110.790611266, -7.013969898999961, 0.0 ], [ 110.789970398, -7.01431989599996, 0.0 ], [ 110.789649963, -7.014470099999869, 0.0 ], [ 110.7891922, -7.01476001599997, 0.0 ], [ 110.788856506, -7.014890193999969, 0.0 ], [ 110.788711547, -7.014929770999971, 0.0 ], [ 110.788597107, -7.01496982599991, 0.0 ], [ 110.787620544, -7.01526021899997, 0.0 ], [ 110.787071228, -7.01541995899987, 0.0 ], [ 110.78643036, -7.015649794999941, 0.0 ], [ 110.786216735, -7.015759944999961, 0.0 ], [ 110.786003113, -7.01597976599993, 0.0 ], [ 110.785873414, -7.01611995699994, 0.0 ], [ 110.785682678, -7.01624011999996, 0.0 ], [ 110.785499574, -7.01637983199987, 0.0 ], [ 110.785423278, -7.01649999499995, 0.0 ], [ 110.785499574, -7.016620157999971, 0.0 ], [ 110.784416198, -7.016860006999929, 0.0 ], [ 110.783927918, -7.01677989999996, 0.0 ], [ 110.783737184, -7.01665019999996, 0.0 ], [ 110.783546447, -7.01642990199986, 0.0 ], [ 110.783462524, -7.016109943999939, 0.0 ], [ 110.783432007, -7.01577997099997, 0.0 ], [ 110.783531189, -7.01541995899987, 0.0 ], [ 110.78376007, -7.014820098999959, 0.0 ], [ 110.784126282, -7.01419019699989, 0.0 ], [ 110.784378051, -7.013810156999969, 0.0 ], [ 110.784637451, -7.01325988799994, 0.0 ], [ 110.784828185, -7.01273012099989, 0.0 ], [ 110.784889221, -7.01221990499994, 0.0 ], [ 110.784881592, -7.01187992099989, 0.0 ], [ 110.78466034, -7.01153993499997, 0.0 ], [ 110.78439331, -7.01132011499993, 0.0 ], [ 110.784683228, -7.01087999399994, 0.0 ], [ 110.784919739, -7.01049995399984, 0.0 ], [ 110.78515625, -7.010119913999919, 0.0 ], [ 110.785293579, -7.00970983399992, 0.0 ], [ 110.785316468, -7.00943994399995, 0.0 ], [ 110.785247802, -7.00927019099987, 0.0 ], [ 110.784957886, -7.00899982399989, 0.0 ], [ 110.784553527, -7.00879001599992, 0.0 ], [ 110.783821105, -7.00841999099987, 0.0 ], [ 110.783203124, -7.00800990999994, 0.0 ], [ 110.782821656, -7.0075798019999, 0.0 ], [ 110.78263855, -7.00694990199992, 0.0 ], [ 110.782539368, -7.00639009399987, 0.0 ], [ 110.782432555, -7.00601005599998, 0.0 ], [ 110.782279968, -7.005829809999969, 0.0 ], [ 110.781723022, -7.0057702069999, 0.0 ], [ 110.781639098, -7.00576019199997, 0.0 ], [ 110.781288147, -7.005750178999961, 0.0 ], [ 110.781158448, -7.0057101239999, 0.0 ], [ 110.780662537, -7.00558996099994, 0.0 ], [ 110.780479431, -7.00555991999994, 0.0 ], [ 110.780197143, -7.00545978499997, 0.0 ], [ 110.779731751, -7.00521993599995, 0.0 ], [ 110.77948761, -7.005020141999921, 0.0 ], [ 110.779418946, -7.00495004599998, 0.0 ], [ 110.779098511, -7.00455999299987, 0.0 ], [ 110.778869628, -7.00412988599993, 0.0 ], [ 110.778770446, -7.0039401059999, 0.0 ], [ 110.7784729, -7.00332021699995, 0.0 ], [ 110.778381348, -7.00314998699992, 0.0 ], [ 110.77809906, -7.002560138999971, 0.0 ], [ 110.777923584, -7.00215005799987, 0.0 ], [ 110.777778625, -7.00182008699994, 0.0 ], [ 110.777641296, -7.001470087999909, 0.0 ], [ 110.777252197, -7.00047016099995, 0.0 ], [ 110.77709198, -7.00012016299996, 0.0 ], [ 110.777107238, -7.00002002799994, 0.0 ], [ 110.77720642, -6.99957990699994, 0.0 ], [ 110.777267456, -6.99922990799996, 0.0 ], [ 110.777328491, -6.99904012699994, 0.0 ], [ 110.777587891, -6.998300074999919, 0.0 ], [ 110.777603149, -6.99821996599997, 0.0 ], [ 110.777786255, -6.99728012199989, 0.0 ], [ 110.778022766, -6.99644994799996, 0.0 ], [ 110.778083801, -6.99617004499987, 0.0 ], [ 110.77810669, -6.996049881999971, 0.0 ], [ 110.7782135, -6.99559020999988, 0.0 ], [ 110.778259277, -6.995299815999941, 0.0 ], [ 110.778266907, -6.99517011599994, 0.0 ], [ 110.778282166, -6.99450015899993, 0.0 ], [ 110.778320313, -6.99416017599987, 0.0 ], [ 110.778419495, -6.993269918999941, 0.0 ], [ 110.778518677, -6.99272012599988, 0.0 ], [ 110.778633117, -6.99237012899988, 0.0 ], [ 110.778747558, -6.99233007499987, 0.0 ], [ 110.778907775, -6.99232005999994, 0.0 ], [ 110.779167175, -6.99251985599994, 0.0 ], [ 110.779441833, -6.992670057999929, 0.0 ], [ 110.779808045, -6.99280023499995, 0.0 ], [ 110.781082154, -6.9930400849999, 0.0 ], [ 110.781402587, -6.99346017799996, 0.0 ], [ 110.781379701, -6.994080066999971, 0.0 ], [ 110.78124237, -6.99499988499997, 0.0 ], [ 110.781150818, -6.995659827999929, 0.0 ], [ 110.781272888, -6.99626016599996, 0.0 ], [ 110.781600951, -6.9967799179999, 0.0 ], [ 110.782287598, -6.99752998399987, 0.0 ], [ 110.782997132, -6.99796009099992, 0.0 ], [ 110.783432007, -6.99826001999998, 0.0 ], [ 110.783622741, -6.9982099529999, 0.0 ], [ 110.784011842, -6.99832010299997, 0.0 ], [ 110.784568788, -6.99854993899987, 0.0 ], [ 110.784729003, -6.99872016899997, 0.0 ], [ 110.784858704, -6.99880981399997, 0.0 ], [ 110.785339356, -6.99905013999989, 0.0 ], [ 110.786018371, -6.99945020599995, 0.0 ], [ 110.786338806, -6.999569891999899, 0.0 ], [ 110.786727906, -6.999720095999979, 0.0 ], [ 110.787330627, -6.99999999899995, 0.0 ], [ 110.78755188, -7.0001001359999, 0.0 ], [ 110.787612915, -7.00017976799984, 0.0 ], [ 110.788002014, -7.0006198879999, 0.0 ], [ 110.788513183, -7.000919817999941, 0.0 ], [ 110.789291382, -7.00125980299993, 0.0 ], [ 110.790008545, -7.00151014299996, 0.0 ], [ 110.790817261, -7.00179004599994, 0.0 ], [ 110.791671753, -7.00203990999989, 0.0 ], [ 110.792411805, -7.00225019499982, 0.0 ], [ 110.793121338, -7.00231981299987, 0.0 ], [ 110.794036864, -7.00236987999995, 0.0 ], [ 110.794708253, -7.00229978499993, 0.0 ], [ 110.795410156, -7.00214004499992, 0.0 ], [ 110.796211243, -7.00189018299994, 0.0 ], [ 110.797080994, -7.00127983199991, 0.0 ], [ 110.797546386, -7.00074005099992, 0.0 ], [ 110.797813416, -7.00038003899988, 0.0 ], [ 110.798042297, -7.00015020399997, 0.0 ], [ 110.798210144, -6.99999999899995, 0.0 ], [ 110.798576354, -6.99973010899993, 0.0 ], [ 110.799331665, -6.99927997599997, 0.0 ], [ 110.799728393, -6.998990058999879, 0.0 ], [ 110.800109864, -6.99851989699988, 0.0 ], [ 110.800361633, -6.99785995399992, 0.0 ], [ 110.800636291, -6.99713992999995, 0.0 ], [ 110.800842285, -6.99650001499992, 0.0 ], [ 110.801078796, -6.99596023499993, 0.0 ], [ 110.80152893, -6.99548005999998, 0.0 ], [ 110.801750183, -6.995299815999941, 0.0 ], [ 110.802482605, -6.99498987199996, 0.0 ], [ 110.803062439, -6.994559763999969, 0.0 ], [ 110.803680421, -6.993800163999941, 0.0 ], [ 110.804130554, -6.992919921999939, 0.0 ], [ 110.804550171, -6.9921598439999, 0.0 ], [ 110.804840088, -6.99175977599992, 0.0 ], [ 110.805473327, -6.99121808999996, 0.0 ], [ 110.805549621, -6.99127054299987, 0.0 ], [ 110.805801393, -6.99135732699995, 0.0 ], [ 110.806221008, -6.99148559499997, 0.0 ], [ 110.806404114, -6.991668223999909, 0.0 ], [ 110.806632996, -6.99192333099995, 0.0 ], [ 110.80670929, -6.99199294899995, 0.0 ], [ 110.807029725, -6.99224996599997, 0.0 ], [ 110.807212829, -6.99229621799998, 0.0 ], [ 110.807571411, -6.99226283899998, 0.0 ], [ 110.807838441, -6.99218988299998, 0.0 ], [ 110.807945251, -6.99220228099995, 0.0 ], [ 110.808189392, -6.992290019999931, 0.0 ], [ 110.808311463, -6.99241113599993, 0.0 ], [ 110.808593751, -6.99281072499986, 0.0 ], [ 110.808662414, -6.99319600999985, 0.0 ], [ 110.808761597, -6.99358177099998, 0.0 ], [ 110.808898925, -6.993867396999969, 0.0 ], [ 110.808975219, -6.99396419399989, 0.0 ], [ 110.809013366, -6.99403428999995, 0.0 ], [ 110.80921936, -6.99434566399992, 0.0 ], [ 110.809280396, -6.99452113999996, 0.0 ], [ 110.809303284, -6.99475717599995, 0.0 ], [ 110.809066773, -6.99608707399995, 0.0 ], [ 110.809066773, -6.99635171799991, 0.0 ], [ 110.809143067, -6.99654054699988, 0.0 ], [ 110.809249877, -6.996772287999871, 0.0 ], [ 110.809288024, -6.99685001399985, 0.0 ], [ 110.809402466, -6.997096537999881, 0.0 ], [ 110.809486388, -6.99717473899989, 0.0 ], [ 110.809730529, -6.997412680999961, 0.0 ], [ 110.809982299, -6.998157500999919, 0.0 ], [ 110.810401916, -6.99912071299997, 0.0 ], [ 110.810897827, -7.0000004769999, 0.0 ], [ 110.811447143, -7.00031661899988, 0.0 ], [ 110.811286927, -7.00041007899995, 0.0 ], [ 110.811256408, -7.00052022899996, 0.0 ], [ 110.81124115, -7.00079011899987, 0.0 ], [ 110.811271667, -7.001329898999871, 0.0 ], [ 110.811218262, -7.00161981499997, 0.0 ], [ 110.811119079, -7.00183009999995, 0.0 ], [ 110.810920715, -7.002009867999899, 0.0 ], [ 110.810531617, -7.00217008599992, 0.0 ], [ 110.809516907, -7.00258016499993, 0.0 ], [ 110.809387206, -7.002719878999931, 0.0 ], [ 110.809379578, -7.002810000999941, 0.0 ], [ 110.809417725, -7.00304984999997, 0.0 ], [ 110.809440613, -7.00314998699992, 0.0 ], [ 110.809547424, -7.003590106999919, 0.0 ], [ 110.809432983, -7.00379991499995, 0.0 ], [ 110.809249877, -7.00391006499984, 0.0 ], [ 110.809089662, -7.00395011899997, 0.0 ], [ 110.809020996, -7.004020212999881, 0.0 ], [ 110.808860779, -7.00426006399994, 0.0 ], [ 110.808822632, -7.004399775999959, 0.0 ], [ 110.808746338, -7.00467014299994, 0.0 ], [ 110.808639526, -7.00492000499992, 0.0 ], [ 110.808403015, -7.005280016999961, 0.0 ], [ 110.808258056, -7.00531005799996, 0.0 ], [ 110.807807922, -7.005249977999941, 0.0 ], [ 110.807441712, -7.00546979799992, 0.0 ], [ 110.807289123, -7.00562000299993, 0.0 ], [ 110.807151794, -7.00587987999995, 0.0 ], [ 110.806999206, -7.00591993399996, 0.0 ], [ 110.806800842, -7.00602006899987, 0.0 ], [ 110.806549073, -7.00625991799996, 0.0 ], [ 110.806663513, -7.00631999999985, 0.0 ], [ 110.806846619, -7.00634002599998, 0.0 ], [ 110.806930543, -7.006380080999921, 0.0 ], [ 110.807060242, -7.00653982099993, 0.0 ], [ 110.807029725, -7.006680011999951, 0.0 ], [ 110.806907654, -7.00687980699996, 0.0 ], [ 110.806716918, -7.0070700629999, 0.0 ], [ 110.806541443, -7.00714015899996, 0.0 ], [ 110.806251526, -7.00715017199997, 0.0 ], [ 110.80606842, -7.00717019999985, 0.0 ], [ 110.805801393, -7.00723981899984, 0.0 ], [ 110.80568695, -7.00729989899992, 0.0 ], [ 110.805183411, -7.00722980499989, 0.0 ], [ 110.804771424, -7.00714015899996, 0.0 ], [ 110.803947448, -7.00703001099987, 0.0 ], [ 110.803428649, -7.00697994199993, 0.0 ], [ 110.802680969, -7.006989956999921, 0.0 ], [ 110.801849365, -7.006989956999921, 0.0 ], [ 110.801261902, -7.00703001099987, 0.0 ], [ 110.800827027, -7.007080077999939, 0.0 ], [ 110.800651551, -7.00717019999985, 0.0 ], [ 110.800468445, -7.007339952999931, 0.0 ], [ 110.800117492, -7.00763988499989, 0.0 ], [ 110.799713135, -7.00800990999994, 0.0 ], [ 110.79927826, -7.00847005899993, 0.0 ], [ 110.798919678, -7.0089302049999, 0.0 ], [ 110.798728944, -7.00927019099987, 0.0 ], [ 110.798568726, -7.00968980799996, 0.0 ], [ 110.798446656, -7.01002979199984, 0.0 ], [ 110.798423767, -7.01034021399994, 0.0 ], [ 110.798477172, -7.01074981599993, 0.0 ], [ 110.798568726, -7.01105022499996, 0.0 ], [ 110.798820496, -7.01162004399987, 0.0 ], [ 110.799308776, -7.01219987799988, 0.0 ], [ 110.799842834, -7.012760161999949, 0.0 ], [ 110.800270081, -7.01318979199982, 0.0 ], [ 110.800598144, -7.01361989999998, 0.0 ], [ 110.800750733, -7.01393985699997, 0.0 ], [ 110.800827027, -7.01433992399996, 0.0 ], [ 110.800849915, -7.01472997699989, 0.0 ], [ 110.80078888, -7.014929770999971, 0.0 ], [ 110.80052185, -7.01532983799996, 0.0 ], [ 110.800102233, -7.01562976899993, 0.0 ], [ 110.799743652, -7.01585006699992, 0.0 ], [ 110.79901123, -7.016139982999959, 0.0 ], [ 110.79811859, -7.01639985999992, 0.0 ], [ 110.797149658, -7.01669979199988, 0.0 ], [ 110.79624939, -7.01700019799995, 0.0 ], [ 110.79522705, -7.01731014299992, 0.0 ], [ 110.794433593, -7.0175900459999, 0.0 ], [ 110.794158935, -7.017690180999919, 0.0 ] ] ] ] } },
{ "type": "Feature", "properties": { "GID_4": "IDN.10.21.4.10_1", "GID_0": "IDN", "COUNTRY": "Indonesia", "GID_1": "IDN.10_1", "NAME_1": "Jawa Tengah", "GID_2": "IDN.10.21_1", "NAME_2": "Pati", "GID_3": "IDN.10.21.4_1", "NAME_3": "Gabus", "NAME_4": "Kosekan", "VARNAME_4": "NA", "TYPE_4": "Desa", "ENGTYPE_4": "Village", "CC_4": "3318110024" }, "geometry": { "type": "MultiPolygon", "coordinates": [ [ [ [ 111.023979187, -6.80523967799991, 0.0 ], [ 111.023880004, -6.806298732999949, 0.0 ], [ 111.02368927, -6.80628585699998, 0.0 ], [ 111.023429871, -6.80624770999992, 0.0 ], [ 111.023216248, -6.806295394999951, 0.0 ], [ 111.022857666, -6.80620002799998, 0.0 ], [ 111.022651672, -6.806094645999961, 0.0 ], [ 111.02181244, -6.80592775299993, 0.0 ], [ 111.0214386, -6.80591821699994, 0.0 ], [ 111.021133423, -6.80588960599994, 0.0 ], [ 111.021110535, -6.80600404699993, 0.0 ], [ 111.020805358, -6.80596589999988, 0.0 ], [ 111.020744325, -6.806157110999891, 0.0 ], [ 111.020736694, -6.80638647099994, 0.0 ], [ 111.020698548, -6.80657720599993, 0.0 ], [ 111.020652771, -6.80675887899991, 0.0 ], [ 111.020286561, -6.80677795499992, 0.0 ], [ 111.02005005, -6.80666351199994, 0.0 ], [ 111.019706726, -6.80665397699994, 0.0 ], [ 111.019210815, -6.806644438999969, 0.0 ], [ 111.018875122, -6.806644438999969, 0.0 ], [ 111.018569946, -6.80662536599982, 0.0 ], [ 111.018089295, -6.80665397699994, 0.0 ], [ 111.017982483, -6.80677795499992, 0.0 ], [ 111.017402648, -6.80680656399988, 0.0 ], [ 111.017234803, -6.80686426199998, 0.0 ], [ 111.016914368, -6.80687379699992, 0.0 ], [ 111.016532898, -6.80680656399988, 0.0 ], [ 111.016227723, -6.806835649999809, 0.0 ], [ 111.015220641, -6.806606291999909, 0.0 ], [ 111.014801026, -6.80646276499994, 0.0 ], [ 111.014518738, -6.80645322699996, 0.0 ], [ 111.014297485, -6.806520462999909, 0.0 ], [ 111.013626099, -6.8064055449999, 0.0 ], [ 111.013549805, -6.80666351199994, 0.0 ], [ 111.013465881, -6.807179450999909, 0.0 ], [ 111.013320922, -6.80751371399998, 0.0 ], [ 111.013183593, -6.80790948799995, 0.0 ], [ 111.012901307, -6.80780076999997, 0.0 ], [ 111.012359619, -6.80747842799997, 0.0 ], [ 111.010620118, -6.80598449799993, 0.0 ], [ 111.010147096, -6.80557346399991, 0.0 ], [ 111.010116577, -6.80532407699997, 0.0 ], [ 111.010200501, -6.804547309999919, 0.0 ], [ 111.010200501, -6.80440092099997, 0.0 ], [ 111.010231017, -6.803961275999941, 0.0 ], [ 111.010276794, -6.80372667199987, 0.0 ], [ 111.010322571, -6.80344486199994, 0.0 ], [ 111.010375977, -6.80327653899991, 0.0 ], [ 111.01045227, -6.80303573499998, 0.0 ], [ 111.0103302, -6.80285882899994, 0.0 ], [ 111.010009767, -6.8020987509999, 0.0 ], [ 111.009895324, -6.801827907999889, 0.0 ], [ 111.010574341, -6.80125427099995, 0.0 ], [ 111.010734558, -6.801126957999881, 0.0 ], [ 111.010841371, -6.800978182999931, 0.0 ], [ 111.01360321, -6.799047947999901, 0.0 ], [ 111.014259338, -6.79851054999995, 0.0 ], [ 111.01435089, -6.79846238999994, 0.0 ], [ 111.014648437, -6.79805374099988, 0.0 ], [ 111.015876769, -6.79707622499996, 0.0 ], [ 111.016738892, -6.796245573999951, 0.0 ], [ 111.017341613, -6.79596471799988, 0.0 ], [ 111.019615174, -6.7954421039999, 0.0 ], [ 111.020812988, -6.795174120999949, 0.0 ], [ 111.021652222, -6.79481267899996, 0.0 ], [ 111.022857666, -6.79446458799993, 0.0 ], [ 111.025390625, -6.79432725899994, 0.0 ], [ 111.025367737, -6.79442596399991, 0.0 ], [ 111.025207519, -6.795187949999901, 0.0 ], [ 111.025184631, -6.79604291899994, 0.0 ], [ 111.024971008, -6.79609918499989, 0.0 ], [ 111.02496338, -6.79630994699994, 0.0 ], [ 111.024948119, -6.796630859999939, 0.0 ], [ 111.024887084, -6.79685640299994, 0.0 ], [ 111.02469635, -6.797369003999901, 0.0 ], [ 111.024612426, -6.797615050999921, 0.0 ], [ 111.024497986, -6.79805231099994, 0.0 ], [ 111.024414062, -6.798373698999969, 0.0 ], [ 111.024337768, -6.79865026399995, 0.0 ], [ 111.024276733, -6.79898547999989, 0.0 ], [ 111.024230958, -6.79929971699994, 0.0 ], [ 111.024261475, -6.79960012399994, 0.0 ], [ 111.024284363, -6.7999281889999, 0.0 ], [ 111.024291991, -6.800242423999979, 0.0 ], [ 111.024185181, -6.80051612899996, 0.0 ], [ 111.024246216, -6.80088663099997, 0.0 ], [ 111.024284363, -6.801457880999919, 0.0 ], [ 111.024208069, -6.80204772899998, 0.0 ], [ 111.024230958, -6.80226898099988, 0.0 ], [ 111.024139404, -6.80272674499992, 0.0 ], [ 111.024078369, -6.803061960999969, 0.0 ], [ 111.024040222, -6.803541182999879, 0.0 ], [ 111.024284363, -6.80360507899996, 0.0 ], [ 111.024238586, -6.80367326699997, 0.0 ], [ 111.024192809, -6.803884981999939, 0.0 ], [ 111.024154662, -6.80404233899998, 0.0 ], [ 111.024040222, -6.80421304699996, 0.0 ], [ 111.023956298, -6.80417871399987, 0.0 ], [ 111.023956298, -6.80437707799996, 0.0 ], [ 111.023918151, -6.80457496699989, 0.0 ], [ 111.023872376, -6.804978370999951, 0.0 ], [ 111.023880004, -6.8052310949999, 0.0 ], [ 111.023979187, -6.80523967799991, 0.0 ] ] ] ] } },
{ "type": "Feature", "properties": { "GID_4": "IDN.10.19.10.5_1", "GID_0": "IDN", "COUNTRY": "Indonesia", "GID_1": "IDN.10_1", "NAME_1": "Jawa Tengah", "GID_2": "IDN.10.19_1", "NAME_2": "Kudus", "GID_3": "IDN.10.19.10_1", "NAME_3": "Undaan", "NAME_4": "Kutuk", "VARNAME_4": "NA", "TYPE_4": "Desa", "ENGTYPE_4": "Village", "CC_4": "3319040007" }, "geometry": { "type": "MultiPolygon", "coordinates": [ [ [ [ 110.823112489, -6.94042062699992, 0.0 ], [ 110.823242188, -6.93948793399994, 0.0 ], [ 110.825927734, -6.93310546899994, 0.0 ], [ 110.825355529, -6.93314886199988, 0.0 ], [ 110.825843812, -6.92914295199984, 0.0 ], [ 110.826370239, -6.928923128999939, 0.0 ], [ 110.82649994, -6.92689800199997, 0.0 ], [ 110.827827453, -6.92733859999993, 0.0 ], [ 110.82787323, -6.92663431099993, 0.0 ], [ 110.829765321, -6.927031039999969, 0.0 ], [ 110.829673767, -6.926238535999969, 0.0 ], [ 110.830070495, -6.926238535999969, 0.0 ], [ 110.831436157, -6.92605018599988, 0.0 ], [ 110.831657409, -6.926019191999899, 0.0 ], [ 110.832099915, -6.92531490199991, 0.0 ], [ 110.8334198, -6.92593145399997, 0.0 ], [ 110.833641052, -6.92562341699994, 0.0 ], [ 110.834213257, -6.92588806099991, 0.0 ], [ 110.834739686, -6.925844191999941, 0.0 ], [ 110.834960937, -6.92575597799993, 0.0 ], [ 110.835052491, -6.92522764299997, 0.0 ], [ 110.834564208, -6.92474317499995, 0.0 ], [ 110.833557128, -6.924214839999929, 0.0 ], [ 110.833335876, -6.92447900799993, 0.0 ], [ 110.832801818, -6.92412662399994, 0.0 ], [ 110.833290101, -6.923113821999949, 0.0 ], [ 110.834213257, -6.92351054999995, 0.0 ], [ 110.834350586, -6.92337846699991, 0.0 ], [ 110.835754394, -6.923643110999879, 0.0 ], [ 110.836151123, -6.92346715799988, 0.0 ], [ 110.8361969, -6.92293882299998, 0.0 ], [ 110.83592987, -6.92254257199994, 0.0 ], [ 110.835670472, -6.92227840499993, 0.0 ], [ 110.834526061, -6.92218971299997, 0.0 ], [ 110.834655762, -6.92069292099995, 0.0 ], [ 110.833557128, -6.92064857399993, 0.0 ], [ 110.833641052, -6.919195652999971, 0.0 ], [ 110.833862305, -6.91888761599995, 0.0 ], [ 110.835006714, -6.91888809099993, 0.0 ], [ 110.835365296, -6.91866827099994, 0.0 ], [ 110.8361969, -6.91866827099994, 0.0 ], [ 110.836410522, -6.917149543999929, 0.0 ], [ 110.836425781, -6.91707324899994, 0.0 ], [ 110.840164185, -6.91800927999992, 0.0 ], [ 110.845153809, -6.92014169699996, 0.0 ], [ 110.845100402, -6.920349596999931, 0.0 ], [ 110.845344543, -6.922469615999939, 0.0 ], [ 110.84564972, -6.92410516799993, 0.0 ], [ 110.846374512, -6.92574071899998, 0.0 ], [ 110.84714508, -6.92673158599996, 0.0 ], [ 110.847282409, -6.927281856999969, 0.0 ], [ 110.847496032, -6.92814016199998, 0.0 ], [ 110.848007203, -6.92933702499988, 0.0 ], [ 110.848022461, -6.92953729499993, 0.0 ], [ 110.848205567, -6.930972574999939, 0.0 ], [ 110.848129271, -6.93157243799993, 0.0 ], [ 110.84752655, -6.93233489899995, 0.0 ], [ 110.846221924, -6.93384265899994, 0.0 ], [ 110.844795227, -6.93551349499995, 0.0 ], [ 110.844123841, -6.935930728999951, 0.0 ], [ 110.842651367, -6.93636655799997, 0.0 ], [ 110.840324403, -6.93667459399995, 0.0 ], [ 110.838699342, -6.93689203199989, 0.0 ], [ 110.837631227, -6.93712759099992, 0.0 ], [ 110.837455749, -6.9371948239999, 0.0 ], [ 110.837738037, -6.93782997099987, 0.0 ], [ 110.838279725, -6.93937015599994, 0.0 ], [ 110.839416503, -6.9422001829999, 0.0 ], [ 110.839645386, -6.94292068499993, 0.0 ], [ 110.83934021, -6.94298648799986, 0.0 ], [ 110.838249206, -6.943099497999981, 0.0 ], [ 110.837135316, -6.943121433999919, 0.0 ], [ 110.83557129, -6.9431438449999, 0.0 ], [ 110.834274292, -6.94298457999997, 0.0 ], [ 110.832603454, -6.94264364199989, 0.0 ], [ 110.83242035, -6.94346046499993, 0.0 ], [ 110.832244872, -6.94405031199994, 0.0 ], [ 110.83215332, -6.944556235999869, 0.0 ], [ 110.831420898, -6.94450378399989, 0.0 ], [ 110.831420898, -6.94502544299996, 0.0 ], [ 110.831459045, -6.94522189999998, 0.0 ], [ 110.831214904, -6.94545650399994, 0.0 ], [ 110.82788086, -6.94524526599997, 0.0 ], [ 110.827331544, -6.94593954099986, 0.0 ], [ 110.825920105, -6.94589471899997, 0.0 ], [ 110.824554444, -6.94567394099988, 0.0 ], [ 110.823509217, -6.94538450199985, 0.0 ], [ 110.823585511, -6.94444084099985, 0.0 ], [ 110.822921753, -6.94428968399995, 0.0 ], [ 110.82345581, -6.94052934499996, 0.0 ], [ 110.823379517, -6.94050168899997, 0.0 ], [ 110.823112489, -6.94042062699992, 0.0 ] ] ] ] } },
{ "type": "Feature", "properties": { "GID_4": "IDN.10.21.4.13_1", "GID_0": "IDN", "COUNTRY": "Indonesia", "GID_1": "IDN.10_1", "NAME_1": "Jawa Tengah", "GID_2": "IDN.10.21_1", "NAME_2": "Pati", "GID_3": "IDN.10.21.4_1", "NAME_3": "Gabus", "NAME_4": "Pantirejo", "VARNAME_4": "NA", "TYPE_4": "Desa", "ENGTYPE_4": "Village", "CC_4": "3318110014" }, "geometry": { "type": "MultiPolygon", "coordinates": [ [ [ [ 111.023880004, -6.806298732999949, 0.0 ], [ 111.023979187, -6.80630493099994, 0.0 ], [ 111.024337768, -6.80629920999991, 0.0 ], [ 111.024299621, -6.80733966899993, 0.0 ], [ 111.024185181, -6.80842828699997, 0.0 ], [ 111.024230958, -6.808598040999871, 0.0 ], [ 111.024261475, -6.8087563499999, 0.0 ], [ 111.024215698, -6.80896043699994, 0.0 ], [ 111.024124146, -6.80918025999989, 0.0 ], [ 111.024116516, -6.8093810069999, 0.0 ], [ 111.024070741, -6.80969619699988, 0.0 ], [ 111.024078369, -6.80983686399998, 0.0 ], [ 111.024032594, -6.80992174199997, 0.0 ], [ 111.023864746, -6.809925079999971, 0.0 ], [ 111.023788452, -6.810216903999959, 0.0 ], [ 111.023651123, -6.81053209299995, 0.0 ], [ 111.023521423, -6.81087160199996, 0.0 ], [ 111.023551941, -6.8112077699999, 0.0 ], [ 111.023818969, -6.811277388999879, 0.0 ], [ 111.023674012, -6.811816215999951, 0.0 ], [ 111.02357483, -6.81213569599993, 0.0 ], [ 111.023582458, -6.81226348899992, 0.0 ], [ 111.023414612, -6.81258392199987, 0.0 ], [ 111.02294159, -6.81346273299994, 0.0 ], [ 111.022583008, -6.81419420299989, 0.0 ], [ 111.022354125, -6.814692973999971, 0.0 ], [ 111.022247315, -6.81488990799988, 0.0 ], [ 111.022201538, -6.81499004299991, 0.0 ], [ 111.021697997, -6.81604003899997, 0.0 ], [ 111.021667481, -6.81612062499994, 0.0 ], [ 111.021430969, -6.81661415099995, 0.0 ], [ 111.020843507, -6.81790208899992, 0.0 ], [ 111.020500183, -6.818652153999891, 0.0 ], [ 111.020462037, -6.81874465899989, 0.0 ], [ 111.019729615, -6.8203525539999, 0.0 ], [ 111.019287109, -6.8212962149999, 0.0 ], [ 111.018882752, -6.82132577899995, 0.0 ], [ 111.017974853, -6.82112645999996, 0.0 ], [ 111.017257691, -6.8208990089999, 0.0 ], [ 111.016807556, -6.82067155899989, 0.0 ], [ 111.016090394, -6.820273399999909, 0.0 ], [ 111.016204834, -6.81939125099996, 0.0 ], [ 111.016349792, -6.817712782999879, 0.0 ], [ 111.015838623, -6.81742858899997, 0.0 ], [ 111.01486969, -6.817257880999821, 0.0 ], [ 111.014343262, -6.817338942999921, 0.0 ], [ 111.014297485, -6.81722926999993, 0.0 ], [ 111.01387024, -6.817001818999931, 0.0 ], [ 111.013191223, -6.816375731999929, 0.0 ], [ 111.012619019, -6.816375731999929, 0.0 ], [ 111.012054443, -6.81648969499992, 0.0 ], [ 111.011253357, -6.81634759899993, 0.0 ], [ 111.01033783, -6.81625366199995, 0.0 ], [ 111.010147096, -6.81623363499989, 0.0 ], [ 111.010116577, -6.815124033999891, 0.0 ], [ 111.010169982, -6.81404304499989, 0.0 ], [ 111.010475159, -6.81223583099995, 0.0 ], [ 111.0104599, -6.81211995999996, 0.0 ], [ 111.010414123, -6.81118583699993, 0.0 ], [ 111.010208131, -6.81110668099996, 0.0 ], [ 111.010231017, -6.810754298999939, 0.0 ], [ 111.010322571, -6.810428618999821, 0.0 ], [ 111.010185242, -6.81006097899996, 0.0 ], [ 111.010116577, -6.80989074599989, 0.0 ], [ 111.010116577, -6.80962228799996, 0.0 ], [ 111.010002136, -6.80929803799995, 0.0 ], [ 111.009857177, -6.80919742599991, 0.0 ], [ 111.009834289, -6.808999538999959, 0.0 ], [ 111.009902954, -6.80868816399988, 0.0 ], [ 111.009971618, -6.80833434999983, 0.0 ], [ 111.010169982, -6.80800437999994, 0.0 ], [ 111.010223389, -6.807655333999949, 0.0 ], [ 111.010299683, -6.80737256999993, 0.0 ], [ 111.010368346, -6.80687713699996, 0.0 ], [ 111.010620118, -6.80598449799993, 0.0 ], [ 111.012359619, -6.80747842799997, 0.0 ], [ 111.012901307, -6.80780076999997, 0.0 ], [ 111.013183593, -6.80790948799995, 0.0 ], [ 111.013320922, -6.80751371399998, 0.0 ], [ 111.013465881, -6.807179450999909, 0.0 ], [ 111.013549805, -6.80666351199994, 0.0 ], [ 111.013626099, -6.8064055449999, 0.0 ], [ 111.014297485, -6.806520462999909, 0.0 ], [ 111.014518738, -6.80645322699996, 0.0 ], [ 111.014801026, -6.80646276499994, 0.0 ], [ 111.015220641, -6.806606291999909, 0.0 ], [ 111.016227723, -6.806835649999809, 0.0 ], [ 111.016532898, -6.80680656399988, 0.0 ], [ 111.016914368, -6.80687379699992, 0.0 ], [ 111.017234803, -6.80686426199998, 0.0 ], [ 111.017402648, -6.80680656399988, 0.0 ], [ 111.017982483, -6.80677795499992, 0.0 ], [ 111.018089295, -6.80665397699994, 0.0 ], [ 111.018569946, -6.80662536599982, 0.0 ], [ 111.018875122, -6.806644438999969, 0.0 ], [ 111.019210815, -6.806644438999969, 0.0 ], [ 111.019706726, -6.80665397699994, 0.0 ], [ 111.02005005, -6.80666351199994, 0.0 ], [ 111.020286561, -6.80677795499992, 0.0 ], [ 111.020652771, -6.80675887899991, 0.0 ], [ 111.020698548, -6.80657720599993, 0.0 ], [ 111.020736694, -6.80638647099994, 0.0 ], [ 111.020744325, -6.806157110999891, 0.0 ], [ 111.020805358, -6.80596589999988, 0.0 ], [ 111.021110535, -6.80600404699993, 0.0 ], [ 111.021133423, -6.80588960599994, 0.0 ], [ 111.0214386, -6.80591821699994, 0.0 ], [ 111.02181244, -6.80592775299993, 0.0 ], [ 111.022651672, -6.806094645999961, 0.0 ], [ 111.022857666, -6.80620002799998, 0.0 ], [ 111.023216248, -6.806295394999951, 0.0 ], [ 111.023429871, -6.80624770999992, 0.0 ], [ 111.02368927, -6.80628585699998, 0.0 ], [ 111.023880004, -6.806298732999949, 0.0 ] ] ] ] } },
{ "type": "Feature", "properties": { "GID_4": "IDN.10.21.10.8_1", "GID_0": "IDN", "COUNTRY": "Indonesia", "GID_1": "IDN.10_1", "NAME_1": "Jawa Tengah", "GID_2": "IDN.10.21_1", "NAME_2": "Pati", "GID_3": "IDN.10.21.10_1", "NAME_3": "Kayen", "NAME_4": "Pasuruhan", "VARNAME_4": "NA", "TYPE_4": "Desa", "ENGTYPE_4": "Village", "CC_4": "3318020012" }, "geometry": { "type": "MultiPolygon", "coordinates": [ [ [ [ 110.950088501, -6.8490204819999, 0.0 ], [ 110.950653076, -6.84882688499988, 0.0 ], [ 110.951095581, -6.848680018999969, 0.0 ], [ 110.951698304, -6.84847259399987, 0.0 ], [ 110.952438354, -6.84817981799989, 0.0 ], [ 110.953125001, -6.84793567599996, 0.0 ], [ 110.953514099, -6.84777688899987, 0.0 ], [ 110.954238891, -6.84745979399992, 0.0 ], [ 110.95500946, -6.8471665379999, 0.0 ], [ 110.955368041, -6.847660063999969, 0.0 ], [ 110.955993653, -6.848490236999911, 0.0 ], [ 110.956314086, -6.84895992199995, 0.0 ], [ 110.956596374, -6.84954023399996, 0.0 ], [ 110.956985474, -6.850510119999971, 0.0 ], [ 110.957328796, -6.8514399529999, 0.0 ], [ 110.957763671, -6.85263013899987, 0.0 ], [ 110.958229065, -6.85407018599994, 0.0 ], [ 110.958816528, -6.856070041999939, 0.0 ], [ 110.959037781, -6.856770037999921, 0.0 ], [ 110.959098816, -6.85696029699994, 0.0 ], [ 110.959236145, -6.857330321999939, 0.0 ], [ 110.95944214, -6.85768985799996, 0.0 ], [ 110.959632874, -6.857910155999951, 0.0 ], [ 110.959747314, -6.85801029099997, 0.0 ], [ 110.959915162, -6.85811996399991, 0.0 ], [ 110.960021972, -6.85811996399991, 0.0 ], [ 110.960098266, -6.858129978999949, 0.0 ], [ 110.960243225, -6.858129978999949, 0.0 ], [ 110.960464478, -6.858129978999949, 0.0 ], [ 110.960632323, -6.858129978999949, 0.0 ], [ 110.960746766, -6.858180045999971, 0.0 ], [ 110.960868836, -6.85823011399998, 0.0 ], [ 110.961341859, -6.85833025099981, 0.0 ], [ 110.961814881, -6.858370302999901, 0.0 ], [ 110.962127686, -6.85842990799995, 0.0 ], [ 110.962303161, -6.85845994899995, 0.0 ], [ 110.962478637, -6.858479975999961, 0.0 ], [ 110.963302613, -6.858650207999971, 0.0 ], [ 110.963981628, -6.858769893999859, 0.0 ], [ 110.964332581, -6.85882997399995, 0.0 ], [ 110.964675903, -6.858900069999949, 0.0 ], [ 110.965454101, -6.85908031399987, 0.0 ], [ 110.9662323, -6.85920000099992, 0.0 ], [ 110.96611786, -6.859889983999889, 0.0 ], [ 110.966072083, -6.86064004899987, 0.0 ], [ 110.966064453, -6.86113023699994, 0.0 ], [ 110.966064453, -6.861450194999921, 0.0 ], [ 110.966094971, -6.86188030199997, 0.0 ], [ 110.96622467, -6.86268997199994, 0.0 ], [ 110.966453553, -6.8636503219999, 0.0 ], [ 110.966629029, -6.86419010099996, 0.0 ], [ 110.966674804, -6.86449003199994, 0.0 ], [ 110.966697692, -6.86482000299998, 0.0 ], [ 110.966667176, -6.865489958999941, 0.0 ], [ 110.966629029, -6.86658000999984, 0.0 ], [ 110.966613769, -6.86754989499997, 0.0 ], [ 110.96660614, -6.86859989199996, 0.0 ], [ 110.966651917, -6.86944007899996, 0.0 ], [ 110.966705323, -6.86975002299994, 0.0 ], [ 110.96686554, -6.87002992599997, 0.0 ], [ 110.967155456, -6.87010002199992, 0.0 ], [ 110.967704772, -6.87020015699994, 0.0 ], [ 110.968124389, -6.87028026599995, 0.0 ], [ 110.968223571, -6.87050008799997, 0.0 ], [ 110.968147278, -6.87095022199992, 0.0 ], [ 110.967971802, -6.87140989399995, 0.0 ], [ 110.968032837, -6.87163019199988, 0.0 ], [ 110.968276978, -6.87179994499996, 0.0 ], [ 110.968452454, -6.87191009499998, 0.0 ], [ 110.968437194, -6.87236022799988, 0.0 ], [ 110.968414307, -6.87259006399989, 0.0 ], [ 110.968414307, -6.87286996699987, 0.0 ], [ 110.968597411, -6.873229980999889, 0.0 ], [ 110.968742371, -6.87349033399994, 0.0 ], [ 110.96873474, -6.87390995099997, 0.0 ], [ 110.968742371, -6.874209879999969, 0.0 ], [ 110.968711854, -6.87471008299997, 0.0 ], [ 110.968894958, -6.87482023099994, 0.0 ], [ 110.969192504, -6.87496995799989, 0.0 ], [ 110.96936798, -6.87504005399995, 0.0 ], [ 110.969795227, -6.87530994399998, 0.0 ], [ 110.97001648, -6.87544011999989, 0.0 ], [ 110.970085144, -6.87549018799996, 0.0 ], [ 110.970176698, -6.875689983999959, 0.0 ], [ 110.970375062, -6.875860214999929, 0.0 ], [ 110.970634459, -6.8759899129999, 0.0 ], [ 110.970855712, -6.87599992599996, 0.0 ], [ 110.971076965, -6.87599992599996, 0.0 ], [ 110.97140503, -6.875979899999891, 0.0 ], [ 110.971824645, -6.87601995499995, 0.0 ], [ 110.972656249, -6.876009941999879, 0.0 ], [ 110.973083496, -6.87599992599996, 0.0 ], [ 110.973258972, -6.87604999599984, 0.0 ], [ 110.973564149, -6.87604999599984, 0.0 ], [ 110.973663331, -6.87602996799995, 0.0 ], [ 110.973686217, -6.876349924999939, 0.0 ], [ 110.973731994, -6.87656020999992, 0.0 ], [ 110.973747253, -6.87686014199988, 0.0 ], [ 110.973762513, -6.87720012699998, 0.0 ], [ 110.973808288, -6.87742996099996, 0.0 ], [ 110.973846435, -6.87772035699993, 0.0 ], [ 110.973854065, -6.87800025999991, 0.0 ], [ 110.9739151, -6.87822007999995, 0.0 ], [ 110.9739151, -6.878439902999961, 0.0 ], [ 110.973953247, -6.87871027099993, 0.0 ], [ 110.974014283, -6.878910064999961, 0.0 ], [ 110.974044799, -6.87909030899993, 0.0 ], [ 110.974052429, -6.87930011799989, 0.0 ], [ 110.974082946, -6.87973022399996, 0.0 ], [ 110.974098206, -6.88000011399993, 0.0 ], [ 110.974105835, -6.880189894999891, 0.0 ], [ 110.974128723, -6.88042020799992, 0.0 ], [ 110.974006652, -6.88084030099998, 0.0 ], [ 110.973892212, -6.881100177999879, 0.0 ], [ 110.973808288, -6.88145017699998, 0.0 ], [ 110.973716736, -6.88160991699988, 0.0 ], [ 110.973594665, -6.881820201999971, 0.0 ], [ 110.973503113, -6.88200998299993, 0.0 ], [ 110.973266602, -6.882230280999979, 0.0 ], [ 110.97315216, -6.88242006199994, 0.0 ], [ 110.972854613, -6.88251018399995, 0.0 ], [ 110.97240448, -6.882630346999919, 0.0 ], [ 110.972229004, -6.88271999399996, 0.0 ], [ 110.971916199, -6.88278007399987, 0.0 ], [ 110.971664428, -6.88279008899991, 0.0 ], [ 110.971122742, -6.882840156999979, 0.0 ], [ 110.970901489, -6.882840156999979, 0.0 ], [ 110.970726013, -6.882860182999931, 0.0 ], [ 110.970504761, -6.88274001999986, 0.0 ], [ 110.970321655, -6.88265991099996, 0.0 ], [ 110.970062255, -6.88262033399997, 0.0 ], [ 110.969848632, -6.882669925999889, 0.0 ], [ 110.96964264, -6.88291025199993, 0.0 ], [ 110.969467162, -6.88319015599996, 0.0 ], [ 110.969337463, -6.883290289999931, 0.0 ], [ 110.969085694, -6.88341999099987, 0.0 ], [ 110.969017029, -6.88346004599993, 0.0 ], [ 110.968711854, -6.88381004199994, 0.0 ], [ 110.968399047, -6.88400030099996, 0.0 ], [ 110.968147278, -6.88413, 0.0 ], [ 110.967742919, -6.88417005399998, 0.0 ], [ 110.967536927, -6.88417005399998, 0.0 ], [ 110.967262269, -6.884200095999971, 0.0 ], [ 110.967208861, -6.884459972999881, 0.0 ], [ 110.967185975, -6.884829997999931, 0.0 ], [ 110.967208861, -6.885070323999911, 0.0 ], [ 110.967292785, -6.88519000999997, 0.0 ], [ 110.96697235, -6.88545989999994, 0.0 ], [ 110.966743469, -6.8857603059999, 0.0 ], [ 110.966613769, -6.88598012899996, 0.0 ], [ 110.96647644, -6.88613033299987, 0.0 ], [ 110.966316224, -6.88620996499998, 0.0 ], [ 110.966056825, -6.88628005999993, 0.0 ], [ 110.965606689, -6.88634014099995, 0.0 ], [ 110.964973449, -6.886350153999961, 0.0 ], [ 110.964668275, -6.88638019499996, 0.0 ], [ 110.964378356, -6.88645029099996, 0.0 ], [ 110.964141845, -6.88651990899996, 0.0 ], [ 110.963928223, -6.886579989999969, 0.0 ], [ 110.963607788, -6.88672018099993, 0.0 ], [ 110.963348388, -6.88678026199995, 0.0 ], [ 110.963088988, -6.886820315999961, 0.0 ], [ 110.962867738, -6.88688993399995, 0.0 ], [ 110.962852477, -6.88670015299994, 0.0 ], [ 110.96281433, -6.88660001799991, 0.0 ], [ 110.962783814, -6.88627004499989, 0.0 ], [ 110.962722778, -6.88604020999998, 0.0 ], [ 110.962638855, -6.8857603059999, 0.0 ], [ 110.962432862, -6.88547992799988, 0.0 ], [ 110.962257384, -6.88523006399993, 0.0 ], [ 110.962104797, -6.88510990099991, 0.0 ], [ 110.961837769, -6.88485002599998, 0.0 ], [ 110.961708069, -6.88470029899997, 0.0 ], [ 110.961463927, -6.884620189999959, 0.0 ], [ 110.961143494, -6.88437986399992, 0.0 ], [ 110.960914611, -6.884180068999971, 0.0 ], [ 110.960868836, -6.883970259999959, 0.0 ], [ 110.960853576, -6.88333988199992, 0.0 ], [ 110.960838318, -6.88300990999988, 0.0 ], [ 110.960525513, -6.882669925999889, 0.0 ], [ 110.96055603, -6.88254022499996, 0.0 ], [ 110.96056366, -6.88244008999993, 0.0 ], [ 110.960487366, -6.88244008999993, 0.0 ], [ 110.959907532, -6.88232993999992, 0.0 ], [ 110.959197998, -6.882230280999979, 0.0 ], [ 110.959068297, -6.88224029599996, 0.0 ], [ 110.958236694, -6.88226985999995, 0.0 ], [ 110.958091736, -6.88226985999995, 0.0 ], [ 110.957931519, -6.88226985999995, 0.0 ], [ 110.957473755, -6.88219022699991, 0.0 ], [ 110.956993103, -6.88207006299996, 0.0 ], [ 110.956756592, -6.88190984799991, 0.0 ], [ 110.956695556, -6.88186025599987, 0.0 ], [ 110.956436157, -6.88161992999989, 0.0 ], [ 110.956184387, -6.881350039999969, 0.0 ], [ 110.955802917, -6.88093995999998, 0.0 ], [ 110.955696107, -6.88081026099997, 0.0 ], [ 110.955596924, -6.880640028999889, 0.0 ], [ 110.955413818, -6.880370140999959, 0.0 ], [ 110.955322266, -6.880249977999881, 0.0 ], [ 110.955062867, -6.87994003299991, 0.0 ], [ 110.954956055, -6.87979030599996, 0.0 ], [ 110.95463562, -6.879230022999929, 0.0 ], [ 110.954566956, -6.87905025399994, 0.0 ], [ 110.95438385, -6.87845992899992, 0.0 ], [ 110.954193116, -6.87816, 0.0 ], [ 110.954025268, -6.87802028599998, 0.0 ], [ 110.953773499, -6.87788009699989, 0.0 ], [ 110.953483581, -6.87752008499996, 0.0 ], [ 110.953216553, -6.87734985399993, 0.0 ], [ 110.953033447, -6.877230166999941, 0.0 ], [ 110.952865601, -6.8771200189999, 0.0 ], [ 110.952575683, -6.87692022199997, 0.0 ], [ 110.95235443, -6.876699923999981, 0.0 ], [ 110.952186585, -6.87647008799996, 0.0 ], [ 110.952102661, -6.87628030699994, 0.0 ], [ 110.951972962, -6.87558984699996, 0.0 ], [ 110.951934815, -6.87531995699993, 0.0 ], [ 110.95186615, -6.87441015199994, 0.0 ], [ 110.951797486, -6.8730902669999, 0.0 ], [ 110.951766968, -6.87211990399993, 0.0 ], [ 110.951766968, -6.87140989399995, 0.0 ], [ 110.951828003, -6.87047004699991, 0.0 ], [ 110.95186615, -6.86975002299994, 0.0 ], [ 110.951965332, -6.86877012199994, 0.0 ], [ 110.952041626, -6.86750030499996, 0.0 ], [ 110.952102661, -6.86646985999994, 0.0 ], [ 110.952156066, -6.86540984999993, 0.0 ], [ 110.952163696, -6.86479997599997, 0.0 ], [ 110.952194213, -6.863999843999979, 0.0 ], [ 110.952178955, -6.86314010599995, 0.0 ], [ 110.952156066, -6.86242008199997, 0.0 ], [ 110.952087403, -6.86170005799994, 0.0 ], [ 110.952003479, -6.86126995099994, 0.0 ], [ 110.951774598, -6.86071014499993, 0.0 ], [ 110.951545715, -6.86019992799987, 0.0 ], [ 110.951324462, -6.85974025699994, 0.0 ], [ 110.951065064, -6.85923004099993, 0.0 ], [ 110.950836182, -6.85868024699988, 0.0 ], [ 110.950607301, -6.85813999199996, 0.0 ], [ 110.950447083, -6.857630252999969, 0.0 ], [ 110.950347901, -6.85725021299987, 0.0 ], [ 110.950294494, -6.856969831999951, 0.0 ], [ 110.950271607, -6.856780052999971, 0.0 ], [ 110.950454711, -6.85661983499995, 0.0 ], [ 110.950553893, -6.856110096999941, 0.0 ], [ 110.950561524, -6.85582017799987, 0.0 ], [ 110.950561524, -6.855740069999969, 0.0 ], [ 110.950553893, -6.85516023699989, 0.0 ], [ 110.950538635, -6.85501003299987, 0.0 ], [ 110.95048523, -6.85451984499991, 0.0 ], [ 110.95048523, -6.85425996799989, 0.0 ], [ 110.950462341, -6.85344028399993, 0.0 ], [ 110.950424195, -6.85310029999988, 0.0 ], [ 110.950424195, -6.85272025999996, 0.0 ], [ 110.950431823, -6.852509974999981, 0.0 ], [ 110.95048523, -6.852280139999889, 0.0 ], [ 110.950553893, -6.85208988099987, 0.0 ], [ 110.950637817, -6.85174989699988, 0.0 ], [ 110.950714111, -6.851310251999909, 0.0 ], [ 110.950736999, -6.85110998199997, 0.0 ], [ 110.950721741, -6.85058021499992, 0.0 ], [ 110.950683594, -6.85034990199995, 0.0 ], [ 110.950553893, -6.8499102589999, 0.0 ], [ 110.950454711, -6.849679945999869, 0.0 ], [ 110.950317382, -6.84938001599994, 0.0 ], [ 110.950088501, -6.8490204819999, 0.0 ] ] ] ] } },
{ "type": "Feature", "properties": { "GID_4": "IDN.10.9.9.5_1", "GID_0": "IDN", "COUNTRY": "Indonesia", "GID_1": "IDN.10_1", "NAME_1": "Jawa Tengah", "GID_2": "IDN.10.9_1", "NAME_2": "Grobogan", "GID_3": "IDN.10.9.9_1", "NAME_3": "Klambu", "NAME_4": "Penganten", "VARNAME_4": "NA", "TYPE_4": "Desa", "ENGTYPE_4": "Village", "CC_4": "3315150004" }, "geometry": { "type": "MultiPolygon", "coordinates": [ [ [ [ 110.809196472, -7.02597999599993, 0.0 ], [ 110.809082031, -7.025955675999849, 0.0 ], [ 110.808898925, -7.02591991399993, 0.0 ], [ 110.808593751, -7.02575016099996, 0.0 ], [ 110.808181762, -7.02540016199987, 0.0 ], [ 110.807868957, -7.02500057099996, 0.0 ], [ 110.80745697, -7.02447986599998, 0.0 ], [ 110.806892394, -7.02354001999993, 0.0 ], [ 110.806671143, -7.023029803999981, 0.0 ], [ 110.806571961, -7.022490022999879, 0.0 ], [ 110.806549073, -7.02183008199989, 0.0 ], [ 110.80658722, -7.021100042999819, 0.0 ], [ 110.806602478, -7.020730017999939, 0.0 ], [ 110.806503296, -7.02059984199991, 0.0 ], [ 110.806381225, -7.02053022399991, 0.0 ], [ 110.805816651, -7.02058982899996, 0.0 ], [ 110.805618287, -7.02062988299997, 0.0 ], [ 110.805419922, -7.02078008599989, 0.0 ], [ 110.805267333, -7.02086019399997, 0.0 ], [ 110.805091857, -7.02102994999996, 0.0 ], [ 110.804832458, -7.02121019299994, 0.0 ], [ 110.804527283, -7.02158021799994, 0.0 ], [ 110.804168701, -7.022140026999981, 0.0 ], [ 110.803726196, -7.02280998299989, 0.0 ], [ 110.803268432, -7.02353000699998, 0.0 ], [ 110.802841187, -7.02419996299989, 0.0 ], [ 110.802398681, -7.02468013799989, 0.0 ], [ 110.801918031, -7.0250601759999, 0.0 ], [ 110.80153656, -7.02529001199991, 0.0 ], [ 110.801017761, -7.02535009399992, 0.0 ], [ 110.800582886, -7.025279998999959, 0.0 ], [ 110.800331116, -7.02512979399989, 0.0 ], [ 110.800010681, -7.02481984999991, 0.0 ], [ 110.799682616, -7.02414989399983, 0.0 ], [ 110.799552917, -7.023719787999941, 0.0 ], [ 110.79940033, -7.02323007499984, 0.0 ], [ 110.799148559, -7.022469996999919, 0.0 ], [ 110.79901123, -7.02215003999993, 0.0 ], [ 110.798866273, -7.021940229999871, 0.0 ], [ 110.79863739, -7.02189016299991, 0.0 ], [ 110.798233033, -7.02203988999997, 0.0 ], [ 110.79789734, -7.02235984699996, 0.0 ], [ 110.797500611, -7.02295017199987, 0.0 ], [ 110.796867371, -7.02345991099992, 0.0 ], [ 110.796142578, -7.02379989699989, 0.0 ], [ 110.795471191, -7.02384996399996, 0.0 ], [ 110.794967652, -7.02376985599983, 0.0 ], [ 110.794418334, -7.02357006099993, 0.0 ], [ 110.7942276, -7.02334022499997, 0.0 ], [ 110.794128418, -7.023210048999939, 0.0 ], [ 110.793838502, -7.02243995599991, 0.0 ], [ 110.793746948, -7.021749972999941, 0.0 ], [ 110.793769836, -7.021039962999909, 0.0 ], [ 110.793777467, -7.020559787999961, 0.0 ], [ 110.793807983, -7.02007007499986, 0.0 ], [ 110.793876649, -7.01948976499989, 0.0 ], [ 110.793922424, -7.01905012199995, 0.0 ], [ 110.794059753, -7.018099784999889, 0.0 ], [ 110.794158935, -7.017690180999919, 0.0 ], [ 110.794433593, -7.0175900459999, 0.0 ], [ 110.79522705, -7.01731014299992, 0.0 ], [ 110.79624939, -7.01700019799995, 0.0 ], [ 110.797149658, -7.01669979199988, 0.0 ], [ 110.79811859, -7.01639985999992, 0.0 ], [ 110.79901123, -7.016139982999959, 0.0 ], [ 110.799743652, -7.01585006699992, 0.0 ], [ 110.800102233, -7.01562976899993, 0.0 ], [ 110.80052185, -7.01532983799996, 0.0 ], [ 110.80078888, -7.014929770999971, 0.0 ], [ 110.800849915, -7.01472997699989, 0.0 ], [ 110.800827027, -7.01433992399996, 0.0 ], [ 110.800750733, -7.01393985699997, 0.0 ], [ 110.800598144, -7.01361989999998, 0.0 ], [ 110.800270081, -7.01318979199982, 0.0 ], [ 110.799842834, -7.012760161999949, 0.0 ], [ 110.799308776, -7.01219987799988, 0.0 ], [ 110.798820496, -7.01162004399987, 0.0 ], [ 110.798568726, -7.01105022499996, 0.0 ], [ 110.798477172, -7.01074981599993, 0.0 ], [ 110.798423767, -7.01034021399994, 0.0 ], [ 110.798446656, -7.01002979199984, 0.0 ], [ 110.798568726, -7.00968980799996, 0.0 ], [ 110.798728944, -7.00927019099987, 0.0 ], [ 110.798919678, -7.0089302049999, 0.0 ], [ 110.79927826, -7.00847005899993, 0.0 ], [ 110.799713135, -7.00800990999994, 0.0 ], [ 110.800117492, -7.00763988499989, 0.0 ], [ 110.800468445, -7.007339952999931, 0.0 ], [ 110.800651551, -7.00717019999985, 0.0 ], [ 110.800827027, -7.007080077999939, 0.0 ], [ 110.801261902, -7.00703001099987, 0.0 ], [ 110.801849365, -7.006989956999921, 0.0 ], [ 110.802680969, -7.006989956999921, 0.0 ], [ 110.803428649, -7.00697994199993, 0.0 ], [ 110.803947448, -7.00703001099987, 0.0 ], [ 110.804771424, -7.00714015899996, 0.0 ], [ 110.805183411, -7.00722980499989, 0.0 ], [ 110.80568695, -7.00729989899992, 0.0 ], [ 110.805801393, -7.00723981899984, 0.0 ], [ 110.80606842, -7.00717019999985, 0.0 ], [ 110.806251526, -7.00715017199997, 0.0 ], [ 110.806541443, -7.00714015899996, 0.0 ], [ 110.806716918, -7.0070700629999, 0.0 ], [ 110.806907654, -7.00687980699996, 0.0 ], [ 110.807029725, -7.006680011999951, 0.0 ], [ 110.807060242, -7.00653982099993, 0.0 ], [ 110.806930543, -7.006380080999921, 0.0 ], [ 110.806846619, -7.00634002599998, 0.0 ], [ 110.806663513, -7.00631999999985, 0.0 ], [ 110.806549073, -7.00625991799996, 0.0 ], [ 110.806800842, -7.00602006899987, 0.0 ], [ 110.806999206, -7.00591993399996, 0.0 ], [ 110.807151794, -7.00587987999995, 0.0 ], [ 110.807289123, -7.00562000299993, 0.0 ], [ 110.807441712, -7.00546979799992, 0.0 ], [ 110.807807922, -7.005249977999941, 0.0 ], [ 110.808258056, -7.00531005799996, 0.0 ], [ 110.808403015, -7.005280016999961, 0.0 ], [ 110.808639526, -7.00492000499992, 0.0 ], [ 110.808746338, -7.00467014299994, 0.0 ], [ 110.808822632, -7.004399775999959, 0.0 ], [ 110.808860779, -7.00426006399994, 0.0 ], [ 110.809020996, -7.004020212999881, 0.0 ], [ 110.809089662, -7.00395011899997, 0.0 ], [ 110.809249877, -7.00391006499984, 0.0 ], [ 110.809432983, -7.00379991499995, 0.0 ], [ 110.809547424, -7.003590106999919, 0.0 ], [ 110.809440613, -7.00314998699992, 0.0 ], [ 110.809417725, -7.00304984999997, 0.0 ], [ 110.809379578, -7.002810000999941, 0.0 ], [ 110.809387206, -7.002719878999931, 0.0 ], [ 110.809516907, -7.00258016499993, 0.0 ], [ 110.810531617, -7.00217008599992, 0.0 ], [ 110.810920715, -7.002009867999899, 0.0 ], [ 110.811119079, -7.00183009999995, 0.0 ], [ 110.811218262, -7.00161981499997, 0.0 ], [ 110.811271667, -7.001329898999871, 0.0 ], [ 110.81124115, -7.00079011899987, 0.0 ], [ 110.811256408, -7.00052022899996, 0.0 ], [ 110.811286927, -7.00041007899995, 0.0 ], [ 110.811447143, -7.00031661899988, 0.0 ], [ 110.811531066, -7.00045967099982, 0.0 ], [ 110.811691284, -7.00070953299996, 0.0 ], [ 110.811889648, -7.00095939699997, 0.0 ], [ 110.812095643, -7.00118541699993, 0.0 ], [ 110.812294007, -7.0014400469999, 0.0 ], [ 110.812431336, -7.00148630099994, 0.0 ], [ 110.812919616, -7.001911163999919, 0.0 ], [ 110.813117981, -7.00211238799994, 0.0 ], [ 110.813163758, -7.00216913099996, 0.0 ], [ 110.81338501, -7.00257301299996, 0.0 ], [ 110.813476562, -7.00276613199998, 0.0 ], [ 110.813583375, -7.00293016399996, 0.0 ], [ 110.813796997, -7.003113269999969, 0.0 ], [ 110.814598083, -7.003532409999929, 0.0 ], [ 110.814804077, -7.00363111499996, 0.0 ], [ 110.815055847, -7.003669260999969, 0.0 ], [ 110.815116882, -7.00358724499995, 0.0 ], [ 110.815361023, -7.003363608999899, 0.0 ], [ 110.815605164, -7.00314950899997, 0.0 ], [ 110.815795899, -7.00289964699988, 0.0 ], [ 110.815994263, -7.002471922999969, 0.0 ], [ 110.816162109, -7.00198411999992, 0.0 ], [ 110.816368103, -7.0014967919999, 0.0 ], [ 110.816604614, -7.00103092199993, 0.0 ], [ 110.816802978, -7.000472068999951, 0.0 ], [ 110.816925049, -7.0000004769999, 0.0 ], [ 110.816955566, -6.999777315999949, 0.0 ], [ 110.817062378, -6.99894142199997, 0.0 ], [ 110.817260742, -6.997924326999909, 0.0 ], [ 110.81742859, -6.99730682299997, 0.0 ], [ 110.8175354, -6.996979712999921, 0.0 ], [ 110.817756653, -6.99672555899991, 0.0 ], [ 110.818191528, -6.99643516499998, 0.0 ], [ 110.818519591, -6.996253490999951, 0.0 ], [ 110.819282532, -6.996126650999939, 0.0 ], [ 110.819831848, -6.99599981199992, 0.0 ], [ 110.820068359, -6.99618148799993, 0.0 ], [ 110.820648193, -6.99694442599991, 0.0 ], [ 110.821052552, -6.997180938999971, 0.0 ], [ 110.82131958, -6.997290134999961, 0.0 ], [ 110.821487428, -6.9975442889999, 0.0 ], [ 110.821762086, -6.99801683399994, 0.0 ], [ 110.821998597, -6.99819850999995, 0.0 ], [ 110.822288513, -6.998253344999969, 0.0 ], [ 110.822921753, -6.999361513999819, 0.0 ], [ 110.823127747, -7.0000004769999, 0.0 ], [ 110.823150636, -7.00007104799988, 0.0 ], [ 110.823196411, -7.00020074899987, 0.0 ], [ 110.823257446, -7.000388621999889, 0.0 ], [ 110.823654174, -7.00107669699997, 0.0 ], [ 110.824317933, -7.00146293599994, 0.0 ], [ 110.825027466, -7.0016794199999, 0.0 ], [ 110.82559967, -7.00173044299987, 0.0 ], [ 110.825981141, -7.001743315999871, 0.0 ], [ 110.826400758, -7.00166702199988, 0.0 ], [ 110.826766968, -7.00150823499996, 0.0 ], [ 110.827209473, -7.00122260899997, 0.0 ], [ 110.827522278, -7.000919817999941, 0.0 ], [ 110.827568055, -7.00086307499987, 0.0 ], [ 110.827606202, -7.00072002299993, 0.0 ], [ 110.827674865, -7.000417231999959, 0.0 ], [ 110.827911376, -6.99999999899995, 0.0 ], [ 110.827857971, -7.00027990299986, 0.0 ], [ 110.827857971, -7.00101995499989, 0.0 ], [ 110.82788086, -7.00189018299994, 0.0 ], [ 110.827926635, -7.002419947999901, 0.0 ], [ 110.828163148, -7.003190040999931, 0.0 ], [ 110.828529358, -7.00391006499984, 0.0 ], [ 110.829162598, -7.00475978799989, 0.0 ], [ 110.829711913, -7.00547981299997, 0.0 ], [ 110.830421449, -7.00593995999992, 0.0 ], [ 110.831047058, -7.006519794999919, 0.0 ], [ 110.831352235, -7.00695991499992, 0.0 ], [ 110.831581116, -7.00755977599994, 0.0 ], [ 110.831626893, -7.00823020999997, 0.0 ], [ 110.831489564, -7.00886011199998, 0.0 ], [ 110.831008911, -7.00944995899994, 0.0 ], [ 110.830558778, -7.009960173999961, 0.0 ], [ 110.830329895, -7.01035976499998, 0.0 ], [ 110.830177307, -7.01081991099994, 0.0 ], [ 110.830039978, -7.01202010999992, 0.0 ], [ 110.830039978, -7.01306009399991, 0.0 ], [ 110.830039978, -7.01398992499992, 0.0 ], [ 110.830078125, -7.01458978599993, 0.0 ], [ 110.830062867, -7.01492023399993, 0.0 ], [ 110.829948425, -7.015100001999941, 0.0 ], [ 110.829566956, -7.01524019099992, 0.0 ], [ 110.829208374, -7.0156598079999, 0.0 ], [ 110.828971863, -7.016369818999921, 0.0 ], [ 110.828613282, -7.01772022199992, 0.0 ], [ 110.828308105, -7.01876020399993, 0.0 ], [ 110.828079224, -7.01965999599997, 0.0 ], [ 110.82798767, -7.020170211999869, 0.0 ], [ 110.827171326, -7.019989965999969, 0.0 ], [ 110.826347351, -7.019859789999941, 0.0 ], [ 110.826019288, -7.0198302259999, 0.0 ], [ 110.825622559, -7.01990985799995, 0.0 ], [ 110.825439453, -7.02013015799997, 0.0 ], [ 110.825187684, -7.020810126999891, 0.0 ], [ 110.824996947, -7.02134990699989, 0.0 ], [ 110.824829102, -7.021689890999941, 0.0 ], [ 110.824630738, -7.02200984799987, 0.0 ], [ 110.824432373, -7.022079943999871, 0.0 ], [ 110.824020386, -7.022059917999909, 0.0 ], [ 110.823356628, -7.02197980899996, 0.0 ], [ 110.822578429, -7.02181005399996, 0.0 ], [ 110.821853638, -7.021689890999941, 0.0 ], [ 110.821571349, -7.02156019199998, 0.0 ], [ 110.821258545, -7.02131986599989, 0.0 ], [ 110.82095337, -7.02090978699988, 0.0 ], [ 110.820449829, -7.02061986799987, 0.0 ], [ 110.820030212, -7.02056980099991, 0.0 ], [ 110.81955719, -7.02057981399992, 0.0 ], [ 110.819099426, -7.02064990999997, 0.0 ], [ 110.819076537, -7.020460127999969, 0.0 ], [ 110.81880951, -7.02013015799997, 0.0 ], [ 110.81817627, -7.019859789999941, 0.0 ], [ 110.817642212, -7.019770145999931, 0.0 ], [ 110.816802978, -7.019859789999941, 0.0 ], [ 110.816383361, -7.019859789999941, 0.0 ], [ 110.815719605, -7.019770145999931, 0.0 ], [ 110.814941406, -7.01964998299991, 0.0 ], [ 110.814460754, -7.01974010399994, 0.0 ], [ 110.814102172, -7.020009993999961, 0.0 ], [ 110.813919068, -7.02043008699997, 0.0 ], [ 110.813743592, -7.020880222999949, 0.0 ], [ 110.813468932, -7.021180151999939, 0.0 ], [ 110.812812806, -7.021510124999909, 0.0 ], [ 110.812179566, -7.02181005399996, 0.0 ], [ 110.811431884, -7.022170065999889, 0.0 ], [ 110.810920715, -7.02262020199993, 0.0 ], [ 110.810623169, -7.023176192999929, 0.0 ], [ 110.810577392, -7.02325010399989, 0.0 ], [ 110.810462951, -7.02381992299996, 0.0 ], [ 110.810470581, -7.02455997499993, 0.0 ], [ 110.810401916, -7.02503013499989, 0.0 ], [ 110.810218812, -7.02547979299993, 0.0 ], [ 110.809997559, -7.025800227999981, 0.0 ], [ 110.809593201, -7.02603006399994, 0.0 ], [ 110.809196472, -7.02597999599993, 0.0 ] ] ] ] } },
{ "type": "Feature", "properties": { "GID_4": "IDN.10.21.10.9_1", "GID_0": "IDN", "COUNTRY": "Indonesia", "GID_1": "IDN.10_1", "NAME_1": "Jawa Tengah", "GID_2": "IDN.10.21_1", "NAME_2": "Pati", "GID_3": "IDN.10.21.10_1", "NAME_3": "Kayen", "NAME_4": "Pesagi", "VARNAME_4": "NA", "TYPE_4": "Desa", "ENGTYPE_4": "Village", "CC_4": "3318020013" }, "geometry": { "type": "MultiPolygon", "coordinates": [ [ [ [ 110.993171693, -6.87656974799995, 0.0 ], [ 110.989852905, -6.88339090299996, 0.0 ], [ 110.989685059, -6.88336038599994, 0.0 ], [ 110.989486695, -6.88334035799994, 0.0 ], [ 110.989303589, -6.88344001699994, 0.0 ], [ 110.989097595, -6.88357019399996, 0.0 ], [ 110.988914491, -6.88363027599996, 0.0 ], [ 110.988685608, -6.883640288999909, 0.0 ], [ 110.988372803, -6.88354015199997, 0.0 ], [ 110.987846374, -6.88330030399993, 0.0 ], [ 110.987693786, -6.88319015599996, 0.0 ], [ 110.987602234, -6.883110046999829, 0.0 ], [ 110.987556457, -6.88304996399989, 0.0 ], [ 110.987457275, -6.88290023699994, 0.0 ], [ 110.987297058, -6.882530211999889, 0.0 ], [ 110.987213134, -6.88244008999993, 0.0 ], [ 110.986976623, -6.88222026799991, 0.0 ], [ 110.986885071, -6.882060049999889, 0.0 ], [ 110.986625671, -6.881900309999929, 0.0 ], [ 110.986335755, -6.88176012099996, 0.0 ], [ 110.986045837, -6.88147020299994, 0.0 ], [ 110.985832214, -6.881200312999909, 0.0 ], [ 110.985717774, -6.88102006899993, 0.0 ], [ 110.985343933, -6.88065004399994, 0.0 ], [ 110.985206604, -6.88068008299996, 0.0 ], [ 110.985122681, -6.88071012499995, 0.0 ], [ 110.984916686, -6.88077020699996, 0.0 ], [ 110.984756469, -6.88072013799996, 0.0 ], [ 110.984352112, -6.88055991999994, 0.0 ], [ 110.98425293, -6.88042020799992, 0.0 ], [ 110.984336854, -6.88025999099989, 0.0 ], [ 110.984436036, -6.87986993799996, 0.0 ], [ 110.984397889, -6.879509925999909, 0.0 ], [ 110.984336854, -6.87943029399992, 0.0 ], [ 110.984184264, -6.87934017299995, 0.0 ], [ 110.984046935, -6.87916993999994, 0.0 ], [ 110.983894348, -6.87892007799996, 0.0 ], [ 110.983734131, -6.87882995599989, 0.0 ], [ 110.98361206, -6.878790378999891, 0.0 ], [ 110.983444214, -6.87875032499988, 0.0 ], [ 110.983345032, -6.878740309999959, 0.0 ], [ 110.983253478, -6.87875032499988, 0.0 ], [ 110.983032227, -6.87875032499988, 0.0 ], [ 110.98286438, -6.87869024199995, 0.0 ], [ 110.982704162, -6.878570078999869, 0.0 ], [ 110.982421874, -6.8783202169999, 0.0 ], [ 110.982185363, -6.87798023199991, 0.0 ], [ 110.982093811, -6.87775993399993, 0.0 ], [ 110.982086181, -6.87754011099992, 0.0 ], [ 110.98210907, -6.87739992199988, 0.0 ], [ 110.982131958, -6.877280235999929, 0.0 ], [ 110.982025146, -6.87719011199994, 0.0 ], [ 110.98174286, -6.87690019599984, 0.0 ], [ 110.9815979, -6.87677001999998, 0.0 ], [ 110.981376648, -6.876570224999969, 0.0 ], [ 110.981208802, -6.87644004699996, 0.0 ], [ 110.981018066, -6.876349924999939, 0.0 ], [ 110.980773927, -6.8763203609999, 0.0 ], [ 110.980567932, -6.87630033499994, 0.0 ], [ 110.980346679, -6.87621021299992, 0.0 ], [ 110.98009491, -6.876180171999921, 0.0 ], [ 110.979644776, -6.87613010499996, 0.0 ], [ 110.979393005, -6.87613010499996, 0.0 ], [ 110.978927613, -6.876009941999879, 0.0 ], [ 110.97869873, -6.876009941999879, 0.0 ], [ 110.978363037, -6.87604999599984, 0.0 ], [ 110.978126525, -6.876009941999879, 0.0 ], [ 110.977844237, -6.876009941999879, 0.0 ], [ 110.977478027, -6.87601995499995, 0.0 ], [ 110.977264405, -6.876080034999921, 0.0 ], [ 110.977043152, -6.87614011799991, 0.0 ], [ 110.976776122, -6.87614011799991, 0.0 ], [ 110.976547241, -6.87621021299992, 0.0 ], [ 110.976226806, -6.87616014399987, 0.0 ], [ 110.975746154, -6.87611007599992, 0.0 ], [ 110.975433349, -6.87604999599984, 0.0 ], [ 110.975082398, -6.87606000899996, 0.0 ], [ 110.974876403, -6.87601995499995, 0.0 ], [ 110.974533082, -6.8759899129999, 0.0 ], [ 110.974235535, -6.8759899129999, 0.0 ], [ 110.973945617, -6.875979899999891, 0.0 ], [ 110.973663331, -6.87602996799995, 0.0 ], [ 110.973564149, -6.87604999599984, 0.0 ], [ 110.973258972, -6.87604999599984, 0.0 ], [ 110.973083496, -6.87599992599996, 0.0 ], [ 110.972656249, -6.876009941999879, 0.0 ], [ 110.971824645, -6.87601995499995, 0.0 ], [ 110.97140503, -6.875979899999891, 0.0 ], [ 110.971076965, -6.87599992599996, 0.0 ], [ 110.970855712, -6.87599992599996, 0.0 ], [ 110.970634459, -6.8759899129999, 0.0 ], [ 110.970375062, -6.875860214999929, 0.0 ], [ 110.970176698, -6.875689983999959, 0.0 ], [ 110.970085144, -6.87549018799996, 0.0 ], [ 110.97001648, -6.87544011999989, 0.0 ], [ 110.969795227, -6.87530994399998, 0.0 ], [ 110.96936798, -6.87504005399995, 0.0 ], [ 110.969192504, -6.87496995799989, 0.0 ], [ 110.968894958, -6.87482023099994, 0.0 ], [ 110.968711854, -6.87471008299997, 0.0 ], [ 110.968742371, -6.874209879999969, 0.0 ], [ 110.96873474, -6.87390995099997, 0.0 ], [ 110.968742371, -6.87349033399994, 0.0 ], [ 110.968597411, -6.873229980999889, 0.0 ], [ 110.968414307, -6.87286996699987, 0.0 ], [ 110.968414307, -6.87259006399989, 0.0 ], [ 110.968437194, -6.87236022799988, 0.0 ], [ 110.968452454, -6.87191009499998, 0.0 ], [ 110.968276978, -6.87179994499996, 0.0 ], [ 110.968032837, -6.87163019199988, 0.0 ], [ 110.967971802, -6.87140989399995, 0.0 ], [ 110.968147278, -6.87095022199992, 0.0 ], [ 110.968223571, -6.87050008799997, 0.0 ], [ 110.968124389, -6.87028026599995, 0.0 ], [ 110.967704772, -6.87020015699994, 0.0 ], [ 110.967155456, -6.87010002199992, 0.0 ], [ 110.96686554, -6.87002992599997, 0.0 ], [ 110.966705323, -6.86975002299994, 0.0 ], [ 110.966651917, -6.86944007899996, 0.0 ], [ 110.96660614, -6.86859989199996, 0.0 ], [ 110.966613769, -6.86754989499997, 0.0 ], [ 110.966629029, -6.86658000999984, 0.0 ], [ 110.966667176, -6.865489958999941, 0.0 ], [ 110.966697692, -6.86482000299998, 0.0 ], [ 110.966674804, -6.86449003199994, 0.0 ], [ 110.966629029, -6.86419010099996, 0.0 ], [ 110.966453553, -6.8636503219999, 0.0 ], [ 110.96622467, -6.86268997199994, 0.0 ], [ 110.966094971, -6.86188030199997, 0.0 ], [ 110.966064453, -6.861450194999921, 0.0 ], [ 110.966064453, -6.86113023699994, 0.0 ], [ 110.966072083, -6.86064004899987, 0.0 ], [ 110.96611786, -6.859889983999889, 0.0 ], [ 110.9662323, -6.85920000099992, 0.0 ], [ 110.966308594, -6.85920000099992, 0.0 ], [ 110.966552735, -6.859220027999979, 0.0 ], [ 110.967094421, -6.85930013599994, 0.0 ], [ 110.967636109, -6.85947990499989, 0.0 ], [ 110.967765807, -6.85951995899984, 0.0 ], [ 110.968315125, -6.859660147999881, 0.0 ], [ 110.96862793, -6.859720230999871, 0.0 ], [ 110.968841553, -6.85976028499994, 0.0 ], [ 110.969047547, -6.85980987499994, 0.0 ], [ 110.969535828, -6.860030172999929, 0.0 ], [ 110.969963073, -6.86022996999998, 0.0 ], [ 110.970466614, -6.86043023899992, 0.0 ], [ 110.970832824, -6.86071014499993, 0.0 ], [ 110.971153259, -6.860960006999959, 0.0 ], [ 110.9713974, -6.86117029099995, 0.0 ], [ 110.97177887, -6.86152028999987, 0.0 ], [ 110.971855164, -6.86159992199987, 0.0 ], [ 110.972076417, -6.86182022199989, 0.0 ], [ 110.972434998, -6.86218023299995, 0.0 ], [ 110.972534181, -6.86227989099996, 0.0 ], [ 110.972557067, -6.86237001499995, 0.0 ], [ 110.972885132, -6.86260032599989, 0.0 ], [ 110.972991942, -6.86266994399995, 0.0 ], [ 110.973083496, -6.86273002699994, 0.0 ], [ 110.973281861, -6.862860202999969, 0.0 ], [ 110.973434448, -6.86291026999993, 0.0 ], [ 110.9739151, -6.86310005199994, 0.0 ], [ 110.974494935, -6.86325025599984, 0.0 ], [ 110.974693299, -6.86332034999998, 0.0 ], [ 110.974952697, -6.86338996799992, 0.0 ], [ 110.975524903, -6.86353015899982, 0.0 ], [ 110.976165771, -6.863699911999901, 0.0 ], [ 110.976554871, -6.863790033999919, 0.0 ], [ 110.977043152, -6.86427020899993, 0.0 ], [ 110.977294921, -6.86459016699996, 0.0 ], [ 110.977737427, -6.86522006899992, 0.0 ], [ 110.978187561, -6.86591005299994, 0.0 ], [ 110.978492737, -6.86649036299997, 0.0 ], [ 110.978668213, -6.867030142999971, 0.0 ], [ 110.978721618, -6.86758994999991, 0.0 ], [ 110.978752137, -6.86799001599996, 0.0 ], [ 110.978904724, -6.8683500279999, 0.0 ], [ 110.979278564, -6.86862993299997, 0.0 ], [ 110.97983551, -6.86891031199991, 0.0 ], [ 110.980285644, -6.869040012999961, 0.0 ], [ 110.980773927, -6.86914014699994, 0.0 ], [ 110.980873109, -6.86917018899993, 0.0 ], [ 110.980964661, -6.86919021499989, 0.0 ], [ 110.981346131, -6.86925029699995, 0.0 ], [ 110.982337952, -6.86930036499996, 0.0 ], [ 110.983436584, -6.86935996999989, 0.0 ], [ 110.984588623, -6.8694000239999, 0.0 ], [ 110.984786987, -6.86944007899996, 0.0 ], [ 110.985595703, -6.869540213999869, 0.0 ], [ 110.986465454, -6.8696703899999, 0.0 ], [ 110.987037658, -6.869810103999951, 0.0 ], [ 110.987586976, -6.870010375999869, 0.0 ], [ 110.987548829, -6.87027025299989, 0.0 ], [ 110.987533569, -6.87061023599995, 0.0 ], [ 110.98751831, -6.87105035699994, 0.0 ], [ 110.987442017, -6.87158012399993, 0.0 ], [ 110.98740387, -6.87203025799994, 0.0 ], [ 110.987426758, -6.87224006499997, 0.0 ], [ 110.987358093, -6.872720239999919, 0.0 ], [ 110.987327576, -6.87314033499996, 0.0 ], [ 110.987342835, -6.873500346999889, 0.0 ], [ 110.987213134, -6.87364006099983, 0.0 ], [ 110.987007141, -6.87390995099997, 0.0 ], [ 110.987167359, -6.87391996399998, 0.0 ], [ 110.987388612, -6.87391996399998, 0.0 ], [ 110.987915039, -6.873990058999939, 0.0 ], [ 110.988433838, -6.874050139999889, 0.0 ], [ 110.988807678, -6.874120235999951, 0.0 ], [ 110.989387513, -6.874190330999969, 0.0 ], [ 110.98953247, -6.874210356999921, 0.0 ], [ 110.989944459, -6.874279975999911, 0.0 ], [ 110.990135193, -6.87431001699991, 0.0 ], [ 110.990356446, -6.87435007099998, 0.0 ], [ 110.990516663, -6.874370097999929, 0.0 ], [ 110.990997314, -6.87442016499989, 0.0 ], [ 110.991348267, -6.87447023399994, 0.0 ], [ 110.991638183, -6.874520301999891, 0.0 ], [ 110.991767884, -6.8745503429999, 0.0 ], [ 110.991828918, -6.874670028999959, 0.0 ], [ 110.991836548, -6.8749999989999, 0.0 ], [ 110.991828918, -6.87531995699993, 0.0 ], [ 110.991737366, -6.87609338799996, 0.0 ], [ 110.993171693, -6.87656974799995, 0.0 ] ] ] ] } },
{ "type": "Feature", "properties": { "GID_4": "IDN.10.21.15.11_1", "GID_0": "IDN", "COUNTRY": "Indonesia", "GID_1": "IDN.10_1", "NAME_1": "Jawa Tengah", "GID_2": "IDN.10.21_1", "NAME_2": "Pati", "GID_3": "IDN.10.21.15_1", "NAME_3": "Sukolilo", "NAME_4": "Prawoto", "VARNAME_4": "NA", "TYPE_4": "Desa", "ENGTYPE_4": "Village", "CC_4": "3318010002" }, "geometry": { "type": "MultiPolygon", "coordinates": [ [ [ [ 110.811447143, -7.00031661899988, 0.0 ], [ 110.810897827, -7.0000004769999, 0.0 ], [ 110.810401916, -6.99912071299997, 0.0 ], [ 110.809982299, -6.998157500999919, 0.0 ], [ 110.809730529, -6.997412680999961, 0.0 ], [ 110.809486388, -6.99717473899989, 0.0 ], [ 110.809402466, -6.997096537999881, 0.0 ], [ 110.809288024, -6.99685001399985, 0.0 ], [ 110.809249877, -6.996772287999871, 0.0 ], [ 110.809143067, -6.99654054699988, 0.0 ], [ 110.809066773, -6.99635171799991, 0.0 ], [ 110.809066773, -6.99608707399995, 0.0 ], [ 110.809303284, -6.99475717599995, 0.0 ], [ 110.809280396, -6.99452113999996, 0.0 ], [ 110.80921936, -6.99434566399992, 0.0 ], [ 110.809013366, -6.99403428999995, 0.0 ], [ 110.808975219, -6.99396419399989, 0.0 ], [ 110.808898925, -6.993867396999969, 0.0 ], [ 110.808761597, -6.99358177099998, 0.0 ], [ 110.808662414, -6.99319600999985, 0.0 ], [ 110.808593751, -6.99281072499986, 0.0 ], [ 110.808311463, -6.99241113599993, 0.0 ], [ 110.808189392, -6.992290019999931, 0.0 ], [ 110.807945251, -6.99220228099995, 0.0 ], [ 110.807838441, -6.99218988299998, 0.0 ], [ 110.807571411, -6.99226283899998, 0.0 ], [ 110.807212829, -6.99229621799998, 0.0 ], [ 110.807029725, -6.99224996599997, 0.0 ], [ 110.80670929, -6.99199294899995, 0.0 ], [ 110.806632996, -6.99192333099995, 0.0 ], [ 110.806404114, -6.991668223999909, 0.0 ], [ 110.806221008, -6.99148559499997, 0.0 ], [ 110.805801393, -6.99135732699995, 0.0 ], [ 110.805549621, -6.99127054299987, 0.0 ], [ 110.805473327, -6.99121808999996, 0.0 ], [ 110.805412292, -6.991174697999949, 0.0 ], [ 110.805107118, -6.99099016199995, 0.0 ], [ 110.804664612, -6.99055910199996, 0.0 ], [ 110.804374696, -6.990208625999911, 0.0 ], [ 110.804069519, -6.989689348999951, 0.0 ], [ 110.803779603, -6.988998888999959, 0.0 ], [ 110.803565978, -6.98794555699993, 0.0 ], [ 110.803398133, -6.98632860099997, 0.0 ], [ 110.803344727, -6.984548092999941, 0.0 ], [ 110.803276062, -6.98358535799991, 0.0 ], [ 110.803237915, -6.982840537999951, 0.0 ], [ 110.80329132, -6.98178672799997, 0.0 ], [ 110.80355072, -6.980751514999949, 0.0 ], [ 110.803909302, -6.97957086499997, 0.0 ], [ 110.805015564, -6.979693889999909, 0.0 ], [ 110.805061341, -6.979309081999871, 0.0 ], [ 110.806991576, -6.97882795199996, 0.0 ], [ 110.808181762, -6.97812366399995, 0.0 ], [ 110.809440613, -6.97664022499993, 0.0 ], [ 110.810218812, -6.97578763999991, 0.0 ], [ 110.810371399, -6.97489738499996, 0.0 ], [ 110.810112, -6.97367334299997, 0.0 ], [ 110.810295106, -6.97285747499996, 0.0 ], [ 110.809890747, -6.97089099799996, 0.0 ], [ 110.810371399, -6.96937084199993, 0.0 ], [ 110.810371399, -6.9675531389999, 0.0 ], [ 110.809967041, -6.965735435999871, 0.0 ], [ 110.807182312, -6.960281847999851, 0.0 ], [ 110.807289123, -6.955477237999959, 0.0 ], [ 110.806686402, -6.95545005699984, 0.0 ], [ 110.806594848, -6.95542621599998, 0.0 ], [ 110.803459168, -6.95542478599998, 0.0 ], [ 110.804794311, -6.95441961299991, 0.0 ], [ 110.804367066, -6.953036783999891, 0.0 ], [ 110.804824829, -6.95270729099991, 0.0 ], [ 110.804824829, -6.952411173999909, 0.0 ], [ 110.804367066, -6.952377794999899, 0.0 ], [ 110.804832458, -6.94981002799989, 0.0 ], [ 110.810134888, -6.952149866999891, 0.0 ], [ 110.810516356, -6.95116090799996, 0.0 ], [ 110.810546875, -6.951044082999939, 0.0 ], [ 110.810134888, -6.950689315999909, 0.0 ], [ 110.809799195, -6.95025777799992, 0.0 ], [ 110.809501649, -6.9496908189999, 0.0 ], [ 110.809387206, -6.94910097199994, 0.0 ], [ 110.809410095, -6.948601722999969, 0.0 ], [ 110.809547424, -6.94821595999991, 0.0 ], [ 110.809616089, -6.947490215999889, 0.0 ], [ 110.809616089, -6.94712686399993, 0.0 ], [ 110.809501649, -6.94667339299991, 0.0 ], [ 110.80936432, -6.94635581999995, 0.0 ], [ 110.809341431, -6.94594716899996, 0.0 ], [ 110.809936524, -6.94592475799988, 0.0 ], [ 110.810935974, -6.945675373999959, 0.0 ], [ 110.811569213, -6.94501924499991, 0.0 ], [ 110.811538697, -6.94482278899983, 0.0 ], [ 110.811584474, -6.94426011999997, 0.0 ], [ 110.811714172, -6.943610191999941, 0.0 ], [ 110.811897278, -6.94304561599995, 0.0 ], [ 110.812110901, -6.94231462399995, 0.0 ], [ 110.812210083, -6.94196176499997, 0.0 ], [ 110.81225586, -6.94166660299987, 0.0 ], [ 110.812309265, -6.9415907849999, 0.0 ], [ 110.811958314, -6.94134283099993, 0.0 ], [ 110.811637879, -6.94129705399996, 0.0 ], [ 110.811210631, -6.94118356599989, 0.0 ], [ 110.811096191, -6.940865992999931, 0.0 ], [ 110.811210631, -6.940412044999901, 0.0 ], [ 110.811431884, -6.93995857299996, 0.0 ], [ 110.812004089, -6.94009494699998, 0.0 ], [ 110.812637328, -6.9402542119999, 0.0 ], [ 110.812713624, -6.94027328499988, 0.0 ], [ 110.812835693, -6.94030380199996, 0.0 ], [ 110.813041687, -6.94035911499998, 0.0 ], [ 110.813400269, -6.94045686699997, 0.0 ], [ 110.813690185, -6.94051694899997, 0.0 ], [ 110.81465149, -6.94041919699987, 0.0 ], [ 110.814521789, -6.93973970299987, 0.0 ], [ 110.816650391, -6.93863677899992, 0.0 ], [ 110.816764832, -6.938258170999969, 0.0 ], [ 110.816909791, -6.93826770699997, 0.0 ], [ 110.81741333, -6.938301085999969, 0.0 ], [ 110.818084716, -6.93846416399998, 0.0 ], [ 110.82019806, -6.93941068499993, 0.0 ], [ 110.82194519, -6.940065382999929, 0.0 ], [ 110.823112489, -6.94042062699992, 0.0 ], [ 110.823379517, -6.94050168899997, 0.0 ], [ 110.82345581, -6.94052934499996, 0.0 ], [ 110.822921753, -6.94428968399995, 0.0 ], [ 110.823585511, -6.94444084099985, 0.0 ], [ 110.823509217, -6.94538450199985, 0.0 ], [ 110.824554444, -6.94567394099988, 0.0 ], [ 110.825920105, -6.94589471899997, 0.0 ], [ 110.827331544, -6.94593954099986, 0.0 ], [ 110.82788086, -6.94524526599997, 0.0 ], [ 110.831214904, -6.94545650399994, 0.0 ], [ 110.831459045, -6.94522189999998, 0.0 ], [ 110.831420898, -6.94502544299996, 0.0 ], [ 110.831420898, -6.94450378399989, 0.0 ], [ 110.83215332, -6.944556235999869, 0.0 ], [ 110.832244872, -6.94405031199994, 0.0 ], [ 110.83242035, -6.94346046499993, 0.0 ], [ 110.832603454, -6.94264364199989, 0.0 ], [ 110.834274292, -6.94298457999997, 0.0 ], [ 110.83557129, -6.9431438449999, 0.0 ], [ 110.837135316, -6.943121433999919, 0.0 ], [ 110.838249206, -6.943099497999981, 0.0 ], [ 110.83934021, -6.94298648799986, 0.0 ], [ 110.839645386, -6.94292068499993, 0.0 ], [ 110.839698791, -6.94309186999988, 0.0 ], [ 110.839912414, -6.94304704599989, 0.0 ], [ 110.840667724, -6.94288969099995, 0.0 ], [ 110.840919494, -6.94323396699997, 0.0 ], [ 110.840766906, -6.94382429199987, 0.0 ], [ 110.840621949, -6.94446372899995, 0.0 ], [ 110.840621949, -6.945397852999971, 0.0 ], [ 110.840721131, -6.946037292999961, 0.0 ], [ 110.841064453, -6.94667673099991, 0.0 ], [ 110.841262817, -6.94721794099996, 0.0 ], [ 110.841896057, -6.94800519999995, 0.0 ], [ 110.842147826, -6.948791979999949, 0.0 ], [ 110.842338562, -6.949234962999919, 0.0 ], [ 110.842781068, -6.94967794399997, 0.0 ], [ 110.843231202, -6.95046472599989, 0.0 ], [ 110.844947815, -6.95066213499996, 0.0 ], [ 110.846572876, -6.95076084199997, 0.0 ], [ 110.847709656, -6.95090913699988, 0.0 ], [ 110.848594666, -6.95110607099997, 0.0 ], [ 110.848442078, -6.95223712899991, 0.0 ], [ 110.847755431, -6.953122137999969, 0.0 ], [ 110.846427917, -6.95302343299994, 0.0 ], [ 110.844650268, -6.95341634699997, 0.0 ], [ 110.843666077, -6.953957081999931, 0.0 ], [ 110.842391967, -6.95489120499997, 0.0 ], [ 110.841209412, -6.95533323399985, 0.0 ], [ 110.840377808, -6.955503939999909, 0.0 ], [ 110.840339661, -6.9556999209999, 0.0 ], [ 110.840324403, -6.95578908999988, 0.0 ], [ 110.839775085, -6.95614862399998, 0.0 ], [ 110.838943481, -6.95626115699997, 0.0 ], [ 110.837814331, -6.95663690499987, 0.0 ], [ 110.83706665, -6.95689964199994, 0.0 ], [ 110.83706665, -6.9575014109999, 0.0 ], [ 110.837028504, -6.957877157999921, 0.0 ], [ 110.836463927, -6.95795202199997, 0.0 ], [ 110.836463927, -6.958516119999959, 0.0 ], [ 110.837028504, -6.958478925999879, 0.0 ], [ 110.837028504, -6.959117888999909, 0.0 ], [ 110.836463927, -6.95923042399988, 0.0 ], [ 110.83657074, -6.95964431799996, 0.0 ], [ 110.836837769, -6.960546492999979, 0.0 ], [ 110.837425232, -6.961286067999881, 0.0 ], [ 110.837478637, -6.96193790299998, 0.0 ], [ 110.837547303, -6.96265220699996, 0.0 ], [ 110.837364197, -6.963140964999979, 0.0 ], [ 110.837211609, -6.96340417899989, 0.0 ], [ 110.837211609, -6.96393060699995, 0.0 ], [ 110.837287903, -6.96438169499987, 0.0 ], [ 110.837471009, -6.965021132999941, 0.0 ], [ 110.83807373, -6.96554756199987, 0.0 ], [ 110.838600159, -6.96554756199987, 0.0 ], [ 110.839126587, -6.9654350269999, 0.0 ], [ 110.839881897, -6.96520996099991, 0.0 ], [ 110.840431213, -6.96510028899991, 0.0 ], [ 110.841049194, -6.96539831099994, 0.0 ], [ 110.841537475, -6.96577453599991, 0.0 ], [ 110.842063904, -6.96641349799995, 0.0 ], [ 110.842437744, -6.96671438199996, 0.0 ], [ 110.842849731, -6.96689557999997, 0.0 ], [ 110.843368531, -6.96748256599994, 0.0 ], [ 110.844154358, -6.96777772899992, 0.0 ], [ 110.844734192, -6.967977045999931, 0.0 ], [ 110.844009398, -6.96885967299994, 0.0 ], [ 110.842628479, -6.969203470999961, 0.0 ], [ 110.842353821, -6.96928357999991, 0.0 ], [ 110.842140198, -6.96925306299988, 0.0 ], [ 110.84197235, -6.96923303499989, 0.0 ], [ 110.841682434, -6.969172476999969, 0.0 ], [ 110.841445923, -6.96911239699995, 0.0 ], [ 110.841163635, -6.96899175599992, 0.0 ], [ 110.840942382, -6.96895122499996, 0.0 ], [ 110.840713501, -6.96889591199988, 0.0 ], [ 110.840507507, -6.968820570999981, 0.0 ], [ 110.840385436, -6.96877050399991, 0.0 ], [ 110.840270996, -6.96873044899996, 0.0 ], [ 110.840049743, -6.968675135999939, 0.0 ], [ 110.839874267, -6.968594549999919, 0.0 ], [ 110.839706421, -6.96848392499993, 0.0 ], [ 110.839653014, -6.968589781999981, 0.0 ], [ 110.839614867, -6.96885061199987, 0.0 ], [ 110.839591981, -6.969013689999879, 0.0 ], [ 110.839378356, -6.969841955999931, 0.0 ], [ 110.839134217, -6.97048139599997, 0.0 ], [ 110.839134217, -6.97116994799995, 0.0 ], [ 110.839134217, -6.97157764499991, 0.0 ], [ 110.839134217, -6.97259616799982, 0.0 ], [ 110.839134217, -6.972891330999971, 0.0 ], [ 110.838836671, -6.973874567999931, 0.0 ], [ 110.838493347, -6.974464892999889, 0.0 ], [ 110.837554931, -6.97505473999996, 0.0 ], [ 110.83657074, -6.97534942699997, 0.0 ], [ 110.835197448, -6.97589015999995, 0.0 ], [ 110.83391571, -6.97638130199994, 0.0 ], [ 110.833778381, -6.97641229599998, 0.0 ], [ 110.833358764, -6.97672128599987, 0.0 ], [ 110.833015443, -6.97724533099989, 0.0 ], [ 110.832809448, -6.97741460799989, 0.0 ], [ 110.832626342, -6.97813558499996, 0.0 ], [ 110.83214569, -6.97861862199994, 0.0 ], [ 110.832084657, -6.97870492899989, 0.0 ], [ 110.831985475, -6.979198931999971, 0.0 ], [ 110.831825257, -6.97978305699991, 0.0 ], [ 110.831680298, -6.980306623999981, 0.0 ], [ 110.831558227, -6.98070955299994, 0.0 ], [ 110.831535339, -6.98127365199997, 0.0 ], [ 110.831359863, -6.982120036999899, 0.0 ], [ 110.831092835, -6.98260307399994, 0.0 ], [ 110.830429077, -6.98288488499998, 0.0 ], [ 110.830062867, -6.98302602699994, 0.0 ], [ 110.829498291, -6.98304271699988, 0.0 ], [ 110.829399109, -6.98304605499987, 0.0 ], [ 110.828918456, -6.98322677599992, 0.0 ], [ 110.828613282, -6.98373031699992, 0.0 ], [ 110.828536988, -6.98423433299996, 0.0 ], [ 110.828529358, -6.98433303799987, 0.0 ], [ 110.828514099, -6.98445463099989, 0.0 ], [ 110.828849793, -6.98480224499997, 0.0 ], [ 110.829147339, -6.98502397499993, 0.0 ], [ 110.829208374, -6.98540687499991, 0.0 ], [ 110.828804016, -6.98609161299993, 0.0 ], [ 110.828323363, -6.986715793999961, 0.0 ], [ 110.827980042, -6.98736047699998, 0.0 ], [ 110.827461243, -6.98771905899991, 0.0 ], [ 110.827079772, -6.98824262599987, 0.0 ], [ 110.826637269, -6.988826750999979, 0.0 ], [ 110.826416016, -6.98904800399993, 0.0 ], [ 110.826271057, -6.989652633999919, 0.0 ], [ 110.826148986, -6.99027681399997, 0.0 ], [ 110.826194763, -6.990780352999881, 0.0 ], [ 110.826255799, -6.99134445099986, 0.0 ], [ 110.826332092, -6.99188852199995, 0.0 ], [ 110.826515198, -6.99231195399989, 0.0 ], [ 110.826896667, -6.9925131789999, 0.0 ], [ 110.827362061, -6.99263429699982, 0.0 ], [ 110.827789306, -6.992576121999889, 0.0 ], [ 110.828392029, -6.99268197899994, 0.0 ], [ 110.828598023, -6.99271965099996, 0.0 ], [ 110.829429627, -6.99296140699988, 0.0 ], [ 110.83027649, -6.993163108999969, 0.0 ], [ 110.830856324, -6.9932641989999, 0.0 ], [ 110.831123352, -6.993525980999951, 0.0 ], [ 110.83102417, -6.994170665999949, 0.0 ], [ 110.830856324, -6.99459362099992, 0.0 ], [ 110.830413819, -6.99501657599995, 0.0 ], [ 110.830154419, -6.995256899999901, 0.0 ], [ 110.830619813, -6.995849609999941, 0.0 ], [ 110.830413819, -6.99611282199993, 0.0 ], [ 110.829574584, -6.997329711999899, 0.0 ], [ 110.828834534, -6.99849176399988, 0.0 ], [ 110.828338624, -6.99920034399997, 0.0 ], [ 110.827911376, -6.99999999899995, 0.0 ], [ 110.827674865, -7.000417231999959, 0.0 ], [ 110.827606202, -7.00072002299993, 0.0 ], [ 110.827568055, -7.00086307499987, 0.0 ], [ 110.827522278, -7.000919817999941, 0.0 ], [ 110.827209473, -7.00122260899997, 0.0 ], [ 110.826766968, -7.00150823499996, 0.0 ], [ 110.826400758, -7.00166702199988, 0.0 ], [ 110.825981141, -7.001743315999871, 0.0 ], [ 110.82559967, -7.00173044299987, 0.0 ], [ 110.825027466, -7.0016794199999, 0.0 ], [ 110.824317933, -7.00146293599994, 0.0 ], [ 110.823654174, -7.00107669699997, 0.0 ], [ 110.823257446, -7.000388621999889, 0.0 ], [ 110.823196411, -7.00020074899987, 0.0 ], [ 110.823150636, -7.00007104799988, 0.0 ], [ 110.823127747, -7.0000004769999, 0.0 ], [ 110.822921753, -6.999361513999819, 0.0 ], [ 110.822288513, -6.998253344999969, 0.0 ], [ 110.821998597, -6.99819850999995, 0.0 ], [ 110.821762086, -6.99801683399994, 0.0 ], [ 110.821487428, -6.9975442889999, 0.0 ], [ 110.82131958, -6.997290134999961, 0.0 ], [ 110.821052552, -6.997180938999971, 0.0 ], [ 110.820648193, -6.99694442599991, 0.0 ], [ 110.820068359, -6.99618148799993, 0.0 ], [ 110.819831848, -6.99599981199992, 0.0 ], [ 110.819282532, -6.996126650999939, 0.0 ], [ 110.818519591, -6.996253490999951, 0.0 ], [ 110.818191528, -6.99643516499998, 0.0 ], [ 110.817756653, -6.99672555899991, 0.0 ], [ 110.8175354, -6.996979712999921, 0.0 ], [ 110.81742859, -6.99730682299997, 0.0 ], [ 110.817260742, -6.997924326999909, 0.0 ], [ 110.817062378, -6.99894142199997, 0.0 ], [ 110.816955566, -6.999777315999949, 0.0 ], [ 110.816925049, -7.0000004769999, 0.0 ], [ 110.816802978, -7.000472068999951, 0.0 ], [ 110.816604614, -7.00103092199993, 0.0 ], [ 110.816368103, -7.0014967919999, 0.0 ], [ 110.816162109, -7.00198411999992, 0.0 ], [ 110.815994263, -7.002471922999969, 0.0 ], [ 110.815795899, -7.00289964699988, 0.0 ], [ 110.815605164, -7.00314950899997, 0.0 ], [ 110.815361023, -7.003363608999899, 0.0 ], [ 110.815116882, -7.00358724499995, 0.0 ], [ 110.815055847, -7.003669260999969, 0.0 ], [ 110.814804077, -7.00363111499996, 0.0 ], [ 110.814598083, -7.003532409999929, 0.0 ], [ 110.813796997, -7.003113269999969, 0.0 ], [ 110.813583375, -7.00293016399996, 0.0 ], [ 110.813476562, -7.00276613199998, 0.0 ], [ 110.81338501, -7.00257301299996, 0.0 ], [ 110.813163758, -7.00216913099996, 0.0 ], [ 110.813117981, -7.00211238799994, 0.0 ], [ 110.812919616, -7.001911163999919, 0.0 ], [ 110.812431336, -7.00148630099994, 0.0 ], [ 110.812294007, -7.0014400469999, 0.0 ], [ 110.812095643, -7.00118541699993, 0.0 ], [ 110.811889648, -7.00095939699997, 0.0 ], [ 110.811691284, -7.00070953299996, 0.0 ], [ 110.811531066, -7.00045967099982, 0.0 ], [ 110.811447143, -7.00031661899988, 0.0 ] ] ] ] } },
{ "type": "Feature", "properties": { "GID_4": "IDN.10.21.10.11_1", "GID_0": "IDN", "COUNTRY": "Indonesia", "GID_1": "IDN.10_1", "NAME_1": "Jawa Tengah", "GID_2": "IDN.10.21_1", "NAME_2": "Pati", "GID_3": "IDN.10.21.10_1", "NAME_3": "Kayen", "NAME_4": "Rogomulyo", "VARNAME_4": "NA", "TYPE_4": "Desa", "ENGTYPE_4": "Village", "CC_4": "3318020014" }, "geometry": { "type": "MultiPolygon", "coordinates": [ [ [ [ 110.987686158, -6.86436843899997, 0.0 ], [ 110.987976074, -6.86462020799996, 0.0 ], [ 110.988433838, -6.86475038399988, 0.0 ], [ 110.988876342, -6.86475992199996, 0.0 ], [ 110.989143372, -6.864769934999971, 0.0 ], [ 110.989402771, -6.864769934999971, 0.0 ], [ 110.989494323, -6.86475038399988, 0.0 ], [ 110.989631652, -6.864710329999921, 0.0 ], [ 110.989723206, -6.86456012799994, 0.0 ], [ 110.989753723, -6.86442995099992, 0.0 ], [ 110.989814758, -6.86427020899993, 0.0 ], [ 110.989875793, -6.86422014199997, 0.0 ], [ 110.989868163, -6.86405992399995, 0.0 ], [ 110.989875793, -6.86393022599998, 0.0 ], [ 110.989936829, -6.86364030699997, 0.0 ], [ 110.989974976, -6.863379954999911, 0.0 ], [ 110.989997864, -6.86331033699992, 0.0 ], [ 110.99029541, -6.86334037799992, 0.0 ], [ 110.990638734, -6.86339998299997, 0.0 ], [ 110.990798949, -6.86343002199987, 0.0 ], [ 110.991447449, -6.86360025299996, 0.0 ], [ 110.991615295, -6.86317014699995, 0.0 ], [ 110.991798401, -6.86276006599996, 0.0 ], [ 110.991981507, -6.86247014999998, 0.0 ], [ 110.99219513, -6.86230039699996, 0.0 ], [ 110.992507934, -6.8622002599999, 0.0 ], [ 110.993202209, -6.86218023299995, 0.0 ], [ 110.993911743, -6.86224031399996, 0.0 ], [ 110.995414733, -6.862390040999969, 0.0 ], [ 110.996421815, -6.862500190999869, 0.0 ], [ 110.997451783, -6.86260032599989, 0.0 ], [ 110.998191833, -6.86266040899989, 0.0 ], [ 110.998695374, -6.86267042199989, 0.0 ], [ 110.998825073, -6.862679956999901, 0.0 ], [ 110.998893738, -6.86300039199995, 0.0 ], [ 110.999206543, -6.863130092999941, 0.0 ], [ 110.999443054, -6.86316013199985, 0.0 ], [ 110.999862671, -6.863150118999901, 0.0 ], [ 110.999984742, -6.8631801599999, 0.0 ], [ 111.000305175, -6.86332034999998, 0.0 ], [ 111.000701903, -6.86340999599992, 0.0 ], [ 111.001037599, -6.863379954999911, 0.0 ], [ 111.00127411, -6.86350011799993, 0.0 ], [ 111.001480102, -6.86354064999989, 0.0 ], [ 111.001846314, -6.86354636999994, 0.0 ], [ 111.002609253, -6.86399316799992, 0.0 ], [ 111.003059386, -6.86437654399992, 0.0 ], [ 111.002799989, -6.86527013799997, 0.0 ], [ 111.002990723, -6.865716933999919, 0.0 ], [ 111.003372193, -6.86629152399996, 0.0 ], [ 111.002990723, -6.86699390399997, 0.0 ], [ 111.003250122, -6.86776017999995, 0.0 ], [ 111.00389099, -6.86802720999992, 0.0 ], [ 111.004013061, -6.868079184999889, 0.0 ], [ 111.004013061, -6.86833476999988, 0.0 ], [ 111.003814697, -6.86983585299993, 0.0 ], [ 111.003692626, -6.870760917999971, 0.0 ], [ 111.003181457, -6.87242078799994, 0.0 ], [ 111.002929688, -6.8737611759999, 0.0 ], [ 111.003120422, -6.87471914399993, 0.0 ], [ 111.003822327, -6.875421523999881, 0.0 ], [ 111.003631593, -6.8770813939999, 0.0 ], [ 111.003120422, -6.87803888199988, 0.0 ], [ 111.003181457, -6.87759208599988, 0.0 ], [ 111.002502442, -6.87734031699995, 0.0 ], [ 111.001998901, -6.87723588899996, 0.0 ], [ 110.99747467, -6.876642703999949, 0.0 ], [ 110.993835449, -6.876271723999881, 0.0 ], [ 110.99331665, -6.876271723999881, 0.0 ], [ 110.993171693, -6.87656974799995, 0.0 ], [ 110.991737366, -6.87609338799996, 0.0 ], [ 110.991828918, -6.87531995699993, 0.0 ], [ 110.991836548, -6.8749999989999, 0.0 ], [ 110.991828918, -6.874670028999959, 0.0 ], [ 110.991767884, -6.8745503429999, 0.0 ], [ 110.991638183, -6.874520301999891, 0.0 ], [ 110.991348267, -6.87447023399994, 0.0 ], [ 110.990997314, -6.87442016499989, 0.0 ], [ 110.990516663, -6.874370097999929, 0.0 ], [ 110.990356446, -6.87435007099998, 0.0 ], [ 110.990135193, -6.87431001699991, 0.0 ], [ 110.989944459, -6.874279975999911, 0.0 ], [ 110.98953247, -6.874210356999921, 0.0 ], [ 110.989387513, -6.874190330999969, 0.0 ], [ 110.988807678, -6.874120235999951, 0.0 ], [ 110.988433838, -6.874050139999889, 0.0 ], [ 110.987915039, -6.873990058999939, 0.0 ], [ 110.987388612, -6.87391996399998, 0.0 ], [ 110.987167359, -6.87391996399998, 0.0 ], [ 110.987007141, -6.87390995099997, 0.0 ], [ 110.987213134, -6.87364006099983, 0.0 ], [ 110.987342835, -6.873500346999889, 0.0 ], [ 110.987327576, -6.87314033499996, 0.0 ], [ 110.987358093, -6.872720239999919, 0.0 ], [ 110.987426758, -6.87224006499997, 0.0 ], [ 110.98740387, -6.87203025799994, 0.0 ], [ 110.987442017, -6.87158012399993, 0.0 ], [ 110.98751831, -6.87105035699994, 0.0 ], [ 110.987533569, -6.87061023599995, 0.0 ], [ 110.987548829, -6.87027025299989, 0.0 ], [ 110.987586976, -6.870010375999869, 0.0 ], [ 110.98778534, -6.86948013299997, 0.0 ], [ 110.987861634, -6.869120120999921, 0.0 ], [ 110.987876892, -6.86871003999994, 0.0 ], [ 110.987754822, -6.86837005599995, 0.0 ], [ 110.987487794, -6.86798000299996, 0.0 ], [ 110.987487794, -6.86782026299994, 0.0 ], [ 110.987548829, -6.867480276999971, 0.0 ], [ 110.987625123, -6.86718034799992, 0.0 ], [ 110.987655639, -6.86706018499996, 0.0 ], [ 110.987678528, -6.86689996699994, 0.0 ], [ 110.987693786, -6.86677026599995, 0.0 ], [ 110.987709045, -6.866539954999889, 0.0 ], [ 110.987876892, -6.866539954999889, 0.0 ], [ 110.987846374, -6.86643028299994, 0.0 ], [ 110.987792968, -6.86617994299996, 0.0 ], [ 110.987731933, -6.86591005299994, 0.0 ], [ 110.987625123, -6.86561012199996, 0.0 ], [ 110.987586976, -6.8655300129999, 0.0 ], [ 110.987373351, -6.86526012299987, 0.0 ], [ 110.987304688, -6.86520004299996, 0.0 ], [ 110.98713684, -6.86527013799997, 0.0 ], [ 110.986953736, -6.865100382999969, 0.0 ], [ 110.986923218, -6.864890097999881, 0.0 ], [ 110.986946106, -6.86459016699996, 0.0 ], [ 110.986984253, -6.86427020899993, 0.0 ], [ 110.9871521, -6.864280223999969, 0.0 ], [ 110.987373351, -6.86433029199992, 0.0 ], [ 110.987617493, -6.86442995099992, 0.0 ], [ 110.987686158, -6.86436843899997, 0.0 ] ] ] ] } },
{ "type": "Feature", "properties": { "GID_4": "IDN.10.21.4.16_1", "GID_0": "IDN", "COUNTRY": "Indonesia", "GID_1": "IDN.10_1", "NAME_1": "Jawa Tengah", "GID_2": "IDN.10.21_1", "NAME_2": "Pati", "GID_3": "IDN.10.21.4_1", "NAME_3": "Gabus", "NAME_4": "Sambirejo", "VARNAME_4": "NA", "TYPE_4": "Desa", "ENGTYPE_4": "Village", "CC_4": "3318110013" }, "geometry": { "type": "MultiPolygon", "coordinates": [ [ [ [ 111.025100709, -6.82415628399991, 0.0 ], [ 111.024269105, -6.82399082199993, 0.0 ], [ 111.024208069, -6.824310778999921, 0.0 ], [ 111.023559569, -6.82418966299997, 0.0 ], [ 111.023506164, -6.824501037999939, 0.0 ], [ 111.022789001, -6.824423311999909, 0.0 ], [ 111.022125244, -6.82434558799997, 0.0 ], [ 111.021492005, -6.82429265899992, 0.0 ], [ 111.021095276, -6.824258803999899, 0.0 ], [ 111.021202087, -6.82385301499988, 0.0 ], [ 111.021186828, -6.82355880699987, 0.0 ], [ 111.021316529, -6.82308340099996, 0.0 ], [ 111.021141053, -6.823170185999969, 0.0 ], [ 111.020988464, -6.82307481599997, 0.0 ], [ 111.020835877, -6.82299709299997, 0.0 ], [ 111.020683289, -6.82285022799988, 0.0 ], [ 111.020843507, -6.82259082799993, 0.0 ], [ 111.020805358, -6.82237482099987, 0.0 ], [ 111.020767211, -6.822184561999959, 0.0 ], [ 111.020729064, -6.82202052999997, 0.0 ], [ 111.020782471, -6.82185602199996, 0.0 ], [ 111.020759583, -6.821675777999869, 0.0 ], [ 111.020256042, -6.821591853999959, 0.0 ], [ 111.019599914, -6.82150459299993, 0.0 ], [ 111.019386291, -6.82141733099996, 0.0 ], [ 111.019287109, -6.8212962149999, 0.0 ], [ 111.019729615, -6.8203525539999, 0.0 ], [ 111.020462037, -6.81874465899989, 0.0 ], [ 111.020500183, -6.818652153999891, 0.0 ], [ 111.020843507, -6.81790208899992, 0.0 ], [ 111.021430969, -6.81661415099995, 0.0 ], [ 111.021667481, -6.81612062499994, 0.0 ], [ 111.021697997, -6.81604003899997, 0.0 ], [ 111.022201538, -6.81499004299991, 0.0 ], [ 111.022247315, -6.81488990799988, 0.0 ], [ 111.022354125, -6.814692973999971, 0.0 ], [ 111.022583008, -6.81419420299989, 0.0 ], [ 111.02294159, -6.81346273299994, 0.0 ], [ 111.023414612, -6.81258392199987, 0.0 ], [ 111.023582458, -6.81226348899992, 0.0 ], [ 111.02357483, -6.81213569599993, 0.0 ], [ 111.023674012, -6.811816215999951, 0.0 ], [ 111.023818969, -6.811277388999879, 0.0 ], [ 111.023551941, -6.8112077699999, 0.0 ], [ 111.023521423, -6.81087160199996, 0.0 ], [ 111.023651123, -6.81053209299995, 0.0 ], [ 111.023788452, -6.810216903999959, 0.0 ], [ 111.023864746, -6.809925079999971, 0.0 ], [ 111.024032594, -6.80992174199997, 0.0 ], [ 111.024078369, -6.80983686399998, 0.0 ], [ 111.02443695, -6.80997752999997, 0.0 ], [ 111.02496338, -6.81008958799993, 0.0 ], [ 111.024925231, -6.810183046999949, 0.0 ], [ 111.025512696, -6.810359954999909, 0.0 ], [ 111.025634766, -6.81021070399993, 0.0 ], [ 111.025695802, -6.81010818399994, 0.0 ], [ 111.025718688, -6.80999612799991, 0.0 ], [ 111.025756835, -6.80990314399997, 0.0 ], [ 111.025886536, -6.809772490999879, 0.0 ], [ 111.026016235, -6.80963373099996, 0.0 ], [ 111.026542664, -6.809805869999881, 0.0 ], [ 111.026535034, -6.810257434999869, 0.0 ], [ 111.026512145, -6.81058359099995, 0.0 ], [ 111.026496887, -6.81086349399993, 0.0 ], [ 111.026535034, -6.81123685899991, 0.0 ], [ 111.026557922, -6.811413764999879, 0.0 ], [ 111.026802064, -6.811432360999899, 0.0 ], [ 111.027061463, -6.811470031999931, 0.0 ], [ 111.027053833, -6.811908244999931, 0.0 ], [ 111.027030945, -6.81214141899994, 0.0 ], [ 111.026977539, -6.81239318799993, 0.0 ], [ 111.027061463, -6.81248760299991, 0.0 ], [ 111.027069091, -6.81262731399994, 0.0 ], [ 111.026962281, -6.812663555999901, 0.0 ], [ 111.026763917, -6.81272888099988, 0.0 ], [ 111.026596069, -6.8127012249999, 0.0 ], [ 111.026359558, -6.8127012249999, 0.0 ], [ 111.026298523, -6.81306457499994, 0.0 ], [ 111.026275634, -6.81328868799994, 0.0 ], [ 111.026206971, -6.81377363299993, 0.0 ], [ 111.026206971, -6.81391334499995, 0.0 ], [ 111.026504517, -6.81397867199991, 0.0 ], [ 111.026824952, -6.81405353599996, 0.0 ], [ 111.02709198, -6.8140869149999, 0.0 ], [ 111.027542114, -6.81422519699987, 0.0 ], [ 111.027450562, -6.81459951399995, 0.0 ], [ 111.028182983, -6.81491136599993, 0.0 ], [ 111.028182983, -6.81528520599994, 0.0 ], [ 111.028167725, -6.81546163499996, 0.0 ], [ 111.028533935, -6.81557369199993, 0.0 ], [ 111.028564454, -6.81617975299997, 0.0 ], [ 111.02884674, -6.81626367499996, 0.0 ], [ 111.028877258, -6.816394327999941, 0.0 ], [ 111.029159547, -6.81645965599995, 0.0 ], [ 111.029396058, -6.81654357799994, 0.0 ], [ 111.029663085, -6.81662750199996, 0.0 ], [ 111.02986145, -6.81668329199988, 0.0 ], [ 111.02998352, -6.81666469599992, 0.0 ], [ 111.030105591, -6.816701887999901, 0.0 ], [ 111.030143738, -6.81685113899994, 0.0 ], [ 111.030456543, -6.816907404999941, 0.0 ], [ 111.030693054, -6.816926002999881, 0.0 ], [ 111.031013489, -6.81701898499995, 0.0 ], [ 111.031272888, -6.8170657149999, 0.0 ], [ 111.031478883, -6.81710290899997, 0.0 ], [ 111.031669617, -6.81690263699988, 0.0 ], [ 111.031867981, -6.816935060999919, 0.0 ], [ 111.032020568, -6.81696319499997, 0.0 ], [ 111.032150269, -6.81705617899991, 0.0 ], [ 111.032325745, -6.81709384899995, 0.0 ], [ 111.032676697, -6.81717777199992, 0.0 ], [ 111.032615661, -6.81758785199992, 0.0 ], [ 111.032516479, -6.81800794599997, 0.0 ], [ 111.032546998, -6.8182969099999, 0.0 ], [ 111.032714843, -6.81834363899992, 0.0 ], [ 111.032554626, -6.81875371899997, 0.0 ], [ 111.032493591, -6.81894063999994, 0.0 ], [ 111.032508851, -6.81916427599998, 0.0 ], [ 111.032447816, -6.8194627769999, 0.0 ], [ 111.032356262, -6.819658755999971, 0.0 ], [ 111.032318115, -6.81991529299995, 0.0 ], [ 111.032196044, -6.82012033499996, 0.0 ], [ 111.032066345, -6.820288180999971, 0.0 ], [ 111.031951905, -6.82050275799998, 0.0 ], [ 111.031944275, -6.82068014099991, 0.0 ], [ 111.032028199, -6.820773123999969, 0.0 ], [ 111.03199768, -6.820894240999959, 0.0 ], [ 111.031951905, -6.82104349099995, 0.0 ], [ 111.031944275, -6.82114648799995, 0.0 ], [ 111.032043457, -6.82117414499993, 0.0 ], [ 111.031967163, -6.82145404799991, 0.0 ], [ 111.03200531, -6.82159423699994, 0.0 ], [ 111.032073975, -6.82170581699995, 0.0 ], [ 111.031990052, -6.82215833599992, 0.0 ], [ 111.032424927, -6.822232721999971, 0.0 ], [ 111.032402039, -6.82262468299996, 0.0 ], [ 111.03238678, -6.82289504999994, 0.0 ], [ 111.032310487, -6.82332420299991, 0.0 ], [ 111.032257079, -6.823688029999909, 0.0 ], [ 111.032104492, -6.82416343699998, 0.0 ], [ 111.03199768, -6.824446200999941, 0.0 ], [ 111.031761169, -6.824389934999891, 0.0 ], [ 111.030662537, -6.824150083999941, 0.0 ], [ 111.029518128, -6.82390022199996, 0.0 ], [ 111.028701783, -6.823740004999931, 0.0 ], [ 111.028511047, -6.82436990699995, 0.0 ], [ 111.02848816, -6.8244843469999, 0.0 ], [ 111.028495788, -6.82461214099993, 0.0 ], [ 111.0282135, -6.82450580599988, 0.0 ], [ 111.027809143, -6.82445240099992, 0.0 ], [ 111.027236939, -6.82425737399996, 0.0 ], [ 111.026954651, -6.82425737399996, 0.0 ], [ 111.026473998, -6.82429313599988, 0.0 ], [ 111.025947571, -6.82418680099988, 0.0 ], [ 111.025695802, -6.82413339599998, 0.0 ], [ 111.02533722, -6.824051856999921, 0.0 ], [ 111.025154114, -6.823954104999929, 0.0 ], [ 111.025100709, -6.82415628399991, 0.0 ] ] ] ] } },
{ "type": "Feature", "properties": { "GID_4": "IDN.10.21.10.15_1", "GID_0": "IDN", "COUNTRY": "Indonesia", "GID_1": "IDN.10_1", "NAME_1": "Jawa Tengah", "GID_2": "IDN.10.21_1", "NAME_2": "Pati", "GID_3": "IDN.10.21.10_1", "NAME_3": "Kayen", "NAME_4": "Sundoluhur", "VARNAME_4": "NA", "TYPE_4": "Desa", "ENGTYPE_4": "Village", "CC_4": "3318020017" }, "geometry": { "type": "MultiPolygon", "coordinates": [ [ [ [ 111.017074585, -6.84395742499987, 0.0 ], [ 111.017158509, -6.844119547999979, 0.0 ], [ 111.017829896, -6.844431876999981, 0.0 ], [ 111.017921448, -6.844623565999941, 0.0 ], [ 111.017829896, -6.84464454699997, 0.0 ], [ 111.018196106, -6.84498882299994, 0.0 ], [ 111.018531799, -6.8457999229999, 0.0 ], [ 111.018974304, -6.84646367999994, 0.0 ], [ 111.018646239, -6.847496032999909, 0.0 ], [ 111.018531799, -6.84801244699992, 0.0 ], [ 111.018280029, -6.84845685799991, 0.0 ], [ 111.018295288, -6.8485503199999, 0.0 ], [ 111.018188477, -6.84901380399998, 0.0 ], [ 111.018089295, -6.850298403999941, 0.0 ], [ 111.016616821, -6.85004043499993, 0.0 ], [ 111.016426087, -6.8512573239999, 0.0 ], [ 111.016021729, -6.851515293999909, 0.0 ], [ 111.015434266, -6.8525476449999, 0.0 ], [ 111.014770507, -6.852584838999971, 0.0 ], [ 111.014656067, -6.852953433999969, 0.0 ], [ 111.01322174, -6.85380125099988, 0.0 ], [ 111.012039184, -6.85361718999985, 0.0 ], [ 111.011894225, -6.854354381999941, 0.0 ], [ 111.011337279, -6.85501813799993, 0.0 ], [ 111.010894776, -6.855866432999959, 0.0 ], [ 111.010490417, -6.85697269499991, 0.0 ], [ 111.010398865, -6.857269763999909, 0.0 ], [ 111.010444642, -6.8573803889999, 0.0 ], [ 111.010398865, -6.85750007699994, 0.0 ], [ 111.010353088, -6.85768031999993, 0.0 ], [ 111.01033783, -6.85836028999989, 0.0 ], [ 111.010261536, -6.85855007099997, 0.0 ], [ 111.010238648, -6.85870027599998, 0.0 ], [ 111.010284425, -6.859040258999931, 0.0 ], [ 111.009483337, -6.85902023299997, 0.0 ], [ 111.008407592, -6.85893011099995, 0.0 ], [ 111.007156373, -6.858870028999889, 0.0 ], [ 111.005668641, -6.85873031699998, 0.0 ], [ 111.004203797, -6.85857009899996, 0.0 ], [ 111.003051758, -6.85838031799994, 0.0 ], [ 111.002037048, -6.858290195999869, 0.0 ], [ 111.001693725, -6.85819005899992, 0.0 ], [ 111.001281738, -6.85811042799992, 0.0 ], [ 111.001205444, -6.85809039999992, 0.0 ], [ 111.000732422, -6.8579902649999, 0.0 ], [ 111.000656128, -6.8579301819999, 0.0 ], [ 111.000503539, -6.85777997999992, 0.0 ], [ 111.000434876, -6.85775041599987, 0.0 ], [ 111.000312805, -6.85772037499987, 0.0 ], [ 111.00000763, -6.85772037499987, 0.0 ], [ 110.999565125, -6.85773038799994, 0.0 ], [ 110.999458313, -6.85775041599987, 0.0 ], [ 110.999214173, -6.857200144999919, 0.0 ], [ 110.999092103, -6.85687017499987, 0.0 ], [ 110.999092103, -6.85642003899994, 0.0 ], [ 110.999305725, -6.8556404119999, 0.0 ], [ 110.999565125, -6.85489034699992, 0.0 ], [ 110.999816894, -6.85405015999987, 0.0 ], [ 111.000015259, -6.85343027099992, 0.0 ], [ 111.000137329, -6.85288, 0.0 ], [ 111.000274658, -6.85159015699998, 0.0 ], [ 111.00036621, -6.85040998499994, 0.0 ], [ 111.000526428, -6.84922027599993, 0.0 ], [ 111.000701903, -6.84822034699988, 0.0 ], [ 111.000862121, -6.847722530999929, 0.0 ], [ 111.00089264, -6.84735345899992, 0.0 ], [ 111.00112152, -6.846713543999899, 0.0 ], [ 111.001174928, -6.846484660999979, 0.0 ], [ 111.001518249, -6.84553670899987, 0.0 ], [ 111.001564026, -6.84541940599996, 0.0 ], [ 111.001739502, -6.84493112499996, 0.0 ], [ 111.002723693, -6.84520530599991, 0.0 ], [ 111.002861022, -6.844702243999961, 0.0 ], [ 111.003158569, -6.84246301699994, 0.0 ], [ 111.003273011, -6.84165286899997, 0.0 ], [ 111.003547669, -6.84157180799991, 0.0 ], [ 111.00416565, -6.84164047099983, 0.0 ], [ 111.00453186, -6.84168577099996, 0.0 ], [ 111.005760193, -6.84150314199991, 0.0 ], [ 111.006103516, -6.84127473899997, 0.0 ], [ 111.006652832, -6.84150314199991, 0.0 ], [ 111.007431031, -6.841457366999979, 0.0 ], [ 111.008895875, -6.841662884999891, 0.0 ], [ 111.009262084, -6.841708659999881, 0.0 ], [ 111.009033203, -6.84239435199993, 0.0 ], [ 111.010543824, -6.842554091999941, 0.0 ], [ 111.011917114, -6.842691420999931, 0.0 ], [ 111.014427184, -6.84330511199988, 0.0 ], [ 111.014793396, -6.84331607699994, 0.0 ], [ 111.016624452, -6.84385156699989, 0.0 ], [ 111.017074585, -6.84395742499987, 0.0 ] ] ] ] } },
{ "type": "Feature", "properties": { "GID_4": "IDN.10.21.10.13_1", "GID_0": "IDN", "COUNTRY": "Indonesia", "GID_1": "IDN.10_1", "NAME_1": "Jawa Tengah", "GID_2": "IDN.10.21_1", "NAME_2": "Pati", "GID_3": "IDN.10.21.10_1", "NAME_3": "Kayen", "NAME_4": "Srikaton", "VARNAME_4": "NA", "TYPE_4": "Desa", "ENGTYPE_4": "Village", "CC_4": "3318020011" }, "geometry": { "type": "MultiPolygon", "coordinates": [ [ [ [ 110.932197571, -6.85885810799988, 0.0 ], [ 110.933326721, -6.85797834399989, 0.0 ], [ 110.937400817, -6.85522317799996, 0.0 ], [ 110.942497253, -6.85281228999997, 0.0 ], [ 110.942604066, -6.85275649999994, 0.0 ], [ 110.945808411, -6.85102129099994, 0.0 ], [ 110.947425842, -6.84990072299991, 0.0 ], [ 110.947875978, -6.84974193599993, 0.0 ], [ 110.948158264, -6.84965658199997, 0.0 ], [ 110.948501587, -6.84955882999998, 0.0 ], [ 110.949142457, -6.84937572399991, 0.0 ], [ 110.949569702, -6.84922933499996, 0.0 ], [ 110.950088501, -6.8490204819999, 0.0 ], [ 110.950317382, -6.84938001599994, 0.0 ], [ 110.950454711, -6.849679945999869, 0.0 ], [ 110.950553893, -6.8499102589999, 0.0 ], [ 110.950683594, -6.85034990199995, 0.0 ], [ 110.950721741, -6.85058021499992, 0.0 ], [ 110.950736999, -6.85110998199997, 0.0 ], [ 110.950714111, -6.851310251999909, 0.0 ], [ 110.950637817, -6.85174989699988, 0.0 ], [ 110.950553893, -6.85208988099987, 0.0 ], [ 110.95048523, -6.852280139999889, 0.0 ], [ 110.950431823, -6.852509974999981, 0.0 ], [ 110.950424195, -6.85272025999996, 0.0 ], [ 110.950424195, -6.85310029999988, 0.0 ], [ 110.950462341, -6.85344028399993, 0.0 ], [ 110.95048523, -6.85425996799989, 0.0 ], [ 110.95048523, -6.85451984499991, 0.0 ], [ 110.950538635, -6.85501003299987, 0.0 ], [ 110.950553893, -6.85516023699989, 0.0 ], [ 110.950561524, -6.855740069999969, 0.0 ], [ 110.950561524, -6.85582017799987, 0.0 ], [ 110.950553893, -6.856110096999941, 0.0 ], [ 110.950454711, -6.85661983499995, 0.0 ], [ 110.950271607, -6.856780052999971, 0.0 ], [ 110.950294494, -6.856969831999951, 0.0 ], [ 110.950347901, -6.85725021299987, 0.0 ], [ 110.950447083, -6.857630252999969, 0.0 ], [ 110.950607301, -6.85813999199996, 0.0 ], [ 110.950836182, -6.85868024699988, 0.0 ], [ 110.951065064, -6.85923004099993, 0.0 ], [ 110.951324462, -6.85974025699994, 0.0 ], [ 110.951545715, -6.86019992799987, 0.0 ], [ 110.951774598, -6.86071014499993, 0.0 ], [ 110.952003479, -6.86126995099994, 0.0 ], [ 110.952087403, -6.86170005799994, 0.0 ], [ 110.952156066, -6.86242008199997, 0.0 ], [ 110.952178955, -6.86314010599995, 0.0 ], [ 110.952194213, -6.863999843999979, 0.0 ], [ 110.952163696, -6.86479997599997, 0.0 ], [ 110.952156066, -6.86540984999993, 0.0 ], [ 110.952102661, -6.86646985999994, 0.0 ], [ 110.952041626, -6.86750030499996, 0.0 ], [ 110.951965332, -6.86877012199994, 0.0 ], [ 110.95186615, -6.86975002299994, 0.0 ], [ 110.951828003, -6.87047004699991, 0.0 ], [ 110.951766968, -6.87140989399995, 0.0 ], [ 110.951766968, -6.87211990399993, 0.0 ], [ 110.951797486, -6.8730902669999, 0.0 ], [ 110.95186615, -6.87441015199994, 0.0 ], [ 110.951934815, -6.87531995699993, 0.0 ], [ 110.951972962, -6.87558984699996, 0.0 ], [ 110.952102661, -6.87628030699994, 0.0 ], [ 110.952186585, -6.87647008799996, 0.0 ], [ 110.95235443, -6.876699923999981, 0.0 ], [ 110.952575683, -6.87692022199997, 0.0 ], [ 110.952865601, -6.8771200189999, 0.0 ], [ 110.953033447, -6.877230166999941, 0.0 ], [ 110.953216553, -6.87734985399993, 0.0 ], [ 110.953483581, -6.87752008499996, 0.0 ], [ 110.953773499, -6.87788009699989, 0.0 ], [ 110.954025268, -6.87802028599998, 0.0 ], [ 110.954193116, -6.87816, 0.0 ], [ 110.95438385, -6.87845992899992, 0.0 ], [ 110.954566956, -6.87905025399994, 0.0 ], [ 110.95463562, -6.879230022999929, 0.0 ], [ 110.954956055, -6.87979030599996, 0.0 ], [ 110.955062867, -6.87994003299991, 0.0 ], [ 110.955322266, -6.880249977999881, 0.0 ], [ 110.955413818, -6.880370140999959, 0.0 ], [ 110.955596924, -6.880640028999889, 0.0 ], [ 110.955696107, -6.88081026099997, 0.0 ], [ 110.955802917, -6.88093995999998, 0.0 ], [ 110.956184387, -6.881350039999969, 0.0 ], [ 110.956436157, -6.88161992999989, 0.0 ], [ 110.956695556, -6.88186025599987, 0.0 ], [ 110.956756592, -6.88190984799991, 0.0 ], [ 110.956993103, -6.88207006299996, 0.0 ], [ 110.957473755, -6.88219022699991, 0.0 ], [ 110.957931519, -6.88226985999995, 0.0 ], [ 110.958091736, -6.88226985999995, 0.0 ], [ 110.958236694, -6.88226985999995, 0.0 ], [ 110.959068297, -6.88224029599996, 0.0 ], [ 110.959197998, -6.882230280999979, 0.0 ], [ 110.959907532, -6.88232993999992, 0.0 ], [ 110.960487366, -6.88244008999993, 0.0 ], [ 110.96056366, -6.88244008999993, 0.0 ], [ 110.96055603, -6.88254022499996, 0.0 ], [ 110.960525513, -6.882669925999889, 0.0 ], [ 110.960838318, -6.88300990999988, 0.0 ], [ 110.960853576, -6.88333988199992, 0.0 ], [ 110.960868836, -6.883970259999959, 0.0 ], [ 110.960914611, -6.884180068999971, 0.0 ], [ 110.961143494, -6.88437986399992, 0.0 ], [ 110.961463927, -6.884620189999959, 0.0 ], [ 110.961708069, -6.88470029899997, 0.0 ], [ 110.961837769, -6.88485002599998, 0.0 ], [ 110.962104797, -6.88510990099991, 0.0 ], [ 110.962257384, -6.88523006399993, 0.0 ], [ 110.962432862, -6.88547992799988, 0.0 ], [ 110.962638855, -6.8857603059999, 0.0 ], [ 110.962722778, -6.88604020999998, 0.0 ], [ 110.962783814, -6.88627004499989, 0.0 ], [ 110.96281433, -6.88660001799991, 0.0 ], [ 110.962852477, -6.88670015299994, 0.0 ], [ 110.962867738, -6.88688993399995, 0.0 ], [ 110.962875366, -6.88702010999998, 0.0 ], [ 110.962867738, -6.88736009599995, 0.0 ], [ 110.962837219, -6.887579918999901, 0.0 ], [ 110.96281433, -6.887760161999889, 0.0 ], [ 110.962776184, -6.888090132999931, 0.0 ], [ 110.962722778, -6.888279913999951, 0.0 ], [ 110.962654113, -6.88843011899991, 0.0 ], [ 110.962554931, -6.888830184999959, 0.0 ], [ 110.962532044, -6.889009952999911, 0.0 ], [ 110.962547303, -6.889220237999951, 0.0 ], [ 110.962638855, -6.88945007399991, 0.0 ], [ 110.962753295, -6.88965988099989, 0.0 ], [ 110.962875366, -6.88980007099985, 0.0 ], [ 110.962951659, -6.88986015299992, 0.0 ], [ 110.96307373, -6.88995027499993, 0.0 ], [ 110.963111877, -6.89002990599994, 0.0 ], [ 110.963157654, -6.890310286999981, 0.0 ], [ 110.963302613, -6.89063024399996, 0.0 ], [ 110.963432312, -6.89081001299991, 0.0 ], [ 110.963676453, -6.8909902559999, 0.0 ], [ 110.963752747, -6.891250132999911, 0.0 ], [ 110.963783263, -6.89142990199997, 0.0 ], [ 110.963768005, -6.891870021999979, 0.0 ], [ 110.963653565, -6.89221000599986, 0.0 ], [ 110.963554382, -6.89243030599994, 0.0 ], [ 110.963218689, -6.892849920999939, 0.0 ], [ 110.962974548, -6.89318990699991, 0.0 ], [ 110.962776184, -6.89348029999996, 0.0 ], [ 110.962623596, -6.89368009499998, 0.0 ], [ 110.962524414, -6.8938403119999, 0.0 ], [ 110.96231842, -6.89415025699998, 0.0 ], [ 110.962158202, -6.89445018799995, 0.0 ], [ 110.96207428, -6.89462995399998, 0.0 ], [ 110.962028503, -6.89490032199996, 0.0 ], [ 110.961898805, -6.89526987099981, 0.0 ], [ 110.961753846, -6.89576005999993, 0.0 ], [ 110.96168518, -6.895930289999909, 0.0 ], [ 110.961563109, -6.89619016699993, 0.0 ], [ 110.961433411, -6.89645004199991, 0.0 ], [ 110.961174011, -6.89629030199995, 0.0 ], [ 110.961006165, -6.89622449899991, 0.0 ], [ 110.959793091, -6.897641182999909, 0.0 ], [ 110.959449768, -6.89970016399991, 0.0 ], [ 110.957962036, -6.90137767799996, 0.0 ], [ 110.957550049, -6.90136241999994, 0.0 ], [ 110.956825257, -6.900881766999869, 0.0 ], [ 110.956100463, -6.8994393349999, 0.0 ], [ 110.955940246, -6.89823770599997, 0.0 ], [ 110.955459595, -6.89743661799992, 0.0 ], [ 110.955139161, -6.89671564199995, 0.0 ], [ 110.955299378, -6.89607429499995, 0.0 ], [ 110.954902649, -6.89487266599997, 0.0 ], [ 110.954177856, -6.89455223099992, 0.0 ], [ 110.953140259, -6.894311903999949, 0.0 ], [ 110.952255248, -6.89395809099989, 0.0 ], [ 110.952499389, -6.89317893899982, 0.0 ], [ 110.951721191, -6.89197778699992, 0.0 ], [ 110.951469421, -6.890776633999911, 0.0 ], [ 110.952400207, -6.88928699399992, 0.0 ], [ 110.952758789, -6.88871812699995, 0.0 ], [ 110.952667237, -6.88708782099997, 0.0 ], [ 110.952072144, -6.88597249899988, 0.0 ], [ 110.950004578, -6.886143683999931, 0.0 ], [ 110.946571349, -6.88682985399993, 0.0 ], [ 110.945114136, -6.887001513999851, 0.0 ], [ 110.944343567, -6.886486529999961, 0.0 ], [ 110.944000244, -6.88588571499997, 0.0 ], [ 110.940826415, -6.88554239299998, 0.0 ], [ 110.938163758, -6.88511276299988, 0.0 ], [ 110.935241698, -6.8845119479999, 0.0 ], [ 110.93447113, -6.884168623999931, 0.0 ], [ 110.93447113, -6.879364490999879, 0.0 ], [ 110.932197571, -6.85885810799988, 0.0 ] ] ] ] } },
{ "type": "Feature", "properties": { "GID_4": "IDN.10.21.15.12_1", "GID_0": "IDN", "COUNTRY": "Indonesia", "GID_1": "IDN.10_1", "NAME_1": "Jawa Tengah", "GID_2": "IDN.10.21_1", "NAME_2": "Pati", "GID_3": "IDN.10.21.15_1", "NAME_3": "Sukolilo", "NAME_4": "Sukolilo", "VARNAME_4": "NA", "TYPE_4": "Desa", "ENGTYPE_4": "Village", "CC_4": "3318010010" }, "geometry": { "type": "MultiPolygon", "coordinates": [ [ [ [ 110.91771698, -6.96613454799996, 0.0 ], [ 110.917549134, -6.96596288699988, 0.0 ], [ 110.917366028, -6.96593475299994, 0.0 ], [ 110.917030335, -6.96597719199997, 0.0 ], [ 110.916252136, -6.96618747699989, 0.0 ], [ 110.916099549, -6.966198442999939, 0.0 ], [ 110.915771484, -6.96594476599995, 0.0 ], [ 110.915664673, -6.96569394999983, 0.0 ], [ 110.915687562, -6.965593336999919, 0.0 ], [ 110.915916443, -6.96530389799989, 0.0 ], [ 110.916030883, -6.96524047799994, 0.0 ], [ 110.916198731, -6.965118406999979, 0.0 ], [ 110.916267394, -6.96488141899994, 0.0 ], [ 110.916183472, -6.96481323299997, 0.0 ], [ 110.91608429, -6.96471595799989, 0.0 ], [ 110.915977478, -6.96458434999994, 0.0 ], [ 110.915924073, -6.96438121799991, 0.0 ], [ 110.91596222, -6.96426105499995, 0.0 ], [ 110.916053772, -6.96394634199993, 0.0 ], [ 110.916053772, -6.963814735999959, 0.0 ], [ 110.916015625, -6.963659763999939, 0.0 ], [ 110.916053772, -6.963400363999939, 0.0 ], [ 110.916145326, -6.96325588199988, 0.0 ], [ 110.916206359, -6.96318340199991, 0.0 ], [ 110.916297913, -6.963109015999979, 0.0 ], [ 110.916526794, -6.96300411299995, 0.0 ], [ 110.916893006, -6.96281528399993, 0.0 ], [ 110.916839599, -6.96274852599993, 0.0 ], [ 110.916694642, -6.96264839199989, 0.0 ], [ 110.916580201, -6.96258640299993, 0.0 ], [ 110.916488647, -6.96256255999998, 0.0 ], [ 110.91632843, -6.9624671929999, 0.0 ], [ 110.916275024, -6.96238565399995, 0.0 ], [ 110.916221619, -6.96215867899997, 0.0 ], [ 110.916091919, -6.961962221999951, 0.0 ], [ 110.916000367, -6.96197461999992, 0.0 ], [ 110.91570282, -6.9620323179999, 0.0 ], [ 110.915596008, -6.9619560239999, 0.0 ], [ 110.915557861, -6.96186208699993, 0.0 ], [ 110.91558838, -6.961688518999951, 0.0 ], [ 110.915405274, -6.96162176099995, 0.0 ], [ 110.915092469, -6.96158838199995, 0.0 ], [ 110.914848328, -6.961630820999969, 0.0 ], [ 110.914604186, -6.961797713999941, 0.0 ], [ 110.914375305, -6.962038039999921, 0.0 ], [ 110.914131164, -6.96238040899993, 0.0 ], [ 110.914024354, -6.96265029899996, 0.0 ], [ 110.913948058, -6.96288156499992, 0.0 ], [ 110.913887025, -6.96326875599988, 0.0 ], [ 110.913894653, -6.96345424699996, 0.0 ], [ 110.913894653, -6.96370649399995, 0.0 ], [ 110.913909911, -6.96393585199985, 0.0 ], [ 110.913902283, -6.96416568799992, 0.0 ], [ 110.913887025, -6.96443462299982, 0.0 ], [ 110.913841248, -6.964920520999951, 0.0 ], [ 110.913780213, -6.96518325799985, 0.0 ], [ 110.913703919, -6.96552944199988, 0.0 ], [ 110.913597107, -6.96582507999995, 0.0 ], [ 110.913536071, -6.96607684999998, 0.0 ], [ 110.913452147, -6.96607589699988, 0.0 ], [ 110.913124084, -6.96613550199993, 0.0 ], [ 110.912834168, -6.96615409799989, 0.0 ], [ 110.912620543, -6.96615839099996, 0.0 ], [ 110.912422179, -6.96611690399993, 0.0 ], [ 110.912109374, -6.96595573399998, 0.0 ], [ 110.91192627, -6.96584987599994, 0.0 ], [ 110.911766053, -6.96577453599991, 0.0 ], [ 110.91127777, -6.965617179999979, 0.0 ], [ 110.910942077, -6.965435504999961, 0.0 ], [ 110.910560607, -6.96513318999996, 0.0 ], [ 110.910102845, -6.964734076999891, 0.0 ], [ 110.909378051, -6.96450376599995, 0.0 ], [ 110.908859252, -6.964383124999931, 0.0 ], [ 110.908226013, -6.96386289599985, 0.0 ], [ 110.907974243, -6.96348762599996, 0.0 ], [ 110.907653808, -6.96267747799993, 0.0 ], [ 110.907341003, -6.96206045099984, 0.0 ], [ 110.907066345, -6.96110439199998, 0.0 ], [ 110.906784057, -6.960330485999979, 0.0 ], [ 110.90663147, -6.960042476999939, 0.0 ], [ 110.906555176, -6.959701537999879, 0.0 ], [ 110.906311035, -6.95927476899993, 0.0 ], [ 110.906135559, -6.95893430699982, 0.0 ], [ 110.905982972, -6.95825433799996, 0.0 ], [ 110.906311035, -6.95801162699996, 0.0 ], [ 110.906768799, -6.95771646499998, 0.0 ], [ 110.907051087, -6.95732259699997, 0.0 ], [ 110.90737915, -6.95691251799997, 0.0 ], [ 110.907608033, -6.95655155099985, 0.0 ], [ 110.907836914, -6.95633840599987, 0.0 ], [ 110.908164977, -6.95604324199996, 0.0 ], [ 110.908416749, -6.95578050499989, 0.0 ], [ 110.908874512, -6.95543622899993, 0.0 ], [ 110.909317016, -6.95504236299996, 0.0 ], [ 110.909446717, -6.9546651849999, 0.0 ], [ 110.909812927, -6.954419135999961, 0.0 ], [ 110.910438538, -6.95358276399998, 0.0 ], [ 110.91053772, -6.95347118399997, 0.0 ], [ 110.910705566, -6.95324707099996, 0.0 ], [ 110.910919189, -6.952849386999961, 0.0 ], [ 110.911018371, -6.95253801299992, 0.0 ], [ 110.911064148, -6.95238876299993, 0.0 ], [ 110.911193849, -6.95210265999998, 0.0 ], [ 110.911369324, -6.95193481399997, 0.0 ], [ 110.911605836, -6.95161771699998, 0.0 ], [ 110.911705018, -6.95135021199997, 0.0 ], [ 110.911743165, -6.95113277399992, 0.0 ], [ 110.911949157, -6.95088386499992, 0.0 ], [ 110.912132263, -6.95079040599995, 0.0 ], [ 110.912261964, -6.95062255799991, 0.0 ], [ 110.91229248, -6.95039892199998, 0.0 ], [ 110.912368774, -6.95023727499989, 0.0 ], [ 110.912574768, -6.95011281899991, 0.0 ], [ 110.912620543, -6.9499645219999, 0.0 ], [ 110.912963867, -6.94981956499993, 0.0 ], [ 110.913139343, -6.949463365999919, 0.0 ], [ 110.913230897, -6.94901895499993, 0.0 ], [ 110.913146973, -6.948600767999949, 0.0 ], [ 110.913085938, -6.94830703699989, 0.0 ], [ 110.912757874, -6.94741725799997, 0.0 ], [ 110.91266632, -6.94664573699993, 0.0 ], [ 110.912521361, -6.94578599899995, 0.0 ], [ 110.912254334, -6.94495534999987, 0.0 ], [ 110.912399293, -6.94442128999998, 0.0 ], [ 110.912872315, -6.944391725999939, 0.0 ], [ 110.913154603, -6.94471359099992, 0.0 ], [ 110.913246155, -6.94475412299994, 0.0 ], [ 110.913398742, -6.944806097999959, 0.0 ], [ 110.913528443, -6.94481134299997, 0.0 ], [ 110.91368103, -6.944738864999979, 0.0 ], [ 110.913719177, -6.94458436999997, 0.0 ], [ 110.913749694, -6.94450664399994, 0.0 ], [ 110.913803101, -6.94438838899993, 0.0 ], [ 110.913856506, -6.94429016099997, 0.0 ], [ 110.913879395, -6.944176673999951, 0.0 ], [ 110.913894653, -6.944063185999941, 0.0 ], [ 110.913955688, -6.943898200999971, 0.0 ], [ 110.914001465, -6.94368696299989, 0.0 ], [ 110.914070129, -6.943449496999961, 0.0 ], [ 110.914138794, -6.94326782099995, 0.0 ], [ 110.914215088, -6.94314670499995, 0.0 ], [ 110.914230346, -6.942929267999939, 0.0 ], [ 110.914230346, -6.94278001799989, 0.0 ], [ 110.914237976, -6.942568302999969, 0.0 ], [ 110.914268493, -6.9423880569999, 0.0 ], [ 110.914230346, -6.94223260799993, 0.0 ], [ 110.914100647, -6.94221401199997, 0.0 ], [ 110.913848876, -6.94217634199987, 0.0 ], [ 110.913604737, -6.94215154599988, 0.0 ], [ 110.913482666, -6.94211435199998, 0.0 ], [ 110.913398742, -6.942008494999931, 0.0 ], [ 110.913284302, -6.94197130199996, 0.0 ], [ 110.913162231, -6.94194602899984, 0.0 ], [ 110.912986755, -6.94185590699993, 0.0 ], [ 110.91292572, -6.94171619299993, 0.0 ], [ 110.912826538, -6.94160604499996, 0.0 ], [ 110.912849426, -6.94141101899987, 0.0 ], [ 110.91291809, -6.94095086999994, 0.0 ], [ 110.912963867, -6.94072723399995, 0.0 ], [ 110.912986755, -6.94053411499988, 0.0 ], [ 110.912979125, -6.940341471999939, 0.0 ], [ 110.912971497, -6.9402542119999, 0.0 ], [ 110.912979125, -6.93978786499997, 0.0 ], [ 110.913101196, -6.93978786499997, 0.0 ], [ 110.913368226, -6.939806460999929, 0.0 ], [ 110.913383484, -6.939595221999921, 0.0 ], [ 110.913406372, -6.93912219899994, 0.0 ], [ 110.913429261, -6.93867444999995, 0.0 ], [ 110.913421631, -6.93803834799996, 0.0 ], [ 110.913436889, -6.93794631899993, 0.0 ], [ 110.913444519, -6.937868117999929, 0.0 ], [ 110.913459778, -6.93776273799983, 0.0 ], [ 110.913482666, -6.93763923699993, 0.0 ], [ 110.913581848, -6.936367511999949, 0.0 ], [ 110.913803101, -6.93522977899994, 0.0 ], [ 110.913650512, -6.93418454999988, 0.0 ], [ 110.913215636, -6.93332385999997, 0.0 ], [ 110.912788391, -6.93215513299992, 0.0 ], [ 110.912475586, -6.931232928999919, 0.0 ], [ 110.912078858, -6.9303107259999, 0.0 ], [ 110.911521912, -6.92960309999989, 0.0 ], [ 110.911445618, -6.92904996899995, 0.0 ], [ 110.910804748, -6.92898845699995, 0.0 ], [ 110.910430908, -6.92895746299996, 0.0 ], [ 110.910217286, -6.928557871999939, 0.0 ], [ 110.910400391, -6.92825031199988, 0.0 ], [ 110.910652161, -6.92788123999998, 0.0 ], [ 110.910682678, -6.92769718099993, 0.0 ], [ 110.910491943, -6.92760467499994, 0.0 ], [ 110.910247802, -6.92772769999988, 0.0 ], [ 110.910064698, -6.92788123999998, 0.0 ], [ 110.909851074, -6.927789210999889, 0.0 ], [ 110.909698486, -6.92738914399996, 0.0 ], [ 110.909820557, -6.92689752599995, 0.0 ], [ 110.910064698, -6.92640542999982, 0.0 ], [ 110.91052246, -6.92569875699996, 0.0 ], [ 110.910591126, -6.92555761299991, 0.0 ], [ 110.910629272, -6.925466058999969, 0.0 ], [ 110.910652161, -6.925367831999949, 0.0 ], [ 110.910957336, -6.92517614299987, 0.0 ], [ 110.911216735, -6.92513370599994, 0.0 ], [ 110.911308289, -6.925117969999971, 0.0 ], [ 110.911834716, -6.925137518999971, 0.0 ], [ 110.912109374, -6.92523479399995, 0.0 ], [ 110.912902832, -6.92550706899993, 0.0 ], [ 110.913352965, -6.92550706899993, 0.0 ], [ 110.913368226, -6.925137995999931, 0.0 ], [ 110.913543701, -6.92484664999989, 0.0 ], [ 110.913978577, -6.92478799799994, 0.0 ], [ 110.914382934, -6.924788474999961, 0.0 ], [ 110.914924621, -6.92490482299991, 0.0 ], [ 110.915237426, -6.924593925999939, 0.0 ], [ 110.914497376, -6.923291681999961, 0.0 ], [ 110.914810181, -6.92301988499992, 0.0 ], [ 110.914970398, -6.92187309299987, 0.0 ], [ 110.919807435, -6.921971320999941, 0.0 ], [ 110.92012024, -6.92277049999996, 0.0 ], [ 110.920448303, -6.92362308499997, 0.0 ], [ 110.921539306, -6.92368173599988, 0.0 ], [ 110.921257018, -6.922724722999929, 0.0 ], [ 110.921012879, -6.92189359699989, 0.0 ], [ 110.921577453, -6.92179679799995, 0.0 ], [ 110.922042847, -6.92171907399995, 0.0 ], [ 110.922882079, -6.92171907399995, 0.0 ], [ 110.923171998, -6.92175817499998, 0.0 ], [ 110.923408509, -6.92164134999996, 0.0 ], [ 110.923423767, -6.92136955199987, 0.0 ], [ 110.923233033, -6.92111682799992, 0.0 ], [ 110.922279358, -6.92018365899997, 0.0 ], [ 110.922309875, -6.91989231099996, 0.0 ], [ 110.922462464, -6.91973686099988, 0.0 ], [ 110.922760011, -6.919639585999899, 0.0 ], [ 110.923492432, -6.91958141299989, 0.0 ], [ 110.924255371, -6.91967868799998, 0.0 ], [ 110.924980163, -6.91974020099997, 0.0 ], [ 110.925674438, -6.92053413299993, 0.0 ], [ 110.925987244, -6.921214579999911, 0.0 ], [ 110.92604065, -6.92183637599993, 0.0 ], [ 110.926177979, -6.92311906699996, 0.0 ], [ 110.926216125, -6.92389631299994, 0.0 ], [ 110.926292419, -6.92424631199998, 0.0 ], [ 110.928245545, -6.92410468999998, 0.0 ], [ 110.92956543, -6.92400836899998, 0.0 ], [ 110.929740906, -6.92397594399995, 0.0 ], [ 110.929885865, -6.925218581999961, 0.0 ], [ 110.929641723, -6.92595672499988, 0.0 ], [ 110.929779052, -6.92628717499997, 0.0 ], [ 110.929779052, -6.926539896999939, 0.0 ], [ 110.929618835, -6.92683124599995, 0.0 ], [ 110.929214478, -6.927044867999939, 0.0 ], [ 110.928840638, -6.927200317999959, 0.0 ], [ 110.928649902, -6.92731189799986, 0.0 ], [ 110.928649902, -6.92742443099991, 0.0 ], [ 110.928352356, -6.927705763999939, 0.0 ], [ 110.927886963, -6.92807483599989, 0.0 ], [ 110.927093506, -6.92877435699995, 0.0 ], [ 110.926429748, -6.9292211529999, 0.0 ], [ 110.925376891, -6.929882048999961, 0.0 ], [ 110.924797059, -6.930348395999939, 0.0 ], [ 110.924446105, -6.93100881599992, 0.0 ], [ 110.923866273, -6.93153333599997, 0.0 ], [ 110.92376709, -6.93176650999993, 0.0 ], [ 110.923782349, -6.932136058999961, 0.0 ], [ 110.923980713, -6.93233013099984, 0.0 ], [ 110.924156189, -6.932369232999971, 0.0 ], [ 110.924468994, -6.93244695599998, 0.0 ], [ 110.924934388, -6.93262195499983, 0.0 ], [ 110.925186157, -6.932757853999871, 0.0 ], [ 110.925376891, -6.93303012899992, 0.0 ], [ 110.925765992, -6.93322467799987, 0.0 ], [ 110.926116943, -6.93332195199991, 0.0 ], [ 110.926429748, -6.93357467699997, 0.0 ], [ 110.926666259, -6.93378829899996, 0.0 ], [ 110.927009583, -6.93415784899997, 0.0 ], [ 110.92728424, -6.93439102199994, 0.0 ], [ 110.927673339, -6.93464374399997, 0.0 ], [ 110.927871703, -6.93468236899997, 0.0 ], [ 110.92817688, -6.93464374399997, 0.0 ], [ 110.928474426, -6.93452692099987, 0.0 ], [ 110.928688049, -6.934177397999919, 0.0 ], [ 110.928627013, -6.93376922599998, 0.0 ], [ 110.928619385, -6.933639526999911, 0.0 ], [ 110.928146363, -6.933169364999909, 0.0 ], [ 110.927619934, -6.932565688999939, 0.0 ], [ 110.927261352, -6.93203258499989, 0.0 ], [ 110.927116395, -6.93142890899998, 0.0 ], [ 110.927192688, -6.931038379999961, 0.0 ], [ 110.927688599, -6.93075466199997, 0.0 ], [ 110.928543092, -6.93075466199997, 0.0 ], [ 110.929000854, -6.931074141999941, 0.0 ], [ 110.929359435, -6.93146514799997, 0.0 ], [ 110.929496764, -6.931784629999981, 0.0 ], [ 110.929786683, -6.93213987399997, 0.0 ], [ 110.930137634, -6.932459353999949, 0.0 ], [ 110.930282593, -6.93258571499996, 0.0 ], [ 110.930709838, -6.932956694999969, 0.0 ], [ 110.93095398, -6.93331193899996, 0.0 ], [ 110.931564331, -6.93373823199988, 0.0 ], [ 110.932090758, -6.93405771199997, 0.0 ], [ 110.932594299, -6.934661387999881, 0.0 ], [ 110.933120727, -6.93537187599998, 0.0 ], [ 110.933212281, -6.935488700999879, 0.0 ], [ 110.933654786, -6.93608188699994, 0.0 ], [ 110.934150695, -6.93693447099997, 0.0 ], [ 110.934722901, -6.938354967999889, 0.0 ], [ 110.935188293, -6.93956231999994, 0.0 ], [ 110.935363769, -6.9402370439999, 0.0 ], [ 110.935714723, -6.94073438699996, 0.0 ], [ 110.936111449, -6.941231727999879, 0.0 ], [ 110.936424256, -6.941547392999889, 0.0 ], [ 110.936714172, -6.9418354039999, 0.0 ], [ 110.936744691, -6.94229698099991, 0.0 ], [ 110.936569213, -6.9427585599999, 0.0 ], [ 110.93624878, -6.94311380399989, 0.0 ], [ 110.93560791, -6.9435043339999, 0.0 ], [ 110.934898377, -6.94361066699997, 0.0 ], [ 110.934623719, -6.9435935009999, 0.0 ], [ 110.934631347, -6.9437685019999, 0.0 ], [ 110.934722901, -6.94487905399995, 0.0 ], [ 110.934677124, -6.94557332899996, 0.0 ], [ 110.934494018, -6.9462676039999, 0.0 ], [ 110.934310912, -6.947378157999941, 0.0 ], [ 110.934173583, -6.94858121799996, 0.0 ], [ 110.933151245, -6.94904375099992, 0.0 ], [ 110.932319641, -6.94899749699994, 0.0 ], [ 110.931251526, -6.94881200799995, 0.0 ], [ 110.930603028, -6.94881200799995, 0.0 ], [ 110.930091857, -6.948950766999871, 0.0 ], [ 110.929534913, -6.94959878999992, 0.0 ], [ 110.929725647, -6.95015382799994, 0.0 ], [ 110.929954528, -6.95066308999998, 0.0 ], [ 110.929214478, -6.950755596999901, 0.0 ], [ 110.928565978, -6.95089435599994, 0.0 ], [ 110.928009034, -6.95084762599987, 0.0 ], [ 110.927452088, -6.95084762599987, 0.0 ], [ 110.92717743, -6.95103263699991, 0.0 ], [ 110.926483155, -6.951310157999959, 0.0 ], [ 110.92578888, -6.951819418999889, 0.0 ], [ 110.925003051, -6.951865195999971, 0.0 ], [ 110.924209594, -6.95140266399989, 0.0 ], [ 110.923843384, -6.950615882999949, 0.0 ], [ 110.923797607, -6.95011806399998, 0.0 ], [ 110.923553466, -6.950190542999959, 0.0 ], [ 110.923240661, -6.95016479399993, 0.0 ], [ 110.92300415, -6.95002555799988, 0.0 ], [ 110.922531128, -6.949835300999949, 0.0 ], [ 110.922218323, -6.94999647099996, 0.0 ], [ 110.922012328, -6.94982862399996, 0.0 ], [ 110.921768189, -6.94976377499989, 0.0 ], [ 110.921585083, -6.94976377499989, 0.0 ], [ 110.921546936, -6.949867247999921, 0.0 ], [ 110.921684265, -6.95030975299994, 0.0 ], [ 110.921821594, -6.95039701499996, 0.0 ], [ 110.922012328, -6.950551986999929, 0.0 ], [ 110.922042847, -6.950681208999981, 0.0 ], [ 110.922042847, -6.95081043199991, 0.0 ], [ 110.922042847, -6.95101690199994, 0.0 ], [ 110.922050475, -6.951198099999939, 0.0 ], [ 110.92237854, -6.95149517099998, 0.0 ], [ 110.922554016, -6.951535700999951, 0.0 ], [ 110.922714234, -6.95172786699987, 0.0 ], [ 110.922760011, -6.9519343369999, 0.0 ], [ 110.922760011, -6.952076433999929, 0.0 ], [ 110.922729492, -6.95218181599995, 0.0 ], [ 110.922676087, -6.95238685599998, 0.0 ], [ 110.922477723, -6.952683924999921, 0.0 ], [ 110.922180176, -6.95298099599989, 0.0 ], [ 110.921867371, -6.953238962999929, 0.0 ], [ 110.921699524, -6.953342437999881, 0.0 ], [ 110.921417236, -6.95353603399991, 0.0 ], [ 110.921310425, -6.95357751899996, 0.0 ], [ 110.921188355, -6.95378160399997, 0.0 ], [ 110.920692444, -6.95415639899988, 0.0 ], [ 110.920341492, -6.95427608399996, 0.0 ], [ 110.920219422, -6.95440387799994, 0.0 ], [ 110.919960022, -6.954669474999891, 0.0 ], [ 110.919685364, -6.95490264899991, 0.0 ], [ 110.919578552, -6.9558954229999, 0.0 ], [ 110.919311524, -6.956587314999981, 0.0 ], [ 110.91847992, -6.95870065699995, 0.0 ], [ 110.91847992, -6.959659575999981, 0.0 ], [ 110.918510437, -6.9600143429999, 0.0 ], [ 110.919044494, -6.960156916999889, 0.0 ], [ 110.91986084, -6.96012115499997, 0.0 ], [ 110.920326232, -6.960299013999931, 0.0 ], [ 110.92050171, -6.96068954499992, 0.0 ], [ 110.920539857, -6.96100902499995, 0.0 ], [ 110.920471191, -6.961364268999941, 0.0 ], [ 110.920112609, -6.961754798999949, 0.0 ], [ 110.919723511, -6.96207427999991, 0.0 ], [ 110.919334413, -6.9625358589999, 0.0 ], [ 110.919685364, -6.9631400099999, 0.0 ], [ 110.91986084, -6.963707923999891, 0.0 ], [ 110.919830321, -6.96445369599996, 0.0 ], [ 110.919578552, -6.96498632399988, 0.0 ], [ 110.919044494, -6.96562528599992, 0.0 ], [ 110.918510437, -6.96587419499991, 0.0 ], [ 110.918083192, -6.96605157799991, 0.0 ], [ 110.91771698, -6.96613454799996, 0.0 ] ] ] ] } },
{ "type": "Feature", "properties": { "GID_4": "IDN.10.21.10.16_1", "GID_0": "IDN", "COUNTRY": "Indonesia", "GID_1": "IDN.10_1", "NAME_1": "Jawa Tengah", "GID_2": "IDN.10.21_1", "NAME_2": "Pati", "GID_3": "IDN.10.21.10_1", "NAME_3": "Kayen", "NAME_4": "Talun", "VARNAME_4": "NA", "TYPE_4": "Desa", "ENGTYPE_4": "Village", "CC_4": "3318020015" }, "geometry": { "type": "MultiPolygon", "coordinates": [ [ [ [ 110.95500946, -6.8471665379999, 0.0 ], [ 110.955703735, -6.846873758999951, 0.0 ], [ 110.956314086, -6.84664154099988, 0.0 ], [ 110.956802368, -6.84644651399992, 0.0 ], [ 110.957481385, -6.84616565599987, 0.0 ], [ 110.958076478, -6.845909595999899, 0.0 ], [ 110.958625794, -6.84567737499998, 0.0 ], [ 110.959213257, -6.845421313999909, 0.0 ], [ 110.959739686, -6.845238207999959, 0.0 ], [ 110.960281372, -6.84501838699993, 0.0 ], [ 110.96068573, -6.844871997999971, 0.0 ], [ 110.961059571, -6.8447499269999, 0.0 ], [ 110.961540223, -6.84459113999998, 0.0 ], [ 110.962158202, -6.844269751999949, 0.0 ], [ 110.962493896, -6.844029425999961, 0.0 ], [ 110.963127137, -6.84359025999993, 0.0 ], [ 110.963699342, -6.84319925199992, 0.0 ], [ 110.96420288, -6.84274768799997, 0.0 ], [ 110.964691163, -6.842296123999969, 0.0 ], [ 110.965110778, -6.84197854999991, 0.0 ], [ 110.9655838, -6.841660976999951, 0.0 ], [ 110.966194153, -6.841209410999971, 0.0 ], [ 110.966957092, -6.840623378999959, 0.0 ], [ 110.967666625, -6.84009838099996, 0.0 ], [ 110.968261718, -6.839671133999961, 0.0 ], [ 110.968925477, -6.83915853499991, 0.0 ], [ 110.969291686, -6.83884763799995, 0.0 ], [ 110.970252991, -6.83807325399982, 0.0 ], [ 110.970344543, -6.83799886599996, 0.0 ], [ 110.970870973, -6.83758354099996, 0.0 ], [ 110.971824645, -6.83685111899996, 0.0 ], [ 110.972351075, -6.8364362719999, 0.0 ], [ 110.972457885, -6.836345195999911, 0.0 ], [ 110.972732545, -6.836167811999929, 0.0 ], [ 110.973266602, -6.83580207799992, 0.0 ], [ 110.973487853, -6.83561897199996, 0.0 ], [ 110.97353363, -6.835838316999911, 0.0 ], [ 110.97379303, -6.83635091799994, 0.0 ], [ 110.974075318, -6.83647298899984, 0.0 ], [ 110.97529602, -6.83687543799994, 0.0 ], [ 110.976112366, -6.83730268499994, 0.0 ], [ 110.977149964, -6.83793687799988, 0.0 ], [ 110.978469849, -6.83890056499996, 0.0 ], [ 110.979736328, -6.83985233299995, 0.0 ], [ 110.981948852, -6.84154796699988, 0.0 ], [ 110.982147216, -6.8416824329999, 0.0 ], [ 110.982284545, -6.84282874999991, 0.0 ], [ 110.982330322, -6.84318256299997, 0.0 ], [ 110.982360839, -6.84337186699992, 0.0 ], [ 110.982376099, -6.843530176999929, 0.0 ], [ 110.982376099, -6.84364032699995, 0.0 ], [ 110.982368469, -6.84375, 0.0 ], [ 110.982513428, -6.8443002709999, 0.0 ], [ 110.982543945, -6.84463024099995, 0.0 ], [ 110.982505798, -6.84496021199988, 0.0 ], [ 110.98248291, -6.84508037499995, 0.0 ], [ 110.982337952, -6.84557008799987, 0.0 ], [ 110.982162475, -6.84604024999987, 0.0 ], [ 110.982063293, -6.84644031599987, 0.0 ], [ 110.982078553, -6.84658002799995, 0.0 ], [ 110.982177735, -6.846730231999971, 0.0 ], [ 110.982124328, -6.84699010899988, 0.0 ], [ 110.982086181, -6.847080230999949, 0.0 ], [ 110.981986999, -6.84751033899994, 0.0 ], [ 110.981971741, -6.84771013299996, 0.0 ], [ 110.981925964, -6.84834003499992, 0.0 ], [ 110.981956482, -6.84877014099982, 0.0 ], [ 110.981986999, -6.8490600589999, 0.0 ], [ 110.981986999, -6.84921026099988, 0.0 ], [ 110.982032776, -6.849570274999961, 0.0 ], [ 110.982093811, -6.84977006899993, 0.0 ], [ 110.982124328, -6.84986019099995, 0.0 ], [ 110.982322692, -6.8503899559999, 0.0 ], [ 110.982414246, -6.850690364999879, 0.0 ], [ 110.982574464, -6.850980280999979, 0.0 ], [ 110.98261261, -6.85113000799993, 0.0 ], [ 110.982704162, -6.85154008799992, 0.0 ], [ 110.982894897, -6.85177993699989, 0.0 ], [ 110.983314514, -6.8518500319999, 0.0 ], [ 110.983833313, -6.85193014099997, 0.0 ], [ 110.98462677, -6.85204029099992, 0.0 ], [ 110.985313415, -6.85218000499987, 0.0 ], [ 110.985618591, -6.85223007199994, 0.0 ], [ 110.985908508, -6.8522901529999, 0.0 ], [ 110.986206054, -6.8523502349999, 0.0 ], [ 110.986175537, -6.852540016999969, 0.0 ], [ 110.986152649, -6.85269021899995, 0.0 ], [ 110.986358643, -6.85334014899991, 0.0 ], [ 110.986541747, -6.85372018699991, 0.0 ], [ 110.986808777, -6.854020118999871, 0.0 ], [ 110.987197876, -6.85427999399997, 0.0 ], [ 110.987922669, -6.85462999299989, 0.0 ], [ 110.988723754, -6.85496997799987, 0.0 ], [ 110.988952637, -6.85516023699989, 0.0 ], [ 110.989105225, -6.85543012499994, 0.0 ], [ 110.989204407, -6.85592031499988, 0.0 ], [ 110.989227295, -6.85605001399995, 0.0 ], [ 110.989326478, -6.856480121999941, 0.0 ], [ 110.989257812, -6.856980322999961, 0.0 ], [ 110.989204407, -6.85726022799992, 0.0 ], [ 110.989082336, -6.85803031899997, 0.0 ], [ 110.989044189, -6.85828018099994, 0.0 ], [ 110.988952637, -6.85848999099989, 0.0 ], [ 110.988876342, -6.85860013899992, 0.0 ], [ 110.988739013, -6.85872030199994, 0.0 ], [ 110.988655091, -6.85875034299994, 0.0 ], [ 110.988395691, -6.85886001599994, 0.0 ], [ 110.98841858, -6.85900020499997, 0.0 ], [ 110.988433838, -6.85920000099992, 0.0 ], [ 110.988502502, -6.859580038999921, 0.0 ], [ 110.988548279, -6.8597903239999, 0.0 ], [ 110.988563537, -6.859910011999939, 0.0 ], [ 110.988456727, -6.85982036599989, 0.0 ], [ 110.988311768, -6.8597903239999, 0.0 ], [ 110.988334656, -6.86023998299993, 0.0 ], [ 110.987998963, -6.86029004999995, 0.0 ], [ 110.988044738, -6.860740183999889, 0.0 ], [ 110.988052368, -6.861090182999931, 0.0 ], [ 110.988021851, -6.86155033199998, 0.0 ], [ 110.987998963, -6.86208009699993, 0.0 ], [ 110.987945556, -6.86260032599989, 0.0 ], [ 110.987838745, -6.862990378999941, 0.0 ], [ 110.987792968, -6.863480091999919, 0.0 ], [ 110.987686158, -6.86395025199994, 0.0 ], [ 110.987686158, -6.86436843899997, 0.0 ], [ 110.987617493, -6.86442995099992, 0.0 ], [ 110.987373351, -6.86433029199992, 0.0 ], [ 110.9871521, -6.864280223999969, 0.0 ], [ 110.986984253, -6.86427020899993, 0.0 ], [ 110.986946106, -6.86459016699996, 0.0 ], [ 110.986923218, -6.864890097999881, 0.0 ], [ 110.986953736, -6.865100382999969, 0.0 ], [ 110.98713684, -6.86527013799997, 0.0 ], [ 110.987304688, -6.86520004299996, 0.0 ], [ 110.987373351, -6.86526012299987, 0.0 ], [ 110.987586976, -6.8655300129999, 0.0 ], [ 110.987625123, -6.86561012199996, 0.0 ], [ 110.987731933, -6.86591005299994, 0.0 ], [ 110.987792968, -6.86617994299996, 0.0 ], [ 110.987846374, -6.86643028299994, 0.0 ], [ 110.987876892, -6.866539954999889, 0.0 ], [ 110.987709045, -6.866539954999889, 0.0 ], [ 110.987693786, -6.86677026599995, 0.0 ], [ 110.987678528, -6.86689996699994, 0.0 ], [ 110.987655639, -6.86706018499996, 0.0 ], [ 110.987625123, -6.86718034799992, 0.0 ], [ 110.987548829, -6.867480276999971, 0.0 ], [ 110.987487794, -6.86782026299994, 0.0 ], [ 110.987487794, -6.86798000299996, 0.0 ], [ 110.987754822, -6.86837005599995, 0.0 ], [ 110.987876892, -6.86871003999994, 0.0 ], [ 110.987861634, -6.869120120999921, 0.0 ], [ 110.98778534, -6.86948013299997, 0.0 ], [ 110.987586976, -6.870010375999869, 0.0 ], [ 110.987037658, -6.869810103999951, 0.0 ], [ 110.986465454, -6.8696703899999, 0.0 ], [ 110.985595703, -6.869540213999869, 0.0 ], [ 110.984786987, -6.86944007899996, 0.0 ], [ 110.984588623, -6.8694000239999, 0.0 ], [ 110.983436584, -6.86935996999989, 0.0 ], [ 110.982337952, -6.86930036499996, 0.0 ], [ 110.981346131, -6.86925029699995, 0.0 ], [ 110.980964661, -6.86919021499989, 0.0 ], [ 110.980873109, -6.86917018899993, 0.0 ], [ 110.980773927, -6.86914014699994, 0.0 ], [ 110.980285644, -6.869040012999961, 0.0 ], [ 110.97983551, -6.86891031199991, 0.0 ], [ 110.979278564, -6.86862993299997, 0.0 ], [ 110.978904724, -6.8683500279999, 0.0 ], [ 110.978752137, -6.86799001599996, 0.0 ], [ 110.978721618, -6.86758994999991, 0.0 ], [ 110.978668213, -6.867030142999971, 0.0 ], [ 110.978492737, -6.86649036299997, 0.0 ], [ 110.978187561, -6.86591005299994, 0.0 ], [ 110.977737427, -6.86522006899992, 0.0 ], [ 110.977294921, -6.86459016699996, 0.0 ], [ 110.977043152, -6.86427020899993, 0.0 ], [ 110.976554871, -6.863790033999919, 0.0 ], [ 110.976165771, -6.863699911999901, 0.0 ], [ 110.975524903, -6.86353015899982, 0.0 ], [ 110.974952697, -6.86338996799992, 0.0 ], [ 110.974693299, -6.86332034999998, 0.0 ], [ 110.974494935, -6.86325025599984, 0.0 ], [ 110.9739151, -6.86310005199994, 0.0 ], [ 110.973434448, -6.86291026999993, 0.0 ], [ 110.973281861, -6.862860202999969, 0.0 ], [ 110.973083496, -6.86273002699994, 0.0 ], [ 110.972991942, -6.86266994399995, 0.0 ], [ 110.972885132, -6.86260032599989, 0.0 ], [ 110.972557067, -6.86237001499995, 0.0 ], [ 110.972534181, -6.86227989099996, 0.0 ], [ 110.972434998, -6.86218023299995, 0.0 ], [ 110.972076417, -6.86182022199989, 0.0 ], [ 110.971855164, -6.86159992199987, 0.0 ], [ 110.97177887, -6.86152028999987, 0.0 ], [ 110.9713974, -6.86117029099995, 0.0 ], [ 110.971153259, -6.860960006999959, 0.0 ], [ 110.970832824, -6.86071014499993, 0.0 ], [ 110.970466614, -6.86043023899992, 0.0 ], [ 110.969963073, -6.86022996999998, 0.0 ], [ 110.969535828, -6.860030172999929, 0.0 ], [ 110.969047547, -6.85980987499994, 0.0 ], [ 110.968841553, -6.85976028499994, 0.0 ], [ 110.96862793, -6.859720230999871, 0.0 ], [ 110.968315125, -6.859660147999881, 0.0 ], [ 110.967765807, -6.85951995899984, 0.0 ], [ 110.967636109, -6.85947990499989, 0.0 ], [ 110.967094421, -6.85930013599994, 0.0 ], [ 110.966552735, -6.859220027999979, 0.0 ], [ 110.966308594, -6.85920000099992, 0.0 ], [ 110.9662323, -6.85920000099992, 0.0 ], [ 110.965454101, -6.85908031399987, 0.0 ], [ 110.964675903, -6.858900069999949, 0.0 ], [ 110.964332581, -6.85882997399995, 0.0 ], [ 110.963981628, -6.858769893999859, 0.0 ], [ 110.963302613, -6.858650207999971, 0.0 ], [ 110.962478637, -6.858479975999961, 0.0 ], [ 110.962303161, -6.85845994899995, 0.0 ], [ 110.962127686, -6.85842990799995, 0.0 ], [ 110.961814881, -6.858370302999901, 0.0 ], [ 110.961341859, -6.85833025099981, 0.0 ], [ 110.960868836, -6.85823011399998, 0.0 ], [ 110.960746766, -6.858180045999971, 0.0 ], [ 110.960632323, -6.858129978999949, 0.0 ], [ 110.960464478, -6.858129978999949, 0.0 ], [ 110.960243225, -6.858129978999949, 0.0 ], [ 110.960098266, -6.858129978999949, 0.0 ], [ 110.960021972, -6.85811996399991, 0.0 ], [ 110.959915162, -6.85811996399991, 0.0 ], [ 110.959747314, -6.85801029099997, 0.0 ], [ 110.959632874, -6.857910155999951, 0.0 ], [ 110.95944214, -6.85768985799996, 0.0 ], [ 110.959236145, -6.857330321999939, 0.0 ], [ 110.959098816, -6.85696029699994, 0.0 ], [ 110.959037781, -6.856770037999921, 0.0 ], [ 110.958816528, -6.856070041999939, 0.0 ], [ 110.958229065, -6.85407018599994, 0.0 ], [ 110.957763671, -6.85263013899987, 0.0 ], [ 110.957328796, -6.8514399529999, 0.0 ], [ 110.956985474, -6.850510119999971, 0.0 ], [ 110.956596374, -6.84954023399996, 0.0 ], [ 110.956314086, -6.84895992199995, 0.0 ], [ 110.955993653, -6.848490236999911, 0.0 ], [ 110.955368041, -6.847660063999969, 0.0 ], [ 110.95500946, -6.8471665379999, 0.0 ] ] ] ] } },
{ "type": "Feature", "properties": { "GID_4": "IDN.10.19.10.11_1", "GID_0": "IDN", "COUNTRY": "Indonesia", "GID_1": "IDN.10_1", "NAME_1": "Jawa Tengah", "GID_2": "IDN.10.19_1", "NAME_2": "Kudus", "GID_3": "IDN.10.19.10_1", "NAME_3": "Undaan", "NAME_4": "Terang Mas", "VARNAME_4": "NA", "TYPE_4": "Desa", "ENGTYPE_4": "Village", "CC_4": "3319040015" }, "geometry": { "type": "MultiPolygon", "coordinates": [ [ [ [ 110.829673767, -6.926238535999969, 0.0 ], [ 110.829467774, -6.92544412599995, 0.0 ], [ 110.821731567, -6.92306041699987, 0.0 ], [ 110.821708678, -6.92313098999995, 0.0 ], [ 110.817726134, -6.92187976899993, 0.0 ], [ 110.816947937, -6.921635149999931, 0.0 ], [ 110.814331055, -6.920732974999959, 0.0 ], [ 110.813423157, -6.92278385099991, 0.0 ], [ 110.81224823, -6.92221116899998, 0.0 ], [ 110.811683656, -6.92182683899995, 0.0 ], [ 110.811195373, -6.92153596799994, 0.0 ], [ 110.810775756, -6.92130517899994, 0.0 ], [ 110.810508728, -6.921118257999981, 0.0 ], [ 110.810409546, -6.92108344899992, 0.0 ], [ 110.810279845, -6.921036718999971, 0.0 ], [ 110.810112, -6.92098617499994, 0.0 ], [ 110.809799195, -6.92090702099989, 0.0 ], [ 110.809379578, -6.92079925499996, 0.0 ], [ 110.809196472, -6.92075014099987, 0.0 ], [ 110.80871582, -6.92062377999997, 0.0 ], [ 110.805839539, -6.91982984499992, 0.0 ], [ 110.806808472, -6.9186401369999, 0.0 ], [ 110.807952881, -6.91692018399988, 0.0 ], [ 110.808258056, -6.91594982099997, 0.0 ], [ 110.808372498, -6.91468000399988, 0.0 ], [ 110.808242797, -6.9125299449999, 0.0 ], [ 110.807968139, -6.91133022199995, 0.0 ], [ 110.807899476, -6.911162853999939, 0.0 ], [ 110.808433533, -6.91105079599993, 0.0 ], [ 110.808761597, -6.91007471099988, 0.0 ], [ 110.808929444, -6.9096531859999, 0.0 ], [ 110.809303284, -6.9096531859999, 0.0 ], [ 110.80936432, -6.910033702999949, 0.0 ], [ 110.809417725, -6.91040897399989, 0.0 ], [ 110.809913635, -6.91037130399991, 0.0 ], [ 110.809997559, -6.90999078699997, 0.0 ], [ 110.810066223, -6.909691332999959, 0.0 ], [ 110.810531617, -6.909890173999879, 0.0 ], [ 110.811042786, -6.91010713499998, 0.0 ], [ 110.811798096, -6.909994123999979, 0.0 ], [ 110.81198883, -6.90957879999996, 0.0 ], [ 110.811447143, -6.90946054399996, 0.0 ], [ 110.811119079, -6.90938949599996, 0.0 ], [ 110.810966492, -6.909011362999931, 0.0 ], [ 110.811363221, -6.908255577999909, 0.0 ], [ 110.811431884, -6.908289908999899, 0.0 ], [ 110.811912537, -6.90853023599988, 0.0 ], [ 110.812438964, -6.90880012599996, 0.0 ], [ 110.812538146, -6.90886020599993, 0.0 ], [ 110.812698364, -6.90896987899993, 0.0 ], [ 110.813491821, -6.90954017599995, 0.0 ], [ 110.814559936, -6.91044998099994, 0.0 ], [ 110.814811707, -6.91065978999995, 0.0 ], [ 110.81539154, -6.9111700069999, 0.0 ], [ 110.815826415, -6.91157007299995, 0.0 ], [ 110.817520142, -6.91295003799991, 0.0 ], [ 110.818031311, -6.91332006499988, 0.0 ], [ 110.819694519, -6.91411733499996, 0.0 ], [ 110.82030487, -6.91444778499994, 0.0 ], [ 110.820663452, -6.91505146099996, 0.0 ], [ 110.821640015, -6.915392874999899, 0.0 ], [ 110.823646546, -6.91688060699988, 0.0 ], [ 110.823379517, -6.918201445999959, 0.0 ], [ 110.824867249, -6.9186100959999, 0.0 ], [ 110.828926086, -6.919436453999879, 0.0 ], [ 110.829109192, -6.91890811899998, 0.0 ], [ 110.829505921, -6.91890811899998, 0.0 ], [ 110.830207824, -6.916882991999901, 0.0 ], [ 110.831619263, -6.917235850999869, 0.0 ], [ 110.831970214, -6.916047094999951, 0.0 ], [ 110.832809448, -6.915827274999969, 0.0 ], [ 110.833732604, -6.91441917399987, 0.0 ], [ 110.835494994, -6.91455173499992, 0.0 ], [ 110.8359375, -6.91463994899993, 0.0 ], [ 110.835624695, -6.917149066999969, 0.0 ], [ 110.836410522, -6.917149543999929, 0.0 ], [ 110.8361969, -6.91866827099994, 0.0 ], [ 110.835365296, -6.91866827099994, 0.0 ], [ 110.835006714, -6.91888809099993, 0.0 ], [ 110.833862305, -6.91888761599995, 0.0 ], [ 110.833641052, -6.919195652999971, 0.0 ], [ 110.833557128, -6.92064857399993, 0.0 ], [ 110.834655762, -6.92069292099995, 0.0 ], [ 110.834526061, -6.92218971299997, 0.0 ], [ 110.835670472, -6.92227840499993, 0.0 ], [ 110.83592987, -6.92254257199994, 0.0 ], [ 110.8361969, -6.92293882299998, 0.0 ], [ 110.836151123, -6.92346715799988, 0.0 ], [ 110.835754394, -6.923643110999879, 0.0 ], [ 110.834350586, -6.92337846699991, 0.0 ], [ 110.834213257, -6.92351054999995, 0.0 ], [ 110.833290101, -6.923113821999949, 0.0 ], [ 110.832801818, -6.92412662399994, 0.0 ], [ 110.833335876, -6.92447900799993, 0.0 ], [ 110.833557128, -6.924214839999929, 0.0 ], [ 110.834564208, -6.92474317499995, 0.0 ], [ 110.835052491, -6.92522764299997, 0.0 ], [ 110.834960937, -6.92575597799993, 0.0 ], [ 110.834739686, -6.925844191999941, 0.0 ], [ 110.834213257, -6.92588806099991, 0.0 ], [ 110.833641052, -6.92562341699994, 0.0 ], [ 110.8334198, -6.92593145399997, 0.0 ], [ 110.832099915, -6.92531490199991, 0.0 ], [ 110.831657409, -6.926019191999899, 0.0 ], [ 110.831436157, -6.92605018599988, 0.0 ], [ 110.830070495, -6.926238535999969, 0.0 ], [ 110.829673767, -6.926238535999969, 0.0 ] ] ] ] } },
{ "type": "Feature", "properties": { "GID_4": "IDN.10.9.9.8_1", "GID_0": "IDN", "COUNTRY": "Indonesia", "GID_1": "IDN.10_1", "NAME_1": "Jawa Tengah", "GID_2": "IDN.10.9_1", "NAME_2": "Grobogan", "GID_3": "IDN.10.9.9_1", "NAME_3": "Klambu", "NAME_4": "Terkesi", "VARNAME_4": "NA", "TYPE_4": "Desa", "ENGTYPE_4": "Village", "CC_4": "3315150007" }, "geometry": { "type": "MultiPolygon", "coordinates": [ [ [ [ 110.772384644, -6.99095869099989, 0.0 ], [ 110.772567748, -6.990681647999909, 0.0 ], [ 110.772651672, -6.99031495999992, 0.0 ], [ 110.772682191, -6.9896802909999, 0.0 ], [ 110.772514343, -6.98891830499991, 0.0 ], [ 110.77218628, -6.98831176699991, 0.0 ], [ 110.771736144, -6.98777532599996, 0.0 ], [ 110.770568847, -6.986660478999909, 0.0 ], [ 110.769828797, -6.98605394299989, 0.0 ], [ 110.769279479, -6.985588073999911, 0.0 ], [ 110.768295288, -6.98485422199991, 0.0 ], [ 110.767852782, -6.98434638899994, 0.0 ], [ 110.767631531, -6.98416232999989, 0.0 ], [ 110.767417907, -6.98397922599992, 0.0 ], [ 110.766578675, -6.98379564299984, 0.0 ], [ 110.765609742, -6.983795164999949, 0.0 ], [ 110.764968872, -6.983949661999869, 0.0 ], [ 110.763908387, -6.9843440059999, 0.0 ], [ 110.762893677, -6.984950065999949, 0.0 ], [ 110.762245179, -6.98524618099992, 0.0 ], [ 110.762145997, -6.98517560999989, 0.0 ], [ 110.76171875, -6.98476648299987, 0.0 ], [ 110.761650086, -6.98444175799989, 0.0 ], [ 110.761596679, -6.98372268699984, 0.0 ], [ 110.761428833, -6.98325681699993, 0.0 ], [ 110.761367798, -6.98294639499989, 0.0 ], [ 110.761398315, -6.98224162999998, 0.0 ], [ 110.761482239, -6.98136711099988, 0.0 ], [ 110.761611939, -6.98071813599995, 0.0 ], [ 110.762046815, -6.98023891399987, 0.0 ], [ 110.762710571, -6.97975969299995, 0.0 ], [ 110.763038636, -6.979632854999921, 0.0 ], [ 110.763458251, -6.97957658699988, 0.0 ], [ 110.764030456, -6.97957706499994, 0.0 ], [ 110.764678956, -6.97969007499995, 0.0 ], [ 110.765922547, -6.97994470499998, 0.0 ], [ 110.766807556, -6.980128287999889, 0.0 ], [ 110.767517089, -6.98018503099996, 0.0 ], [ 110.768066407, -6.98015737499998, 0.0 ], [ 110.768547057, -6.98007297499993, 0.0 ], [ 110.768890381, -6.97970628799987, 0.0 ], [ 110.769760131, -6.97901582599997, 0.0 ], [ 110.771034241, -6.97801494599997, 0.0 ], [ 110.771759033, -6.97766256299997, 0.0 ], [ 110.772590637, -6.977112768999969, 0.0 ], [ 110.773368835, -6.97642230999992, 0.0 ], [ 110.773902893, -6.97588634399989, 0.0 ], [ 110.77494812, -6.97618007599988, 0.0 ], [ 110.776519776, -6.976630211999981, 0.0 ], [ 110.7782135, -6.977109908999979, 0.0 ], [ 110.780899048, -6.97802019199997, 0.0 ], [ 110.782279968, -6.97857999799993, 0.0 ], [ 110.782882691, -6.978819846999899, 0.0 ], [ 110.783851624, -6.978960035999929, 0.0 ], [ 110.784156799, -6.97867011999995, 0.0 ], [ 110.784446717, -6.97821998599989, 0.0 ], [ 110.784889221, -6.97774982399989, 0.0 ], [ 110.785453797, -6.97720003099988, 0.0 ], [ 110.785743713, -6.976890086999901, 0.0 ], [ 110.786201477, -6.975530147999899, 0.0 ], [ 110.786468507, -6.97442007099994, 0.0 ], [ 110.786819458, -6.97325992599986, 0.0 ], [ 110.787002564, -6.97327995199993, 0.0 ], [ 110.787757875, -6.97358989699995, 0.0 ], [ 110.787887573, -6.97384023599989, 0.0 ], [ 110.788108826, -6.97389984099993, 0.0 ], [ 110.788421631, -6.97399997599996, 0.0 ], [ 110.788467408, -6.97434997499988, 0.0 ], [ 110.788467408, -6.97480010899994, 0.0 ], [ 110.788597107, -6.97513008099997, 0.0 ], [ 110.788978577, -6.97529983499987, 0.0 ], [ 110.789268493, -6.97544002599994, 0.0 ], [ 110.789558411, -6.97557020199997, 0.0 ], [ 110.789657594, -6.975679874999969, 0.0 ], [ 110.78968811, -6.976419924999899, 0.0 ], [ 110.789871216, -6.976689814999871, 0.0 ], [ 110.790458679, -6.97699022299986, 0.0 ], [ 110.79144287, -6.977109908999979, 0.0 ], [ 110.792442322, -6.97700023699997, 0.0 ], [ 110.793861388, -6.97674989699993, 0.0 ], [ 110.794906617, -6.97653007499997, 0.0 ], [ 110.795883178, -6.97596979099995, 0.0 ], [ 110.796897888, -6.97488021699996, 0.0 ], [ 110.797813416, -6.974009990999831, 0.0 ], [ 110.798988343, -6.973050116999901, 0.0 ], [ 110.799957276, -6.972720145999971, 0.0 ], [ 110.800613402, -6.97265004999991, 0.0 ], [ 110.801132202, -6.97260618099995, 0.0 ], [ 110.801094055, -6.97244834799994, 0.0 ], [ 110.800750733, -6.97074031799991, 0.0 ], [ 110.800476073, -6.96890544999997, 0.0 ], [ 110.800445557, -6.96876382799996, 0.0 ], [ 110.801239014, -6.96906995699993, 0.0 ], [ 110.801834107, -6.96958970899993, 0.0 ], [ 110.802238464, -6.96992349499993, 0.0 ], [ 110.802726746, -6.97118520699996, 0.0 ], [ 110.803245545, -6.971704482999941, 0.0 ], [ 110.803466796, -6.97233533799994, 0.0 ], [ 110.803543092, -6.973596571999911, 0.0 ], [ 110.803649902, -6.97519159199987, 0.0 ], [ 110.803329467, -6.97866248999992, 0.0 ], [ 110.803459168, -6.97889804799996, 0.0 ], [ 110.803909302, -6.97957086499997, 0.0 ], [ 110.80355072, -6.980751514999949, 0.0 ], [ 110.80329132, -6.98178672799997, 0.0 ], [ 110.803237915, -6.982840537999951, 0.0 ], [ 110.803276062, -6.98358535799991, 0.0 ], [ 110.803344727, -6.984548092999941, 0.0 ], [ 110.803398133, -6.98632860099997, 0.0 ], [ 110.803565978, -6.98794555699993, 0.0 ], [ 110.803779603, -6.988998888999959, 0.0 ], [ 110.804069519, -6.989689348999951, 0.0 ], [ 110.804374696, -6.990208625999911, 0.0 ], [ 110.804664612, -6.99055910199996, 0.0 ], [ 110.805107118, -6.99099016199995, 0.0 ], [ 110.805412292, -6.991174697999949, 0.0 ], [ 110.805473327, -6.99121808999996, 0.0 ], [ 110.804840088, -6.99175977599992, 0.0 ], [ 110.804550171, -6.9921598439999, 0.0 ], [ 110.804130554, -6.992919921999939, 0.0 ], [ 110.803680421, -6.993800163999941, 0.0 ], [ 110.803062439, -6.994559763999969, 0.0 ], [ 110.802482605, -6.99498987199996, 0.0 ], [ 110.801750183, -6.995299815999941, 0.0 ], [ 110.80152893, -6.99548005999998, 0.0 ], [ 110.801078796, -6.99596023499993, 0.0 ], [ 110.800842285, -6.99650001499992, 0.0 ], [ 110.800636291, -6.99713992999995, 0.0 ], [ 110.800361633, -6.99785995399992, 0.0 ], [ 110.800109864, -6.99851989699988, 0.0 ], [ 110.799728393, -6.998990058999879, 0.0 ], [ 110.799331665, -6.99927997599997, 0.0 ], [ 110.798576354, -6.99973010899993, 0.0 ], [ 110.798210144, -6.99999999899995, 0.0 ], [ 110.798042297, -7.00015020399997, 0.0 ], [ 110.797813416, -7.00038003899988, 0.0 ], [ 110.797546386, -7.00074005099992, 0.0 ], [ 110.797080994, -7.00127983199991, 0.0 ], [ 110.796211243, -7.00189018299994, 0.0 ], [ 110.795410156, -7.00214004499992, 0.0 ], [ 110.794708253, -7.00229978499993, 0.0 ], [ 110.794036864, -7.00236987999995, 0.0 ], [ 110.793121338, -7.00231981299987, 0.0 ], [ 110.792411805, -7.00225019499982, 0.0 ], [ 110.791671753, -7.00203990999989, 0.0 ], [ 110.790817261, -7.00179004599994, 0.0 ], [ 110.790008545, -7.00151014299996, 0.0 ], [ 110.789291382, -7.00125980299993, 0.0 ], [ 110.788513183, -7.000919817999941, 0.0 ], [ 110.788002014, -7.0006198879999, 0.0 ], [ 110.787612915, -7.00017976799984, 0.0 ], [ 110.78755188, -7.0001001359999, 0.0 ], [ 110.787330627, -6.99999999899995, 0.0 ], [ 110.786727906, -6.999720095999979, 0.0 ], [ 110.786338806, -6.999569891999899, 0.0 ], [ 110.786018371, -6.99945020599995, 0.0 ], [ 110.785339356, -6.99905013999989, 0.0 ], [ 110.784858704, -6.99880981399997, 0.0 ], [ 110.784729003, -6.99872016899997, 0.0 ], [ 110.784568788, -6.99854993899987, 0.0 ], [ 110.784011842, -6.99832010299997, 0.0 ], [ 110.783622741, -6.9982099529999, 0.0 ], [ 110.783432007, -6.99826001999998, 0.0 ], [ 110.782997132, -6.99796009099992, 0.0 ], [ 110.782287598, -6.99752998399987, 0.0 ], [ 110.781600951, -6.9967799179999, 0.0 ], [ 110.781272888, -6.99626016599996, 0.0 ], [ 110.781150818, -6.995659827999929, 0.0 ], [ 110.78124237, -6.99499988499997, 0.0 ], [ 110.781379701, -6.994080066999971, 0.0 ], [ 110.781402587, -6.99346017799996, 0.0 ], [ 110.781082154, -6.9930400849999, 0.0 ], [ 110.779808045, -6.99280023499995, 0.0 ], [ 110.779441833, -6.992670057999929, 0.0 ], [ 110.779167175, -6.99251985599994, 0.0 ], [ 110.778907775, -6.99232005999994, 0.0 ], [ 110.778747558, -6.99233007499987, 0.0 ], [ 110.778633117, -6.99237012899988, 0.0 ], [ 110.778503418, -6.99238014199994, 0.0 ], [ 110.778038024, -6.99224996599997, 0.0 ], [ 110.777427673, -6.991990088999901, 0.0 ], [ 110.777282714, -6.99189996699988, 0.0 ], [ 110.776992798, -6.99182987199987, 0.0 ], [ 110.775749207, -6.99135017399988, 0.0 ], [ 110.775497437, -6.99127006499992, 0.0 ], [ 110.775421142, -6.99126005199997, 0.0 ], [ 110.774421692, -6.99123001099997, 0.0 ], [ 110.77420807, -6.99115991499997, 0.0 ], [ 110.773979187, -6.99116992799998, 0.0 ], [ 110.773010254, -6.99126005199997, 0.0 ], [ 110.772613525, -6.991149901999901, 0.0 ], [ 110.772583008, -6.991069792999949, 0.0 ], [ 110.772384644, -6.99095869099989, 0.0 ] ] ] ] } },
{ "type": "Feature", "properties": { "GID_4": "IDN.10.21.4.23_1", "GID_0": "IDN", "COUNTRY": "Indonesia", "GID_1": "IDN.10_1", "NAME_1": "Jawa Tengah", "GID_2": "IDN.10.21_1", "NAME_2": "Pati", "GID_3": "IDN.10.21.4_1", "NAME_3": "Gabus", "NAME_4": "Tlogoayu", "VARNAME_4": "NA", "TYPE_4": "Desa", "ENGTYPE_4": "Village", "CC_4": "3318110003" }, "geometry": { "type": "MultiPolygon", "coordinates": [ [ [ [ 111.021492005, -6.82429265899992, 0.0 ], [ 111.021423339, -6.82477378799996, 0.0 ], [ 111.021118165, -6.824730395999841, 0.0 ], [ 111.021041871, -6.82447957999995, 0.0 ], [ 111.019744873, -6.824151038999961, 0.0 ], [ 111.019561767, -6.82413339599998, 0.0 ], [ 111.018989563, -6.82394313699996, 0.0 ], [ 111.0186615, -6.823934553999889, 0.0 ], [ 111.018417358, -6.823904514999981, 0.0 ], [ 111.018150331, -6.82380056299991, 0.0 ], [ 111.017799377, -6.82457017899998, 0.0 ], [ 111.018058777, -6.82467412899996, 0.0 ], [ 111.018218994, -6.82469129499998, 0.0 ], [ 111.018417358, -6.82472610399992, 0.0 ], [ 111.018333435, -6.82513236999995, 0.0 ], [ 111.018554687, -6.825227736999859, 0.0 ], [ 111.018867492, -6.82526636099993, 0.0 ], [ 111.018836975, -6.82556915299995, 0.0 ], [ 111.018722535, -6.82592391999998, 0.0 ], [ 111.0186615, -6.826287268999981, 0.0 ], [ 111.019165038, -6.82634735199997, 0.0 ], [ 111.019126892, -6.82666778499993, 0.0 ], [ 111.019058228, -6.82715177499989, 0.0 ], [ 111.019042968, -6.82732915799994, 0.0 ], [ 111.01952362, -6.827311991999921, 0.0 ], [ 111.01990509, -6.82732915799994, 0.0 ], [ 111.019866944, -6.827545165999939, 0.0 ], [ 111.019851685, -6.82785653999986, 0.0 ], [ 111.019859313, -6.82804679899988, 0.0 ], [ 111.020088196, -6.82816791499994, 0.0 ], [ 111.020240784, -6.82831525699987, 0.0 ], [ 111.020507812, -6.828382491999949, 0.0 ], [ 111.020622254, -6.828410148999919, 0.0 ], [ 111.020629882, -6.828514098999899, 0.0 ], [ 111.020889282, -6.82858323999994, 0.0 ], [ 111.021263122, -6.82867813099989, 0.0 ], [ 111.021209717, -6.828998088999981, 0.0 ], [ 111.021354676, -6.82911920499987, 0.0 ], [ 111.021331787, -6.829421995999951, 0.0 ], [ 111.021949769, -6.829538821999959, 0.0 ], [ 111.021781921, -6.83138942599993, 0.0 ], [ 111.021087646, -6.831294535999919, 0.0 ], [ 111.020660401, -6.83124256099995, 0.0 ], [ 111.020561219, -6.83124256099995, 0.0 ], [ 111.02042389, -6.83125400499995, 0.0 ], [ 111.020294189, -6.83125829699992, 0.0 ], [ 111.020111085, -6.83127069499989, 0.0 ], [ 111.019966126, -6.83126640299997, 0.0 ], [ 111.019828797, -6.831346510999941, 0.0 ], [ 111.019554139, -6.83133411299991, 0.0 ], [ 111.019378663, -6.83133411299991, 0.0 ], [ 111.019081117, -6.831284998999929, 0.0 ], [ 111.018737793, -6.831272602999949, 0.0 ], [ 111.018630981, -6.83128690599989, 0.0 ], [ 111.0184021, -6.831254481999959, 0.0 ], [ 111.018226624, -6.83127880099994, 0.0 ], [ 111.018196106, -6.83134460399998, 0.0 ], [ 111.018196106, -6.831577776999891, 0.0 ], [ 111.017990113, -6.83155775099993, 0.0 ], [ 111.01776886, -6.83153295499994, 0.0 ], [ 111.01765442, -6.83150005299996, 0.0 ], [ 111.017494202, -6.83147334999995, 0.0 ], [ 111.017349243, -6.83149003999995, 0.0 ], [ 111.017242431, -6.83142852799989, 0.0 ], [ 111.017097474, -6.83130550399994, 0.0 ], [ 111.016960145, -6.83125209699995, 0.0 ], [ 111.016883849, -6.83120536699994, 0.0 ], [ 111.016799927, -6.83129119899991, 0.0 ], [ 111.016777039, -6.8313856129999, 0.0 ], [ 111.016647338, -6.831381320999981, 0.0 ], [ 111.016571044, -6.83133220599984, 0.0 ], [ 111.016418457, -6.831295488999901, 0.0 ], [ 111.016197204, -6.83127069499989, 0.0 ], [ 111.01600647, -6.83127880099994, 0.0 ], [ 111.015747071, -6.831233977999889, 0.0 ], [ 111.015403747, -6.83122348799998, 0.0 ], [ 111.014968872, -6.83114147199996, 0.0 ], [ 111.01486969, -6.83107614599987, 0.0 ], [ 111.014854431, -6.83098173199988, 0.0 ], [ 111.014572143, -6.83088350199995, 0.0 ], [ 111.014251708, -6.83080577799996, 0.0 ], [ 111.01397705, -6.830785274999869, 0.0 ], [ 111.013732911, -6.83075046599993, 0.0 ], [ 111.013732911, -6.83066034399985, 0.0 ], [ 111.013442993, -6.83066415699989, 0.0 ], [ 111.013183593, -6.83063173299996, 0.0 ], [ 111.013160705, -6.830922603999971, 0.0 ], [ 111.013237, -6.83094310699988, 0.0 ], [ 111.013160705, -6.83139371899995, 0.0 ], [ 111.0131073, -6.83157634699995, 0.0 ], [ 111.013282775, -6.8316130639999, 0.0 ], [ 111.013465881, -6.83167028399993, 0.0 ], [ 111.013458251, -6.831838131999969, 0.0 ], [ 111.013420104, -6.83222770699996, 0.0 ], [ 111.013420104, -6.83248376699993, 0.0 ], [ 111.013381957, -6.83268880899993, 0.0 ], [ 111.013351441, -6.83279943399998, 0.0 ], [ 111.013313294, -6.83291816699995, 0.0 ], [ 111.013328552, -6.83303308499995, 0.0 ], [ 111.01322937, -6.83335256499993, 0.0 ], [ 111.013183593, -6.833531378999961, 0.0 ], [ 111.012535095, -6.833575247999869, 0.0 ], [ 111.011634826, -6.8332557679999, 0.0 ], [ 111.010353088, -6.83280038699991, 0.0 ], [ 111.01045227, -6.83197689099995, 0.0 ], [ 111.010253906, -6.83141994499988, 0.0 ], [ 111.009918213, -6.8307662009999, 0.0 ], [ 111.009864807, -6.83042717099994, 0.0 ], [ 111.009628296, -6.829604148999921, 0.0 ], [ 111.009597778, -6.828465938999899, 0.0 ], [ 111.009651185, -6.82730388699997, 0.0 ], [ 111.009735107, -6.82625770499982, 0.0 ], [ 111.005935669, -6.824543952999931, 0.0 ], [ 111.006027222, -6.822848319999881, 0.0 ], [ 111.006027222, -6.82120180099997, 0.0 ], [ 111.006027222, -6.820426939999949, 0.0 ], [ 111.005905152, -6.820087908999941, 0.0 ], [ 111.00592804, -6.81907129299992, 0.0 ], [ 111.005905152, -6.81834459199996, 0.0 ], [ 111.005760193, -6.817884444999951, 0.0 ], [ 111.005516051, -6.817884444999951, 0.0 ], [ 111.00491333, -6.81822347599996, 0.0 ], [ 111.004234314, -6.818175315999951, 0.0 ], [ 111.004066468, -6.818247794999929, 0.0 ], [ 111.003578186, -6.81836891099988, 0.0 ], [ 111.003196715, -6.818393229999971, 0.0 ], [ 111.002929688, -6.81844139099996, 0.0 ], [ 111.0021286, -6.81851434699996, 0.0 ], [ 111.001327515, -6.81858682599989, 0.0 ], [ 111.000358582, -6.81865930499993, 0.0 ], [ 110.999969482, -6.81868362299991, 0.0 ], [ 110.999465943, -6.81878042199992, 0.0 ], [ 110.999465943, -6.81911945299993, 0.0 ], [ 110.999023437, -6.81895017599993, 0.0 ], [ 110.998252868, -6.819555281999901, 0.0 ], [ 110.997932434, -6.81933736799994, 0.0 ], [ 110.997673034, -6.81933736799994, 0.0 ], [ 110.997619629, -6.82033014299998, 0.0 ], [ 110.997283936, -6.820608615999959, 0.0 ], [ 110.997207642, -6.82054757999987, 0.0 ], [ 110.996704101, -6.82088708899988, 0.0 ], [ 110.996261597, -6.82100820499994, 0.0 ], [ 110.995948791, -6.821153640999911, 0.0 ], [ 110.995681763, -6.82134723599995, 0.0 ], [ 110.995491029, -6.82129859799994, 0.0 ], [ 110.995292664, -6.8210568419999, 0.0 ], [ 110.994544982, -6.82091140699993, 0.0 ], [ 110.994132995, -6.821032522999929, 0.0 ], [ 110.993530274, -6.821032522999929, 0.0 ], [ 110.993293761, -6.82105064399991, 0.0 ], [ 110.993293761, -6.821139812999951, 0.0 ], [ 110.993240356, -6.82125997599991, 0.0 ], [ 110.993286133, -6.821444034999959, 0.0 ], [ 110.993164062, -6.82151651299995, 0.0 ], [ 110.992874146, -6.82151651299995, 0.0 ], [ 110.992675782, -6.821589468999951, 0.0 ], [ 110.992561339, -6.82178306599997, 0.0 ], [ 110.992393494, -6.82176446999995, 0.0 ], [ 110.992095947, -6.82150316299987, 0.0 ], [ 110.991790771, -6.82104778399997, 0.0 ], [ 110.991439819, -6.820645809999919, 0.0 ], [ 110.991111756, -6.82012796299995, 0.0 ], [ 110.991539001, -6.82000303199993, 0.0 ], [ 110.991989135, -6.8197183609999, 0.0 ], [ 110.992408752, -6.819520949999909, 0.0 ], [ 110.992874146, -6.81905221999995, 0.0 ], [ 110.993278503, -6.81862401999996, 0.0 ], [ 110.993919373, -6.817726610999961, 0.0 ], [ 110.994224547, -6.81716394399996, 0.0 ], [ 110.9944458, -6.81672239299991, 0.0 ], [ 110.99471283, -6.81539630899988, 0.0 ], [ 110.9947052, -6.81462573999988, 0.0 ], [ 110.994789124, -6.814057348999939, 0.0 ], [ 110.994964599, -6.81362867399992, 0.0 ], [ 110.995040893, -6.81340742099991, 0.0 ], [ 110.995193482, -6.81295919499996, 0.0 ], [ 110.995437622, -6.81258392199987, 0.0 ], [ 110.99583435, -6.81199502899995, 0.0 ], [ 110.99610138, -6.81160640599984, 0.0 ], [ 110.99673462, -6.810990332999949, 0.0 ], [ 110.997016906, -6.81076288199995, 0.0 ], [ 110.997688294, -6.810441493999969, 0.0 ], [ 110.998115539, -6.810294149999949, 0.0 ], [ 110.998596192, -6.81006622399997, 0.0 ], [ 110.999023437, -6.81006622399997, 0.0 ], [ 110.99935913, -6.809878825999869, 0.0 ], [ 111.000122071, -6.80970477999995, 0.0 ], [ 111.001129151, -6.80934333799991, 0.0 ], [ 111.001296996, -6.809253692999959, 0.0 ], [ 111.001350403, -6.809305667999981, 0.0 ], [ 111.00177002, -6.809134005999911, 0.0 ], [ 111.001945496, -6.809062003999879, 0.0 ], [ 111.002830505, -6.80868720999996, 0.0 ], [ 111.003608704, -6.80843257799995, 0.0 ], [ 111.004493713, -6.808097838999971, 0.0 ], [ 111.005577087, -6.80774974799994, 0.0 ], [ 111.006004334, -6.80760192899987, 0.0 ], [ 111.006271362, -6.807508468999969, 0.0 ], [ 111.006484984, -6.80729436899992, 0.0 ], [ 111.006675721, -6.806908605999981, 0.0 ], [ 111.006874085, -6.80665159199992, 0.0 ], [ 111.007087707, -6.80618286199996, 0.0 ], [ 111.00756073, -6.80549955299995, 0.0 ], [ 111.007850648, -6.804575919999881, 0.0 ], [ 111.008232116, -6.803611278999941, 0.0 ], [ 111.008888244, -6.80263376099987, 0.0 ], [ 111.009498596, -6.8021383279999, 0.0 ], [ 111.009895324, -6.801827907999889, 0.0 ], [ 111.010009767, -6.8020987509999, 0.0 ], [ 111.0103302, -6.80285882899994, 0.0 ], [ 111.01045227, -6.80303573499998, 0.0 ], [ 111.010375977, -6.80327653899991, 0.0 ], [ 111.010322571, -6.80344486199994, 0.0 ], [ 111.010276794, -6.80372667199987, 0.0 ], [ 111.010231017, -6.803961275999941, 0.0 ], [ 111.010200501, -6.80440092099997, 0.0 ], [ 111.010200501, -6.804547309999919, 0.0 ], [ 111.010116577, -6.80532407699997, 0.0 ], [ 111.010147096, -6.80557346399991, 0.0 ], [ 111.010620118, -6.80598449799993, 0.0 ], [ 111.010368346, -6.80687713699996, 0.0 ], [ 111.010299683, -6.80737256999993, 0.0 ], [ 111.010223389, -6.807655333999949, 0.0 ], [ 111.010169982, -6.80800437999994, 0.0 ], [ 111.009971618, -6.80833434999983, 0.0 ], [ 111.009902954, -6.80868816399988, 0.0 ], [ 111.009834289, -6.808999538999959, 0.0 ], [ 111.009857177, -6.80919742599991, 0.0 ], [ 111.010002136, -6.80929803799995, 0.0 ], [ 111.010116577, -6.80962228799996, 0.0 ], [ 111.010116577, -6.80989074599989, 0.0 ], [ 111.010185242, -6.81006097899996, 0.0 ], [ 111.010322571, -6.810428618999821, 0.0 ], [ 111.010231017, -6.810754298999939, 0.0 ], [ 111.010208131, -6.81110668099996, 0.0 ], [ 111.010414123, -6.81118583699993, 0.0 ], [ 111.0104599, -6.81211995999996, 0.0 ], [ 111.010475159, -6.81223583099995, 0.0 ], [ 111.010169982, -6.81404304499989, 0.0 ], [ 111.010116577, -6.815124033999891, 0.0 ], [ 111.010147096, -6.81623363499989, 0.0 ], [ 111.01033783, -6.81625366199995, 0.0 ], [ 111.011253357, -6.81634759899993, 0.0 ], [ 111.012054443, -6.81648969499992, 0.0 ], [ 111.012619019, -6.816375731999929, 0.0 ], [ 111.013191223, -6.816375731999929, 0.0 ], [ 111.01387024, -6.817001818999931, 0.0 ], [ 111.014297485, -6.81722926999993, 0.0 ], [ 111.014343262, -6.817338942999921, 0.0 ], [ 111.01486969, -6.817257880999821, 0.0 ], [ 111.015838623, -6.81742858899997, 0.0 ], [ 111.016349792, -6.817712782999879, 0.0 ], [ 111.016204834, -6.81939125099996, 0.0 ], [ 111.016090394, -6.820273399999909, 0.0 ], [ 111.016807556, -6.82067155899989, 0.0 ], [ 111.017257691, -6.8208990089999, 0.0 ], [ 111.017974853, -6.82112645999996, 0.0 ], [ 111.018882752, -6.82132577899995, 0.0 ], [ 111.019287109, -6.8212962149999, 0.0 ], [ 111.019386291, -6.82141733099996, 0.0 ], [ 111.019599914, -6.82150459299993, 0.0 ], [ 111.020256042, -6.821591853999959, 0.0 ], [ 111.020759583, -6.821675777999869, 0.0 ], [ 111.020782471, -6.82185602199996, 0.0 ], [ 111.020729064, -6.82202052999997, 0.0 ], [ 111.020767211, -6.822184561999959, 0.0 ], [ 111.020805358, -6.82237482099987, 0.0 ], [ 111.020843507, -6.82259082799993, 0.0 ], [ 111.020683289, -6.82285022799988, 0.0 ], [ 111.020835877, -6.82299709299997, 0.0 ], [ 111.020988464, -6.82307481599997, 0.0 ], [ 111.021141053, -6.823170185999969, 0.0 ], [ 111.021316529, -6.82308340099996, 0.0 ], [ 111.021186828, -6.82355880699987, 0.0 ], [ 111.021202087, -6.82385301499988, 0.0 ], [ 111.021095276, -6.824258803999899, 0.0 ], [ 111.021492005, -6.82429265899992, 0.0 ] ] ] ] } },
{ "type": "Feature", "properties": { "GID_4": "IDN.10.21.10.17_1", "GID_0": "IDN", "COUNTRY": "Indonesia", "GID_1": "IDN.10_1", "NAME_1": "Jawa Tengah", "GID_2": "IDN.10.21_1", "NAME_2": "Pati", "GID_3": "IDN.10.21.10_1", "NAME_3": "Kayen", "NAME_4": "Trimulyo", "VARNAME_4": "NA", "TYPE_4": "Desa", "ENGTYPE_4": "Village", "CC_4": "3318020010" }, "geometry": { "type": "MultiPolygon", "coordinates": [ [ [ [ 110.989852905, -6.88339090299996, 0.0 ], [ 110.989952087, -6.883409975999939, 0.0 ], [ 110.990188598, -6.883389949999979, 0.0 ], [ 110.990371704, -6.88339996299993, 0.0 ], [ 110.991157531, -6.88381004199994, 0.0 ], [ 110.991233825, -6.88387012499993, 0.0 ], [ 110.991424561, -6.88396024699983, 0.0 ], [ 110.991577148, -6.88402032699992, 0.0 ], [ 110.991638183, -6.88407039699996, 0.0 ], [ 110.991638183, -6.88423013699997, 0.0 ], [ 110.991622925, -6.88438034099994, 0.0 ], [ 110.991737366, -6.88485002599998, 0.0 ], [ 110.991752624, -6.885070323999911, 0.0 ], [ 110.991706849, -6.88529014599993, 0.0 ], [ 110.99155426, -6.88559007599997, 0.0 ], [ 110.991516113, -6.885670184999979, 0.0 ], [ 110.991424561, -6.88595008799996, 0.0 ], [ 110.991355895, -6.886189936999929, 0.0 ], [ 110.991333007, -6.886360168999891, 0.0 ], [ 110.991378784, -6.88642024999996, 0.0 ], [ 110.991333007, -6.88661003099998, 0.0 ], [ 110.991333007, -6.88688993399995, 0.0 ], [ 110.991401672, -6.88711023199994, 0.0 ], [ 110.991386414, -6.88719034099995, 0.0 ], [ 110.99054718, -6.887269973999929, 0.0 ], [ 110.989852905, -6.88750028499982, 0.0 ], [ 110.989768981, -6.88772010799988, 0.0 ], [ 110.989707948, -6.88792037999991, 0.0 ], [ 110.989486695, -6.888480185999981, 0.0 ], [ 110.989334106, -6.88893031999993, 0.0 ], [ 110.989234924, -6.88923025099996, 0.0 ], [ 110.989196777, -6.88935994999991, 0.0 ], [ 110.988166808, -6.88961029099994, 0.0 ], [ 110.987464905, -6.889670371999959, 0.0 ], [ 110.987037658, -6.889729976999889, 0.0 ], [ 110.986518861, -6.89001035799993, 0.0 ], [ 110.98602295, -6.89033031499991, 0.0 ], [ 110.985618591, -6.89067029899991, 0.0 ], [ 110.985221863, -6.891000270999941, 0.0 ], [ 110.984954833, -6.89128017499991, 0.0 ], [ 110.9846344, -6.89143037699989, 0.0 ], [ 110.984344482, -6.89147996899993, 0.0 ], [ 110.983978272, -6.89147996899993, 0.0 ], [ 110.983734131, -6.891469955999981, 0.0 ], [ 110.983283997, -6.89139032299988, 0.0 ], [ 110.983001709, -6.891420363999881, 0.0 ], [ 110.982452393, -6.89196014399994, 0.0 ], [ 110.981994629, -6.89228010199997, 0.0 ], [ 110.980682373, -6.894289970999979, 0.0 ], [ 110.980285644, -6.89467000899998, 0.0 ], [ 110.979515075, -6.894830225999949, 0.0 ], [ 110.978668213, -6.89480018499995, 0.0 ], [ 110.978317262, -6.89503002099997, 0.0 ], [ 110.978042602, -6.895339964999951, 0.0 ], [ 110.977752685, -6.895699976999941, 0.0 ], [ 110.977394104, -6.89592027699996, 0.0 ], [ 110.975585937, -6.89570999199998, 0.0 ], [ 110.974792481, -6.89544010199995, 0.0 ], [ 110.974136353, -6.89530992399995, 0.0 ], [ 110.97316742, -6.89487028099995, 0.0 ], [ 110.97251892, -6.89478015899988, 0.0 ], [ 110.971885681, -6.894560335999811, 0.0 ], [ 110.971557617, -6.89446020099996, 0.0 ], [ 110.97101593, -6.89439010599995, 0.0 ], [ 110.970588684, -6.894410133999881, 0.0 ], [ 110.970031738, -6.8945302969999, 0.0 ], [ 110.969657898, -6.894680023999971, 0.0 ], [ 110.969581605, -6.8950200079999, 0.0 ], [ 110.969398499, -6.89541006099995, 0.0 ], [ 110.969123841, -6.89556026499986, 0.0 ], [ 110.968673705, -6.895699976999941, 0.0 ], [ 110.968345642, -6.89592027699996, 0.0 ], [ 110.968025207, -6.89610004299993, 0.0 ], [ 110.967597962, -6.89645004199991, 0.0 ], [ 110.96712494, -6.8969101909999, 0.0 ], [ 110.966712951, -6.89748000999998, 0.0 ], [ 110.967033386, -6.89858007399994, 0.0 ], [ 110.967071532, -6.89900016699988, 0.0 ], [ 110.967155456, -6.899770259999909, 0.0 ], [ 110.967178345, -6.90013027199996, 0.0 ], [ 110.967117309, -6.90041017499993, 0.0 ], [ 110.966522217, -6.90095996799994, 0.0 ], [ 110.966247559, -6.901249884999971, 0.0 ], [ 110.965347289, -6.90136003499993, 0.0 ], [ 110.965270996, -6.901253699999929, 0.0 ], [ 110.963142396, -6.90184497799993, 0.0 ], [ 110.962234498, -6.90307998499998, 0.0 ], [ 110.96195221, -6.902804851999919, 0.0 ], [ 110.961631775, -6.90232419999995, 0.0 ], [ 110.961235046, -6.901762960999971, 0.0 ], [ 110.960830688, -6.90136241999994, 0.0 ], [ 110.959709167, -6.9014425279999, 0.0 ], [ 110.957962036, -6.90137767799996, 0.0 ], [ 110.959449768, -6.89970016399991, 0.0 ], [ 110.959793091, -6.897641182999909, 0.0 ], [ 110.961006165, -6.89622449899991, 0.0 ], [ 110.961174011, -6.89629030199995, 0.0 ], [ 110.961433411, -6.89645004199991, 0.0 ], [ 110.961563109, -6.89619016699993, 0.0 ], [ 110.96168518, -6.895930289999909, 0.0 ], [ 110.961753846, -6.89576005999993, 0.0 ], [ 110.961898805, -6.89526987099981, 0.0 ], [ 110.962028503, -6.89490032199996, 0.0 ], [ 110.96207428, -6.89462995399998, 0.0 ], [ 110.962158202, -6.89445018799995, 0.0 ], [ 110.96231842, -6.89415025699998, 0.0 ], [ 110.962524414, -6.8938403119999, 0.0 ], [ 110.962623596, -6.89368009499998, 0.0 ], [ 110.962776184, -6.89348029999996, 0.0 ], [ 110.962974548, -6.89318990699991, 0.0 ], [ 110.963218689, -6.892849920999939, 0.0 ], [ 110.963554382, -6.89243030599994, 0.0 ], [ 110.963653565, -6.89221000599986, 0.0 ], [ 110.963768005, -6.891870021999979, 0.0 ], [ 110.963783263, -6.89142990199997, 0.0 ], [ 110.963752747, -6.891250132999911, 0.0 ], [ 110.963676453, -6.8909902559999, 0.0 ], [ 110.963432312, -6.89081001299991, 0.0 ], [ 110.963302613, -6.89063024399996, 0.0 ], [ 110.963157654, -6.890310286999981, 0.0 ], [ 110.963111877, -6.89002990599994, 0.0 ], [ 110.96307373, -6.88995027499993, 0.0 ], [ 110.962951659, -6.88986015299992, 0.0 ], [ 110.962875366, -6.88980007099985, 0.0 ], [ 110.962753295, -6.88965988099989, 0.0 ], [ 110.962638855, -6.88945007399991, 0.0 ], [ 110.962547303, -6.889220237999951, 0.0 ], [ 110.962532044, -6.889009952999911, 0.0 ], [ 110.962554931, -6.888830184999959, 0.0 ], [ 110.962654113, -6.88843011899991, 0.0 ], [ 110.962722778, -6.888279913999951, 0.0 ], [ 110.962776184, -6.888090132999931, 0.0 ], [ 110.96281433, -6.887760161999889, 0.0 ], [ 110.962837219, -6.887579918999901, 0.0 ], [ 110.962867738, -6.88736009599995, 0.0 ], [ 110.962875366, -6.88702010999998, 0.0 ], [ 110.962867738, -6.88688993399995, 0.0 ], [ 110.963088988, -6.886820315999961, 0.0 ], [ 110.963348388, -6.88678026199995, 0.0 ], [ 110.963607788, -6.88672018099993, 0.0 ], [ 110.963928223, -6.886579989999969, 0.0 ], [ 110.964141845, -6.88651990899996, 0.0 ], [ 110.964378356, -6.88645029099996, 0.0 ], [ 110.964668275, -6.88638019499996, 0.0 ], [ 110.964973449, -6.886350153999961, 0.0 ], [ 110.965606689, -6.88634014099995, 0.0 ], [ 110.966056825, -6.88628005999993, 0.0 ], [ 110.966316224, -6.88620996499998, 0.0 ], [ 110.96647644, -6.88613033299987, 0.0 ], [ 110.966613769, -6.88598012899996, 0.0 ], [ 110.966743469, -6.8857603059999, 0.0 ], [ 110.96697235, -6.88545989999994, 0.0 ], [ 110.967292785, -6.88519000999997, 0.0 ], [ 110.967208861, -6.885070323999911, 0.0 ], [ 110.967185975, -6.884829997999931, 0.0 ], [ 110.967208861, -6.884459972999881, 0.0 ], [ 110.967262269, -6.884200095999971, 0.0 ], [ 110.967536927, -6.88417005399998, 0.0 ], [ 110.967742919, -6.88417005399998, 0.0 ], [ 110.968147278, -6.88413, 0.0 ], [ 110.968399047, -6.88400030099996, 0.0 ], [ 110.968711854, -6.88381004199994, 0.0 ], [ 110.969017029, -6.88346004599993, 0.0 ], [ 110.969085694, -6.88341999099987, 0.0 ], [ 110.969337463, -6.883290289999931, 0.0 ], [ 110.969467162, -6.88319015599996, 0.0 ], [ 110.96964264, -6.88291025199993, 0.0 ], [ 110.969848632, -6.882669925999889, 0.0 ], [ 110.970062255, -6.88262033399997, 0.0 ], [ 110.970321655, -6.88265991099996, 0.0 ], [ 110.970504761, -6.88274001999986, 0.0 ], [ 110.970726013, -6.882860182999931, 0.0 ], [ 110.970901489, -6.882840156999979, 0.0 ], [ 110.971122742, -6.882840156999979, 0.0 ], [ 110.971664428, -6.88279008899991, 0.0 ], [ 110.971916199, -6.88278007399987, 0.0 ], [ 110.972229004, -6.88271999399996, 0.0 ], [ 110.97240448, -6.882630346999919, 0.0 ], [ 110.972854613, -6.88251018399995, 0.0 ], [ 110.97315216, -6.88242006199994, 0.0 ], [ 110.973266602, -6.882230280999979, 0.0 ], [ 110.973503113, -6.88200998299993, 0.0 ], [ 110.973594665, -6.881820201999971, 0.0 ], [ 110.973716736, -6.88160991699988, 0.0 ], [ 110.973808288, -6.88145017699998, 0.0 ], [ 110.973892212, -6.881100177999879, 0.0 ], [ 110.974006652, -6.88084030099998, 0.0 ], [ 110.974128723, -6.88042020799992, 0.0 ], [ 110.974105835, -6.880189894999891, 0.0 ], [ 110.974098206, -6.88000011399993, 0.0 ], [ 110.974082946, -6.87973022399996, 0.0 ], [ 110.974052429, -6.87930011799989, 0.0 ], [ 110.974044799, -6.87909030899993, 0.0 ], [ 110.974014283, -6.878910064999961, 0.0 ], [ 110.973953247, -6.87871027099993, 0.0 ], [ 110.9739151, -6.878439902999961, 0.0 ], [ 110.9739151, -6.87822007999995, 0.0 ], [ 110.973854065, -6.87800025999991, 0.0 ], [ 110.973846435, -6.87772035699993, 0.0 ], [ 110.973808288, -6.87742996099996, 0.0 ], [ 110.973762513, -6.87720012699998, 0.0 ], [ 110.973747253, -6.87686014199988, 0.0 ], [ 110.973731994, -6.87656020999992, 0.0 ], [ 110.973686217, -6.876349924999939, 0.0 ], [ 110.973663331, -6.87602996799995, 0.0 ], [ 110.973945617, -6.875979899999891, 0.0 ], [ 110.974235535, -6.8759899129999, 0.0 ], [ 110.974533082, -6.8759899129999, 0.0 ], [ 110.974876403, -6.87601995499995, 0.0 ], [ 110.975082398, -6.87606000899996, 0.0 ], [ 110.975433349, -6.87604999599984, 0.0 ], [ 110.975746154, -6.87611007599992, 0.0 ], [ 110.976226806, -6.87616014399987, 0.0 ], [ 110.976547241, -6.87621021299992, 0.0 ], [ 110.976776122, -6.87614011799991, 0.0 ], [ 110.977043152, -6.87614011799991, 0.0 ], [ 110.977264405, -6.876080034999921, 0.0 ], [ 110.977478027, -6.87601995499995, 0.0 ], [ 110.977844237, -6.876009941999879, 0.0 ], [ 110.978126525, -6.876009941999879, 0.0 ], [ 110.978363037, -6.87604999599984, 0.0 ], [ 110.97869873, -6.876009941999879, 0.0 ], [ 110.978927613, -6.876009941999879, 0.0 ], [ 110.979393005, -6.87613010499996, 0.0 ], [ 110.979644776, -6.87613010499996, 0.0 ], [ 110.98009491, -6.876180171999921, 0.0 ], [ 110.980346679, -6.87621021299992, 0.0 ], [ 110.980567932, -6.87630033499994, 0.0 ], [ 110.980773927, -6.8763203609999, 0.0 ], [ 110.981018066, -6.876349924999939, 0.0 ], [ 110.981208802, -6.87644004699996, 0.0 ], [ 110.981376648, -6.876570224999969, 0.0 ], [ 110.9815979, -6.87677001999998, 0.0 ], [ 110.98174286, -6.87690019599984, 0.0 ], [ 110.982025146, -6.87719011199994, 0.0 ], [ 110.982131958, -6.877280235999929, 0.0 ], [ 110.98210907, -6.87739992199988, 0.0 ], [ 110.982086181, -6.87754011099992, 0.0 ], [ 110.982093811, -6.87775993399993, 0.0 ], [ 110.982185363, -6.87798023199991, 0.0 ], [ 110.982421874, -6.8783202169999, 0.0 ], [ 110.982704162, -6.878570078999869, 0.0 ], [ 110.98286438, -6.87869024199995, 0.0 ], [ 110.983032227, -6.87875032499988, 0.0 ], [ 110.983253478, -6.87875032499988, 0.0 ], [ 110.983345032, -6.878740309999959, 0.0 ], [ 110.983444214, -6.87875032499988, 0.0 ], [ 110.98361206, -6.878790378999891, 0.0 ], [ 110.983734131, -6.87882995599989, 0.0 ], [ 110.983894348, -6.87892007799996, 0.0 ], [ 110.984046935, -6.87916993999994, 0.0 ], [ 110.984184264, -6.87934017299995, 0.0 ], [ 110.984336854, -6.87943029399992, 0.0 ], [ 110.984397889, -6.879509925999909, 0.0 ], [ 110.984436036, -6.87986993799996, 0.0 ], [ 110.984336854, -6.88025999099989, 0.0 ], [ 110.98425293, -6.88042020799992, 0.0 ], [ 110.984352112, -6.88055991999994, 0.0 ], [ 110.984756469, -6.88072013799996, 0.0 ], [ 110.984916686, -6.88077020699996, 0.0 ], [ 110.985122681, -6.88071012499995, 0.0 ], [ 110.985206604, -6.88068008299996, 0.0 ], [ 110.985343933, -6.88065004399994, 0.0 ], [ 110.985717774, -6.88102006899993, 0.0 ], [ 110.985832214, -6.881200312999909, 0.0 ], [ 110.986045837, -6.88147020299994, 0.0 ], [ 110.986335755, -6.88176012099996, 0.0 ], [ 110.986625671, -6.881900309999929, 0.0 ], [ 110.986885071, -6.882060049999889, 0.0 ], [ 110.986976623, -6.88222026799991, 0.0 ], [ 110.987213134, -6.88244008999993, 0.0 ], [ 110.987297058, -6.882530211999889, 0.0 ], [ 110.987457275, -6.88290023699994, 0.0 ], [ 110.987556457, -6.88304996399989, 0.0 ], [ 110.987602234, -6.883110046999829, 0.0 ], [ 110.987693786, -6.88319015599996, 0.0 ], [ 110.987846374, -6.88330030399993, 0.0 ], [ 110.988372803, -6.88354015199997, 0.0 ], [ 110.988685608, -6.883640288999909, 0.0 ], [ 110.988914491, -6.88363027599996, 0.0 ], [ 110.989097595, -6.88357019399996, 0.0 ], [ 110.989303589, -6.88344001699994, 0.0 ], [ 110.989486695, -6.88334035799994, 0.0 ], [ 110.989685059, -6.88336038599994, 0.0 ], [ 110.989852905, -6.88339090299996, 0.0 ] ] ] ] } },
{ "type": "Feature", "properties": { "GID_4": "IDN.10.19.10.12_1", "GID_0": "IDN", "COUNTRY": "Indonesia", "GID_1": "IDN.10_1", "NAME_1": "Jawa Tengah", "GID_2": "IDN.10.19_1", "NAME_2": "Kudus", "GID_3": "IDN.10.19.10_1", "NAME_3": "Undaan", "NAME_4": "Undaan Kidul", "VARNAME_4": "NA", "TYPE_4": "Desa", "ENGTYPE_4": "Village", "CC_4": "3319040008" }, "geometry": { "type": "MultiPolygon", "coordinates": [ [ [ [ 110.802612306, -6.898063659999931, 0.0 ], [ 110.802574157, -6.89743280299996, 0.0 ], [ 110.802742004, -6.89670371899996, 0.0 ], [ 110.803466796, -6.89608716999993, 0.0 ], [ 110.803901671, -6.89574050899995, 0.0 ], [ 110.804145813, -6.89569473199998, 0.0 ], [ 110.805885314, -6.895246982999939, 0.0 ], [ 110.807380677, -6.89411210999992, 0.0 ], [ 110.807510375, -6.89401388099998, 0.0 ], [ 110.807846069, -6.89345312099994, 0.0 ], [ 110.808525085, -6.8919391629999, 0.0 ], [ 110.808799743, -6.89064931799993, 0.0 ], [ 110.808395387, -6.888290881999921, 0.0 ], [ 110.808250427, -6.888150214999939, 0.0 ], [ 110.807899476, -6.88775825499994, 0.0 ], [ 110.807853699, -6.88762092599995, 0.0 ], [ 110.807769775, -6.88662099899989, 0.0 ], [ 110.807952881, -6.885837076999959, 0.0 ], [ 110.808166504, -6.884674547999959, 0.0 ], [ 110.808189392, -6.8829092979999, 0.0 ], [ 110.810470581, -6.88405132299988, 0.0 ], [ 110.828666687, -6.891862868999911, 0.0 ], [ 110.831359863, -6.89483594899997, 0.0 ], [ 110.835342407, -6.89937972899997, 0.0 ], [ 110.836784362, -6.90276861099994, 0.0 ], [ 110.837867738, -6.9043717379999, 0.0 ], [ 110.840835572, -6.90622329699988, 0.0 ], [ 110.849517822, -6.91141271599992, 0.0 ], [ 110.849693299, -6.91154432199988, 0.0 ], [ 110.849342346, -6.912071703999909, 0.0 ], [ 110.849044799, -6.91258525799992, 0.0 ], [ 110.849006652, -6.91277503999993, 0.0 ], [ 110.848976136, -6.91298484699996, 0.0 ], [ 110.848945617, -6.91315460199996, 0.0 ], [ 110.84816742, -6.91411161499985, 0.0 ], [ 110.847015381, -6.91580724699998, 0.0 ], [ 110.846313476, -6.917381762999981, 0.0 ], [ 110.845527649, -6.918532371999961, 0.0 ], [ 110.845153809, -6.92014169699996, 0.0 ], [ 110.840164185, -6.91800927999992, 0.0 ], [ 110.836425781, -6.91707324899994, 0.0 ], [ 110.836410522, -6.917149543999929, 0.0 ], [ 110.835624695, -6.917149066999969, 0.0 ], [ 110.8359375, -6.91463994899993, 0.0 ], [ 110.835494994, -6.91455173499992, 0.0 ], [ 110.833732604, -6.91441917399987, 0.0 ], [ 110.832809448, -6.915827274999969, 0.0 ], [ 110.831970214, -6.916047094999951, 0.0 ], [ 110.831619263, -6.917235850999869, 0.0 ], [ 110.830207824, -6.916882991999901, 0.0 ], [ 110.829505921, -6.91890811899998, 0.0 ], [ 110.829109192, -6.91890811899998, 0.0 ], [ 110.828926086, -6.919436453999879, 0.0 ], [ 110.824867249, -6.9186100959999, 0.0 ], [ 110.823379517, -6.918201445999959, 0.0 ], [ 110.823646546, -6.91688060699988, 0.0 ], [ 110.821640015, -6.915392874999899, 0.0 ], [ 110.820663452, -6.91505146099996, 0.0 ], [ 110.82030487, -6.91444778499994, 0.0 ], [ 110.819694519, -6.91411733499996, 0.0 ], [ 110.818031311, -6.91332006499988, 0.0 ], [ 110.817520142, -6.91295003799991, 0.0 ], [ 110.815826415, -6.91157007299995, 0.0 ], [ 110.81539154, -6.9111700069999, 0.0 ], [ 110.814811707, -6.91065978999995, 0.0 ], [ 110.814559936, -6.91044998099994, 0.0 ], [ 110.813491821, -6.90954017599995, 0.0 ], [ 110.812698364, -6.90896987899993, 0.0 ], [ 110.812538146, -6.90886020599993, 0.0 ], [ 110.812438964, -6.90880012599996, 0.0 ], [ 110.811912537, -6.90853023599988, 0.0 ], [ 110.811431884, -6.908289908999899, 0.0 ], [ 110.811363221, -6.908255577999909, 0.0 ], [ 110.813507079, -6.90417623399998, 0.0 ], [ 110.812828064, -6.90391158899985, 0.0 ], [ 110.812896728, -6.903257368999959, 0.0 ], [ 110.805435181, -6.90040588299996, 0.0 ], [ 110.805435181, -6.89947080599995, 0.0 ], [ 110.802612306, -6.898063659999931, 0.0 ] ] ] ] } },
{ "type": "Feature", "properties": { "GID_4": "IDN.10.21.15.15_1", "GID_0": "IDN", "COUNTRY": "Indonesia", "GID_1": "IDN.10_1", "NAME_1": "Jawa Tengah", "GID_2": "IDN.10.21_1", "NAME_2": "Pati", "GID_3": "IDN.10.21.15_1", "NAME_3": "Sukolilo", "NAME_4": "Wegil", "VARNAME_4": "NA", "TYPE_4": "Desa", "ENGTYPE_4": "Village", "CC_4": "3318010003" }, "geometry": { "type": "MultiPolygon", "coordinates": [ [ [ [ 110.839645386, -6.94292068499993, 0.0 ], [ 110.839416503, -6.9422001829999, 0.0 ], [ 110.838279725, -6.93937015599994, 0.0 ], [ 110.837738037, -6.93782997099987, 0.0 ], [ 110.837455749, -6.9371948239999, 0.0 ], [ 110.837631227, -6.93712759099992, 0.0 ], [ 110.838699342, -6.93689203199989, 0.0 ], [ 110.840324403, -6.93667459399995, 0.0 ], [ 110.842651367, -6.93636655799997, 0.0 ], [ 110.844123841, -6.935930728999951, 0.0 ], [ 110.844795227, -6.93551349499995, 0.0 ], [ 110.846221924, -6.93384265899994, 0.0 ], [ 110.84752655, -6.93233489899995, 0.0 ], [ 110.848129271, -6.93157243799993, 0.0 ], [ 110.848205567, -6.930972574999939, 0.0 ], [ 110.848022461, -6.92953729499993, 0.0 ], [ 110.848007203, -6.92933702499988, 0.0 ], [ 110.847496032, -6.92814016199998, 0.0 ], [ 110.847282409, -6.927281856999969, 0.0 ], [ 110.847648621, -6.92689180399998, 0.0 ], [ 110.848373413, -6.926528453999941, 0.0 ], [ 110.849403381, -6.92616557999997, 0.0 ], [ 110.850372314, -6.92616605699982, 0.0 ], [ 110.851524353, -6.926105498999959, 0.0 ], [ 110.853042602, -6.92598485899993, 0.0 ], [ 110.854553222, -6.92592477799991, 0.0 ], [ 110.85621643, -6.92610931399992, 0.0 ], [ 110.858078003, -6.92705726599991, 0.0 ], [ 110.85849762, -6.92768239999998, 0.0 ], [ 110.859466553, -6.92865180899997, 0.0 ], [ 110.861587524, -6.92950058099996, 0.0 ], [ 110.862556457, -6.92980384799989, 0.0 ], [ 110.864128113, -6.93040990799994, 0.0 ], [ 110.864677429, -6.931015491999971, 0.0 ], [ 110.864677429, -6.93186378399997, 0.0 ], [ 110.864555359, -6.93265104299991, 0.0 ], [ 110.864128113, -6.93331718499996, 0.0 ], [ 110.863586426, -6.93386220999997, 0.0 ], [ 110.863098145, -6.93464946699987, 0.0 ], [ 110.86315918, -6.93561839999995, 0.0 ], [ 110.864189149, -6.93719387099992, 0.0 ], [ 110.865402221, -6.939011095999889, 0.0 ], [ 110.867095947, -6.94070768299997, 0.0 ], [ 110.869522094, -6.94294929599988, 0.0 ], [ 110.869888306, -6.94403982199998, 0.0 ], [ 110.870613097, -6.94549369799989, 0.0 ], [ 110.871017456, -6.9461765289999, 0.0 ], [ 110.871040345, -6.946532725999929, 0.0 ], [ 110.871345519, -6.94713449499994, 0.0 ], [ 110.871871949, -6.94830036199988, 0.0 ], [ 110.872436523, -6.94890212999991, 0.0 ], [ 110.873039246, -6.94965410299989, 0.0 ], [ 110.87348938, -6.950218200999929, 0.0 ], [ 110.873825073, -6.95066928799997, 0.0 ], [ 110.873786926, -6.95108318199993, 0.0 ], [ 110.873725891, -6.95132589299993, 0.0 ], [ 110.871688843, -6.95242118699997, 0.0 ], [ 110.871078492, -6.95239829899992, 0.0 ], [ 110.870063782, -6.951946734999981, 0.0 ], [ 110.869544982, -6.95160484399992, 0.0 ], [ 110.868873596, -6.95274019199996, 0.0 ], [ 110.868637085, -6.953217506999919, 0.0 ], [ 110.868476867, -6.953549861999931, 0.0 ], [ 110.868110657, -6.95459127399994, 0.0 ], [ 110.868217468, -6.95563077999998, 0.0 ], [ 110.868484497, -6.956871985999951, 0.0 ], [ 110.868598938, -6.957811831999951, 0.0 ], [ 110.868629455, -6.95837593099998, 0.0 ], [ 110.868522644, -6.95893955299988, 0.0 ], [ 110.868408204, -6.959503648999939, 0.0 ], [ 110.868171693, -6.95991659099991, 0.0 ], [ 110.868103027, -6.96003007899998, 0.0 ], [ 110.867538453, -6.960330485999979, 0.0 ], [ 110.867012024, -6.96055603099995, 0.0 ], [ 110.866790771, -6.96074390499996, 0.0 ], [ 110.866523743, -6.961232662999919, 0.0 ], [ 110.86618805, -6.96198463299987, 0.0 ], [ 110.865737914, -6.96239805199997, 0.0 ], [ 110.865356446, -6.96251058499996, 0.0 ], [ 110.865112305, -6.962622164999971, 0.0 ], [ 110.864608764, -6.96284866299993, 0.0 ], [ 110.86377716, -6.96311187799995, 0.0 ], [ 110.863250732, -6.963938711999899, 0.0 ], [ 110.863250732, -6.964427469999919, 0.0 ], [ 110.863327026, -6.96499156899989, 0.0 ], [ 110.863662719, -6.96578121099992, 0.0 ], [ 110.864036559, -6.96597480699995, 0.0 ], [ 110.864028931, -6.966149805999979, 0.0 ], [ 110.864753723, -6.967160224999929, 0.0 ], [ 110.865348816, -6.967810152999959, 0.0 ], [ 110.865417481, -6.96838998799996, 0.0 ], [ 110.865158082, -6.96916007899989, 0.0 ], [ 110.864341736, -6.970399856999901, 0.0 ], [ 110.864143372, -6.97072124499994, 0.0 ], [ 110.863258362, -6.970793722999819, 0.0 ], [ 110.862861634, -6.970400809999889, 0.0 ], [ 110.862472534, -6.970279693999831, 0.0 ], [ 110.861808777, -6.969825744999921, 0.0 ], [ 110.861198426, -6.96940231299988, 0.0 ], [ 110.860778809, -6.96913003799989, 0.0 ], [ 110.860290526, -6.96870660799988, 0.0 ], [ 110.859748841, -6.96837377499998, 0.0 ], [ 110.859237672, -6.96828317599994, 0.0 ], [ 110.858810424, -6.96855497299993, 0.0 ], [ 110.858116149, -6.96858501499992, 0.0 ], [ 110.857902527, -6.96852445699989, 0.0 ], [ 110.857421874, -6.968615053999941, 0.0 ], [ 110.857086181, -6.96882677099995, 0.0 ], [ 110.856658936, -6.9691591269999, 0.0 ], [ 110.856140137, -6.96920061099996, 0.0 ], [ 110.855903626, -6.96921920699992, 0.0 ], [ 110.855369568, -6.968929290999939, 0.0 ], [ 110.854522706, -6.969312668999921, 0.0 ], [ 110.852973938, -6.96938752999989, 0.0 ], [ 110.851470948, -6.96901082999989, 0.0 ], [ 110.849098206, -6.968183040999969, 0.0 ], [ 110.84740448, -6.96784400999991, 0.0 ], [ 110.845489502, -6.967731, 0.0 ], [ 110.844734192, -6.967977045999931, 0.0 ], [ 110.844154358, -6.96777772899992, 0.0 ], [ 110.843368531, -6.96748256599994, 0.0 ], [ 110.842849731, -6.96689557999997, 0.0 ], [ 110.842437744, -6.96671438199996, 0.0 ], [ 110.842063904, -6.96641349799995, 0.0 ], [ 110.841537475, -6.96577453599991, 0.0 ], [ 110.841049194, -6.96539831099994, 0.0 ], [ 110.840431213, -6.96510028899991, 0.0 ], [ 110.839881897, -6.96520996099991, 0.0 ], [ 110.839126587, -6.9654350269999, 0.0 ], [ 110.838600159, -6.96554756199987, 0.0 ], [ 110.83807373, -6.96554756199987, 0.0 ], [ 110.837471009, -6.965021132999941, 0.0 ], [ 110.837287903, -6.96438169499987, 0.0 ], [ 110.837211609, -6.96393060699995, 0.0 ], [ 110.837211609, -6.96340417899989, 0.0 ], [ 110.837364197, -6.963140964999979, 0.0 ], [ 110.837547303, -6.96265220699996, 0.0 ], [ 110.837478637, -6.96193790299998, 0.0 ], [ 110.837425232, -6.961286067999881, 0.0 ], [ 110.836837769, -6.960546492999979, 0.0 ], [ 110.83657074, -6.95964431799996, 0.0 ], [ 110.836463927, -6.95923042399988, 0.0 ], [ 110.837028504, -6.959117888999909, 0.0 ], [ 110.837028504, -6.958478925999879, 0.0 ], [ 110.836463927, -6.958516119999959, 0.0 ], [ 110.836463927, -6.95795202199997, 0.0 ], [ 110.837028504, -6.957877157999921, 0.0 ], [ 110.83706665, -6.9575014109999, 0.0 ], [ 110.83706665, -6.95689964199994, 0.0 ], [ 110.837814331, -6.95663690499987, 0.0 ], [ 110.838943481, -6.95626115699997, 0.0 ], [ 110.839775085, -6.95614862399998, 0.0 ], [ 110.840324403, -6.95578908999988, 0.0 ], [ 110.840339661, -6.9556999209999, 0.0 ], [ 110.840377808, -6.955503939999909, 0.0 ], [ 110.841209412, -6.95533323399985, 0.0 ], [ 110.842391967, -6.95489120499997, 0.0 ], [ 110.843666077, -6.953957081999931, 0.0 ], [ 110.844650268, -6.95341634699997, 0.0 ], [ 110.846427917, -6.95302343299994, 0.0 ], [ 110.847755431, -6.953122137999969, 0.0 ], [ 110.848442078, -6.95223712899991, 0.0 ], [ 110.848594666, -6.95110607099997, 0.0 ], [ 110.847709656, -6.95090913699988, 0.0 ], [ 110.846572876, -6.95076084199997, 0.0 ], [ 110.844947815, -6.95066213499996, 0.0 ], [ 110.843231202, -6.95046472599989, 0.0 ], [ 110.842781068, -6.94967794399997, 0.0 ], [ 110.842338562, -6.949234962999919, 0.0 ], [ 110.842147826, -6.948791979999949, 0.0 ], [ 110.841896057, -6.94800519999995, 0.0 ], [ 110.841262817, -6.94721794099996, 0.0 ], [ 110.841064453, -6.94667673099991, 0.0 ], [ 110.840721131, -6.946037292999961, 0.0 ], [ 110.840621949, -6.945397852999971, 0.0 ], [ 110.840621949, -6.94446372899995, 0.0 ], [ 110.840766906, -6.94382429199987, 0.0 ], [ 110.840919494, -6.94323396699997, 0.0 ], [ 110.840667724, -6.94288969099995, 0.0 ], [ 110.839912414, -6.94304704599989, 0.0 ], [ 110.839698791, -6.94309186999988, 0.0 ], [ 110.839645386, -6.94292068499993, 0.0 ] ] ] ] } },
{ "type": "Feature", "properties": { "GID_4": "IDN.10.19.10.16_1", "GID_0": "IDN", "COUNTRY": "Indonesia", "GID_1": "IDN.10_1", "NAME_1": "Jawa Tengah", "GID_2": "IDN.10.19_1", "NAME_2": "Kudus", "GID_3": "IDN.10.19.10_1", "NAME_3": "Undaan", "NAME_4": "Wonosoco", "VARNAME_4": "NA", "TYPE_4": "Desa", "ENGTYPE_4": "Village", "CC_4": "3319040001" }, "geometry": { "type": "MultiPolygon", "coordinates": [ [ [ [ 110.800445557, -6.96876382799996, 0.0 ], [ 110.800415038, -6.96863794199987, 0.0 ], [ 110.800209046, -6.96772432199998, 0.0 ], [ 110.799827575, -6.9666161529999, 0.0 ], [ 110.79927826, -6.965580463999859, 0.0 ], [ 110.798553466, -6.964399337999909, 0.0 ], [ 110.797439576, -6.96323585399995, 0.0 ], [ 110.796058654, -6.96169137899994, 0.0 ], [ 110.794677734, -6.96023750299997, 0.0 ], [ 110.793937684, -6.95943593899995, 0.0 ], [ 110.793823177, -6.95931045799995, 0.0 ], [ 110.793894685, -6.959091532999931, 0.0 ], [ 110.79397, -6.958862, 0.0 ], [ 110.794846, -6.956179, 0.0 ], [ 110.795089857, -6.95542144799987, 0.0 ], [ 110.799180262, -6.95540514399994, 0.0 ], [ 110.800832781, -6.95539865099994, 0.0 ], [ 110.803344886, -6.95538877999991, 0.0 ], [ 110.803459168, -6.95542478599998, 0.0 ], [ 110.806594848, -6.95542621599998, 0.0 ], [ 110.806686402, -6.95545005699984, 0.0 ], [ 110.807289123, -6.955477237999959, 0.0 ], [ 110.807182312, -6.960281847999851, 0.0 ], [ 110.809967041, -6.965735435999871, 0.0 ], [ 110.810371399, -6.9675531389999, 0.0 ], [ 110.810371399, -6.96937084199993, 0.0 ], [ 110.809890747, -6.97089099799996, 0.0 ], [ 110.810295106, -6.97285747499996, 0.0 ], [ 110.810112, -6.97367334299997, 0.0 ], [ 110.810371399, -6.97489738499996, 0.0 ], [ 110.810218812, -6.97578763999991, 0.0 ], [ 110.809440613, -6.97664022499993, 0.0 ], [ 110.808181762, -6.97812366399995, 0.0 ], [ 110.806991576, -6.97882795199996, 0.0 ], [ 110.805061341, -6.979309081999871, 0.0 ], [ 110.805015564, -6.979693889999909, 0.0 ], [ 110.803909302, -6.97957086499997, 0.0 ], [ 110.803459168, -6.97889804799996, 0.0 ], [ 110.803329467, -6.97866248999992, 0.0 ], [ 110.803649902, -6.97519159199987, 0.0 ], [ 110.803543092, -6.973596571999911, 0.0 ], [ 110.803466796, -6.97233533799994, 0.0 ], [ 110.803245545, -6.971704482999941, 0.0 ], [ 110.802726746, -6.97118520699996, 0.0 ], [ 110.802238464, -6.96992349499993, 0.0 ], [ 110.801834107, -6.96958970899993, 0.0 ], [ 110.801239014, -6.96906995699993, 0.0 ], [ 110.800445557, -6.96876382799996, 0.0 ] ] ] ] } },
{ "type": "Feature", "properties": { "GID_4": "IDN.10.21.15.16_1", "GID_0": "IDN", "COUNTRY": "Indonesia", "GID_1": "IDN.10_1", "NAME_1": "Jawa Tengah", "GID_2": "IDN.10.21_1", "NAME_2": "Pati", "GID_3": "IDN.10.21.15_1", "NAME_3": "Sukolilo", "NAME_4": "Wotan", "VARNAME_4": "NA", "TYPE_4": "Desa", "ENGTYPE_4": "Village", "CC_4": "3318010013" }, "geometry": { "type": "MultiPolygon", "coordinates": [ [ [ [ 110.913337707, -6.86750078299997, 0.0 ], [ 110.919006348, -6.86753415999993, 0.0 ], [ 110.918663024, -6.867646216999961, 0.0 ], [ 110.918045045, -6.86784124399992, 0.0 ], [ 110.917625428, -6.86797571299996, 0.0 ], [ 110.917213441, -6.86812209999988, 0.0 ], [ 110.91697693, -6.86822795899985, 0.0 ], [ 110.916748047, -6.868329523999819, 0.0 ], [ 110.916427612, -6.86842727599998, 0.0 ], [ 110.916046144, -6.86853694899992, 0.0 ], [ 110.915557861, -6.86869573599989, 0.0 ], [ 110.915168763, -6.868903158999959, 0.0 ], [ 110.91494751, -6.86897611699993, 0.0 ], [ 110.914726257, -6.86906146899997, 0.0 ], [ 110.914482116, -6.869159220999961, 0.0 ], [ 110.914375305, -6.86919116999997, 0.0 ], [ 110.914375305, -6.86892700199996, 0.0 ], [ 110.913612365, -6.86918115699996, 0.0 ], [ 110.912635804, -6.869435310999901, 0.0 ], [ 110.912086486, -6.869732379999961, 0.0 ], [ 110.911491393, -6.87004613999994, 0.0 ], [ 110.911521912, -6.871235369999911, 0.0 ], [ 110.911773681, -6.87281036399992, 0.0 ], [ 110.911605836, -6.87405824599995, 0.0 ], [ 110.911338806, -6.87493801099993, 0.0 ], [ 110.91078949, -6.87659501899998, 0.0 ], [ 110.910705566, -6.87755632399995, 0.0 ], [ 110.910629272, -6.87814950899991, 0.0 ], [ 110.910507202, -6.87855863599992, 0.0 ], [ 110.910202027, -6.87898826599996, 0.0 ], [ 110.909713745, -6.87941789599995, 0.0 ], [ 110.908874512, -6.87974500699994, 0.0 ], [ 110.907867431, -6.88023567199997, 0.0 ], [ 110.907356262, -6.88052177299988, 0.0 ], [ 110.90662384, -6.881012915999971, 0.0 ], [ 110.905799866, -6.881176470999889, 0.0 ], [ 110.904800414, -6.881175993999929, 0.0 ], [ 110.903915405, -6.88136005499996, 0.0 ], [ 110.902915954, -6.881687164999959, 0.0 ], [ 110.902404785, -6.88209628999988, 0.0 ], [ 110.901847839, -6.88262796399982, 0.0 ], [ 110.901489257, -6.88292503299988, 0.0 ], [ 110.900901794, -6.88432025899994, 0.0 ], [ 110.900695802, -6.887262343999911, 0.0 ], [ 110.90044403, -6.88888549799992, 0.0 ], [ 110.900253296, -6.89200687399995, 0.0 ], [ 110.900093079, -6.893322944999909, 0.0 ], [ 110.899879456, -6.89500331899995, 0.0 ], [ 110.899757385, -6.8962521549999, 0.0 ], [ 110.89931488, -6.898561953999939, 0.0 ], [ 110.899757385, -6.90080928899994, 0.0 ], [ 110.899971008, -6.90205812499994, 0.0 ], [ 110.900283813, -6.904118060999961, 0.0 ], [ 110.900283813, -6.90567874899995, 0.0 ], [ 110.900474549, -6.90730190299996, 0.0 ], [ 110.900718688, -6.90873813599995, 0.0 ], [ 110.901405335, -6.90954971299988, 0.0 ], [ 110.903343201, -6.908863543999931, 0.0 ], [ 110.904716493, -6.90842676099993, 0.0 ], [ 110.906845093, -6.90873908999993, 0.0 ], [ 110.907424927, -6.9087266919999, 0.0 ], [ 110.909996033, -6.9103093139999, 0.0 ], [ 110.910018921, -6.91037988699998, 0.0 ], [ 110.910026549, -6.91063022599991, 0.0 ], [ 110.910079957, -6.91094017099988, 0.0 ], [ 110.910469055, -6.91136217099989, 0.0 ], [ 110.910842895, -6.91192388499985, 0.0 ], [ 110.911094666, -6.91348457299995, 0.0 ], [ 110.911026001, -6.91485834199989, 0.0 ], [ 110.910652161, -6.91679334599996, 0.0 ], [ 110.910133362, -6.91789722399989, 0.0 ], [ 110.909530639, -6.919165610999871, 0.0 ], [ 110.909217834, -6.91978979099997, 0.0 ], [ 110.909278869, -6.92047643599994, 0.0 ], [ 110.90977478, -6.92110109199996, 0.0 ], [ 110.910491943, -6.921744346999961, 0.0 ], [ 110.911026001, -6.92222499799993, 0.0 ], [ 110.911460876, -6.92291164399995, 0.0 ], [ 110.911460876, -6.92359828899981, 0.0 ], [ 110.911399841, -6.92447233199994, 0.0 ], [ 110.911216735, -6.92513370599994, 0.0 ], [ 110.910957336, -6.92517614299987, 0.0 ], [ 110.910652161, -6.925367831999949, 0.0 ], [ 110.910682678, -6.92512846099993, 0.0 ], [ 110.910575867, -6.925118445999891, 0.0 ], [ 110.909896851, -6.92536020199992, 0.0 ], [ 110.908882141, -6.925698279999951, 0.0 ], [ 110.908447265, -6.92572879699998, 0.0 ], [ 110.907989501, -6.925605772999971, 0.0 ], [ 110.907310487, -6.92529821399995, 0.0 ], [ 110.90663147, -6.92496013599998, 0.0 ], [ 110.905838013, -6.924990653999881, 0.0 ], [ 110.905036926, -6.925174712999931, 0.0 ], [ 110.90411377, -6.92554378499995, 0.0 ], [ 110.903373718, -6.92606592199996, 0.0 ], [ 110.902572632, -6.92655801799998, 0.0 ], [ 110.90220642, -6.926711559999939, 0.0 ], [ 110.901527406, -6.92683458299996, 0.0 ], [ 110.900848389, -6.926834105999939, 0.0 ], [ 110.900299073, -6.926834105999939, 0.0 ], [ 110.899772644, -6.926741598999911, 0.0 ], [ 110.899215698, -6.92664956999994, 0.0 ], [ 110.898727417, -6.92664909199988, 0.0 ], [ 110.897956849, -6.926741598999911, 0.0 ], [ 110.897468566, -6.926864146999949, 0.0 ], [ 110.896385193, -6.927048682999841, 0.0 ], [ 110.895713806, -6.927048205999881, 0.0 ], [ 110.894973754, -6.92671012799997, 0.0 ], [ 110.89441681, -6.92631006099998, 0.0 ], [ 110.893898011, -6.925756454999941, 0.0 ], [ 110.893791198, -6.925648212999931, 0.0 ], [ 110.893592834, -6.925580024999931, 0.0 ], [ 110.893356323, -6.925459860999981, 0.0 ], [ 110.89302063, -6.925409793999959, 0.0 ], [ 110.892753602, -6.92535018899997, 0.0 ], [ 110.892562866, -6.92536020199992, 0.0 ], [ 110.892303466, -6.92524003899996, 0.0 ], [ 110.891906738, -6.92518997099995, 0.0 ], [ 110.891677857, -6.92511939999997, 0.0 ], [ 110.891654968, -6.92485904599994, 0.0 ], [ 110.891647338, -6.92473983799994, 0.0 ], [ 110.891647338, -6.92451000199992, 0.0 ], [ 110.891677857, -6.924240111999891, 0.0 ], [ 110.891738892, -6.92404985299987, 0.0 ], [ 110.891799927, -6.92378997799995, 0.0 ], [ 110.891853333, -6.92347002099996, 0.0 ], [ 110.891853333, -6.923130034999871, 0.0 ], [ 110.891853333, -6.92276000999982, 0.0 ], [ 110.891723634, -6.922379969999889, 0.0 ], [ 110.891716004, -6.922052858999901, 0.0 ], [ 110.891708373, -6.9219732279999, 0.0 ], [ 110.891685485, -6.921854972999881, 0.0 ], [ 110.891670227, -6.92174291499992, 0.0 ], [ 110.89163971, -6.921615123999971, 0.0 ], [ 110.891609191, -6.921509265999869, 0.0 ], [ 110.891578675, -6.921407221999971, 0.0 ], [ 110.891532898, -6.92127084799995, 0.0 ], [ 110.891166688, -6.920786379999921, 0.0 ], [ 110.890197755, -6.92018032099998, 0.0 ], [ 110.889472961, -6.91993808799992, 0.0 ], [ 110.888801575, -6.919755935999941, 0.0 ], [ 110.887351989, -6.91999816799989, 0.0 ], [ 110.885894776, -6.91987657499988, 0.0 ], [ 110.884948731, -6.91987609799992, 0.0 ], [ 110.884681702, -6.91975498199997, 0.0 ], [ 110.883651733, -6.91914892099993, 0.0 ], [ 110.882797241, -6.918298243999969, 0.0 ], [ 110.88256836, -6.91826009699997, 0.0 ], [ 110.882331849, -6.918200015999901, 0.0 ], [ 110.88191986, -6.918099878999949, 0.0 ], [ 110.881607055, -6.91804981199994, 0.0 ], [ 110.881408691, -6.917975902999841, 0.0 ], [ 110.881347656, -6.91890621199997, 0.0 ], [ 110.880134583, -6.919511794999891, 0.0 ], [ 110.878501892, -6.919511317999931, 0.0 ], [ 110.87589264, -6.918965339999889, 0.0 ], [ 110.874740601, -6.91854095499997, 0.0 ], [ 110.873954774, -6.917995928999969, 0.0 ], [ 110.872924805, -6.91672372699998, 0.0 ], [ 110.871406555, -6.915814398999941, 0.0 ], [ 110.868377685, -6.91405725499988, 0.0 ], [ 110.867713929, -6.913572311999929, 0.0 ], [ 110.866439819, -6.91272401699996, 0.0 ], [ 110.865348816, -6.912117958999939, 0.0 ], [ 110.864257812, -6.91193628299987, 0.0 ], [ 110.862922669, -6.911996364999879, 0.0 ], [ 110.86201477, -6.91193532999989, 0.0 ], [ 110.861473084, -6.91145086299997, 0.0 ], [ 110.860740662, -6.911026477999939, 0.0 ], [ 110.859466553, -6.91096544199996, 0.0 ], [ 110.857284545, -6.91072273299994, 0.0 ], [ 110.855163574, -6.90987396099996, 0.0 ], [ 110.853286743, -6.90896511099993, 0.0 ], [ 110.852256775, -6.90807390199996, 0.0 ], [ 110.851219176, -6.90941381399989, 0.0 ], [ 110.850189208, -6.91086053799995, 0.0 ], [ 110.849861145, -6.911299704999981, 0.0 ], [ 110.849693299, -6.91154432199988, 0.0 ], [ 110.849517822, -6.91141271599992, 0.0 ], [ 110.849937439, -6.91075372699993, 0.0 ], [ 110.850212097, -6.91024160299992, 0.0 ], [ 110.85055542, -6.90960931799992, 0.0 ], [ 110.851272583, -6.908365249999919, 0.0 ], [ 110.851890565, -6.90776920299982, 0.0 ], [ 110.852676392, -6.906871794999969, 0.0 ], [ 110.853218079, -6.90648698699994, 0.0 ], [ 110.853828431, -6.90571022099988, 0.0 ], [ 110.854438782, -6.904846667999949, 0.0 ], [ 110.855560302, -6.903247355999949, 0.0 ], [ 110.855316163, -6.90277910099991, 0.0 ], [ 110.854591369, -6.901937483999921, 0.0 ], [ 110.854118347, -6.90148305799988, 0.0 ], [ 110.854202271, -6.90132236499994, 0.0 ], [ 110.853187561, -6.900983809999959, 0.0 ], [ 110.852790832, -6.90019845999984, 0.0 ], [ 110.852851868, -6.897731303999879, 0.0 ], [ 110.854591369, -6.89851665399993, 0.0 ], [ 110.855148315, -6.89834880799992, 0.0 ], [ 110.855766297, -6.897844314999929, 0.0 ], [ 110.856445313, -6.897844314999929, 0.0 ], [ 110.856666564, -6.898293017999951, 0.0 ], [ 110.857398986, -6.89840555099988, 0.0 ], [ 110.858406068, -6.89773273499992, 0.0 ], [ 110.86026001, -6.897733211999881, 0.0 ], [ 110.860396026, -6.89773340499988, 0.0 ], [ 110.860595703, -6.89773368699991, 0.0 ], [ 110.860740786, -6.8976840659999, 0.0 ], [ 110.861603001, -6.8978430009999, 0.0 ], [ 110.862449661, -6.897134283999951, 0.0 ], [ 110.862676304, -6.89683695799988, 0.0 ], [ 110.863205001, -6.89614299899995, 0.0 ], [ 110.863389167, -6.89573083899995, 0.0 ], [ 110.863952637, -6.89446878399997, 0.0 ], [ 110.86427307, -6.89362668999991, 0.0 ], [ 110.864290468, -6.893592984999879, 0.0 ], [ 110.864311219, -6.89355277899995, 0.0 ], [ 110.864320075, -6.89353585699996, 0.0 ], [ 110.864364624, -6.893450736999911, 0.0 ], [ 110.864409704, -6.89336581099991, 0.0 ], [ 110.86441803, -6.89335012399994, 0.0 ], [ 110.864435863, -6.89332281599991, 0.0 ], [ 110.864463807, -6.89328002899992, 0.0 ], [ 110.86450403, -6.893199941999971, 0.0 ], [ 110.864517212, -6.89317369399993, 0.0 ], [ 110.864715576, -6.892120361999901, 0.0 ], [ 110.866501, -6.892685, 0.0 ], [ 110.867671301, -6.8930555739999, 0.0 ], [ 110.868278503, -6.8932476039999, 0.0 ], [ 110.868894963, -6.89335360699988, 0.0 ], [ 110.869568004, -6.893469339999971, 0.0 ], [ 110.871284484, -6.89376449599996, 0.0 ], [ 110.873358244, -6.89427339399998, 0.0 ], [ 110.873377128, -6.89427802799997, 0.0 ], [ 110.873771668, -6.89437484699994, 0.0 ], [ 110.874115998, -6.894375, 0.0 ], [ 110.874855, -6.89437500099984, 0.0 ], [ 110.876388344, -6.89421839999994, 0.0 ], [ 110.876647758, -6.89419184999997, 0.0 ], [ 110.876686097, -6.894187925999969, 0.0 ], [ 110.878234864, -6.894141673999971, 0.0 ], [ 110.879652658, -6.89408279999998, 0.0 ], [ 110.880486, -6.894048, 0.0 ], [ 110.881797999, -6.893626, 0.0 ], [ 110.881978019, -6.8934922229999, 0.0 ], [ 110.882356373, -6.89321093699988, 0.0 ], [ 110.882743836, -6.89292287899997, 0.0 ], [ 110.88296492, -6.89240233599998, 0.0 ], [ 110.882928274, -6.89209662199988, 0.0 ], [ 110.882926942, -6.89208555199997, 0.0 ], [ 110.882926942, -6.89179182099997, 0.0 ], [ 110.88293457, -6.89136075899995, 0.0 ], [ 110.882959047, -6.89123293499995, 0.0 ], [ 110.882978449, -6.891131614999891, 0.0 ], [ 110.883003, -6.891002, 0.0 ], [ 110.883000379, -6.890875432999911, 0.0 ], [ 110.882998046, -6.89077190999996, 0.0 ], [ 110.882995605, -6.89066362299997, 0.0 ], [ 110.882987502, -6.89062097699991, 0.0 ], [ 110.882980347, -6.890583323999979, 0.0 ], [ 110.882957001, -6.890463, 0.0 ], [ 110.882902151, -6.890178269999981, 0.0 ], [ 110.882896018, -6.89014671199993, 0.0 ], [ 110.882888795, -6.89010953999997, 0.0 ], [ 110.882884709, -6.88994049399992, 0.0 ], [ 110.882881, -6.889793999999881, 0.0 ], [ 110.88282, -6.889524, 0.0 ], [ 110.882735999, -6.88920899899995, 0.0 ], [ 110.882666888, -6.88891072599989, 0.0 ], [ 110.882659912, -6.88888072999993, 0.0 ], [ 110.882598877, -6.888470172999969, 0.0 ], [ 110.882585991, -6.888415071999931, 0.0 ], [ 110.882572122, -6.88835576999998, 0.0 ], [ 110.882507325, -6.88807868999987, 0.0 ], [ 110.882530213, -6.88795280399995, 0.0 ], [ 110.881477356, -6.8836712829999, 0.0 ], [ 110.881251637, -6.88285278399997, 0.0 ], [ 110.881078805, -6.88222606499994, 0.0 ], [ 110.880668641, -6.8807387359999, 0.0 ], [ 110.879867554, -6.87949228199989, 0.0 ], [ 110.879203797, -6.877439498999929, 0.0 ], [ 110.879158505, -6.87632734899995, 0.0 ], [ 110.879135, -6.875753, 0.0 ], [ 110.879091614, -6.87544242799993, 0.0 ], [ 110.878837585, -6.87362718499992, 0.0 ], [ 110.878547669, -6.87194108899996, 0.0 ], [ 110.87802887, -6.87018156099992, 0.0 ], [ 110.877977598, -6.86975925399997, 0.0 ], [ 110.877873644, -6.86890302299992, 0.0 ], [ 110.877815247, -6.86842203099991, 0.0 ], [ 110.878105157, -6.86739589999991, 0.0 ], [ 110.878188629, -6.86734577699997, 0.0 ], [ 110.87880378, -6.866976525999971, 0.0 ], [ 110.879203797, -6.86673641199997, 0.0 ], [ 110.87963846, -6.86661235599985, 0.0 ], [ 110.879839866, -6.86655487399997, 0.0 ], [ 110.880522785, -6.86635996599995, 0.0 ], [ 110.880744934, -6.86629724399995, 0.0 ], [ 110.882804871, -6.8662977219999, 0.0 ], [ 110.887351989, -6.866665363999971, 0.0 ], [ 110.888778686, -6.86685943599997, 0.0 ], [ 110.891677857, -6.86725282599997, 0.0 ], [ 110.893196106, -6.86754464999996, 0.0 ], [ 110.895507812, -6.86751651599997, 0.0 ], [ 110.906578065, -6.86751222599997, 0.0 ], [ 110.906799316, -6.86751222599997, 0.0 ], [ 110.913337707, -6.86750078299997, 0.0 ] ] ] ] } },
{ "type": "Feature", "properties": { "GID_4": "IDN.10.21.4.24_1", "GID_0": "IDN", "COUNTRY": "Indonesia", "GID_1": "IDN.10_1", "NAME_1": "Jawa Tengah", "GID_2": "IDN.10.21_1", "NAME_2": "Pati", "GID_3": "IDN.10.21.4_1", "NAME_3": "Gabus", "NAME_4": "Wuwur", "VARNAME_4": "NA", "TYPE_4": "Desa", "ENGTYPE_4": "Village", "CC_4": "3318110001" }, "geometry": { "type": "MultiPolygon", "coordinates": [ [ [ [ 110.973487853, -6.83561897199996, 0.0 ], [ 110.975120544, -6.83477735499997, 0.0 ], [ 110.97618866, -6.834088324999869, 0.0 ], [ 110.97657013, -6.83383321799994, 0.0 ], [ 110.976806641, -6.833634852999919, 0.0 ], [ 110.976783752, -6.83352041299997, 0.0 ], [ 110.976867676, -6.83344077999993, 0.0 ], [ 110.976966858, -6.83272933899997, 0.0 ], [ 110.979751587, -6.83053255099992, 0.0 ], [ 110.981132506, -6.82933997999993, 0.0 ], [ 110.982681274, -6.828105448999911, 0.0 ], [ 110.983123779, -6.82783317399998, 0.0 ], [ 110.984107971, -6.8273730279999, 0.0 ], [ 110.985404969, -6.826599120999899, 0.0 ], [ 110.985862733, -6.8260130889999, 0.0 ], [ 110.986366272, -6.82515525899993, 0.0 ], [ 110.987083435, -6.824088095999969, 0.0 ], [ 110.987915039, -6.822847365999909, 0.0 ], [ 110.988212585, -6.82304191499992, 0.0 ], [ 110.989028931, -6.82352304499994, 0.0 ], [ 110.989257812, -6.82367420199995, 0.0 ], [ 110.991806031, -6.82665061899991, 0.0 ], [ 110.992271423, -6.827115535999889, 0.0 ], [ 110.992630005, -6.828278064999891, 0.0 ], [ 110.992813111, -6.82863426199998, 0.0 ], [ 110.993011475, -6.82896518699994, 0.0 ], [ 110.993194579, -6.82919645299995, 0.0 ], [ 110.993247986, -6.829576968999899, 0.0 ], [ 110.99395752, -6.83063507099996, 0.0 ], [ 110.993927003, -6.83088016499994, 0.0 ], [ 110.993888854, -6.831130980999891, 0.0 ], [ 110.99433899, -6.83152770999993, 0.0 ], [ 110.99481964, -6.83182525599995, 0.0 ], [ 110.995231629, -6.83223867299995, 0.0 ], [ 110.995445252, -6.83276748599991, 0.0 ], [ 110.995475768, -6.83309793399991, 0.0 ], [ 110.995597839, -6.83374309599992, 0.0 ], [ 110.995658874, -6.834189414999971, 0.0 ], [ 110.995742798, -6.834619044999901, 0.0 ], [ 110.995826722, -6.83486700099991, 0.0 ], [ 110.995925904, -6.835098266999979, 0.0 ], [ 110.995979309, -6.83546447699996, 0.0 ], [ 110.995880127, -6.83572006099996, 0.0 ], [ 110.995819092, -6.83595990999993, 0.0 ], [ 110.995819092, -6.83606004699993, 0.0 ], [ 110.995826722, -6.83618020999995, 0.0 ], [ 110.995933532, -6.83635997699997, 0.0 ], [ 110.996147155, -6.836569785999929, 0.0 ], [ 110.996246337, -6.8368000989999, 0.0 ], [ 110.996292114, -6.837150095999901, 0.0 ], [ 110.996337891, -6.837450026999931, 0.0 ], [ 110.996482848, -6.83777999799997, 0.0 ], [ 110.996490478, -6.837920188999931, 0.0 ], [ 110.996597291, -6.83793020199988, 0.0 ], [ 110.996887207, -6.83795976599993, 0.0 ], [ 110.997131348, -6.837979791999891, 0.0 ], [ 110.997398376, -6.83799982099987, 0.0 ], [ 110.997497558, -6.83800983399988, 0.0 ], [ 110.997619629, -6.83800983399988, 0.0 ], [ 110.997741699, -6.838019846999939, 0.0 ], [ 110.997909545, -6.838029861999871, 0.0 ], [ 110.998580934, -6.83805990099995, 0.0 ], [ 110.999031067, -6.83807992899995, 0.0 ], [ 110.999206543, -6.83807992899995, 0.0 ], [ 110.999778747, -6.83811998399995, 0.0 ], [ 111.0, -6.8381299969999, 0.0 ], [ 111.000167846, -6.8381400099999, 0.0 ], [ 111.000450134, -6.838150024999949, 0.0 ], [ 111.000732422, -6.838170050999909, 0.0 ], [ 111.001480102, -6.83818006399997, 0.0 ], [ 111.002082825, -6.838220118999969, 0.0 ], [ 111.002189636, -6.838230133999901, 0.0 ], [ 111.002662658, -6.83938980099992, 0.0 ], [ 111.002532959, -6.8399701109999, 0.0 ], [ 111.001968385, -6.84019994599993, 0.0 ], [ 111.001998901, -6.84075546199995, 0.0 ], [ 111.002059937, -6.841434478999931, 0.0 ], [ 111.003318786, -6.84136629099987, 0.0 ], [ 111.003273011, -6.84165286899997, 0.0 ], [ 111.003158569, -6.84246301699994, 0.0 ], [ 111.002861022, -6.844702243999961, 0.0 ], [ 111.002723693, -6.84520530599991, 0.0 ], [ 111.001739502, -6.84493112499996, 0.0 ], [ 111.001564026, -6.84541940599996, 0.0 ], [ 111.000816346, -6.845146177999881, 0.0 ], [ 110.999702454, -6.844923019999899, 0.0 ], [ 110.999481201, -6.84525728299997, 0.0 ], [ 110.999061584, -6.84538793499991, 0.0 ], [ 110.998382569, -6.845465182999931, 0.0 ], [ 110.998252868, -6.84561061699998, 0.0 ], [ 110.998062134, -6.84562301599993, 0.0 ], [ 110.997894287, -6.84568357499995, 0.0 ], [ 110.996963501, -6.84584236099994, 0.0 ], [ 110.996063233, -6.84603738699991, 0.0 ], [ 110.995307923, -6.846049784999881, 0.0 ], [ 110.994293213, -6.84574460899995, 0.0 ], [ 110.992980957, -6.845159053999909, 0.0 ], [ 110.99194336, -6.8447566019999, 0.0 ], [ 110.990051269, -6.84389066699993, 0.0 ], [ 110.989082336, -6.8434758169999, 0.0 ], [ 110.987869262, -6.842999934999969, 0.0 ], [ 110.987174987, -6.842816828999899, 0.0 ], [ 110.986038208, -6.84249973399994, 0.0 ], [ 110.985443116, -6.842401981999959, 0.0 ], [ 110.984016419, -6.84220695499988, 0.0 ], [ 110.982963562, -6.84204816799991, 0.0 ], [ 110.982749939, -6.84195423099993, 0.0 ], [ 110.982368469, -6.841792105999959, 0.0 ], [ 110.982147216, -6.8416824329999, 0.0 ], [ 110.981948852, -6.84154796699988, 0.0 ], [ 110.979736328, -6.83985233299995, 0.0 ], [ 110.978469849, -6.83890056499996, 0.0 ], [ 110.977149964, -6.83793687799988, 0.0 ], [ 110.976112366, -6.83730268499994, 0.0 ], [ 110.97529602, -6.83687543799994, 0.0 ], [ 110.974075318, -6.83647298899984, 0.0 ], [ 110.97379303, -6.83635091799994, 0.0 ], [ 110.97353363, -6.835838316999911, 0.0 ], [ 110.973487853, -6.83561897199996, 0.0 ] ] ] ] } }
]
}
