{
"type": "FeatureCollection",
"name": "BUILDINGS",
"crs": { "type": "name", "properties": { "name": "urn:ogc:def:crs:OGC:1.3:CRS84" } },
"features": [
{ "type": "Feature", "properties": { "NAME": "BKKa.Pka", "LAT": -7.017309, "LONG": 110.799459, "TYPE": "Under Sluice", "VILLAGE": "Penganten", "CC_4": "3315150004", "CANALS": "PRIMARY", "CANAL_NAME": "KLAMBU KANAN", "AREA_GATE1": null, "VOLUME_GAT": null, "AREA_GATE2": null, "VOLUME_G_1": null, "AREA_GATE3": null, "VOLUME_G_2": null, "AREA_SUM": 0.0, "VOLUME_SUM": 0.0 }, "geometry": { "type": "Point", "coordinates": [ 110.799459, -7.017309 ] } },
{ "type": "Feature", "properties": { "NAME": "BKKa.1a", "LAT": -7.016979, "LONG": 110.797847, "TYPE": "Measuing Pos", "VILLAGE": "Penganten", "CC_4": "3315150004", "CANALS": "PRIMARY", "CANAL_NAME": "KLAMBU KANAN", "AREA_GATE1": null, "VOLUME_GAT": null, "AREA_GATE2": null, "VOLUME_G_1": null, "AREA_GATE3": null, "VOLUME_G_2": null, "AREA_SUM": 0.0, "VOLUME_SUM": 0.0 }, "geometry": { "type": "Point", "coordinates": [ 110.797847, -7.016979 ] } },
{ "type": "Feature", "properties": { "NAME": "BKKa.1a", "LAT": -7.005747, "LONG": 110.79281, "TYPE": "Road Bridge", "VILLAGE": "Klambu", "CC_4": "3315150005", "CANALS": "PRIMARY", "CANAL_NAME": "KLAMBU KANAN", "AREA_GATE1": null, "VOLUME_GAT": null, "AREA_GATE2": null, "VOLUME_G_1": null, "AREA_GATE3": null, "VOLUME_G_2": null, "AREA_SUM": 0.0, "VOLUME_SUM": 0.0 }, "geometry": { "type": "Point", "coordinates": [ 110.79281, -7.005747 ] } },
{ "type": "Feature", "properties": { "NAME": "BKKa.1", "LAT": -7.001625, "LONG": 110.793752, "TYPE": "Turnout", "VILLAGE": "Terkesi", "CC_4": "3315150007", "CANALS": "PRIMARY", "CANAL_NAME": "KLAMBU KANAN", "AREA_GATE1": 42.3, "VOLUME_GAT": 54.75, "AREA_GATE2": null, "VOLUME_G_1": null, "AREA_GATE3": null, "VOLUME_G_2": null, "AREA_SUM": 42.3, "VOLUME_SUM": 54.75 }, "geometry": { "type": "Point", "coordinates": [ 110.793752, -7.001625 ] } },
{ "type": "Feature", "properties": { "NAME": "BKKa.2d", "LAT": -6.99805, "LONG": 110.794063, "TYPE": "Road Bridge", "VILLAGE": "Terkesi", "CC_4": "3315150007", "CANALS": "PRIMARY", "CANAL_NAME": "KLAMBU KANAN", "AREA_GATE1": null, "VOLUME_GAT": null, "AREA_GATE2": null, "VOLUME_G_1": null, "AREA_GATE3": null, "VOLUME_G_2": null, "AREA_SUM": 0.0, "VOLUME_SUM": 0.0 }, "geometry": { "type": "Point", "coordinates": [ 110.794063, -6.99805 ] } },
{ "type": "Feature", "properties": { "NAME": "BKKa.2g", "LAT": -6.992179, "LONG": 110.793306, "TYPE": "Road Bridge", "VILLAGE": "Terkesi", "CC_4": "3315150007", "CANALS": "PRIMARY", "CANAL_NAME": "KLAMBU KANAN", "AREA_GATE1": null, "VOLUME_GAT": null, "AREA_GATE2": null, "VOLUME_G_1": null, "AREA_GATE3": null, "VOLUME_G_2": null, "AREA_SUM": 0.0, "VOLUME_SUM": 0.0 }, "geometry": { "type": "Point", "coordinates": [ 110.793306, -6.992179 ] } },
{ "type": "Feature", "properties": { "NAME": "BKKa.2j", "LAT": -6.988691, "LONG": 110.789998, "TYPE": "Road Bridge", "VILLAGE": "Terkesi", "CC_4": "3315150007", "CANALS": "PRIMARY", "CANAL_NAME": "KLAMBU KANAN", "AREA_GATE1": null, "VOLUME_GAT": null, "AREA_GATE2": null, "VOLUME_G_1": null, "AREA_GATE3": null, "VOLUME_G_2": null, "AREA_SUM": 0.0, "VOLUME_SUM": 0.0 }, "geometry": { "type": "Point", "coordinates": [ 110.789998, -6.988691 ] } },
{ "type": "Feature", "properties": { "NAME": "BKKa.2", "LAT": -6.988498, "LONG": 110.78945, "TYPE": "Turnout", "VILLAGE": "Terkesi", "CC_4": "3315150007", "CANALS": "PRIMARY", "CANAL_NAME": "KLAMBU KANAN", "AREA_GATE1": 30.0, "VOLUME_GAT": 41.57, "AREA_GATE2": null, "VOLUME_G_1": null, "AREA_GATE3": null, "VOLUME_G_2": null, "AREA_SUM": 30.0, "VOLUME_SUM": 41.57 }, "geometry": { "type": "Point", "coordinates": [ 110.78945, -6.988498 ] } },
{ "type": "Feature", "properties": { "NAME": "BKKa.3", "LAT": -6.979602, "LONG": 110.786833, "TYPE": "Turnout", "VILLAGE": "Terkesi", "CC_4": "3315150007", "CANALS": "PRIMARY", "CANAL_NAME": "KLAMBU KANAN", "AREA_GATE1": 29.0, "VOLUME_GAT": 40.38, "AREA_GATE2": null, "VOLUME_G_1": null, "AREA_GATE3": null, "VOLUME_G_2": null, "AREA_SUM": 29.0, "VOLUME_SUM": 40.38 }, "geometry": { "type": "Point", "coordinates": [ 110.786833, -6.979602 ] } },
{ "type": "Feature", "properties": { "NAME": "BKKa.4a", "LAT": -6.970085, "LONG": 110.798505, "TYPE": "Culvert", "VILLAGE": "Jenengan", "CC_4": "3315150008", "CANALS": "PRIMARY", "CANAL_NAME": "KLAMBU KANAN", "AREA_GATE1": null, "VOLUME_GAT": null, "AREA_GATE2": null, "VOLUME_G_1": null, "AREA_GATE3": null, "VOLUME_G_2": null, "AREA_SUM": 0.0, "VOLUME_SUM": 0.0 }, "geometry": { "type": "Point", "coordinates": [ 110.798505, -6.970085 ] } },
{ "type": "Feature", "properties": { "NAME": "BKKa.4d", "LAT": -6.973037, "LONG": 110.791417, "TYPE": "Road Bridge", "VILLAGE": "Jenengan", "CC_4": "3315150008", "CANALS": "PRIMARY", "CANAL_NAME": "KLAMBU KANAN", "AREA_GATE1": null, "VOLUME_GAT": null, "AREA_GATE2": null, "VOLUME_G_1": null, "AREA_GATE3": null, "VOLUME_G_2": null, "AREA_SUM": 0.0, "VOLUME_SUM": 0.0 }, "geometry": { "type": "Point", "coordinates": [ 110.791417, -6.973037 ] } },
{ "type": "Feature", "properties": { "NAME": "BKKa.4f", "LAT": -6.9698, "LONG": 110.806205, "TYPE": "Road Bridge", "VILLAGE": "Wonosoco", "CC_4": "3319040001", "CANALS": "PRIMARY", "CANAL_NAME": "KLAMBU KANAN", "AREA_GATE1": null, "VOLUME_GAT": null, "AREA_GATE2": null, "VOLUME_G_1": null, "AREA_GATE3": null, "VOLUME_G_2": null, "AREA_SUM": 0.0, "VOLUME_SUM": 0.0 }, "geometry": { "type": "Point", "coordinates": [ 110.806205, -6.9698 ] } },
{ "type": "Feature", "properties": { "NAME": "BKKa.4", "LAT": -6.969733, "LONG": 110.804818, "TYPE": "Turnout", "VILLAGE": "Wonosoco", "CC_4": "3319040001", "CANALS": "PRIMARY", "CANAL_NAME": "KLAMBU KANAN", "AREA_GATE1": 39.3, "VOLUME_GAT": 54.58, "AREA_GATE2": null, "VOLUME_G_1": null, "AREA_GATE3": null, "VOLUME_G_2": null, "AREA_SUM": 39.3, "VOLUME_SUM": 54.58 }, "geometry": { "type": "Point", "coordinates": [ 110.804818, -6.969733 ] } },
{ "type": "Feature", "properties": { "NAME": "BKKa.5h", "LAT": -6.959689, "LONG": 110.824283, "TYPE": "Road Bridge", "VILLAGE": "Prawoto", "CC_4": "3318010002", "CANALS": "PRIMARY", "CANAL_NAME": "KLAMBU KANAN", "AREA_GATE1": null, "VOLUME_GAT": null, "AREA_GATE2": null, "VOLUME_G_1": null, "AREA_GATE3": null, "VOLUME_G_2": null, "AREA_SUM": 0.0, "VOLUME_SUM": 0.0 }, "geometry": { "type": "Point", "coordinates": [ 110.824283, -6.959689 ] } },
{ "type": "Feature", "properties": { "NAME": "BKKa.5", "LAT": -6.959506, "LONG": 110.829348, "TYPE": "Division-Box", "VILLAGE": "Prawoto", "CC_4": "3318010002", "CANALS": "PRIMARY", "CANAL_NAME": "KLAMBU KANAN", "AREA_GATE1": null, "VOLUME_GAT": null, "AREA_GATE2": null, "VOLUME_G_1": null, "AREA_GATE3": null, "VOLUME_G_2": null, "AREA_SUM": 0.0, "VOLUME_SUM": 0.0 }, "geometry": { "type": "Point", "coordinates": [ 110.829348, -6.959506 ] } },
{ "type": "Feature", "properties": { "NAME": "BKKa.6b", "LAT": -6.96004, "LONG": 110.831098, "TYPE": "Road Bridge", "VILLAGE": "Prawoto", "CC_4": "3318010002", "CANALS": "PRIMARY", "CANAL_NAME": "KLAMBU KANAN", "AREA_GATE1": null, "VOLUME_GAT": null, "AREA_GATE2": null, "VOLUME_G_1": null, "AREA_GATE3": null, "VOLUME_G_2": null, "AREA_SUM": 0.0, "VOLUME_SUM": 0.0 }, "geometry": { "type": "Point", "coordinates": [ 110.831098, -6.96004 ] } },
{ "type": "Feature", "properties": { "NAME": "BKKa.6", "LAT": -6.959227, "LONG": 110.836326, "TYPE": "Turnout-Division Box", "VILLAGE": "Prawoto", "CC_4": "3318010002", "CANALS": "PRIMARY", "CANAL_NAME": "KLAMBU KANAN", "AREA_GATE1": 8.1, "VOLUME_GAT": 11.25, "AREA_GATE2": null, "VOLUME_G_1": null, "AREA_GATE3": null, "VOLUME_G_2": null, "AREA_SUM": 8.1, "VOLUME_SUM": 11.25 }, "geometry": { "type": "Point", "coordinates": [ 110.836326, -6.959227 ] } },
{ "type": "Feature", "properties": { "NAME": "BKKa.7g", "LAT": -6.953142, "LONG": 110.85345, "TYPE": "Road Bridge", "VILLAGE": "Wegil", "CC_4": "3318010003", "CANALS": "PRIMARY", "CANAL_NAME": "KLAMBU KANAN", "AREA_GATE1": null, "VOLUME_GAT": null, "AREA_GATE2": null, "VOLUME_G_1": null, "AREA_GATE3": null, "VOLUME_G_2": null, "AREA_SUM": 0.0, "VOLUME_SUM": 0.0 }, "geometry": { "type": "Point", "coordinates": [ 110.85345, -6.953142 ] } },
{ "type": "Feature", "properties": { "NAME": "BKKa.7", "LAT": -6.950958, "LONG": 110.854828, "TYPE": "Small Turnout", "VILLAGE": "Wegil", "CC_4": "3318010003", "CANALS": "PRIMARY", "CANAL_NAME": "KLAMBU KANAN", "AREA_GATE1": 71.9, "VOLUME_GAT": 99.86, "AREA_GATE2": null, "VOLUME_G_1": null, "AREA_GATE3": null, "VOLUME_G_2": null, "AREA_SUM": 71.9, "VOLUME_SUM": 99.86 }, "geometry": { "type": "Point", "coordinates": [ 110.854828, -6.950958 ] } },
{ "type": "Feature", "properties": { "NAME": "BKKa.8", "LAT": -6.948966, "LONG": 110.858728, "TYPE": "Small Turnout", "VILLAGE": "Wegil", "CC_4": "3318010003", "CANALS": "PRIMARY", "CANAL_NAME": "KLAMBU KANAN", "AREA_GATE1": 52.1, "VOLUME_GAT": 72.36, "AREA_GATE2": null, "VOLUME_G_1": null, "AREA_GATE3": null, "VOLUME_G_2": null, "AREA_SUM": 52.1, "VOLUME_SUM": 72.36 }, "geometry": { "type": "Point", "coordinates": [ 110.858728, -6.948966 ] } },
{ "type": "Feature", "properties": { "NAME": "BKKa.9b", "LAT": -6.949077, "LONG": 110.860039, "TYPE": "Siphon", "VILLAGE": "Wegil", "CC_4": "3318010003", "CANALS": "PRIMARY", "CANAL_NAME": "KLAMBU KANAN", "AREA_GATE1": null, "VOLUME_GAT": null, "AREA_GATE2": null, "VOLUME_G_1": null, "AREA_GATE3": null, "VOLUME_G_2": null, "AREA_SUM": 0.0, "VOLUME_SUM": 0.0 }, "geometry": { "type": "Point", "coordinates": [ 110.860039, -6.949077 ] } },
{ "type": "Feature", "properties": { "NAME": "BKKa.9", "LAT": -6.949221, "LONG": 110.860639, "TYPE": "Turnout", "VILLAGE": "Wegil", "CC_4": "3318010003", "CANALS": "PRIMARY", "CANAL_NAME": "KLAMBU KANAN", "AREA_GATE1": 62.8, "VOLUME_GAT": 87.22, "AREA_GATE2": 80.0, "VOLUME_G_1": 111.11, "AREA_GATE3": null, "VOLUME_G_2": null, "AREA_SUM": 142.8, "VOLUME_SUM": 198.33 }, "geometry": { "type": "Point", "coordinates": [ 110.860639, -6.949221 ] } },
{ "type": "Feature", "properties": { "NAME": "BKKa.10b", "LAT": -6.948352, "LONG": 110.864146, "TYPE": "Road Bridge", "VILLAGE": "Wegil", "CC_4": "3318010003", "CANALS": "PRIMARY", "CANAL_NAME": "KLAMBU KANAN", "AREA_GATE1": null, "VOLUME_GAT": null, "AREA_GATE2": null, "VOLUME_G_1": null, "AREA_GATE3": null, "VOLUME_G_2": null, "AREA_SUM": 0.0, "VOLUME_SUM": 0.0 }, "geometry": { "type": "Point", "coordinates": [ 110.864146, -6.948352 ] } },
{ "type": "Feature", "properties": { "NAME": "BKKa.10g", "LAT": -6.942318, "LONG": 110.8788, "TYPE": "Road Bridge", "VILLAGE": "Baleadi", "CC_4": "3318010012", "CANALS": "PRIMARY", "CANAL_NAME": "KLAMBU KANAN", "AREA_GATE1": null, "VOLUME_GAT": null, "AREA_GATE2": null, "VOLUME_G_1": null, "AREA_GATE3": null, "VOLUME_G_2": null, "AREA_SUM": 0.0, "VOLUME_SUM": 0.0 }, "geometry": { "type": "Point", "coordinates": [ 110.8788, -6.942318 ] } },
{ "type": "Feature", "properties": { "NAME": "BKKa.10", "LAT": -6.942192, "LONG": 110.87887, "TYPE": "Turnout", "VILLAGE": "Baleadi", "CC_4": "3318010012", "CANALS": "PRIMARY", "CANAL_NAME": "KLAMBU KANAN", "AREA_GATE1": 13.6, "VOLUME_GAT": 18.89, "AREA_GATE2": null, "VOLUME_G_1": null, "AREA_GATE3": null, "VOLUME_G_2": null, "AREA_SUM": 13.6, "VOLUME_SUM": 18.89 }, "geometry": { "type": "Point", "coordinates": [ 110.87887, -6.942192 ] } },
{ "type": "Feature", "properties": { "NAME": "BKKa.11", "LAT": -6.938553, "LONG": 110.881369, "TYPE": "Turnout", "VILLAGE": "Baleadi", "CC_4": "3318010012", "CANALS": "PRIMARY", "CANAL_NAME": "KLAMBU KANAN", "AREA_GATE1": 35.3, "VOLUME_GAT": 49.03, "AREA_GATE2": 72.0, "VOLUME_G_1": 100.0, "AREA_GATE3": null, "VOLUME_G_2": null, "AREA_SUM": 107.3, "VOLUME_SUM": 149.03 }, "geometry": { "type": "Point", "coordinates": [ 110.881369, -6.938553 ] } },
{ "type": "Feature", "properties": { "NAME": "BKKa.12[New]", "LAT": -6.93282, "LONG": 110.8926, "TYPE": "Turnout", "VILLAGE": "Baleadi", "CC_4": "3318010012", "CANALS": "PRIMARY", "CANAL_NAME": "KLAMBU KANAN", "AREA_GATE1": 49.2, "VOLUME_GAT": 68.33, "AREA_GATE2": null, "VOLUME_G_1": null, "AREA_GATE3": null, "VOLUME_G_2": null, "AREA_SUM": 49.2, "VOLUME_SUM": 68.33 }, "geometry": { "type": "Point", "coordinates": [ 110.8926, -6.93282 ] } },
{ "type": "Feature", "properties": { "NAME": "BKKa.13[12]", "LAT": -6.930358, "LONG": 110.895913, "TYPE": "Turnout", "VILLAGE": "Kedungwinong", "CC_4": "3318010011", "CANALS": "PRIMARY", "CANAL_NAME": "KLAMBU KANAN", "AREA_GATE1": 73.3, "VOLUME_GAT": 101.81, "AREA_GATE2": 61.7, "VOLUME_G_1": 85.7, "AREA_GATE3": null, "VOLUME_G_2": null, "AREA_SUM": 135.0, "VOLUME_SUM": 187.51 }, "geometry": { "type": "Point", "coordinates": [ 110.895913, -6.930358 ] } },
{ "type": "Feature", "properties": { "NAME": "BKKa.14[13]", "LAT": -6.928029, "LONG": 110.902055, "TYPE": "Turnout", "VILLAGE": "Kedungwinong", "CC_4": "3318010011", "CANALS": "PRIMARY", "CANAL_NAME": "KLAMBU KANAN", "AREA_GATE1": 51.2, "VOLUME_GAT": 71.11, "AREA_GATE2": 6.6, "VOLUME_G_1": 7.75, "AREA_GATE3": null, "VOLUME_G_2": null, "AREA_SUM": 57.8, "VOLUME_SUM": 78.86 }, "geometry": { "type": "Point", "coordinates": [ 110.902055, -6.928029 ] } },
{ "type": "Feature", "properties": { "NAME": "BKKa.15d", "LAT": -6.92608, "LONG": 110.907137, "TYPE": "Road Bridge", "VILLAGE": "Kedungwinong", "CC_4": "3318010011", "CANALS": "PRIMARY", "CANAL_NAME": "KLAMBU KANAN", "AREA_GATE1": null, "VOLUME_GAT": null, "AREA_GATE2": null, "VOLUME_G_1": null, "AREA_GATE3": null, "VOLUME_G_2": null, "AREA_SUM": 0.0, "VOLUME_SUM": 0.0 }, "geometry": { "type": "Point", "coordinates": [ 110.907137, -6.92608 ] } },
{ "type": "Feature", "properties": { "NAME": "BcrKKa.1[Bcr.1]", "LAT": -6.926312, "LONG": 110.904461, "TYPE": "Small Turnout", "VILLAGE": "Kedungwinong", "CC_4": "3318010011", "CANALS": "PRIMARY", "CANAL_NAME": "KLAMBU KANAN", "AREA_GATE1": 4.2, "VOLUME_GAT": 6.95, "AREA_GATE2": null, "VOLUME_G_1": null, "AREA_GATE3": null, "VOLUME_G_2": null, "AREA_SUM": 4.2, "VOLUME_SUM": 6.95 }, "geometry": { "type": "Point", "coordinates": [ 110.904461, -6.926312 ] } },
{ "type": "Feature", "properties": { "NAME": "BKKa.15[CrKKa.2]", "LAT": -6.926126, "LONG": 110.906102, "TYPE": "Turnout", "VILLAGE": "Kedungwinong", "CC_4": "3318010011", "CANALS": "PRIMARY", "CANAL_NAME": "KLAMBU KANAN", "AREA_GATE1": 11.7, "VOLUME_GAT": 16.25, "AREA_GATE2": null, "VOLUME_G_1": null, "AREA_GATE3": null, "VOLUME_G_2": null, "AREA_SUM": 11.7, "VOLUME_SUM": 16.25 }, "geometry": { "type": "Point", "coordinates": [ 110.906102, -6.926126 ] } },
{ "type": "Feature", "properties": { "NAME": "BKKa.16[15f]", "LAT": -6.924021, "LONG": 110.913656, "TYPE": "Turnout", "VILLAGE": "Baturejo", "CC_4": "3318010014", "CANALS": "PRIMARY", "CANAL_NAME": "KLAMBU KANAN", "AREA_GATE1": 26.8, "VOLUME_GAT": 37.22, "AREA_GATE2": null, "VOLUME_G_1": null, "AREA_GATE3": null, "VOLUME_G_2": null, "AREA_SUM": 26.8, "VOLUME_SUM": 37.22 }, "geometry": { "type": "Point", "coordinates": [ 110.913656, -6.924021 ] } },
{ "type": "Feature", "properties": { "NAME": "BKKa.15g", "LAT": -6.923788, "LONG": 110.914734, "TYPE": "Road Bridge", "VILLAGE": "Baturejo", "CC_4": "3318010014", "CANALS": "PRIMARY", "CANAL_NAME": "KLAMBU KANAN", "AREA_GATE1": null, "VOLUME_GAT": null, "AREA_GATE2": null, "VOLUME_G_1": null, "AREA_GATE3": null, "VOLUME_G_2": null, "AREA_SUM": 0.0, "VOLUME_SUM": 0.0 }, "geometry": { "type": "Point", "coordinates": [ 110.914734, -6.923788 ] } },
{ "type": "Feature", "properties": { "NAME": "BKKa.15i", "LAT": -6.923441, "LONG": 110.916625, "TYPE": "Siphon", "VILLAGE": "Sukolilo", "CC_4": "3318010010", "CANALS": "PRIMARY", "CANAL_NAME": "KLAMBU KANAN", "AREA_GATE1": null, "VOLUME_GAT": null, "AREA_GATE2": null, "VOLUME_G_1": null, "AREA_GATE3": null, "VOLUME_G_2": null, "AREA_SUM": 0.0, "VOLUME_SUM": 0.0 }, "geometry": { "type": "Point", "coordinates": [ 110.916625, -6.923441 ] } },
{ "type": "Feature", "properties": { "NAME": "BKKa.17[15]", "LAT": -6.923414, "LONG": 110.918206, "TYPE": "Turnout-Division Box", "VILLAGE": "Sukolilo", "CC_4": "3318010010", "CANALS": "PRIMARY", "CANAL_NAME": "KLAMBU KANAN", "AREA_GATE1": 9.3, "VOLUME_GAT": 12.92, "AREA_GATE2": 17.5, "VOLUME_G_1": 24.31, "AREA_GATE3": null, "VOLUME_G_2": null, "AREA_SUM": 26.8, "VOLUME_SUM": 37.23 }, "geometry": { "type": "Point", "coordinates": [ 110.918206, -6.923414 ] } },
{ "type": "Feature", "properties": { "NAME": "BKKa.18[CrKKa.3]", "LAT": -6.924833, "LONG": 110.922056, "TYPE": "Turnout", "VILLAGE": "Sukolilo", "CC_4": "3318010010", "CANALS": "PRIMARY", "CANAL_NAME": "KLAMBU KANAN", "AREA_GATE1": 65.4, "VOLUME_GAT": 90.83, "AREA_GATE2": null, "VOLUME_G_1": null, "AREA_GATE3": null, "VOLUME_G_2": null, "AREA_SUM": 65.4, "VOLUME_SUM": 90.83 }, "geometry": { "type": "Point", "coordinates": [ 110.922056, -6.924833 ] } },
{ "type": "Feature", "properties": { "NAME": "BKKa.16c", "LAT": -6.924835, "LONG": 110.922223, "TYPE": "Road Bridge", "VILLAGE": "Sukolilo", "CC_4": "3318010010", "CANALS": "PRIMARY", "CANAL_NAME": "KLAMBU KANAN", "AREA_GATE1": null, "VOLUME_GAT": null, "AREA_GATE2": null, "VOLUME_G_1": null, "AREA_GATE3": null, "VOLUME_G_2": null, "AREA_SUM": 0.0, "VOLUME_SUM": 0.0 }, "geometry": { "type": "Point", "coordinates": [ 110.922223, -6.924835 ] } },
{ "type": "Feature", "properties": { "NAME": "BKKa.19[16]", "LAT": -6.925277, "LONG": 110.931496, "TYPE": "Turnout", "VILLAGE": "Gadudero", "CC_4": "3318010009", "CANALS": "PRIMARY", "CANAL_NAME": "KLAMBU KANAN", "AREA_GATE1": 20.5, "VOLUME_GAT": 28.47, "AREA_GATE2": null, "VOLUME_G_1": null, "AREA_GATE3": null, "VOLUME_G_2": null, "AREA_SUM": 20.5, "VOLUME_SUM": 28.47 }, "geometry": { "type": "Point", "coordinates": [ 110.931496, -6.925277 ] } },
{ "type": "Feature", "properties": { "NAME": "BKKa.20[17]", "LAT": -6.920613, "LONG": 110.936795, "TYPE": "Turnout", "VILLAGE": "Kedumulyo", "CC_4": "3318010008", "CANALS": "PRIMARY", "CANAL_NAME": "KLAMBU KANAN", "AREA_GATE1": 89.5, "VOLUME_GAT": 124.31, "AREA_GATE2": 59.0, "VOLUME_G_1": 51.95, "AREA_GATE3": null, "VOLUME_G_2": null, "AREA_SUM": 148.5, "VOLUME_SUM": 176.26 }, "geometry": { "type": "Point", "coordinates": [ 110.936795, -6.920613 ] } },
{ "type": "Feature", "properties": { "NAME": "BKKa-21[18]", "LAT": -6.917097, "LONG": 110.941481, "TYPE": "Division-Box", "VILLAGE": "Kedumulyo", "CC_4": "3318010008", "CANALS": "PRIMARY", "CANAL_NAME": "KLAMBU KANAN", "AREA_GATE1": null, "VOLUME_GAT": null, "AREA_GATE2": null, "VOLUME_G_1": null, "AREA_GATE3": null, "VOLUME_G_2": null, "AREA_SUM": 0.0, "VOLUME_SUM": 0.0 }, "geometry": { "type": "Point", "coordinates": [ 110.941481, -6.917097 ] } },
{ "type": "Feature", "properties": { "NAME": "BKKa.19a", "LAT": -6.916665, "LONG": 110.943002, "TYPE": "Siphon", "VILLAGE": "Kedumulyo", "CC_4": "3318010008", "CANALS": "PRIMARY", "CANAL_NAME": "KLAMBU KANAN", "AREA_GATE1": null, "VOLUME_GAT": null, "AREA_GATE2": null, "VOLUME_G_1": null, "AREA_GATE3": null, "VOLUME_G_2": null, "AREA_SUM": 0.0, "VOLUME_SUM": 0.0 }, "geometry": { "type": "Point", "coordinates": [ 110.943002, -6.916665 ] } },
{ "type": "Feature", "properties": { "NAME": "BKKa-22[19]", "LAT": -6.916296, "LONG": 110.944463, "TYPE": "Turnout", "VILLAGE": "Kedumulyo", "CC_4": "3318010008", "CANALS": "PRIMARY", "CANAL_NAME": "KLAMBU KANAN", "AREA_GATE1": 10.4, "VOLUME_GAT": 14.44, "AREA_GATE2": 7.8, "VOLUME_G_1": 10.83, "AREA_GATE3": null, "VOLUME_G_2": null, "AREA_SUM": 18.2, "VOLUME_SUM": 25.27 }, "geometry": { "type": "Point", "coordinates": [ 110.944463, -6.916296 ] } },
{ "type": "Feature", "properties": { "NAME": "BKKa-23[Baru]", "LAT": -6.913939, "LONG": 110.948062, "TYPE": "Turnout", "VILLAGE": "Kedumulyo", "CC_4": "3318010008", "CANALS": "PRIMARY", "CANAL_NAME": "KLAMBU KANAN", "AREA_GATE1": 32.2, "VOLUME_GAT": 44.72, "AREA_GATE2": null, "VOLUME_G_1": null, "AREA_GATE3": null, "VOLUME_G_2": null, "AREA_SUM": 32.2, "VOLUME_SUM": 44.72 }, "geometry": { "type": "Point", "coordinates": [ 110.948062, -6.913939 ] } },
{ "type": "Feature", "properties": { "NAME": "BKKa.20a", "LAT": -6.913829, "LONG": 110.948277, "TYPE": "Road Bridge", "VILLAGE": "Kedumulyo", "CC_4": "3318010008", "CANALS": "PRIMARY", "CANAL_NAME": "KLAMBU KANAN", "AREA_GATE1": null, "VOLUME_GAT": null, "AREA_GATE2": null, "VOLUME_G_1": null, "AREA_GATE3": null, "VOLUME_G_2": null, "AREA_SUM": 0.0, "VOLUME_SUM": 0.0 }, "geometry": { "type": "Point", "coordinates": [ 110.948277, -6.913829 ] } },
{ "type": "Feature", "properties": { "NAME": "BKKa.24[Baru]", "LAT": -6.911976, "LONG": 110.950917, "TYPE": "Turnout", "VILLAGE": "Cengkalsewu", "CC_4": "3318010016", "CANALS": "PRIMARY", "CANAL_NAME": "KLAMBU KANAN", "AREA_GATE1": 34.3, "VOLUME_GAT": 47.64, "AREA_GATE2": null, "VOLUME_G_1": null, "AREA_GATE3": null, "VOLUME_G_2": null, "AREA_SUM": 34.3, "VOLUME_SUM": 47.64 }, "geometry": { "type": "Point", "coordinates": [ 110.950917, -6.911976 ] } },
{ "type": "Feature", "properties": { "NAME": "CrKKa.2[Baru]", "LAT": -6.911577, "LONG": 110.954916, "TYPE": "Small Turnout", "VILLAGE": "Kedumulyo", "CC_4": "3318010008", "CANALS": "PRIMARY", "CANAL_NAME": "KLAMBU KANAN", "AREA_GATE1": 4.6, "VOLUME_GAT": 6.95, "AREA_GATE2": null, "VOLUME_G_1": null, "AREA_GATE3": null, "VOLUME_G_2": null, "AREA_SUM": 4.6, "VOLUME_SUM": 6.95 }, "geometry": { "type": "Point", "coordinates": [ 110.954916, -6.911577 ] } },
{ "type": "Feature", "properties": { "NAME": "BKKa.25[20]", "LAT": -6.911488, "LONG": 110.956167, "TYPE": "Division-Box", "VILLAGE": "Cengkalsewu", "CC_4": "3318010016", "CANALS": "PRIMARY", "CANAL_NAME": "KLAMBU KANAN", "AREA_GATE1": null, "VOLUME_GAT": null, "AREA_GATE2": null, "VOLUME_G_1": null, "AREA_GATE3": null, "VOLUME_G_2": null, "AREA_SUM": 0.0, "VOLUME_SUM": 0.0 }, "geometry": { "type": "Point", "coordinates": [ 110.956167, -6.911488 ] } },
{ "type": "Feature", "properties": { "NAME": "BKKa.21a", "LAT": -6.911496, "LONG": 110.956368, "TYPE": "Road Bridge", "VILLAGE": "Cengkalsewu", "CC_4": "3318010016", "CANALS": "PRIMARY", "CANAL_NAME": "KLAMBU KANAN", "AREA_GATE1": null, "VOLUME_GAT": null, "AREA_GATE2": null, "VOLUME_G_1": null, "AREA_GATE3": null, "VOLUME_G_2": null, "AREA_SUM": 0.0, "VOLUME_SUM": 0.0 }, "geometry": { "type": "Point", "coordinates": [ 110.956368, -6.911496 ] } },
{ "type": "Feature", "properties": { "NAME": "BKKa.21e", "LAT": -6.911933, "LONG": 110.960309, "TYPE": "Road Bridge", "VILLAGE": "Jimbaran", "CC_4": "3318020001", "CANALS": "PRIMARY", "CANAL_NAME": "KLAMBU KANAN", "AREA_GATE1": null, "VOLUME_GAT": null, "AREA_GATE2": null, "VOLUME_G_1": null, "AREA_GATE3": null, "VOLUME_G_2": null, "AREA_SUM": 0.0, "VOLUME_SUM": 0.0 }, "geometry": { "type": "Point", "coordinates": [ 110.960309, -6.911933 ] } },
{ "type": "Feature", "properties": { "NAME": "BKKa.26[Baru]", "LAT": -6.91171, "LONG": 110.961826, "TYPE": "Small Turnout", "VILLAGE": "Jimbaran", "CC_4": "3318020001", "CANALS": "PRIMARY", "CANAL_NAME": "KLAMBU KANAN", "AREA_GATE1": 11.0, "VOLUME_GAT": 15.28, "AREA_GATE2": null, "VOLUME_G_1": null, "AREA_GATE3": null, "VOLUME_G_2": null, "AREA_SUM": 11.0, "VOLUME_SUM": 15.28 }, "geometry": { "type": "Point", "coordinates": [ 110.961826, -6.91171 ] } },
{ "type": "Feature", "properties": { "NAME": "BKKa.22a", "LAT": -6.911369, "LONG": 110.96352, "TYPE": "Road Bridge", "VILLAGE": "Jimbaran", "CC_4": "3318020001", "CANALS": "PRIMARY", "CANAL_NAME": "KLAMBU KANAN", "AREA_GATE1": null, "VOLUME_GAT": null, "AREA_GATE2": null, "VOLUME_G_1": null, "AREA_GATE3": null, "VOLUME_G_2": null, "AREA_SUM": 0.0, "VOLUME_SUM": 0.0 }, "geometry": { "type": "Point", "coordinates": [ 110.96352, -6.911369 ] } },
{ "type": "Feature", "properties": { "NAME": "BKKa.22c", "LAT": -6.910215, "LONG": 110.96517, "TYPE": "Siphon", "VILLAGE": "Jimbaran", "CC_4": "3318020001", "CANALS": "PRIMARY", "CANAL_NAME": "KLAMBU KANAN", "AREA_GATE1": null, "VOLUME_GAT": null, "AREA_GATE2": null, "VOLUME_G_1": null, "AREA_GATE3": null, "VOLUME_G_2": null, "AREA_SUM": 0.0, "VOLUME_SUM": 0.0 }, "geometry": { "type": "Point", "coordinates": [ 110.96517, -6.910215 ] } },
{ "type": "Feature", "properties": { "NAME": "BKKa.22d", "LAT": -6.909588, "LONG": 110.965655, "TYPE": "Road Bridge", "VILLAGE": "Jimbaran", "CC_4": "3318020001", "CANALS": "PRIMARY", "CANAL_NAME": "KLAMBU KANAN", "AREA_GATE1": null, "VOLUME_GAT": null, "AREA_GATE2": null, "VOLUME_G_1": null, "AREA_GATE3": null, "VOLUME_G_2": null, "AREA_SUM": 0.0, "VOLUME_SUM": 0.0 }, "geometry": { "type": "Point", "coordinates": [ 110.965655, -6.909588 ] } },
{ "type": "Feature", "properties": { "NAME": "CrKKa.3[Baru]", "LAT": -6.908802, "LONG": 110.966359, "TYPE": "Small Turnout", "VILLAGE": "Jimbaran", "CC_4": "3318020001", "CANALS": "PRIMARY", "CANAL_NAME": "KLAMBU KANAN", "AREA_GATE1": 4.6, "VOLUME_GAT": 6.95, "AREA_GATE2": null, "VOLUME_G_1": null, "AREA_GATE3": null, "VOLUME_G_2": null, "AREA_SUM": 4.6, "VOLUME_SUM": 6.95 }, "geometry": { "type": "Point", "coordinates": [ 110.966359, -6.908802 ] } },
{ "type": "Feature", "properties": { "NAME": "CrKKa.4[BKKa-21]", "LAT": -6.906532, "LONG": 110.968196, "TYPE": "Small Turnout", "VILLAGE": "Jimbaran", "CC_4": "3318020001", "CANALS": "PRIMARY", "CANAL_NAME": "KLAMBU KANAN", "AREA_GATE1": 5.4, "VOLUME_GAT": 6.95, "AREA_GATE2": null, "VOLUME_G_1": null, "AREA_GATE3": null, "VOLUME_G_2": null, "AREA_SUM": 5.4, "VOLUME_SUM": 6.95 }, "geometry": { "type": "Point", "coordinates": [ 110.968196, -6.906532 ] } },
{ "type": "Feature", "properties": { "NAME": "BKKa.22f", "LAT": -6.903628, "LONG": 110.970009, "TYPE": "Road Bridge", "VILLAGE": "Kayen", "CC_4": "3318020009", "CANALS": "PRIMARY", "CANAL_NAME": "KLAMBU KANAN", "AREA_GATE1": null, "VOLUME_GAT": null, "AREA_GATE2": null, "VOLUME_G_1": null, "AREA_GATE3": null, "VOLUME_G_2": null, "AREA_SUM": 0.0, "VOLUME_SUM": 0.0 }, "geometry": { "type": "Point", "coordinates": [ 110.970009, -6.903628 ] } },
{ "type": "Feature", "properties": { "NAME": "BKKa.27[22]", "LAT": -6.903449, "LONG": 110.970072, "TYPE": "Turnout-Division Box", "VILLAGE": "Kayen", "CC_4": "3318020009", "CANALS": "PRIMARY", "CANAL_NAME": "KLAMBU KANAN", "AREA_GATE1": 29.0, "VOLUME_GAT": 40.28, "AREA_GATE2": null, "VOLUME_G_1": null, "AREA_GATE3": null, "VOLUME_G_2": null, "AREA_SUM": 29.0, "VOLUME_SUM": 40.28 }, "geometry": { "type": "Point", "coordinates": [ 110.970072, -6.903449 ] } },
{ "type": "Feature", "properties": { "NAME": "BKKa.23b", "LAT": -6.897471, "LONG": 110.972202, "TYPE": "Siphon", "VILLAGE": "Kayen", "CC_4": "3318020009", "CANALS": "PRIMARY", "CANAL_NAME": "KLAMBU KANAN", "AREA_GATE1": null, "VOLUME_GAT": null, "AREA_GATE2": null, "VOLUME_G_1": null, "AREA_GATE3": null, "VOLUME_G_2": null, "AREA_SUM": 0.0, "VOLUME_SUM": 0.0 }, "geometry": { "type": "Point", "coordinates": [ 110.972202, -6.897471 ] } },
{ "type": "Feature", "properties": { "NAME": "BKKa.23c", "LAT": -6.896551, "LONG": 110.972554, "TYPE": "Road Bridge", "VILLAGE": "Kayen", "CC_4": "3318020009", "CANALS": "PRIMARY", "CANAL_NAME": "KLAMBU KANAN", "AREA_GATE1": null, "VOLUME_GAT": null, "AREA_GATE2": null, "VOLUME_G_1": null, "AREA_GATE3": null, "VOLUME_G_2": null, "AREA_SUM": 0.0, "VOLUME_SUM": 0.0 }, "geometry": { "type": "Point", "coordinates": [ 110.972554, -6.896551 ] } },
{ "type": "Feature", "properties": { "NAME": "BKKa.23d", "LAT": -6.895309, "LONG": 110.972998, "TYPE": "Road Bridge", "VILLAGE": "Kayen", "CC_4": "3318020009", "CANALS": "PRIMARY", "CANAL_NAME": "KLAMBU KANAN", "AREA_GATE1": null, "VOLUME_GAT": null, "AREA_GATE2": null, "VOLUME_G_1": null, "AREA_GATE3": null, "VOLUME_G_2": null, "AREA_SUM": 0.0, "VOLUME_SUM": 0.0 }, "geometry": { "type": "Point", "coordinates": [ 110.972998, -6.895309 ] } },
{ "type": "Feature", "properties": { "NAME": "BKKa.23e", "LAT": -6.893402, "LONG": 110.973658, "TYPE": "Road Bridge", "VILLAGE": "Trimulyo", "CC_4": "3318020010", "CANALS": "PRIMARY", "CANAL_NAME": "KLAMBU KANAN", "AREA_GATE1": null, "VOLUME_GAT": null, "AREA_GATE2": null, "VOLUME_G_1": null, "AREA_GATE3": null, "VOLUME_G_2": null, "AREA_SUM": 0.0, "VOLUME_SUM": 0.0 }, "geometry": { "type": "Point", "coordinates": [ 110.973658, -6.893402 ] } },
{ "type": "Feature", "properties": { "NAME": "BKKa.28[Baru]", "LAT": -6.899387, "LONG": 110.971616, "TYPE": "Small Turnout", "VILLAGE": "Kayen", "CC_4": "3318020009", "CANALS": "PRIMARY", "CANAL_NAME": "KLAMBU KANAN", "AREA_GATE1": 18.0, "VOLUME_GAT": 25.0, "AREA_GATE2": null, "VOLUME_G_1": null, "AREA_GATE3": null, "VOLUME_G_2": null, "AREA_SUM": 18.0, "VOLUME_SUM": 25.0 }, "geometry": { "type": "Point", "coordinates": [ 110.971616, -6.899387 ] } },
{ "type": "Feature", "properties": { "NAME": "BKKa.29[CrKKa.5]", "LAT": -6.894387, "LONG": 110.973286, "TYPE": "Small Turnout", "VILLAGE": "Trimulyo", "CC_4": "3318020010", "CANALS": "PRIMARY", "CANAL_NAME": "KLAMBU KANAN", "AREA_GATE1": 47.0, "VOLUME_GAT": 55.28, "AREA_GATE2": null, "VOLUME_G_1": null, "AREA_GATE3": null, "VOLUME_G_2": null, "AREA_SUM": 47.0, "VOLUME_SUM": 55.28 }, "geometry": { "type": "Point", "coordinates": [ 110.973286, -6.894387 ] } },
{ "type": "Feature", "properties": { "NAME": "BKKa.30[23]", "LAT": -6.893192, "LONG": 110.973758, "TYPE": "Turnout-Division Box", "VILLAGE": "Trimulyo", "CC_4": "3318020010", "CANALS": "PRIMARY", "CANAL_NAME": "KLAMBU KANAN", "AREA_GATE1": 10.8, "VOLUME_GAT": 15.0, "AREA_GATE2": null, "VOLUME_G_1": null, "AREA_GATE3": null, "VOLUME_G_2": null, "AREA_SUM": 10.8, "VOLUME_SUM": 15.0 }, "geometry": { "type": "Point", "coordinates": [ 110.973758, -6.893192 ] } },
{ "type": "Feature", "properties": { "NAME": "BKKa.24b", "LAT": -6.89009, "LONG": 110.978922, "TYPE": "Road Bridge", "VILLAGE": "Trimulyo", "CC_4": "3318020010", "CANALS": "PRIMARY", "CANAL_NAME": "KLAMBU KANAN", "AREA_GATE1": null, "VOLUME_GAT": null, "AREA_GATE2": null, "VOLUME_G_1": null, "AREA_GATE3": null, "VOLUME_G_2": null, "AREA_SUM": 0.0, "VOLUME_SUM": 0.0 }, "geometry": { "type": "Point", "coordinates": [ 110.978922, -6.89009 ] } },
{ "type": "Feature", "properties": { "NAME": "BKKa.31[Baru]", "LAT": -6.892164, "LONG": 110.975874, "TYPE": "Small Turnout", "VILLAGE": "Trimulyo", "CC_4": "3318020010", "CANALS": "PRIMARY", "CANAL_NAME": "KLAMBU KANAN", "AREA_GATE1": 15.0, "VOLUME_GAT": 20.83, "AREA_GATE2": null, "VOLUME_G_1": null, "AREA_GATE3": null, "VOLUME_G_2": null, "AREA_SUM": 15.0, "VOLUME_SUM": 20.83 }, "geometry": { "type": "Point", "coordinates": [ 110.975874, -6.892164 ] } },
{ "type": "Feature", "properties": { "NAME": "BKKa.24d", "LAT": -6.888968, "LONG": 110.980006, "TYPE": "Siphon", "VILLAGE": "Trimulyo", "CC_4": "3318020010", "CANALS": "PRIMARY", "CANAL_NAME": "KLAMBU KANAN", "AREA_GATE1": null, "VOLUME_GAT": null, "AREA_GATE2": null, "VOLUME_G_1": null, "AREA_GATE3": null, "VOLUME_G_2": null, "AREA_SUM": 0.0, "VOLUME_SUM": 0.0 }, "geometry": { "type": "Point", "coordinates": [ 110.980006, -6.888968 ] } },
{ "type": "Feature", "properties": { "NAME": "BKKa.24e", "LAT": -6.887534, "LONG": 110.981349, "TYPE": "Road Bridge", "VILLAGE": "Trimulyo", "CC_4": "3318020010", "CANALS": "PRIMARY", "CANAL_NAME": "KLAMBU KANAN", "AREA_GATE1": null, "VOLUME_GAT": null, "AREA_GATE2": null, "VOLUME_G_1": null, "AREA_GATE3": null, "VOLUME_G_2": null, "AREA_SUM": 0.0, "VOLUME_SUM": 0.0 }, "geometry": { "type": "Point", "coordinates": [ 110.981349, -6.887534 ] } },
{ "type": "Feature", "properties": { "NAME": "BKKa.32[24]", "LAT": -6.886715, "LONG": 110.981776, "TYPE": "Turnout-Division Box", "VILLAGE": "Trimulyo", "CC_4": "3318020010", "CANALS": "PRIMARY", "CANAL_NAME": "KLAMBU KANAN", "AREA_GATE1": 56.0, "VOLUME_GAT": 77.78, "AREA_GATE2": null, "VOLUME_G_1": null, "AREA_GATE3": null, "VOLUME_G_2": null, "AREA_SUM": 56.0, "VOLUME_SUM": 77.78 }, "geometry": { "type": "Point", "coordinates": [ 110.981776, -6.886715 ] } },
{ "type": "Feature", "properties": { "NAME": "BKKa.25a", "LAT": -6.885724, "LONG": 110.983451, "TYPE": "Road Bridge", "VILLAGE": "Trimulyo", "CC_4": "3318020010", "CANALS": "PRIMARY", "CANAL_NAME": "KLAMBU KANAN", "AREA_GATE1": null, "VOLUME_GAT": null, "AREA_GATE2": null, "VOLUME_G_1": null, "AREA_GATE3": null, "VOLUME_G_2": null, "AREA_SUM": 0.0, "VOLUME_SUM": 0.0 }, "geometry": { "type": "Point", "coordinates": [ 110.983451, -6.885724 ] } },
{ "type": "Feature", "properties": { "NAME": "BKKa.33[Baru]", "LAT": -6.884331, "LONG": 110.985903, "TYPE": "Small Turnout", "VILLAGE": "Trimulyo", "CC_4": "3318020010", "CANALS": "PRIMARY", "CANAL_NAME": "KLAMBU KANAN", "AREA_GATE1": 14.3, "VOLUME_GAT": 19.86, "AREA_GATE2": null, "VOLUME_G_1": null, "AREA_GATE3": null, "VOLUME_G_2": null, "AREA_SUM": 14.3, "VOLUME_SUM": 19.86 }, "geometry": { "type": "Point", "coordinates": [ 110.985903, -6.884331 ] } },
{ "type": "Feature", "properties": { "NAME": "BKKa.34[CrKKa.6]", "LAT": -6.880711, "LONG": 110.992111, "TYPE": "Small Turnout", "VILLAGE": "Jatiroto", "CC_4": "3318020008", "CANALS": "PRIMARY", "CANAL_NAME": "KLAMBU KANAN", "AREA_GATE1": 74.0, "VOLUME_GAT": 102.78, "AREA_GATE2": null, "VOLUME_G_1": null, "AREA_GATE3": null, "VOLUME_G_2": null, "AREA_SUM": 74.0, "VOLUME_SUM": 102.78 }, "geometry": { "type": "Point", "coordinates": [ 110.992111, -6.880711 ] } },
{ "type": "Feature", "properties": { "NAME": "BKKa.35[25]", "LAT": -6.874837, "LONG": 110.994482, "TYPE": "Division-Box", "VILLAGE": "Rogomulyo", "CC_4": "3318020014", "CANALS": "PRIMARY", "CANAL_NAME": "KLAMBU KANAN", "AREA_GATE1": null, "VOLUME_GAT": null, "AREA_GATE2": null, "VOLUME_G_1": null, "AREA_GATE3": null, "VOLUME_G_2": null, "AREA_SUM": 0.0, "VOLUME_SUM": 0.0 }, "geometry": { "type": "Point", "coordinates": [ 110.994482, -6.874837 ] } },
{ "type": "Feature", "properties": { "NAME": "BKKa.26a", "LAT": -6.8744, "LONG": 110.994519, "TYPE": "Road Bridge", "VILLAGE": "Rogomulyo", "CC_4": "3318020014", "CANALS": "PRIMARY", "CANAL_NAME": "KLAMBU KANAN", "AREA_GATE1": null, "VOLUME_GAT": null, "AREA_GATE2": null, "VOLUME_G_1": null, "AREA_GATE3": null, "VOLUME_G_2": null, "AREA_SUM": 0.0, "VOLUME_SUM": 0.0 }, "geometry": { "type": "Point", "coordinates": [ 110.994519, -6.8744 ] } },
{ "type": "Feature", "properties": { "NAME": "BKKa.26c", "LAT": -6.873657, "LONG": 110.994877, "TYPE": "Siphon", "VILLAGE": "Rogomulyo", "CC_4": "3318020014", "CANALS": "PRIMARY", "CANAL_NAME": "KLAMBU KANAN", "AREA_GATE1": null, "VOLUME_GAT": null, "AREA_GATE2": null, "VOLUME_G_1": null, "AREA_GATE3": null, "VOLUME_G_2": null, "AREA_SUM": 0.0, "VOLUME_SUM": 0.0 }, "geometry": { "type": "Point", "coordinates": [ 110.994877, -6.873657 ] } },
{ "type": "Feature", "properties": { "NAME": "BKKa.26d", "LAT": -6.872804, "LONG": 110.995322, "TYPE": "Road Bridge", "VILLAGE": "Rogomulyo", "CC_4": "3318020014", "CANALS": "PRIMARY", "CANAL_NAME": "KLAMBU KANAN", "AREA_GATE1": null, "VOLUME_GAT": null, "AREA_GATE2": null, "VOLUME_G_1": null, "AREA_GATE3": null, "VOLUME_G_2": null, "AREA_SUM": 0.0, "VOLUME_SUM": 0.0 }, "geometry": { "type": "Point", "coordinates": [ 110.995322, -6.872804 ] } },
{ "type": "Feature", "properties": { "NAME": "BKKa.36[26]", "LAT": -6.871994, "LONG": 110.995888, "TYPE": "Small Turnout", "VILLAGE": "Rogomulyo", "CC_4": "3318020014", "CANALS": "PRIMARY", "CANAL_NAME": "KLAMBU KANAN", "AREA_GATE1": 39.0, "VOLUME_GAT": 54.17, "AREA_GATE2": null, "VOLUME_G_1": null, "AREA_GATE3": null, "VOLUME_G_2": null, "AREA_SUM": 39.0, "VOLUME_SUM": 54.17 }, "geometry": { "type": "Point", "coordinates": [ 110.995888, -6.871994 ] } },
{ "type": "Feature", "properties": { "NAME": "BKKa.33a", "LAT": -6.868621, "LONG": 110.996774, "TYPE": "Road Bridge", "VILLAGE": "Rogomulyo", "CC_4": "3318020014", "CANALS": "PRIMARY", "CANAL_NAME": "KLAMBU KANAN", "AREA_GATE1": null, "VOLUME_GAT": null, "AREA_GATE2": null, "VOLUME_G_1": null, "AREA_GATE3": null, "VOLUME_G_2": null, "AREA_SUM": 0.0, "VOLUME_SUM": 0.0 }, "geometry": { "type": "Point", "coordinates": [ 110.996774, -6.868621 ] } },
{ "type": "Feature", "properties": { "NAME": "BKKa.33c", "LAT": -6.867988, "LONG": 110.996933, "TYPE": "Siphon", "VILLAGE": "Rogomulyo", "CC_4": "3318020014", "CANALS": "PRIMARY", "CANAL_NAME": "KLAMBU KANAN", "AREA_GATE1": null, "VOLUME_GAT": null, "AREA_GATE2": null, "VOLUME_G_1": null, "AREA_GATE3": null, "VOLUME_G_2": null, "AREA_SUM": 0.0, "VOLUME_SUM": 0.0 }, "geometry": { "type": "Point", "coordinates": [ 110.996933, -6.867988 ] } },
{ "type": "Feature", "properties": { "NAME": "BKKa.37[27]", "LAT": -6.867552, "LONG": 110.997027, "TYPE": "Turnout-Division Box", "VILLAGE": "Rogomulyo", "CC_4": "3318020014", "CANALS": "PRIMARY", "CANAL_NAME": "KLAMBU KANAN", "AREA_GATE1": 2.1, "VOLUME_GAT": 6.95, "AREA_GATE2": null, "VOLUME_G_1": null, "AREA_GATE3": null, "VOLUME_G_2": null, "AREA_SUM": 2.1, "VOLUME_SUM": 6.95 }, "geometry": { "type": "Point", "coordinates": [ 110.997027, -6.867552 ] } },
{ "type": "Feature", "properties": { "NAME": "BKKa.28a", "LAT": -6.866397, "LONG": 110.998376, "TYPE": "Road Bridge", "VILLAGE": "Rogomulyo", "CC_4": "3318020014", "CANALS": "PRIMARY", "CANAL_NAME": "KLAMBU KANAN", "AREA_GATE1": null, "VOLUME_GAT": null, "AREA_GATE2": null, "VOLUME_G_1": null, "AREA_GATE3": null, "VOLUME_G_2": null, "AREA_SUM": 0.0, "VOLUME_SUM": 0.0 }, "geometry": { "type": "Point", "coordinates": [ 110.998376, -6.866397 ] } },
{ "type": "Feature", "properties": { "NAME": "BKKa.38[Baru]", "LAT": -6.863179, "LONG": 110.999595, "TYPE": "Turnout", "VILLAGE": "Boloagung", "CC_4": "3318020016", "CANALS": "PRIMARY", "CANAL_NAME": "KLAMBU KANAN", "AREA_GATE1": 24.5, "VOLUME_GAT": 34.0, "AREA_GATE2": null, "VOLUME_G_1": null, "AREA_GATE3": null, "VOLUME_G_2": null, "AREA_SUM": 24.5, "VOLUME_SUM": 34.0 }, "geometry": { "type": "Point", "coordinates": [ 110.999595, -6.863179 ] } },
{ "type": "Feature", "properties": { "NAME": "BKKa.39[CrKKa.7]", "LAT": -6.86285, "LONG": 110.999698, "TYPE": "Turnout", "VILLAGE": "Boloagung", "CC_4": "3318020016", "CANALS": "PRIMARY", "CANAL_NAME": "KLAMBU KANAN", "AREA_GATE1": 86.0, "VOLUME_GAT": 118.45, "AREA_GATE2": null, "VOLUME_G_1": null, "AREA_GATE3": null, "VOLUME_G_2": null, "AREA_SUM": 86.0, "VOLUME_SUM": 118.45 }, "geometry": { "type": "Point", "coordinates": [ 110.999698, -6.86285 ] } },
{ "type": "Feature", "properties": { "NAME": "BKKa.28d", "LAT": -6.859536, "LONG": 111.000834, "TYPE": "Road Bridge", "VILLAGE": "Boloagung", "CC_4": "3318020016", "CANALS": "PRIMARY", "CANAL_NAME": "KLAMBU KANAN", "AREA_GATE1": null, "VOLUME_GAT": null, "AREA_GATE2": null, "VOLUME_G_1": null, "AREA_GATE3": null, "VOLUME_G_2": null, "AREA_SUM": 0.0, "VOLUME_SUM": 0.0 }, "geometry": { "type": "Point", "coordinates": [ 111.000834, -6.859536 ] } },
{ "type": "Feature", "properties": { "NAME": "BKKa.28f", "LAT": -6.858871, "LONG": 111.001063, "TYPE": "Road Bridge", "VILLAGE": "Boloagung", "CC_4": "3318020016", "CANALS": "PRIMARY", "CANAL_NAME": "KLAMBU KANAN", "AREA_GATE1": null, "VOLUME_GAT": null, "AREA_GATE2": null, "VOLUME_G_1": null, "AREA_GATE3": null, "VOLUME_G_2": null, "AREA_SUM": 0.0, "VOLUME_SUM": 0.0 }, "geometry": { "type": "Point", "coordinates": [ 111.001063, -6.858871 ] } },
{ "type": "Feature", "properties": { "NAME": "BKKa.28h", "LAT": -6.857414, "LONG": 111.001556, "TYPE": "Road Bridge", "VILLAGE": "Sundoluhur", "CC_4": "3318020017", "CANALS": "PRIMARY", "CANAL_NAME": "KLAMBU KANAN", "AREA_GATE1": null, "VOLUME_GAT": null, "AREA_GATE2": null, "VOLUME_G_1": null, "AREA_GATE3": null, "VOLUME_G_2": null, "AREA_SUM": 0.0, "VOLUME_SUM": 0.0 }, "geometry": { "type": "Point", "coordinates": [ 111.001556, -6.857414 ] } },
{ "type": "Feature", "properties": { "NAME": "BKKa.28j", "LAT": -6.856426, "LONG": 111.001919, "TYPE": "Road Bridge", "VILLAGE": "Sundoluhur", "CC_4": "3318020017", "CANALS": "PRIMARY", "CANAL_NAME": "KLAMBU KANAN", "AREA_GATE1": null, "VOLUME_GAT": null, "AREA_GATE2": null, "VOLUME_G_1": null, "AREA_GATE3": null, "VOLUME_G_2": null, "AREA_SUM": 0.0, "VOLUME_SUM": 0.0 }, "geometry": { "type": "Point", "coordinates": [ 111.001919, -6.856426 ] } },
{ "type": "Feature", "properties": { "NAME": "BKKa.40[28]", "LAT": -6.856338, "LONG": 111.001914, "TYPE": "Turnout", "VILLAGE": "Sundoluhur", "CC_4": "3318020017", "CANALS": "PRIMARY", "CANAL_NAME": "KLAMBU KANAN", "AREA_GATE1": 16.8, "VOLUME_GAT": 23.33, "AREA_GATE2": null, "VOLUME_G_1": null, "AREA_GATE3": null, "VOLUME_G_2": null, "AREA_SUM": 16.8, "VOLUME_SUM": 23.33 }, "geometry": { "type": "Point", "coordinates": [ 111.001914, -6.856338 ] } },
{ "type": "Feature", "properties": { "NAME": "BKKa.29b", "LAT": -6.851585, "LONG": 111.004241, "TYPE": "Road Bridge", "VILLAGE": "Sundoluhur", "CC_4": "3318020017", "CANALS": "PRIMARY", "CANAL_NAME": "KLAMBU KANAN", "AREA_GATE1": null, "VOLUME_GAT": null, "AREA_GATE2": null, "VOLUME_G_1": null, "AREA_GATE3": null, "VOLUME_G_2": null, "AREA_SUM": 0.0, "VOLUME_SUM": 0.0 }, "geometry": { "type": "Point", "coordinates": [ 111.004241, -6.851585 ] } },
{ "type": "Feature", "properties": { "NAME": "BKKa.41[CrKKa8]", "LAT": -6.84994, "LONG": 111.004986, "TYPE": "Turnout", "VILLAGE": "Sundoluhur", "CC_4": "3318020017", "CANALS": "PRIMARY", "CANAL_NAME": "KLAMBU KANAN", "AREA_GATE1": 25.0, "VOLUME_GAT": 34.72, "AREA_GATE2": null, "VOLUME_G_1": null, "AREA_GATE3": null, "VOLUME_G_2": null, "AREA_SUM": 25.0, "VOLUME_SUM": 34.72 }, "geometry": { "type": "Point", "coordinates": [ 111.004986, -6.84994 ] } },
{ "type": "Feature", "properties": { "NAME": "BKKa.42[Baru]", "LAT": -6.848312, "LONG": 111.005819, "TYPE": "Small Turnout", "VILLAGE": "Sundoluhur", "CC_4": "3318020017", "CANALS": "PRIMARY", "CANAL_NAME": "KLAMBU KANAN", "AREA_GATE1": 21.0, "VOLUME_GAT": 29.17, "AREA_GATE2": null, "VOLUME_G_1": null, "AREA_GATE3": null, "VOLUME_G_2": null, "AREA_SUM": 21.0, "VOLUME_SUM": 29.17 }, "geometry": { "type": "Point", "coordinates": [ 111.005819, -6.848312 ] } },
{ "type": "Feature", "properties": { "NAME": "BKKa.43[29]", "LAT": -6.846791, "LONG": 111.007215, "TYPE": "Division-Box", "VILLAGE": "Sundoluhur", "CC_4": "3318020017", "CANALS": "PRIMARY", "CANAL_NAME": "KLAMBU KANAN", "AREA_GATE1": null, "VOLUME_GAT": null, "AREA_GATE2": null, "VOLUME_G_1": null, "AREA_GATE3": null, "VOLUME_G_2": null, "AREA_SUM": 0.0, "VOLUME_SUM": 0.0 }, "geometry": { "type": "Point", "coordinates": [ 111.007215, -6.846791 ] } },
{ "type": "Feature", "properties": { "NAME": "BKKa.44[30]", "LAT": -6.84592, "LONG": 111.008382, "TYPE": "Turnout", "VILLAGE": "Sundoluhur", "CC_4": "3318020017", "CANALS": "PRIMARY", "CANAL_NAME": "KLAMBU KANAN", "AREA_GATE1": 12.0, "VOLUME_GAT": 16.67, "AREA_GATE2": null, "VOLUME_G_1": null, "AREA_GATE3": null, "VOLUME_G_2": null, "AREA_SUM": 12.0, "VOLUME_SUM": 16.67 }, "geometry": { "type": "Point", "coordinates": [ 111.008382, -6.84592 ] } },
{ "type": "Feature", "properties": { "NAME": "BKKa.31b", "LAT": -6.845904, "LONG": 111.008458, "TYPE": "Road Bridge", "VILLAGE": "Sundoluhur", "CC_4": "3318020017", "CANALS": "PRIMARY", "CANAL_NAME": "KLAMBU KANAN", "AREA_GATE1": null, "VOLUME_GAT": null, "AREA_GATE2": null, "VOLUME_G_1": null, "AREA_GATE3": null, "VOLUME_G_2": null, "AREA_SUM": 0.0, "VOLUME_SUM": 0.0 }, "geometry": { "type": "Point", "coordinates": [ 111.008458, -6.845904 ] } },
{ "type": "Feature", "properties": { "NAME": "BKKa.30[Ditutup]", "LAT": -6.846213, "LONG": 111.009582, "TYPE": "Small Turnout", "VILLAGE": "Sundoluhur", "CC_4": "3318020017", "CANALS": "PRIMARY", "CANAL_NAME": "KLAMBU KANAN", "AREA_GATE1": null, "VOLUME_GAT": null, "AREA_GATE2": null, "VOLUME_G_1": null, "AREA_GATE3": null, "VOLUME_G_2": null, "AREA_SUM": 0.0, "VOLUME_SUM": 0.0 }, "geometry": { "type": "Point", "coordinates": [ 111.009582, -6.846213 ] } },
{ "type": "Feature", "properties": { "NAME": "CrKKa.5", "LAT": -6.844283, "LONG": 111.011732, "TYPE": "Small Turnout", "VILLAGE": "Sundoluhur", "CC_4": "3318020017", "CANALS": "PRIMARY", "CANAL_NAME": "KLAMBU KANAN", "AREA_GATE1": 5.1, "VOLUME_GAT": 8.47, "AREA_GATE2": null, "VOLUME_G_1": null, "AREA_GATE3": null, "VOLUME_G_2": null, "AREA_SUM": 5.1, "VOLUME_SUM": 8.47 }, "geometry": { "type": "Point", "coordinates": [ 111.011732, -6.844283 ] } },
{ "type": "Feature", "properties": { "NAME": "BKKa.32d", "LAT": -6.844206, "LONG": 111.011822, "TYPE": "Road Bridge", "VILLAGE": "Sundoluhur", "CC_4": "3318020017", "CANALS": "PRIMARY", "CANAL_NAME": "KLAMBU KANAN", "AREA_GATE1": null, "VOLUME_GAT": null, "AREA_GATE2": null, "VOLUME_G_1": null, "AREA_GATE3": null, "VOLUME_G_2": null, "AREA_SUM": 0.0, "VOLUME_SUM": 0.0 }, "geometry": { "type": "Point", "coordinates": [ 111.011822, -6.844206 ] } },
{ "type": "Feature", "properties": { "NAME": "BKKa.45[32]", "LAT": -6.839178, "LONG": 111.014035, "TYPE": "Division-Box", "VILLAGE": "Karaban", "CC_4": "3318110002", "CANALS": "PRIMARY", "CANAL_NAME": "KLAMBU KANAN", "AREA_GATE1": null, "VOLUME_GAT": null, "AREA_GATE2": null, "VOLUME_G_1": null, "AREA_GATE3": null, "VOLUME_G_2": null, "AREA_SUM": 0.0, "VOLUME_SUM": 0.0 }, "geometry": { "type": "Point", "coordinates": [ 111.014035, -6.839178 ] } },
{ "type": "Feature", "properties": { "NAME": "BG.1a", "LAT": -6.958879, "LONG": 110.82952, "TYPE": "Measuing Pos", "VILLAGE": "Prawoto", "CC_4": "3318010002", "CANALS": "SECONDARY", "CANAL_NAME": "GALIRAN", "AREA_GATE1": null, "VOLUME_GAT": null, "AREA_GATE2": null, "VOLUME_G_1": null, "AREA_GATE3": null, "VOLUME_G_2": null, "AREA_SUM": 0.0, "VOLUME_SUM": 0.0 }, "geometry": { "type": "Point", "coordinates": [ 110.82952, -6.958879 ] } },
{ "type": "Feature", "properties": { "NAME": "BG.1b", "LAT": -6.95843, "LONG": 110.829674, "TYPE": "Road Bridge", "VILLAGE": "Prawoto", "CC_4": "3318010002", "CANALS": "SECONDARY", "CANAL_NAME": "GALIRAN", "AREA_GATE1": null, "VOLUME_GAT": null, "AREA_GATE2": null, "VOLUME_G_1": null, "AREA_GATE3": null, "VOLUME_G_2": null, "AREA_SUM": 0.0, "VOLUME_SUM": 0.0 }, "geometry": { "type": "Point", "coordinates": [ 110.829674, -6.95843 ] } },
{ "type": "Feature", "properties": { "NAME": "BG.1", "LAT": -6.958068, "LONG": 110.829689, "TYPE": "Turnout", "VILLAGE": "Prawoto", "CC_4": "3318010002", "CANALS": "SECONDARY", "CANAL_NAME": "GALIRAN", "AREA_GATE1": 63.0, "VOLUME_GAT": 87.5, "AREA_GATE2": 35.5, "VOLUME_G_1": 49.31, "AREA_GATE3": 66.5, "VOLUME_G_2": 92.36, "AREA_SUM": 165.0, "VOLUME_SUM": 229.17 }, "geometry": { "type": "Point", "coordinates": [ 110.829689, -6.958068 ] } },
{ "type": "Feature", "properties": { "NAME": "BG.2[Baru]", "LAT": -6.952568, "LONG": 110.829396, "TYPE": "Turnout", "VILLAGE": "Prawoto", "CC_4": "3318010002", "CANALS": "SECONDARY", "CANAL_NAME": "GALIRAN", "AREA_GATE1": 101.1, "VOLUME_GAT": 144.58, "AREA_GATE2": null, "VOLUME_G_1": null, "AREA_GATE3": null, "VOLUME_G_2": null, "AREA_SUM": 101.1, "VOLUME_SUM": 144.58 }, "geometry": { "type": "Point", "coordinates": [ 110.829396, -6.952568 ] } },
{ "type": "Feature", "properties": { "NAME": "BG.3", "LAT": -6.944591, "LONG": 110.829213, "TYPE": "Turnout", "VILLAGE": "Kutuk", "CC_4": "3319040007", "CANALS": "SECONDARY", "CANAL_NAME": "GALIRAN", "AREA_GATE1": 72.8, "VOLUME_GAT": 101.11, "AREA_GATE2": null, "VOLUME_G_1": null, "AREA_GATE3": null, "VOLUME_G_2": null, "AREA_SUM": 72.8, "VOLUME_SUM": 101.11 }, "geometry": { "type": "Point", "coordinates": [ 110.829213, -6.944591 ] } },
{ "type": "Feature", "properties": { "NAME": "BG.4[Baru]", "LAT": -6.936969, "LONG": 110.830858, "TYPE": "Turnout", "VILLAGE": "Kutuk", "CC_4": "3319040007", "CANALS": "SECONDARY", "CANAL_NAME": "GALIRAN", "AREA_GATE1": 53.5, "VOLUME_GAT": 74.31, "AREA_GATE2": null, "VOLUME_G_1": null, "AREA_GATE3": null, "VOLUME_G_2": null, "AREA_SUM": 53.5, "VOLUME_SUM": 74.31 }, "geometry": { "type": "Point", "coordinates": [ 110.830858, -6.936969 ] } },
{ "type": "Feature", "properties": { "NAME": "BG.5[3]", "LAT": -6.936283, "LONG": 110.831348, "TYPE": "Turnout", "VILLAGE": "Kutuk", "CC_4": "3319040007", "CANALS": "SECONDARY", "CANAL_NAME": "GALIRAN", "AREA_GATE1": 61.3, "VOLUME_GAT": 85.14, "AREA_GATE2": null, "VOLUME_G_1": null, "AREA_GATE3": null, "VOLUME_G_2": null, "AREA_SUM": 61.3, "VOLUME_SUM": 85.14 }, "geometry": { "type": "Point", "coordinates": [ 110.831348, -6.936283 ] } },
{ "type": "Feature", "properties": { "NAME": "BG.6[4]", "LAT": -6.935753, "LONG": 110.832255, "TYPE": "Turnout-Division Box", "VILLAGE": "Kutuk", "CC_4": "3319040007", "CANALS": "SECONDARY", "CANAL_NAME": "GALIRAN", "AREA_GATE1": 67.5, "VOLUME_GAT": 93.75, "AREA_GATE2": null, "VOLUME_G_1": null, "AREA_GATE3": null, "VOLUME_G_2": null, "AREA_SUM": 67.5, "VOLUME_SUM": 93.75 }, "geometry": { "type": "Point", "coordinates": [ 110.832255, -6.935753 ] } },
{ "type": "Feature", "properties": { "NAME": "BG.7[5]", "LAT": -6.92848, "LONG": 110.832253, "TYPE": "Turnout", "VILLAGE": "Kutuk", "CC_4": "3319040007", "CANALS": "SECONDARY", "CANAL_NAME": "GALIRAN", "AREA_GATE1": 74.2, "VOLUME_GAT": 103.6, "AREA_GATE2": 61.9, "VOLUME_G_1": 85.97, "AREA_GATE3": null, "VOLUME_G_2": null, "AREA_SUM": 136.1, "VOLUME_SUM": 189.57 }, "geometry": { "type": "Point", "coordinates": [ 110.832253, -6.92848 ] } },
{ "type": "Feature", "properties": { "NAME": "BG.8[Baru]", "LAT": -6.923694, "LONG": 110.83266, "TYPE": "Turnout", "VILLAGE": "Terang Mas", "CC_4": "3319040015", "CANALS": "SECONDARY", "CANAL_NAME": "GALIRAN", "AREA_GATE1": 27.0, "VOLUME_GAT": 37.5, "AREA_GATE2": null, "VOLUME_G_1": null, "AREA_GATE3": null, "VOLUME_G_2": null, "AREA_SUM": 27.0, "VOLUME_SUM": 37.5 }, "geometry": { "type": "Point", "coordinates": [ 110.83266, -6.923694 ] } },
{ "type": "Feature", "properties": { "NAME": "BG.9[6]", "LAT": -6.921789, "LONG": 110.832887, "TYPE": "Turnout", "VILLAGE": "Terang Mas", "CC_4": "3319040015", "CANALS": "SECONDARY", "CANAL_NAME": "GALIRAN", "AREA_GATE1": 5.0, "VOLUME_GAT": 6.95, "AREA_GATE2": 33.0, "VOLUME_G_1": 45.8, "AREA_GATE3": 48.0, "VOLUME_G_2": 66.67, "AREA_SUM": 86.0, "VOLUME_SUM": 119.42 }, "geometry": { "type": "Point", "coordinates": [ 110.832887, -6.921789 ] } },
{ "type": "Feature", "properties": { "NAME": "BG.10a", "LAT": -6.916647, "LONG": 110.859822, "TYPE": "Road Bridge", "VILLAGE": "Baleadi", "CC_4": "3318010012", "CANALS": "SECONDARY", "CANAL_NAME": "GALIRAN", "AREA_GATE1": null, "VOLUME_GAT": null, "AREA_GATE2": null, "VOLUME_G_1": null, "AREA_GATE3": null, "VOLUME_G_2": null, "AREA_SUM": 0.0, "VOLUME_SUM": 0.0 }, "geometry": { "type": "Point", "coordinates": [ 110.859822, -6.916647 ] } },
{ "type": "Feature", "properties": { "NAME": "BG.10[7]", "LAT": -6.915802, "LONG": 110.837319, "TYPE": "Division-Box", "VILLAGE": "Undaan Kidul", "CC_4": "3319040008", "CANALS": "SECONDARY", "CANAL_NAME": "GALIRAN", "AREA_GATE1": 54.0, "VOLUME_GAT": 75.0, "AREA_GATE2": 42.6, "VOLUME_G_1": 59.17, "AREA_GATE3": null, "VOLUME_G_2": null, "AREA_SUM": 96.6, "VOLUME_SUM": 134.17 }, "geometry": { "type": "Point", "coordinates": [ 110.837319, -6.915802 ] } },
{ "type": "Feature", "properties": { "NAME": "BG.11[8]", "LAT": -6.914079, "LONG": 110.848784, "TYPE": "Turnout", "VILLAGE": "Baleadi", "CC_4": "3318010012", "CANALS": "SECONDARY", "CANAL_NAME": "GALIRAN", "AREA_GATE1": 60.5, "VOLUME_GAT": 83.03, "AREA_GATE2": 5.0, "VOLUME_G_1": 6.94, "AREA_GATE3": null, "VOLUME_G_2": null, "AREA_SUM": 65.5, "VOLUME_SUM": 89.97 }, "geometry": { "type": "Point", "coordinates": [ 110.848784, -6.914079 ] } },
{ "type": "Feature", "properties": { "NAME": "BG.12[9]", "LAT": -6.916583, "LONG": 110.853922, "TYPE": "Turnout", "VILLAGE": "Baleadi", "CC_4": "3318010012", "CANALS": "SECONDARY", "CANAL_NAME": "GALIRAN", "AREA_GATE1": 54.7, "VOLUME_GAT": 75.97, "AREA_GATE2": null, "VOLUME_G_1": null, "AREA_GATE3": null, "VOLUME_G_2": null, "AREA_SUM": 54.7, "VOLUME_SUM": 75.97 }, "geometry": { "type": "Point", "coordinates": [ 110.853922, -6.916583 ] } },
{ "type": "Feature", "properties": { "NAME": "BG.13[10]", "LAT": -6.916565, "LONG": 110.860008, "TYPE": "Turnout", "VILLAGE": "Baleadi", "CC_4": "3318010012", "CANALS": "SECONDARY", "CANAL_NAME": "GALIRAN", "AREA_GATE1": 33.36, "VOLUME_GAT": 46.32, "AREA_GATE2": 33.4, "VOLUME_G_1": 46.39, "AREA_GATE3": null, "VOLUME_G_2": null, "AREA_SUM": 66.76, "VOLUME_SUM": 92.71 }, "geometry": { "type": "Point", "coordinates": [ 110.860008, -6.916565 ] } },
{ "type": "Feature", "properties": { "NAME": "BG.14[Baru]", "LAT": -6.916202, "LONG": 110.860181, "TYPE": "Turnout", "VILLAGE": "Baleadi", "CC_4": "3318010012", "CANALS": "SECONDARY", "CANAL_NAME": "GALIRAN", "AREA_GATE1": 54.7, "VOLUME_GAT": 75.97, "AREA_GATE2": null, "VOLUME_G_1": null, "AREA_GATE3": null, "VOLUME_G_2": null, "AREA_SUM": 54.7, "VOLUME_SUM": 75.97 }, "geometry": { "type": "Point", "coordinates": [ 110.860181, -6.916202 ] } },
{ "type": "Feature", "properties": { "NAME": "BG.15[Baru]", "LAT": -6.915191, "LONG": 110.860674, "TYPE": "Turnout", "VILLAGE": "Baleadi", "CC_4": "3318010012", "CANALS": "SECONDARY", "CANAL_NAME": "GALIRAN", "AREA_GATE1": 54.7, "VOLUME_GAT": 75.97, "AREA_GATE2": null, "VOLUME_G_1": null, "AREA_GATE3": null, "VOLUME_G_2": null, "AREA_SUM": 54.7, "VOLUME_SUM": 75.97 }, "geometry": { "type": "Point", "coordinates": [ 110.860674, -6.915191 ] } },
{ "type": "Feature", "properties": { "NAME": "BG.16[11]", "LAT": -6.910185, "LONG": 110.862798, "TYPE": "Turnout", "VILLAGE": "Wotan", "CC_4": "3318010013", "CANALS": "SECONDARY", "CANAL_NAME": "GALIRAN", "AREA_GATE1": 41.45, "VOLUME_GAT": 57.57, "AREA_GATE2": 21.3, "VOLUME_G_1": 29.58, "AREA_GATE3": null, "VOLUME_G_2": null, "AREA_SUM": 62.75, "VOLUME_SUM": 87.15 }, "geometry": { "type": "Point", "coordinates": [ 110.862798, -6.910185 ] } },
{ "type": "Feature", "properties": { "NAME": "BG.17[12]", "LAT": -6.907439, "LONG": 110.869501, "TYPE": "Turnout", "VILLAGE": "Wotan", "CC_4": "3318010013", "CANALS": "SECONDARY", "CANAL_NAME": "GALIRAN", "AREA_GATE1": 41.45, "VOLUME_GAT": 57.57, "AREA_GATE2": null, "VOLUME_G_1": null, "AREA_GATE3": null, "VOLUME_G_2": null, "AREA_SUM": 41.45, "VOLUME_SUM": 57.57 }, "geometry": { "type": "Point", "coordinates": [ 110.869501, -6.907439 ] } },
{ "type": "Feature", "properties": { "NAME": "BPr.1", "LAT": -6.958337, "LONG": 110.837074, "TYPE": "Turnout", "VILLAGE": "Prawoto", "CC_4": "3318010002", "CANALS": "SECONDARY", "CANAL_NAME": "PRAWOTO", "AREA_GATE1": 47.7, "VOLUME_GAT": 66.25, "AREA_GATE2": null, "VOLUME_G_1": null, "AREA_GATE3": null, "VOLUME_G_2": null, "AREA_SUM": 47.7, "VOLUME_SUM": 66.25 }, "geometry": { "type": "Point", "coordinates": [ 110.837074, -6.958337 ] } },
{ "type": "Feature", "properties": { "NAME": "BCa.1", "LAT": -6.93583, "LONG": 110.838001, "TYPE": "Turnout", "VILLAGE": "Kutuk", "CC_4": "3319040007", "CANALS": "SECONDARY", "CANAL_NAME": "CANGKRINGAN", "AREA_GATE1": 64.7, "VOLUME_GAT": 89.86, "AREA_GATE2": null, "VOLUME_G_1": null, "AREA_GATE3": null, "VOLUME_G_2": null, "AREA_SUM": 64.7, "VOLUME_SUM": 89.86 }, "geometry": { "type": "Point", "coordinates": [ 110.838001, -6.93583 ] } },
{ "type": "Feature", "properties": { "NAME": "BCa.2", "LAT": -6.93549, "LONG": 110.842795, "TYPE": "Turnout", "VILLAGE": "Kutuk", "CC_4": "3319040007", "CANALS": "SECONDARY", "CANAL_NAME": "CANGKRINGAN", "AREA_GATE1": 52.9, "VOLUME_GAT": 73.47, "AREA_GATE2": null, "VOLUME_G_1": null, "AREA_GATE3": null, "VOLUME_G_2": null, "AREA_SUM": 52.9, "VOLUME_SUM": 73.47 }, "geometry": { "type": "Point", "coordinates": [ 110.842795, -6.93549 ] } },
{ "type": "Feature", "properties": { "NAME": "BCa.3", "LAT": -6.935593, "LONG": 110.844456, "TYPE": "Turnout", "VILLAGE": "Kutuk", "CC_4": "3319040007", "CANALS": "SECONDARY", "CANAL_NAME": "CANGKRINGAN", "AREA_GATE1": 135.7, "VOLUME_GAT": 188.47, "AREA_GATE2": null, "VOLUME_G_1": null, "AREA_GATE3": null, "VOLUME_G_2": null, "AREA_SUM": 135.7, "VOLUME_SUM": 188.47 }, "geometry": { "type": "Point", "coordinates": [ 110.844456, -6.935593 ] } },
{ "type": "Feature", "properties": { "NAME": "BCa.4", "LAT": -6.931821, "LONG": 110.848203, "TYPE": "Turnout", "VILLAGE": "Wegil", "CC_4": "3318010003", "CANALS": "SECONDARY", "CANAL_NAME": "CANGKRINGAN", "AREA_GATE1": 64.4, "VOLUME_GAT": 89.45, "AREA_GATE2": null, "VOLUME_G_1": null, "AREA_GATE3": null, "VOLUME_G_2": null, "AREA_SUM": 64.4, "VOLUME_SUM": 89.45 }, "geometry": { "type": "Point", "coordinates": [ 110.848203, -6.931821 ] } },
{ "type": "Feature", "properties": { "NAME": "BCa.5", "LAT": -6.932253, "LONG": 110.854828, "TYPE": "Turnout", "VILLAGE": "Wegil", "CC_4": "3318010003", "CANALS": "SECONDARY", "CANAL_NAME": "CANGKRINGAN", "AREA_GATE1": 49.0, "VOLUME_GAT": 68.06, "AREA_GATE2": 66.9, "VOLUME_G_1": 92.92, "AREA_GATE3": 61.5, "VOLUME_G_2": 85.42, "AREA_SUM": 177.4, "VOLUME_SUM": 246.4 }, "geometry": { "type": "Point", "coordinates": [ 110.854828, -6.932253 ] } },
{ "type": "Feature", "properties": { "NAME": "BBg.1", "LAT": -6.919849, "LONG": 110.862647, "TYPE": "Turnout", "VILLAGE": "Baleadi", "CC_4": "3318010012", "CANALS": "SECONDARY", "CANAL_NAME": "BANGSANG", "AREA_GATE1": 66.2, "VOLUME_GAT": 91.95, "AREA_GATE2": null, "VOLUME_G_1": null, "AREA_GATE3": null, "VOLUME_G_2": null, "AREA_SUM": 66.2, "VOLUME_SUM": 91.95 }, "geometry": { "type": "Point", "coordinates": [ 110.862647, -6.919849 ] } },
{ "type": "Feature", "properties": { "NAME": "BBg.2", "LAT": -6.921382, "LONG": 110.866654, "TYPE": "Turnout", "VILLAGE": "Baleadi", "CC_4": "3318010012", "CANALS": "SECONDARY", "CANAL_NAME": "BANGSANG", "AREA_GATE1": 48.5, "VOLUME_GAT": 67.36, "AREA_GATE2": 78.4, "VOLUME_G_1": 108.89, "AREA_GATE3": null, "VOLUME_G_2": null, "AREA_SUM": 126.9, "VOLUME_SUM": 176.25 }, "geometry": { "type": "Point", "coordinates": [ 110.866654, -6.921382 ] } },
{ "type": "Feature", "properties": { "NAME": "BKa.1", "LAT": -6.910336, "LONG": 110.873711, "TYPE": "Turnout", "VILLAGE": "Wotan", "CC_4": "3318010013", "CANALS": "SECONDARY", "CANAL_NAME": "KALIYOSO", "AREA_GATE1": 57.2, "VOLUME_GAT": 79.45, "AREA_GATE2": null, "VOLUME_G_1": null, "AREA_GATE3": null, "VOLUME_G_2": null, "AREA_SUM": 57.2, "VOLUME_SUM": 79.45 }, "geometry": { "type": "Point", "coordinates": [ 110.873711, -6.910336 ] } },
{ "type": "Feature", "properties": { "NAME": "BKa.2", "LAT": -6.911858, "LONG": 110.876527, "TYPE": "Turnout", "VILLAGE": "Wotan", "CC_4": "3318010013", "CANALS": "SECONDARY", "CANAL_NAME": "KALIYOSO", "AREA_GATE1": 41.2, "VOLUME_GAT": 57.22, "AREA_GATE2": null, "VOLUME_G_1": null, "AREA_GATE3": null, "VOLUME_G_2": null, "AREA_SUM": 41.2, "VOLUME_SUM": 57.22 }, "geometry": { "type": "Point", "coordinates": [ 110.876527, -6.911858 ] } },
{ "type": "Feature", "properties": { "NAME": "BKa.3", "LAT": -6.91256, "LONG": 110.878265, "TYPE": "Turnout-Division Box", "VILLAGE": "Wotan", "CC_4": "3318010013", "CANALS": "SECONDARY", "CANAL_NAME": "KALIYOSO", "AREA_GATE1": 59.3, "VOLUME_GAT": 82.36, "AREA_GATE2": null, "VOLUME_G_1": null, "AREA_GATE3": null, "VOLUME_G_2": null, "AREA_SUM": 59.3, "VOLUME_SUM": 82.36 }, "geometry": { "type": "Point", "coordinates": [ 110.878265, -6.91256 ] } },
{ "type": "Feature", "properties": { "NAME": "BKa.4", "LAT": -6.910286, "LONG": 110.883417, "TYPE": "Turnout-Division Box", "VILLAGE": "Wotan", "CC_4": "3318010013", "CANALS": "SECONDARY", "CANAL_NAME": "KALIYOSO", "AREA_GATE1": 84.5, "VOLUME_GAT": 117.36, "AREA_GATE2": null, "VOLUME_G_1": null, "AREA_GATE3": null, "VOLUME_G_2": null, "AREA_SUM": 84.5, "VOLUME_SUM": 117.36 }, "geometry": { "type": "Point", "coordinates": [ 110.883417, -6.910286 ] } },
{ "type": "Feature", "properties": { "NAME": "BKa.5", "LAT": -6.909299, "LONG": 110.886919, "TYPE": "Turnout", "VILLAGE": "Wotan", "CC_4": "3318010013", "CANALS": "SECONDARY", "CANAL_NAME": "KALIYOSO", "AREA_GATE1": 53.0, "VOLUME_GAT": 73.61, "AREA_GATE2": null, "VOLUME_G_1": null, "AREA_GATE3": null, "VOLUME_G_2": null, "AREA_SUM": 53.0, "VOLUME_SUM": 73.61 }, "geometry": { "type": "Point", "coordinates": [ 110.886919, -6.909299 ] } },
{ "type": "Feature", "properties": { "NAME": "BKa.6", "LAT": -6.909043, "LONG": 110.891556, "TYPE": "Turnout", "VILLAGE": "Wotan", "CC_4": "3318010013", "CANALS": "SECONDARY", "CANAL_NAME": "KALIYOSO", "AREA_GATE1": 38.3, "VOLUME_GAT": 53.19, "AREA_GATE2": null, "VOLUME_G_1": null, "AREA_GATE3": null, "VOLUME_G_2": null, "AREA_SUM": 38.3, "VOLUME_SUM": 53.19 }, "geometry": { "type": "Point", "coordinates": [ 110.891556, -6.909043 ] } },
{ "type": "Feature", "properties": { "NAME": "BKa.7", "LAT": -6.907036, "LONG": 110.896221, "TYPE": "Turnout", "VILLAGE": "Wotan", "CC_4": "3318010013", "CANALS": "SECONDARY", "CANAL_NAME": "KALIYOSO", "AREA_GATE1": 29.7, "VOLUME_GAT": 41.25, "AREA_GATE2": null, "VOLUME_G_1": null, "AREA_GATE3": null, "VOLUME_G_2": null, "AREA_SUM": 29.7, "VOLUME_SUM": 41.25 }, "geometry": { "type": "Point", "coordinates": [ 110.896221, -6.907036 ] } },
{ "type": "Feature", "properties": { "NAME": "BKa.8", "LAT": -6.906892, "LONG": 110.896447, "TYPE": "Turnout", "VILLAGE": "Wotan", "CC_4": "3318010013", "CANALS": "SECONDARY", "CANAL_NAME": "KALIYOSO", "AREA_GATE1": 79.4, "VOLUME_GAT": 110.28, "AREA_GATE2": 52.9, "VOLUME_G_1": 73.47, "AREA_GATE3": null, "VOLUME_G_2": null, "AREA_SUM": 132.3, "VOLUME_SUM": 183.75 }, "geometry": { "type": "Point", "coordinates": [ 110.896447, -6.906892 ] } },
{ "type": "Feature", "properties": { "NAME": "BKa.9", "LAT": -6.90533, "LONG": 110.898168, "TYPE": "Turnout", "VILLAGE": "Wotan", "CC_4": "3318010013", "CANALS": "SECONDARY", "CANAL_NAME": "KALIYOSO", "AREA_GATE1": 93.5, "VOLUME_GAT": 129.86, "AREA_GATE2": 68.3, "VOLUME_G_1": 94.86, "AREA_GATE3": null, "VOLUME_G_2": null, "AREA_SUM": 161.8, "VOLUME_SUM": 224.72 }, "geometry": { "type": "Point", "coordinates": [ 110.898168, -6.90533 ] } },
{ "type": "Feature", "properties": { "NAME": "BKa.10", "LAT": -6.904789, "LONG": 110.908691, "TYPE": "Turnout", "VILLAGE": "Baturejo", "CC_4": "3318010014", "CANALS": "SECONDARY", "CANAL_NAME": "KALIYOSO", "AREA_GATE1": 71.1, "VOLUME_GAT": 98.75, "AREA_GATE2": 78.7, "VOLUME_G_1": 109.31, "AREA_GATE3": null, "VOLUME_G_2": null, "AREA_SUM": 149.8, "VOLUME_SUM": 208.06 }, "geometry": { "type": "Point", "coordinates": [ 110.908691, -6.904789 ] } },
{ "type": "Feature", "properties": { "NAME": "BKa.11", "LAT": -6.905224, "LONG": 110.919322, "TYPE": "Turnout", "VILLAGE": "Baturejo", "CC_4": "3318010014", "CANALS": "SECONDARY", "CANAL_NAME": "KALIYOSO", "AREA_GATE1": 38.2, "VOLUME_GAT": 53.06, "AREA_GATE2": 54.1, "VOLUME_G_1": 75.14, "AREA_GATE3": 63.5, "VOLUME_G_2": 95.14, "AREA_SUM": 155.8, "VOLUME_SUM": 223.34 }, "geometry": { "type": "Point", "coordinates": [ 110.919322, -6.905224 ] } },
{ "type": "Feature", "properties": { "NAME": "BMa.1[Baru]", "LAT": -6.905904, "LONG": 110.884769, "TYPE": "Turnout", "VILLAGE": "Wotan", "CC_4": "3318010013", "CANALS": "SECONDARY", "CANAL_NAME": "MANGSANA", "AREA_GATE1": 15.6, "VOLUME_GAT": 21.67, "AREA_GATE2": null, "VOLUME_G_1": null, "AREA_GATE3": null, "VOLUME_G_2": null, "AREA_SUM": 15.6, "VOLUME_SUM": 21.67 }, "geometry": { "type": "Point", "coordinates": [ 110.884769, -6.905904 ] } },
{ "type": "Feature", "properties": { "NAME": "BMa.2[1]", "LAT": -6.902586, "LONG": 110.886782, "TYPE": "Turnout", "VILLAGE": "Wotan", "CC_4": "3318010013", "CANALS": "SECONDARY", "CANAL_NAME": "MANGSANA", "AREA_GATE1": 50.5, "VOLUME_GAT": 70.14, "AREA_GATE2": 59.4, "VOLUME_G_1": 82.5, "AREA_GATE3": null, "VOLUME_G_2": null, "AREA_SUM": 109.9, "VOLUME_SUM": 152.64 }, "geometry": { "type": "Point", "coordinates": [ 110.886782, -6.902586 ] } },
{ "type": "Feature", "properties": { "NAME": "BP.1", "LAT": -6.903395, "LONG": 110.875228, "TYPE": "Turnout", "VILLAGE": "Wotan", "CC_4": "3318010013", "CANALS": "SECONDARY", "CANAL_NAME": "PONCOMULYO", "AREA_GATE1": 37.8, "VOLUME_GAT": 52.5, "AREA_GATE2": 23.2, "VOLUME_G_1": 32.22, "AREA_GATE3": null, "VOLUME_G_2": null, "AREA_SUM": 61.0, "VOLUME_SUM": 84.72 }, "geometry": { "type": "Point", "coordinates": [ 110.875228, -6.903395 ] } },
{ "type": "Feature", "properties": { "NAME": "CrP.1", "LAT": -6.902647, "LONG": 110.874763, "TYPE": "Small Turnout", "VILLAGE": "Wotan", "CC_4": "3318010013", "CANALS": "SECONDARY", "CANAL_NAME": "PONCOMULYO", "AREA_GATE1": 8.8, "VOLUME_GAT": 11.81, "AREA_GATE2": null, "VOLUME_G_1": null, "AREA_GATE3": null, "VOLUME_G_2": null, "AREA_SUM": 8.8, "VOLUME_SUM": 11.81 }, "geometry": { "type": "Point", "coordinates": [ 110.874763, -6.902647 ] } },
{ "type": "Feature", "properties": { "NAME": "BP.2", "LAT": -6.89912, "LONG": 110.871996, "TYPE": "Turnout", "VILLAGE": "Wotan", "CC_4": "3318010013", "CANALS": "SECONDARY", "CANAL_NAME": "PONCOMULYO", "AREA_GATE1": 63.8, "VOLUME_GAT": 88.61, "AREA_GATE2": null, "VOLUME_G_1": null, "AREA_GATE3": null, "VOLUME_G_2": null, "AREA_SUM": 63.8, "VOLUME_SUM": 88.61 }, "geometry": { "type": "Point", "coordinates": [ 110.871996, -6.89912 ] } },
{ "type": "Feature", "properties": { "NAME": "BP.3", "LAT": -6.89232, "LONG": 110.873369, "TYPE": "Turnout", "VILLAGE": "Karang Rowo", "CC_4": "3319040010", "CANALS": "SECONDARY", "CANAL_NAME": "PONCOMULYO", "AREA_GATE1": 69.2, "VOLUME_GAT": 96.11, "AREA_GATE2": null, "VOLUME_G_1": null, "AREA_GATE3": null, "VOLUME_G_2": null, "AREA_SUM": 69.2, "VOLUME_SUM": 96.11 }, "geometry": { "type": "Point", "coordinates": [ 110.873369, -6.89232 ] } },
{ "type": "Feature", "properties": { "NAME": "BP.4", "LAT": -6.885739, "LONG": 110.874925, "TYPE": "Turnout-Division Box", "VILLAGE": "Karang Rowo", "CC_4": "3319040010", "CANALS": "SECONDARY", "CANAL_NAME": "PONCOMULYO", "AREA_GATE1": 38.6, "VOLUME_GAT": 53.81, "AREA_GATE2": 7.5, "VOLUME_G_1": 10.42, "AREA_GATE3": null, "VOLUME_G_2": null, "AREA_SUM": 46.1, "VOLUME_SUM": 64.23 }, "geometry": { "type": "Point", "coordinates": [ 110.874925, -6.885739 ] } },
{ "type": "Feature", "properties": { "NAME": "BP.5[Baru]", "LAT": -6.879637, "LONG": 110.881021, "TYPE": "Turnout", "VILLAGE": "Wotan", "CC_4": "3318010013", "CANALS": "SECONDARY", "CANAL_NAME": "PONCOMULYO", "AREA_GATE1": 31.5, "VOLUME_GAT": 43.75, "AREA_GATE2": null, "VOLUME_G_1": null, "AREA_GATE3": null, "VOLUME_G_2": null, "AREA_SUM": 31.5, "VOLUME_SUM": 43.75 }, "geometry": { "type": "Point", "coordinates": [ 110.881021, -6.879637 ] } },
{ "type": "Feature", "properties": { "NAME": "BP.6[Baru]", "LAT": -6.877605, "LONG": 110.884568, "TYPE": "Turnout", "VILLAGE": "Wotan", "CC_4": "3318010013", "CANALS": "SECONDARY", "CANAL_NAME": "PONCOMULYO", "AREA_GATE1": 11.0, "VOLUME_GAT": 15.28, "AREA_GATE2": null, "VOLUME_G_1": null, "AREA_GATE3": null, "VOLUME_G_2": null, "AREA_SUM": 11.0, "VOLUME_SUM": 15.28 }, "geometry": { "type": "Point", "coordinates": [ 110.884568, -6.877605 ] } },
{ "type": "Feature", "properties": { "NAME": "BP.5a", "LAT": -6.875508, "LONG": 110.888202, "TYPE": "Road Bridge", "VILLAGE": "Wotan", "CC_4": "3318010013", "CANALS": "SECONDARY", "CANAL_NAME": "PONCOMULYO", "AREA_GATE1": null, "VOLUME_GAT": null, "AREA_GATE2": null, "VOLUME_G_1": null, "AREA_GATE3": null, "VOLUME_G_2": null, "AREA_SUM": 0.0, "VOLUME_SUM": 0.0 }, "geometry": { "type": "Point", "coordinates": [ 110.888202, -6.875508 ] } },
{ "type": "Feature", "properties": { "NAME": "BP.7[BP.5]", "LAT": -6.875475, "LONG": 110.888259, "TYPE": "Turnout", "VILLAGE": "Wotan", "CC_4": "3318010013", "CANALS": "SECONDARY", "CANAL_NAME": "PONCOMULYO", "AREA_GATE1": 34.8, "VOLUME_GAT": 48.33, "AREA_GATE2": 2.9, "VOLUME_G_1": 5.0, "AREA_GATE3": 47.0, "VOLUME_G_2": 65.28, "AREA_SUM": 84.7, "VOLUME_SUM": 118.61 }, "geometry": { "type": "Point", "coordinates": [ 110.888259, -6.875475 ] } },
{ "type": "Feature", "properties": { "NAME": "BP.8[Baru]", "LAT": -6.874014, "LONG": 110.890869, "TYPE": "Turnout", "VILLAGE": "Wotan", "CC_4": "3318010013", "CANALS": "SECONDARY", "CANAL_NAME": "PONCOMULYO", "AREA_GATE1": 29.0, "VOLUME_GAT": 40.28, "AREA_GATE2": null, "VOLUME_G_1": null, "AREA_GATE3": null, "VOLUME_G_2": null, "AREA_SUM": 29.0, "VOLUME_SUM": 40.28 }, "geometry": { "type": "Point", "coordinates": [ 110.890869, -6.874014 ] } },
{ "type": "Feature", "properties": { "NAME": "CrP.2", "LAT": -6.873991, "LONG": 110.890942, "TYPE": "Small Turnout", "VILLAGE": "Wotan", "CC_4": "3318010013", "CANALS": "SECONDARY", "CANAL_NAME": "PONCOMULYO", "AREA_GATE1": 6.2, "VOLUME_GAT": 8.61, "AREA_GATE2": null, "VOLUME_G_1": null, "AREA_GATE3": null, "VOLUME_G_2": null, "AREA_SUM": 6.2, "VOLUME_SUM": 8.61 }, "geometry": { "type": "Point", "coordinates": [ 110.890942, -6.873991 ] } },
{ "type": "Feature", "properties": { "NAME": "BP.9[BP.6]", "LAT": -6.872632, "LONG": 110.89466, "TYPE": "Turnout", "VILLAGE": "Wotan", "CC_4": "3318010013", "CANALS": "SECONDARY", "CANAL_NAME": "PONCOMULYO", "AREA_GATE1": 74.1, "VOLUME_GAT": 102.92, "AREA_GATE2": null, "VOLUME_G_1": null, "AREA_GATE3": null, "VOLUME_G_2": null, "AREA_SUM": 74.1, "VOLUME_SUM": 102.92 }, "geometry": { "type": "Point", "coordinates": [ 110.89466, -6.872632 ] } },
{ "type": "Feature", "properties": { "NAME": "BP.10[BP.7]", "LAT": -6.872688, "LONG": 110.900269, "TYPE": "Division-Box", "VILLAGE": "Wotan", "CC_4": "3318010013", "CANALS": "SECONDARY", "CANAL_NAME": "PONCOMULYO", "AREA_GATE1": 29.5, "VOLUME_GAT": 40.97, "AREA_GATE2": 4.3, "VOLUME_G_1": 5.97, "AREA_GATE3": null, "VOLUME_G_2": null, "AREA_SUM": 33.8, "VOLUME_SUM": 46.94 }, "geometry": { "type": "Point", "coordinates": [ 110.900269, -6.872688 ] } },
{ "type": "Feature", "properties": { "NAME": "BP.11[BP.8a]", "LAT": -6.872885, "LONG": 110.904215, "TYPE": "Turnout", "VILLAGE": "Wotan", "CC_4": "3318010013", "CANALS": "SECONDARY", "CANAL_NAME": "PONCOMULYO", "AREA_GATE1": 50.5, "VOLUME_GAT": 111.81, "AREA_GATE2": null, "VOLUME_G_1": null, "AREA_GATE3": null, "VOLUME_G_2": null, "AREA_SUM": 50.5, "VOLUME_SUM": 111.81 }, "geometry": { "type": "Point", "coordinates": [ 110.904215, -6.872885 ] } },
{ "type": "Feature", "properties": { "NAME": "BP.12[BP.8]", "LAT": -6.872316, "LONG": 110.908442, "TYPE": "Division-Box", "VILLAGE": "Wotan", "CC_4": "3318010013", "CANALS": "SECONDARY", "CANAL_NAME": "PONCOMULYO", "AREA_GATE1": null, "VOLUME_GAT": null, "AREA_GATE2": null, "VOLUME_G_1": null, "AREA_GATE3": null, "VOLUME_G_2": null, "AREA_SUM": 0.0, "VOLUME_SUM": 0.0 }, "geometry": { "type": "Point", "coordinates": [ 110.908442, -6.872316 ] } },
{ "type": "Feature", "properties": { "NAME": "BP.13[Baru]", "LAT": -6.871239, "LONG": 110.911435, "TYPE": "Turnout", "VILLAGE": "Wotan", "CC_4": "3318010013", "CANALS": "SECONDARY", "CANAL_NAME": "PONCOMULYO", "AREA_GATE1": 32.8, "VOLUME_GAT": 45.56, "AREA_GATE2": 3.9, "VOLUME_G_1": 5.42, "AREA_GATE3": null, "VOLUME_G_2": null, "AREA_SUM": 36.7, "VOLUME_SUM": 50.98 }, "geometry": { "type": "Point", "coordinates": [ 110.911435, -6.871239 ] } },
{ "type": "Feature", "properties": { "NAME": "BP.14[9]", "LAT": -6.869487, "LONG": 110.916429, "TYPE": "Turnout", "VILLAGE": "Baturejo", "CC_4": "3318010014", "CANALS": "SECONDARY", "CANAL_NAME": "PONCOMULYO", "AREA_GATE1": 24.1, "VOLUME_GAT": 33.47, "AREA_GATE2": 6.7, "VOLUME_G_1": 9.31, "AREA_GATE3": 41.2, "VOLUME_G_2": 57.22, "AREA_SUM": 72.0, "VOLUME_SUM": 100.0 }, "geometry": { "type": "Point", "coordinates": [ 110.916429, -6.869487 ] } },
{ "type": "Feature", "properties": { "NAME": "BP.15[Baru]", "LAT": -6.870313, "LONG": 110.919452, "TYPE": "Turnout", "VILLAGE": "Gadudero", "CC_4": "3318010009", "CANALS": "SECONDARY", "CANAL_NAME": "PONCOMULYO", "AREA_GATE1": 27.5, "VOLUME_GAT": 38.19, "AREA_GATE2": null, "VOLUME_G_1": null, "AREA_GATE3": null, "VOLUME_G_2": null, "AREA_SUM": 27.5, "VOLUME_SUM": 38.19 }, "geometry": { "type": "Point", "coordinates": [ 110.919452, -6.870313 ] } },
{ "type": "Feature", "properties": { "NAME": "BP.16[10]", "LAT": -6.871112, "LONG": 110.924384, "TYPE": "Division-Box", "VILLAGE": "Gadudero", "CC_4": "3318010009", "CANALS": "SECONDARY", "CANAL_NAME": "PONCOMULYO", "AREA_GATE1": 53.0, "VOLUME_GAT": 73.61, "AREA_GATE2": 53.0, "VOLUME_G_1": 73.61, "AREA_GATE3": 14.7, "VOLUME_G_2": 20.42, "AREA_SUM": 120.7, "VOLUME_SUM": 167.64 }, "geometry": { "type": "Point", "coordinates": [ 110.924384, -6.871112 ] } },
{ "type": "Feature", "properties": { "NAME": "BP.17[11]", "LAT": -6.869803, "LONG": 110.927751, "TYPE": "Small Turnout", "VILLAGE": "Kasiyan", "CC_4": "3318010015", "CANALS": "SECONDARY", "CANAL_NAME": "PONCOMULYO", "AREA_GATE1": 30.5, "VOLUME_GAT": 42.36, "AREA_GATE2": null, "VOLUME_G_1": null, "AREA_GATE3": null, "VOLUME_G_2": null, "AREA_SUM": 30.5, "VOLUME_SUM": 42.36 }, "geometry": { "type": "Point", "coordinates": [ 110.927751, -6.869803 ] } },
{ "type": "Feature", "properties": { "NAME": "BP.11a", "LAT": -6.869752, "LONG": 110.927971, "TYPE": "Road Bridge", "VILLAGE": "Kasiyan", "CC_4": "3318010015", "CANALS": "SECONDARY", "CANAL_NAME": "PONCOMULYO", "AREA_GATE1": null, "VOLUME_GAT": null, "AREA_GATE2": null, "VOLUME_G_1": null, "AREA_GATE3": null, "VOLUME_G_2": null, "AREA_SUM": 0.0, "VOLUME_SUM": 0.0 }, "geometry": { "type": "Point", "coordinates": [ 110.927971, -6.869752 ] } },
{ "type": "Feature", "properties": { "NAME": "BP.18[12]", "LAT": -6.867277, "LONG": 110.930227, "TYPE": "Turnout", "VILLAGE": "Kasiyan", "CC_4": "3318010015", "CANALS": "SECONDARY", "CANAL_NAME": "PONCOMULYO", "AREA_GATE1": 31.0, "VOLUME_GAT": 43.14, "AREA_GATE2": 43.4, "VOLUME_G_1": 60.14, "AREA_GATE3": null, "VOLUME_G_2": null, "AREA_SUM": 74.4, "VOLUME_SUM": 103.28 }, "geometry": { "type": "Point", "coordinates": [ 110.930227, -6.867277 ] } },
{ "type": "Feature", "properties": { "NAME": "BP.19[13]", "LAT": -6.863815, "LONG": 110.934572, "TYPE": "Small Turnout", "VILLAGE": "Srikaton", "CC_4": "3318020011", "CANALS": "SECONDARY", "CANAL_NAME": "PONCOMULYO", "AREA_GATE1": 73.4, "VOLUME_GAT": 101.95, "AREA_GATE2": 56.9, "VOLUME_G_1": 79.03, "AREA_GATE3": null, "VOLUME_G_2": null, "AREA_SUM": 130.3, "VOLUME_SUM": 180.98 }, "geometry": { "type": "Point", "coordinates": [ 110.934572, -6.863815 ] } },
{ "type": "Feature", "properties": { "NAME": "BP.20[14]", "LAT": -6.863148, "LONG": 110.936794, "TYPE": "Small Turnout", "VILLAGE": "Srikaton", "CC_4": "3318020011", "CANALS": "SECONDARY", "CANAL_NAME": "PONCOMULYO", "AREA_GATE1": 77.3, "VOLUME_GAT": 107.36, "AREA_GATE2": null, "VOLUME_G_1": null, "AREA_GATE3": null, "VOLUME_G_2": null, "AREA_SUM": 77.3, "VOLUME_SUM": 107.36 }, "geometry": { "type": "Point", "coordinates": [ 110.936794, -6.863148 ] } },
{ "type": "Feature", "properties": { "NAME": "BP.21[15]", "LAT": -6.861458, "LONG": 110.940897, "TYPE": "Small Turnout", "VILLAGE": "Srikaton", "CC_4": "3318020011", "CANALS": "SECONDARY", "CANAL_NAME": "PONCOMULYO", "AREA_GATE1": 53.0, "VOLUME_GAT": 73.61, "AREA_GATE2": 83.4, "VOLUME_G_1": 115.83, "AREA_GATE3": null, "VOLUME_G_2": null, "AREA_SUM": 136.4, "VOLUME_SUM": 189.44 }, "geometry": { "type": "Point", "coordinates": [ 110.940897, -6.861458 ] } },
{ "type": "Feature", "properties": { "NAME": "BP.22[16]", "LAT": -6.85969, "LONG": 110.945881, "TYPE": "Turnout", "VILLAGE": "Srikaton", "CC_4": "3318020011", "CANALS": "SECONDARY", "CANAL_NAME": "PONCOMULYO", "AREA_GATE1": 35.2, "VOLUME_GAT": 48.89, "AREA_GATE2": 53.9, "VOLUME_G_1": 74.86, "AREA_GATE3": 104.0, "VOLUME_G_2": 144.45, "AREA_SUM": 193.1, "VOLUME_SUM": 268.2 }, "geometry": { "type": "Point", "coordinates": [ 110.945881, -6.85969 ] } },
{ "type": "Feature", "properties": { "NAME": "BSm1.1", "LAT": -6.879335, "LONG": 110.901399, "TYPE": "Turnout", "VILLAGE": "Wotan", "CC_4": "3318010013", "CANALS": "SECONDARY", "CANAL_NAME": "SARIMULYO 1", "AREA_GATE1": 33.5, "VOLUME_GAT": 45.53, "AREA_GATE2": 49.8, "VOLUME_G_1": 59.17, "AREA_GATE3": null, "VOLUME_G_2": null, "AREA_SUM": 83.3, "VOLUME_SUM": 104.7 }, "geometry": { "type": "Point", "coordinates": [ 110.901399, -6.879335 ] } },
{ "type": "Feature", "properties": { "NAME": "BSm2.2", "LAT": -6.87722, "LONG": 110.909175, "TYPE": "Turnout", "VILLAGE": "Wotan", "CC_4": "3318010013", "CANALS": "SECONDARY", "CANAL_NAME": "SARIMULYO 2", "AREA_GATE1": 70.0, "VOLUME_GAT": 97.22, "AREA_GATE2": 72.0, "VOLUME_G_1": 100.0, "AREA_GATE3": null, "VOLUME_G_2": null, "AREA_SUM": 142.0, "VOLUME_SUM": 197.22 }, "geometry": { "type": "Point", "coordinates": [ 110.909175, -6.87722 ] } },
{ "type": "Feature", "properties": { "NAME": "BMh1.1", "LAT": -6.875733, "LONG": 110.924961, "TYPE": "Turnout", "VILLAGE": "Gadudero", "CC_4": "3318010009", "CANALS": "SECONDARY", "CANAL_NAME": "MULYOHARJO 1", "AREA_GATE1": 31.8, "VOLUME_GAT": 44.17, "AREA_GATE2": null, "VOLUME_G_1": null, "AREA_GATE3": null, "VOLUME_G_2": null, "AREA_SUM": 31.8, "VOLUME_SUM": 44.17 }, "geometry": { "type": "Point", "coordinates": [ 110.924961, -6.875733 ] } },
{ "type": "Feature", "properties": { "NAME": "BMh1.2", "LAT": -6.88428, "LONG": 110.925029, "TYPE": "Turnout", "VILLAGE": "Gadudero", "CC_4": "3318010009", "CANALS": "SECONDARY", "CANAL_NAME": "MULYOHARJO 1", "AREA_GATE1": 108.0, "VOLUME_GAT": 150.0, "AREA_GATE2": 85.2, "VOLUME_G_1": 118.33, "AREA_GATE3": 86.3, "VOLUME_G_2": 119.86, "AREA_SUM": 279.5, "VOLUME_SUM": 388.19 }, "geometry": { "type": "Point", "coordinates": [ 110.925029, -6.88428 ] } },
{ "type": "Feature", "properties": { "NAME": "BMh2.1", "LAT": -6.874521, "LONG": 110.930765, "TYPE": "Turnout", "VILLAGE": "Kasiyan", "CC_4": "3318010015", "CANALS": "SECONDARY", "CANAL_NAME": "MULYOHARJO 2", "AREA_GATE1": 75.1, "VOLUME_GAT": 104.31, "AREA_GATE2": 64.8, "VOLUME_G_1": 90.0, "AREA_GATE3": null, "VOLUME_G_2": null, "AREA_SUM": 139.9, "VOLUME_SUM": 194.31 }, "geometry": { "type": "Point", "coordinates": [ 110.930765, -6.874521 ] } },
{ "type": "Feature", "properties": { "NAME": "BKt.1", "LAT": -6.887216, "LONG": 110.884055, "TYPE": "Turnout", "VILLAGE": "Wotan", "CC_4": "3318010013", "CANALS": "SECONDARY", "CANAL_NAME": "KARANGTURI", "AREA_GATE1": 43.1, "VOLUME_GAT": 59.86, "AREA_GATE2": 75.1, "VOLUME_G_1": 104.31, "AREA_GATE3": null, "VOLUME_G_2": null, "AREA_SUM": 118.2, "VOLUME_SUM": 164.17 }, "geometry": { "type": "Point", "coordinates": [ 110.884055, -6.887216 ] } },
{ "type": "Feature", "properties": { "NAME": "BBm.1", "LAT": -6.918579, "LONG": 110.920522, "TYPE": "Turnout", "VILLAGE": "Baturejo", "CC_4": "3318010014", "CANALS": "SECONDARY", "CANAL_NAME": "BACEM", "AREA_GATE1": 43.8, "VOLUME_GAT": 60.83, "AREA_GATE2": 66.6, "VOLUME_G_1": 92.5, "AREA_GATE3": null, "VOLUME_G_2": null, "AREA_SUM": 110.4, "VOLUME_SUM": 153.33 }, "geometry": { "type": "Point", "coordinates": [ 110.920522, -6.918579 ] } },
{ "type": "Feature", "properties": { "NAME": "CrSu.1", "LAT": -6.914097, "LONG": 110.941278, "TYPE": "Small Turnout", "VILLAGE": "Kedumulyo", "CC_4": "3318010008", "CANALS": "SECONDARY", "CANAL_NAME": "SURAN", "AREA_GATE1": 9.2, "VOLUME_GAT": 12.78, "AREA_GATE2": null, "VOLUME_G_1": null, "AREA_GATE3": null, "VOLUME_G_2": null, "AREA_SUM": 9.2, "VOLUME_SUM": 12.78 }, "geometry": { "type": "Point", "coordinates": [ 110.941278, -6.914097 ] } },
{ "type": "Feature", "properties": { "NAME": "BSu.1", "LAT": -6.910994, "LONG": 110.941371, "TYPE": "Turnout", "VILLAGE": "Kasiyan", "CC_4": "3318010015", "CANALS": "SECONDARY", "CANAL_NAME": "SURAN", "AREA_GATE1": 49.0, "VOLUME_GAT": 68.06, "AREA_GATE2": 73.5, "VOLUME_G_1": 102.08, "AREA_GATE3": null, "VOLUME_G_2": null, "AREA_SUM": 122.5, "VOLUME_SUM": 170.14 }, "geometry": { "type": "Point", "coordinates": [ 110.941371, -6.910994 ] } },
{ "type": "Feature", "properties": { "NAME": "BKs.1", "LAT": -6.9073, "LONG": 110.954716, "TYPE": "Turnout", "VILLAGE": "Cengkalsewu", "CC_4": "3318010016", "CANALS": "SECONDARY", "CANAL_NAME": "KASIYAN", "AREA_GATE1": 40.3, "VOLUME_GAT": 55.97, "AREA_GATE2": null, "VOLUME_G_1": null, "AREA_GATE3": null, "VOLUME_G_2": null, "AREA_SUM": 40.3, "VOLUME_SUM": 55.97 }, "geometry": { "type": "Point", "coordinates": [ 110.954716, -6.9073 ] } },
{ "type": "Feature", "properties": { "NAME": "BKs.2[Baru]", "LAT": -6.905173, "LONG": 110.951302, "TYPE": "Turnout", "VILLAGE": "Cengkalsewu", "CC_4": "3318010016", "CANALS": "SECONDARY", "CANAL_NAME": "KASIYAN", "AREA_GATE1": 43.5, "VOLUME_GAT": 60.42, "AREA_GATE2": null, "VOLUME_G_1": null, "AREA_GATE3": null, "VOLUME_G_2": null, "AREA_SUM": 43.5, "VOLUME_SUM": 60.42 }, "geometry": { "type": "Point", "coordinates": [ 110.951302, -6.905173 ] } },
{ "type": "Feature", "properties": { "NAME": "BKs.3[2]", "LAT": -6.904784, "LONG": 110.949402, "TYPE": "Road Bridge", "VILLAGE": "Kasiyan", "CC_4": "3318010015", "CANALS": "SECONDARY", "CANAL_NAME": "KASIYAN", "AREA_GATE1": 30.3, "VOLUME_GAT": 42.08, "AREA_GATE2": null, "VOLUME_G_1": null, "AREA_GATE3": null, "VOLUME_G_2": null, "AREA_SUM": 30.3, "VOLUME_SUM": 42.08 }, "geometry": { "type": "Point", "coordinates": [ 110.949402, -6.904784 ] } },
{ "type": "Feature", "properties": { "NAME": "BKs.4[3]", "LAT": -6.905374, "LONG": 110.947105, "TYPE": "Turnout", "VILLAGE": "Kasiyan", "CC_4": "3318010015", "CANALS": "SECONDARY", "CANAL_NAME": "KASIYAN", "AREA_GATE1": 63.1, "VOLUME_GAT": 87.64, "AREA_GATE2": 46.5, "VOLUME_G_1": 64.56, "AREA_GATE3": null, "VOLUME_G_2": null, "AREA_SUM": 109.6, "VOLUME_SUM": 152.2 }, "geometry": { "type": "Point", "coordinates": [ 110.947105, -6.905374 ] } },
{ "type": "Feature", "properties": { "NAME": "BDe.1", "LAT": -6.902903, "LONG": 110.964222, "TYPE": "Turnout", "VILLAGE": "Jimbaran", "CC_4": "3318020001", "CANALS": "SECONDARY", "CANAL_NAME": "DERMOYO", "AREA_GATE1": 47.4, "VOLUME_GAT": 65.83, "AREA_GATE2": 11.5, "VOLUME_G_1": 15.97, "AREA_GATE3": null, "VOLUME_G_2": null, "AREA_SUM": 58.9, "VOLUME_SUM": 81.8 }, "geometry": { "type": "Point", "coordinates": [ 110.964222, -6.902903 ] } },
{ "type": "Feature", "properties": { "NAME": "BDe.2", "LAT": -6.900618, "LONG": 110.958823, "TYPE": "Turnout", "VILLAGE": "Trimulyo", "CC_4": "3318020010", "CANALS": "SECONDARY", "CANAL_NAME": "DERMOYO", "AREA_GATE1": null, "VOLUME_GAT": null, "AREA_GATE2": 68.0, "VOLUME_G_1": 94.43, "AREA_GATE3": null, "VOLUME_G_2": null, "AREA_SUM": 68.0, "VOLUME_SUM": 94.43 }, "geometry": { "type": "Point", "coordinates": [ 110.958823, -6.900618 ] } },
{ "type": "Feature", "properties": { "NAME": "BDe.3", "LAT": -6.896053, "LONG": 110.959133, "TYPE": "Turnout", "VILLAGE": "Srikaton", "CC_4": "3318020011", "CANALS": "SECONDARY", "CANAL_NAME": "DERMOYO", "AREA_GATE1": null, "VOLUME_GAT": null, "AREA_GATE2": 44.2, "VOLUME_G_1": 61.39, "AREA_GATE3": 37.3, "VOLUME_G_2": 51.81, "AREA_SUM": 81.5, "VOLUME_SUM": 113.2 }, "geometry": { "type": "Point", "coordinates": [ 110.959133, -6.896053 ] } },
{ "type": "Feature", "properties": { "NAME": "BDe.4", "LAT": -6.892364, "LONG": 110.959895, "TYPE": "Turnout", "VILLAGE": "Srikaton", "CC_4": "3318020011", "CANALS": "SECONDARY", "CANAL_NAME": "DERMOYO", "AREA_GATE1": 45.3, "VOLUME_GAT": 62.92, "AREA_GATE2": 30.0, "VOLUME_G_1": 41.67, "AREA_GATE3": null, "VOLUME_G_2": null, "AREA_SUM": 75.3, "VOLUME_SUM": 104.59 }, "geometry": { "type": "Point", "coordinates": [ 110.959895, -6.892364 ] } },
{ "type": "Feature", "properties": { "NAME": "BPo.1a", "LAT": -6.891204, "LONG": 110.970053, "TYPE": "Turnout", "VILLAGE": "Trimulyo", "CC_4": "3318020010", "CANALS": "SECONDARY", "CANAL_NAME": "POPOH", "AREA_GATE1": null, "VOLUME_GAT": null, "AREA_GATE2": null, "VOLUME_G_1": null, "AREA_GATE3": null, "VOLUME_G_2": null, "AREA_SUM": 0.0, "VOLUME_SUM": 0.0 }, "geometry": { "type": "Point", "coordinates": [ 110.970053, -6.891204 ] } },
{ "type": "Feature", "properties": { "NAME": "BPo.1", "LAT": -6.891341, "LONG": 110.968833, "TYPE": "Road Bridge", "VILLAGE": "Trimulyo", "CC_4": "3318020010", "CANALS": "SECONDARY", "CANAL_NAME": "POPOH", "AREA_GATE1": 31.0, "VOLUME_GAT": 43.06, "AREA_GATE2": null, "VOLUME_G_1": null, "AREA_GATE3": null, "VOLUME_G_2": null, "AREA_SUM": 31.0, "VOLUME_SUM": 43.06 }, "geometry": { "type": "Point", "coordinates": [ 110.968833, -6.891341 ] } },
{ "type": "Feature", "properties": { "NAME": "BPo.2", "LAT": -6.886293, "LONG": 110.96389, "TYPE": "Turnout", "VILLAGE": "Pasuruhan", "CC_4": "3318020012", "CANALS": "SECONDARY", "CANAL_NAME": "POPOH", "AREA_GATE1": 26.0, "VOLUME_GAT": 36.11, "AREA_GATE2": null, "VOLUME_G_1": null, "AREA_GATE3": null, "VOLUME_G_2": null, "AREA_SUM": 26.0, "VOLUME_SUM": 36.11 }, "geometry": { "type": "Point", "coordinates": [ 110.96389, -6.886293 ] } },
{ "type": "Feature", "properties": { "NAME": "BPo.3", "LAT": -6.886448, "LONG": 110.960672, "TYPE": "Turnout", "VILLAGE": "Srikaton", "CC_4": "3318020011", "CANALS": "SECONDARY", "CANAL_NAME": "POPOH", "AREA_GATE1": 78.9, "VOLUME_GAT": 109.58, "AREA_GATE2": null, "VOLUME_G_1": null, "AREA_GATE3": null, "VOLUME_G_2": null, "AREA_SUM": 78.9, "VOLUME_SUM": 109.58 }, "geometry": { "type": "Point", "coordinates": [ 110.960672, -6.886448 ] } },
{ "type": "Feature", "properties": { "NAME": "BPo.4", "LAT": -6.886507, "LONG": 110.960579, "TYPE": "Small Turnout", "VILLAGE": "Srikaton", "CC_4": "3318020011", "CANALS": "SECONDARY", "CANAL_NAME": "POPOH", "AREA_GATE1": 40.3, "VOLUME_GAT": 55.97, "AREA_GATE2": 55.0, "VOLUME_G_1": 76.39, "AREA_GATE3": null, "VOLUME_G_2": null, "AREA_SUM": 95.3, "VOLUME_SUM": 132.36 }, "geometry": { "type": "Point", "coordinates": [ 110.960579, -6.886507 ] } },
{ "type": "Feature", "properties": { "NAME": "BPa.1", "LAT": -6.886091, "LONG": 110.978144, "TYPE": "Turnout", "VILLAGE": "Trimulyo", "CC_4": "3318020010", "CANALS": "SECONDARY", "CANAL_NAME": "PASURUHAN", "AREA_GATE1": 65.4, "VOLUME_GAT": 90.83, "AREA_GATE2": null, "VOLUME_G_1": null, "AREA_GATE3": null, "VOLUME_G_2": null, "AREA_SUM": 65.4, "VOLUME_SUM": 90.83 }, "geometry": { "type": "Point", "coordinates": [ 110.978144, -6.886091 ] } },
{ "type": "Feature", "properties": { "NAME": "BPa.2", "LAT": -6.884145, "LONG": 110.973186, "TYPE": "Turnout", "VILLAGE": "Trimulyo", "CC_4": "3318020010", "CANALS": "SECONDARY", "CANAL_NAME": "PASURUHAN", "AREA_GATE1": 61.5, "VOLUME_GAT": 85.42, "AREA_GATE2": null, "VOLUME_G_1": null, "AREA_GATE3": null, "VOLUME_G_2": null, "AREA_SUM": 61.5, "VOLUME_SUM": 85.42 }, "geometry": { "type": "Point", "coordinates": [ 110.973186, -6.884145 ] } },
{ "type": "Feature", "properties": { "NAME": "BPa.3", "LAT": -6.881445, "LONG": 110.970825, "TYPE": "Turnout", "VILLAGE": "Pasuruhan", "CC_4": "3318020012", "CANALS": "SECONDARY", "CANAL_NAME": "PASURUHAN", "AREA_GATE1": null, "VOLUME_GAT": null, "AREA_GATE2": null, "VOLUME_G_1": null, "AREA_GATE3": null, "VOLUME_G_2": null, "AREA_SUM": 0.0, "VOLUME_SUM": 0.0 }, "geometry": { "type": "Point", "coordinates": [ 110.970825, -6.881445 ] } },
{ "type": "Feature", "properties": { "NAME": "BPa.4a", "LAT": -6.875088, "LONG": 110.9712, "TYPE": "Division-Box", "VILLAGE": "Pesagi", "CC_4": "3318020013", "CANALS": "SECONDARY", "CANAL_NAME": "PASURUHAN", "AREA_GATE1": null, "VOLUME_GAT": null, "AREA_GATE2": null, "VOLUME_G_1": null, "AREA_GATE3": null, "VOLUME_G_2": null, "AREA_SUM": 0.0, "VOLUME_SUM": 0.0 }, "geometry": { "type": "Point", "coordinates": [ 110.9712, -6.875088 ] } },
{ "type": "Feature", "properties": { "NAME": "BPa.4", "LAT": -6.874508, "LONG": 110.970034, "TYPE": "Road Bridge", "VILLAGE": "Pesagi", "CC_4": "3318020013", "CANALS": "SECONDARY", "CANAL_NAME": "PASURUHAN", "AREA_GATE1": 70.0, "VOLUME_GAT": 97.22, "AREA_GATE2": 43.0, "VOLUME_G_1": 59.72, "AREA_GATE3": null, "VOLUME_G_2": null, "AREA_SUM": 113.0, "VOLUME_SUM": 156.94 }, "geometry": { "type": "Point", "coordinates": [ 110.970034, -6.874508 ] } },
{ "type": "Feature", "properties": { "NAME": "BPa.5", "LAT": -6.869887, "LONG": 110.969095, "TYPE": "Turnout", "VILLAGE": "Pesagi", "CC_4": "3318020013", "CANALS": "SECONDARY", "CANAL_NAME": "PASURUHAN", "AREA_GATE1": 51.0, "VOLUME_GAT": 70.83, "AREA_GATE2": null, "VOLUME_G_1": null, "AREA_GATE3": null, "VOLUME_G_2": null, "AREA_SUM": 51.0, "VOLUME_SUM": 70.83 }, "geometry": { "type": "Point", "coordinates": [ 110.969095, -6.869887 ] } },
{ "type": "Feature", "properties": { "NAME": "BPa.6", "LAT": -6.868101, "LONG": 110.961621, "TYPE": "Turnout", "VILLAGE": "Pasuruhan", "CC_4": "3318020012", "CANALS": "SECONDARY", "CANAL_NAME": "PASURUHAN", "AREA_GATE1": 80.0, "VOLUME_GAT": 111.11, "AREA_GATE2": null, "VOLUME_G_1": null, "AREA_GATE3": null, "VOLUME_G_2": null, "AREA_SUM": 80.0, "VOLUME_SUM": 111.11 }, "geometry": { "type": "Point", "coordinates": [ 110.961621, -6.868101 ] } },
{ "type": "Feature", "properties": { "NAME": "BPe.1a", "LAT": -6.881275, "LONG": 110.96869, "TYPE": "Turnout", "VILLAGE": "Pasuruhan", "CC_4": "3318020012", "CANALS": "SECONDARY", "CANAL_NAME": "PELANG", "AREA_GATE1": null, "VOLUME_GAT": null, "AREA_GATE2": null, "VOLUME_G_1": null, "AREA_GATE3": null, "VOLUME_G_2": null, "AREA_SUM": 0.0, "VOLUME_SUM": 0.0 }, "geometry": { "type": "Point", "coordinates": [ 110.96869, -6.881275 ] } },
{ "type": "Feature", "properties": { "NAME": "BPe.1", "LAT": -6.882013, "LONG": 110.967981, "TYPE": "Road Bridge", "VILLAGE": "Pasuruhan", "CC_4": "3318020012", "CANALS": "SECONDARY", "CANAL_NAME": "PELANG", "AREA_GATE1": 37.7, "VOLUME_GAT": 52.36, "AREA_GATE2": 24.2, "VOLUME_G_1": 33.61, "AREA_GATE3": null, "VOLUME_G_2": null, "AREA_SUM": 61.9, "VOLUME_SUM": 85.97 }, "geometry": { "type": "Point", "coordinates": [ 110.967981, -6.882013 ] } },
{ "type": "Feature", "properties": { "NAME": "BPe.2", "LAT": -6.880115, "LONG": 110.956667, "TYPE": "Turnout", "VILLAGE": "Pasuruhan", "CC_4": "3318020012", "CANALS": "SECONDARY", "CANAL_NAME": "PELANG", "AREA_GATE1": 47.6, "VOLUME_GAT": 66.11, "AREA_GATE2": 54.5, "VOLUME_G_1": 75.7, "AREA_GATE3": null, "VOLUME_G_2": null, "AREA_SUM": 102.1, "VOLUME_SUM": 141.81 }, "geometry": { "type": "Point", "coordinates": [ 110.956667, -6.880115 ] } },
{ "type": "Feature", "properties": { "NAME": "BTa.1", "LAT": -6.874153, "LONG": 110.992446, "TYPE": "Turnout", "VILLAGE": "Rogomulyo", "CC_4": "3318020014", "CANALS": "SECONDARY", "CANAL_NAME": "TALUN", "AREA_GATE1": 10.8, "VOLUME_GAT": 15.0, "AREA_GATE2": null, "VOLUME_G_1": null, "AREA_GATE3": null, "VOLUME_G_2": null, "AREA_SUM": 10.8, "VOLUME_SUM": 15.0 }, "geometry": { "type": "Point", "coordinates": [ 110.992446, -6.874153 ] } },
{ "type": "Feature", "properties": { "NAME": "BTa.2", "LAT": -6.872411, "LONG": 110.98117, "TYPE": "Turnout", "VILLAGE": "Pesagi", "CC_4": "3318020013", "CANALS": "SECONDARY", "CANAL_NAME": "TALUN", "AREA_GATE1": 64.6, "VOLUME_GAT": 89.72, "AREA_GATE2": null, "VOLUME_G_1": null, "AREA_GATE3": null, "VOLUME_G_2": null, "AREA_SUM": 64.6, "VOLUME_SUM": 89.72 }, "geometry": { "type": "Point", "coordinates": [ 110.98117, -6.872411 ] } },
{ "type": "Feature", "properties": { "NAME": "BTa.3", "LAT": -6.867161, "LONG": 110.981164, "TYPE": "Turnout", "VILLAGE": "Talun", "CC_4": "3318020015", "CANALS": "SECONDARY", "CANAL_NAME": "TALUN", "AREA_GATE1": 58.5, "VOLUME_GAT": 79.47, "AREA_GATE2": null, "VOLUME_G_1": null, "AREA_GATE3": null, "VOLUME_G_2": null, "AREA_SUM": 58.5, "VOLUME_SUM": 79.47 }, "geometry": { "type": "Point", "coordinates": [ 110.981164, -6.867161 ] } },
{ "type": "Feature", "properties": { "NAME": "BTa.4", "LAT": -6.8638, "LONG": 110.980209, "TYPE": "Turnout", "VILLAGE": "Talun", "CC_4": "3318020015", "CANALS": "SECONDARY", "CANAL_NAME": "TALUN", "AREA_GATE1": 42.1, "VOLUME_GAT": 58.47, "AREA_GATE2": null, "VOLUME_G_1": null, "AREA_GATE3": null, "VOLUME_G_2": null, "AREA_SUM": 42.1, "VOLUME_SUM": 58.47 }, "geometry": { "type": "Point", "coordinates": [ 110.980209, -6.8638 ] } },
{ "type": "Feature", "properties": { "NAME": "BTa.5", "LAT": -6.860183, "LONG": 110.971704, "TYPE": "Turnout", "VILLAGE": "Talun", "CC_4": "3318020015", "CANALS": "SECONDARY", "CANAL_NAME": "TALUN", "AREA_GATE1": 37.7, "VOLUME_GAT": 32.36, "AREA_GATE2": 87.8, "VOLUME_G_1": 121.95, "AREA_GATE3": null, "VOLUME_G_2": null, "AREA_SUM": 125.5, "VOLUME_SUM": 154.31 }, "geometry": { "type": "Point", "coordinates": [ 110.971704, -6.860183 ] } },
{ "type": "Feature", "properties": { "NAME": "BRo.1a", "LAT": -6.865576, "LONG": 110.995106, "TYPE": "Turnout", "VILLAGE": "Rogomulyo", "CC_4": "3318020014", "CANALS": "SECONDARY", "CANAL_NAME": "ROGOMULYO", "AREA_GATE1": null, "VOLUME_GAT": null, "AREA_GATE2": null, "VOLUME_G_1": null, "AREA_GATE3": null, "VOLUME_G_2": null, "AREA_SUM": 0.0, "VOLUME_SUM": 0.0 }, "geometry": { "type": "Point", "coordinates": [ 110.995106, -6.865576 ] } },
{ "type": "Feature", "properties": { "NAME": "BRo.1[Baru]", "LAT": -6.863015, "LONG": 110.991225, "TYPE": "Road Bridge", "VILLAGE": "Boloagung", "CC_4": "3318020016", "CANALS": "SECONDARY", "CANAL_NAME": "ROGOMULYO", "AREA_GATE1": 30.0, "VOLUME_GAT": 41.67, "AREA_GATE2": null, "VOLUME_G_1": null, "AREA_GATE3": null, "VOLUME_G_2": null, "AREA_SUM": 30.0, "VOLUME_SUM": 41.67 }, "geometry": { "type": "Point", "coordinates": [ 110.991225, -6.863015 ] } },
{ "type": "Feature", "properties": { "NAME": "BRo.2", "LAT": -6.859466, "LONG": 110.989514, "TYPE": "Turnout", "VILLAGE": "Boloagung", "CC_4": "3318020016", "CANALS": "SECONDARY", "CANAL_NAME": "ROGOMULYO", "AREA_GATE1": 64.0, "VOLUME_GAT": 116.67, "AREA_GATE2": null, "VOLUME_G_1": null, "AREA_GATE3": null, "VOLUME_G_2": null, "AREA_SUM": 64.0, "VOLUME_SUM": 116.67 }, "geometry": { "type": "Point", "coordinates": [ 110.989514, -6.859466 ] } },
{ "type": "Feature", "properties": { "NAME": "BRo.3[2]", "LAT": -6.858926, "LONG": 110.984583, "TYPE": "Turnout", "VILLAGE": "Talun", "CC_4": "3318020015", "CANALS": "SECONDARY", "CANAL_NAME": "ROGOMULYO", "AREA_GATE1": 40.0, "VOLUME_GAT": 55.56, "AREA_GATE2": null, "VOLUME_G_1": null, "AREA_GATE3": null, "VOLUME_G_2": null, "AREA_SUM": 40.0, "VOLUME_SUM": 55.56 }, "geometry": { "type": "Point", "coordinates": [ 110.984583, -6.858926 ] } },
{ "type": "Feature", "properties": { "NAME": "BRo.4[3]", "LAT": -6.856591, "LONG": 110.982752, "TYPE": "Turnout", "VILLAGE": "Talun", "CC_4": "3318020015", "CANALS": "SECONDARY", "CANAL_NAME": "ROGOMULYO", "AREA_GATE1": 42.9, "VOLUME_GAT": 59.58, "AREA_GATE2": 120.0, "VOLUME_G_1": 166.67, "AREA_GATE3": null, "VOLUME_G_2": null, "AREA_SUM": 162.9, "VOLUME_SUM": 226.25 }, "geometry": { "type": "Point", "coordinates": [ 110.982752, -6.856591 ] } },
{ "type": "Feature", "properties": { "NAME": "BRo.5[4]", "LAT": -6.85358, "LONG": 110.974666, "TYPE": "Turnout", "VILLAGE": "Talun", "CC_4": "3318020015", "CANALS": "SECONDARY", "CANAL_NAME": "ROGOMULYO", "AREA_GATE1": 49.0, "VOLUME_GAT": 68.08, "AREA_GATE2": 16.8, "VOLUME_G_1": 23.33, "AREA_GATE3": 39.3, "VOLUME_G_2": 54.56, "AREA_SUM": 105.1, "VOLUME_SUM": 145.97 }, "geometry": { "type": "Point", "coordinates": [ 110.974666, -6.85358 ] } },
{ "type": "Feature", "properties": { "NAME": "BWu.1", "LAT": -6.845418, "LONG": 111.003381, "TYPE": "Turnout", "VILLAGE": "Sundoluhur", "CC_4": "3318020017", "CANALS": "SECONDARY", "CANAL_NAME": "WUWUR", "AREA_GATE1": 28.0, "VOLUME_GAT": 38.89, "AREA_GATE2": null, "VOLUME_G_1": null, "AREA_GATE3": null, "VOLUME_G_2": null, "AREA_SUM": 28.0, "VOLUME_SUM": 38.89 }, "geometry": { "type": "Point", "coordinates": [ 111.003381, -6.845418 ] } },
{ "type": "Feature", "properties": { "NAME": "BWu.2", "LAT": -6.844534, "LONG": 111.000341, "TYPE": "Turnout", "VILLAGE": "Wuwur", "CC_4": "3318110001", "CANALS": "SECONDARY", "CANAL_NAME": "WUWUR", "AREA_GATE1": 24.6, "VOLUME_GAT": 34.17, "AREA_GATE2": null, "VOLUME_G_1": null, "AREA_GATE3": null, "VOLUME_G_2": null, "AREA_SUM": 24.6, "VOLUME_SUM": 34.17 }, "geometry": { "type": "Point", "coordinates": [ 111.000341, -6.844534 ] } },
{ "type": "Feature", "properties": { "NAME": "BWu.3", "LAT": -6.843271, "LONG": 110.99634, "TYPE": "Turnout", "VILLAGE": "Wuwur", "CC_4": "3318110001", "CANALS": "SECONDARY", "CANAL_NAME": "WUWUR", "AREA_GATE1": 47.0, "VOLUME_GAT": 65.28, "AREA_GATE2": 20.7, "VOLUME_G_1": 28.75, "AREA_GATE3": null, "VOLUME_G_2": null, "AREA_SUM": 67.7, "VOLUME_SUM": 94.03 }, "geometry": { "type": "Point", "coordinates": [ 110.99634, -6.843271 ] } },
{ "type": "Feature", "properties": { "NAME": "BWu.4", "LAT": -6.84238, "LONG": 110.993065, "TYPE": "Small Turnout", "VILLAGE": "Wuwur", "CC_4": "3318110001", "CANALS": "SECONDARY", "CANAL_NAME": "WUWUR", "AREA_GATE1": 64.3, "VOLUME_GAT": 89.31, "AREA_GATE2": null, "VOLUME_G_1": null, "AREA_GATE3": null, "VOLUME_G_2": null, "AREA_SUM": 64.3, "VOLUME_SUM": 89.31 }, "geometry": { "type": "Point", "coordinates": [ 110.993065, -6.84238 ] } },
{ "type": "Feature", "properties": { "NAME": "BWu.5", "LAT": -6.839939, "LONG": 110.991462, "TYPE": "Turnout", "VILLAGE": "Wuwur", "CC_4": "3318110001", "CANALS": "SECONDARY", "CANAL_NAME": "WUWUR", "AREA_GATE1": 78.0, "VOLUME_GAT": 108.33, "AREA_GATE2": null, "VOLUME_G_1": null, "AREA_GATE3": null, "VOLUME_G_2": null, "AREA_SUM": 78.0, "VOLUME_SUM": 108.33 }, "geometry": { "type": "Point", "coordinates": [ 110.991462, -6.839939 ] } },
{ "type": "Feature", "properties": { "NAME": "BWu.6", "LAT": -6.839416, "LONG": 110.988297, "TYPE": "Turnout", "VILLAGE": "Wuwur", "CC_4": "3318110001", "CANALS": "SECONDARY", "CANAL_NAME": "WUWUR", "AREA_GATE1": 76.0, "VOLUME_GAT": 105.56, "AREA_GATE2": 65.0, "VOLUME_G_1": null, "AREA_GATE3": null, "VOLUME_G_2": null, "AREA_SUM": 141.0, "VOLUME_SUM": 105.56 }, "geometry": { "type": "Point", "coordinates": [ 110.988297, -6.839416 ] } },
{ "type": "Feature", "properties": { "NAME": "BKn.1", "LAT": -6.835285, "LONG": 111.012973, "TYPE": "Turnout", "VILLAGE": "Karaban", "CC_4": "3318110002", "CANALS": "SECONDARY", "CANAL_NAME": "KARABAN", "AREA_GATE1": 16.0, "VOLUME_GAT": 22.22, "AREA_GATE2": 30.0, "VOLUME_G_1": 41.67, "AREA_GATE3": null, "VOLUME_G_2": null, "AREA_SUM": 46.0, "VOLUME_SUM": 63.89 }, "geometry": { "type": "Point", "coordinates": [ 111.012973, -6.835285 ] } },
{ "type": "Feature", "properties": { "NAME": "CrKn.1[New]", "LAT": -6.836325, "LONG": 111.011011, "TYPE": "Turnout", "VILLAGE": "Karaban", "CC_4": "3318110002", "CANALS": "SECONDARY", "CANAL_NAME": "KARABAN", "AREA_GATE1": 4.0, "VOLUME_GAT": 5.56, "AREA_GATE2": null, "VOLUME_G_1": null, "AREA_GATE3": null, "VOLUME_G_2": null, "AREA_SUM": 4.0, "VOLUME_SUM": 5.56 }, "geometry": { "type": "Point", "coordinates": [ 111.011011, -6.836325 ] } },
{ "type": "Feature", "properties": { "NAME": "BKn.2", "LAT": -6.836926, "LONG": 111.006976, "TYPE": "Small Turnout", "VILLAGE": "Karaban", "CC_4": "3318110002", "CANALS": "SECONDARY", "CANAL_NAME": "KARABAN", "AREA_GATE1": 48.5, "VOLUME_GAT": 64.58, "AREA_GATE2": null, "VOLUME_G_1": null, "AREA_GATE3": null, "VOLUME_G_2": null, "AREA_SUM": 48.5, "VOLUME_SUM": 64.58 }, "geometry": { "type": "Point", "coordinates": [ 111.006976, -6.836926 ] } },
{ "type": "Feature", "properties": { "NAME": "BKn.3[4]", "LAT": -6.834447, "LONG": 111.004154, "TYPE": "Turnout", "VILLAGE": "Karaban", "CC_4": "3318110002", "CANALS": "SECONDARY", "CANAL_NAME": "KARABAN", "AREA_GATE1": 62.0, "VOLUME_GAT": 86.11, "AREA_GATE2": 65.0, "VOLUME_G_1": 90.28, "AREA_GATE3": null, "VOLUME_G_2": null, "AREA_SUM": 127.0, "VOLUME_SUM": 176.39 }, "geometry": { "type": "Point", "coordinates": [ 111.004154, -6.834447 ] } },
{ "type": "Feature", "properties": { "NAME": "BKn.4[5]", "LAT": -6.830443, "LONG": 111.000377, "TYPE": "Turnout", "VILLAGE": "Karaban", "CC_4": "3318110002", "CANALS": "SECONDARY", "CANAL_NAME": "KARABAN", "AREA_GATE1": 89.0, "VOLUME_GAT": 123.61, "AREA_GATE2": null, "VOLUME_G_1": null, "AREA_GATE3": null, "VOLUME_G_2": null, "AREA_SUM": 89.0, "VOLUME_SUM": 123.61 }, "geometry": { "type": "Point", "coordinates": [ 111.000377, -6.830443 ] } },
{ "type": "Feature", "properties": { "NAME": "BGe.1", "LAT": -6.839205, "LONG": 111.016083, "TYPE": "Turnout", "VILLAGE": "Bogotanjung", "CC_4": "3318110004", "CANALS": "SECONDARY", "CANAL_NAME": "GEBANG", "AREA_GATE1": 32.1, "VOLUME_GAT": 44.58, "AREA_GATE2": null, "VOLUME_G_1": null, "AREA_GATE3": null, "VOLUME_G_2": null, "AREA_SUM": 32.1, "VOLUME_SUM": 44.58 }, "geometry": { "type": "Point", "coordinates": [ 111.016083, -6.839205 ] } },
{ "type": "Feature", "properties": { "NAME": "BGe.2c", "LAT": -6.831025, "LONG": 111.020104, "TYPE": "Turnout", "VILLAGE": "Tlogoayu", "CC_4": "3318110003", "CANALS": "SECONDARY", "CANAL_NAME": "GEBANG", "AREA_GATE1": null, "VOLUME_GAT": null, "AREA_GATE2": null, "VOLUME_G_1": null, "AREA_GATE3": null, "VOLUME_G_2": null, "AREA_SUM": 0.0, "VOLUME_SUM": 0.0 }, "geometry": { "type": "Point", "coordinates": [ 111.020104, -6.831025 ] } },
{ "type": "Feature", "properties": { "NAME": "BGe.2d", "LAT": -6.82902, "LONG": 111.020255, "TYPE": "Siphon", "VILLAGE": "Tlogoayu", "CC_4": "3318110003", "CANALS": "SECONDARY", "CANAL_NAME": "GEBANG", "AREA_GATE1": null, "VOLUME_GAT": null, "AREA_GATE2": null, "VOLUME_G_1": null, "AREA_GATE3": null, "VOLUME_G_2": null, "AREA_SUM": 0.0, "VOLUME_SUM": 0.0 }, "geometry": { "type": "Point", "coordinates": [ 111.020255, -6.82902 ] } },
{ "type": "Feature", "properties": { "NAME": "BGe.2", "LAT": -6.828925, "LONG": 111.020268, "TYPE": "Road Bridge", "VILLAGE": "Tlogoayu", "CC_4": "3318110003", "CANALS": "SECONDARY", "CANAL_NAME": "GEBANG", "AREA_GATE1": 68.1, "VOLUME_GAT": 94.58, "AREA_GATE2": null, "VOLUME_G_1": null, "AREA_GATE3": null, "VOLUME_G_2": null, "AREA_SUM": 68.1, "VOLUME_SUM": 94.58 }, "geometry": { "type": "Point", "coordinates": [ 111.020268, -6.828925 ] } },
{ "type": "Feature", "properties": { "NAME": "CrGe.1[BGe.3]", "LAT": -6.820621, "LONG": 111.02906, "TYPE": "Turnout-Division Box", "VILLAGE": "Sambirejo", "CC_4": "3318110013", "CANALS": "SECONDARY", "CANAL_NAME": "GEBANG", "AREA_GATE1": 7.0, "VOLUME_GAT": 9.72, "AREA_GATE2": null, "VOLUME_G_1": null, "AREA_GATE3": null, "VOLUME_G_2": null, "AREA_SUM": 7.0, "VOLUME_SUM": 9.72 }, "geometry": { "type": "Point", "coordinates": [ 111.02906, -6.820621 ] } },
{ "type": "Feature", "properties": { "NAME": "CrGe.2[New]", "LAT": -6.816106, "LONG": 111.029757, "TYPE": "Small Turnout", "VILLAGE": "Gebang", "CC_4": "3318110016", "CANALS": "SECONDARY", "CANAL_NAME": "GEBANG", "AREA_GATE1": 7.2, "VOLUME_GAT": 10.0, "AREA_GATE2": null, "VOLUME_G_1": null, "AREA_GATE3": null, "VOLUME_G_2": null, "AREA_SUM": 7.2, "VOLUME_SUM": 10.0 }, "geometry": { "type": "Point", "coordinates": [ 111.029757, -6.816106 ] } },
{ "type": "Feature", "properties": { "NAME": "BGe.4a", "LAT": -6.818561, "LONG": 111.029676, "TYPE": "Small Turnout", "VILLAGE": "Sambirejo", "CC_4": "3318110013", "CANALS": "SECONDARY", "CANAL_NAME": "GEBANG", "AREA_GATE1": null, "VOLUME_GAT": null, "AREA_GATE2": null, "VOLUME_G_1": null, "AREA_GATE3": null, "VOLUME_G_2": null, "AREA_SUM": 0.0, "VOLUME_SUM": 0.0 }, "geometry": { "type": "Point", "coordinates": [ 111.029676, -6.818561 ] } },
{ "type": "Feature", "properties": { "NAME": "BGe.3[4]", "LAT": -6.813707, "LONG": 111.031727, "TYPE": "Road Bridge", "VILLAGE": "Gebang", "CC_4": "3318110016", "CANALS": "SECONDARY", "CANAL_NAME": "GEBANG", "AREA_GATE1": 56.0, "VOLUME_GAT": 77.78, "AREA_GATE2": null, "VOLUME_G_1": null, "AREA_GATE3": null, "VOLUME_G_2": null, "AREA_SUM": 56.0, "VOLUME_SUM": 77.78 }, "geometry": { "type": "Point", "coordinates": [ 111.031727, -6.813707 ] } },
{ "type": "Feature", "properties": { "NAME": "BGe.4[5]", "LAT": -6.808966, "LONG": 111.034448, "TYPE": "Turnout", "VILLAGE": "Gebang", "CC_4": "3318110016", "CANALS": "SECONDARY", "CANAL_NAME": "GEBANG", "AREA_GATE1": 33.0, "VOLUME_GAT": 45.83, "AREA_GATE2": 70.7, "VOLUME_G_1": 96.2, "AREA_GATE3": 32.0, "VOLUME_G_2": 44.44, "AREA_SUM": 135.7, "VOLUME_SUM": 186.47 }, "geometry": { "type": "Point", "coordinates": [ 111.034448, -6.808966 ] } },
{ "type": "Feature", "properties": { "NAME": "BSa.1", "LAT": -6.825822, "LONG": 111.016988, "TYPE": "Turnout", "VILLAGE": "Tlogoayu", "CC_4": "3318110003", "CANALS": "SECONDARY", "CANAL_NAME": "SAMBIREJO", "AREA_GATE1": 64.4, "VOLUME_GAT": 89.45, "AREA_GATE2": 68.4, "VOLUME_G_1": 95.0, "AREA_GATE3": null, "VOLUME_G_2": null, "AREA_SUM": 132.8, "VOLUME_SUM": 184.45 }, "geometry": { "type": "Point", "coordinates": [ 111.016988, -6.825822 ] } },
{ "type": "Feature", "properties": { "NAME": "BSa.2", "LAT": -6.81825, "LONG": 111.01878, "TYPE": "Turnout", "VILLAGE": "Pantirejo", "CC_4": "3318110014", "CANALS": "SECONDARY", "CANAL_NAME": "SAMBIREJO", "AREA_GATE1": 38.0, "VOLUME_GAT": 52.78, "AREA_GATE2": null, "VOLUME_G_1": null, "AREA_GATE3": null, "VOLUME_G_2": null, "AREA_SUM": 38.0, "VOLUME_SUM": 52.78 }, "geometry": { "type": "Point", "coordinates": [ 111.01878, -6.81825 ] } },
{ "type": "Feature", "properties": { "NAME": "BSa.3", "LAT": -6.814387, "LONG": 111.019214, "TYPE": "Turnout-Division Box", "VILLAGE": "Pantirejo", "CC_4": "3318110014", "CANALS": "SECONDARY", "CANAL_NAME": "SAMBIREJO", "AREA_GATE1": 52.4, "VOLUME_GAT": 72.78, "AREA_GATE2": null, "VOLUME_G_1": null, "AREA_GATE3": null, "VOLUME_G_2": null, "AREA_SUM": 52.4, "VOLUME_SUM": 72.78 }, "geometry": { "type": "Point", "coordinates": [ 111.019214, -6.814387 ] } },
{ "type": "Feature", "properties": { "NAME": "BSa.4", "LAT": -6.808084, "LONG": 111.020277, "TYPE": "Turnout", "VILLAGE": "Pantirejo", "CC_4": "3318110014", "CANALS": "SECONDARY", "CANAL_NAME": "SAMBIREJO", "AREA_GATE1": 49.0, "VOLUME_GAT": 68.0, "AREA_GATE2": null, "VOLUME_G_1": null, "AREA_GATE3": null, "VOLUME_G_2": null, "AREA_SUM": 49.0, "VOLUME_SUM": 68.0 }, "geometry": { "type": "Point", "coordinates": [ 111.020277, -6.808084 ] } },
{ "type": "Feature", "properties": { "NAME": "BSa.5", "LAT": -6.806331, "LONG": 111.020475, "TYPE": "Small Turnout", "VILLAGE": "Kosekan", "CC_4": "3318110024", "CANALS": "SECONDARY", "CANAL_NAME": "SAMBIREJO", "AREA_GATE1": 91.0, "VOLUME_GAT": 126.39, "AREA_GATE2": 54.0, "VOLUME_G_1": 75.0, "AREA_GATE3": null, "VOLUME_G_2": null, "AREA_SUM": 145.0, "VOLUME_SUM": 201.39 }, "geometry": { "type": "Point", "coordinates": [ 111.020475, -6.806331 ] } },
{ "type": "Feature", "properties": { "NAME": "BSo.1", "LAT": -6.818196, "LONG": 111.010375, "TYPE": "Turnout", "VILLAGE": "Tlogoayu", "CC_4": "3318110003", "CANALS": "SECONDARY", "CANAL_NAME": "SEDUDO", "AREA_GATE1": 69.3, "VOLUME_GAT": 96.25, "AREA_GATE2": 80.3, "VOLUME_G_1": 111.53, "AREA_GATE3": null, "VOLUME_G_2": null, "AREA_SUM": 149.6, "VOLUME_SUM": 207.78 }, "geometry": { "type": "Point", "coordinates": [ 111.010375, -6.818196 ] } },
{ "type": "Feature", "properties": { "NAME": null, "LAT": null, "LONG": null, "TYPE": "Turnout", "VILLAGE": null, "CC_4": "3318110003", "CANALS": null, "CANAL_NAME": null, "AREA_GATE1": null, "VOLUME_GAT": null, "AREA_GATE2": null, "VOLUME_G_1": null, "AREA_GATE3": null, "VOLUME_G_2": null, "AREA_SUM": null, "VOLUME_SUM": null }, "geometry": null }
]
}
